<gpx xmlns:ns3="http://www.garmin.com/xmlschemas/TrackPointExtension/v1" xmlns="http://www.topografix.com/GPX/1/1" xmlns:xsi="http://www.w3.org/2001/XMLSchema-instance" xmlns:ns2="http://www.garmin.com/xmlschemas/GpxExtensions/v3" creator="Garmin Connect" version="1.1" xsi:schemaLocation="http://www.topografix.com/GPX/1/1 http://www.topografix.com/GPX/11.xsd">
  <extensions>
<distance>5170.61</distance>
<average_hr>114.0</average_hr>
<average_speed>0.5699999928474426</average_speed>
<start_time>2026-09-05T14:16:17+00:00</start_time>
<end_time>2026-09-05T16:47:25.260000+00:00</end_time>
<moving_time>3470.0</moving_time>
<elapsed_time>9068.26</elapsed_time>
</extensions>
<metadata>
    <link href="connect.garmin.com">
      <text>Garmin Connect</text>
    </link>
    <time>2026-09-05T14:16:17.000Z</time>
  </metadata>
  <trk>
    <name>Tai'an 登山</name>
    <type>mountaineering</type>
    <trkseg>
      <trkpt lat="36.23216290958225727081298828125" lon="117.1105763129889965057373046875">
        <ele>-500</ele>
        <time>2026-09-05T15:21:21.000Z</time>
        <extensions>
          <ns3:TrackPointExtension>
            <ns3:atemp>26.0</ns3:atemp>
            <ns3:hr>87</ns3:hr>
          </ns3:TrackPointExtension>
        </extensions>
      </trkpt>
      <trkpt lat="36.23219660483300685882568359375" lon="117.110677063465118408203125">
        <ele>-500</ele>
        <time>2026-09-05T15:21:22.000Z</time>
        <extensions>
          <ns3:TrackPointExtension>
            <ns3:atemp>27.0</ns3:atemp>
            <ns3:hr>87</ns3:hr>
          </ns3:TrackPointExtension>
        </extensions>
      </trkpt>
      <trkpt lat="36.232188306748867034912109375" lon="117.11069039069116115570068359375">
        <ele>-500</ele>
        <time>2026-09-05T15:21:24.000Z</time>
        <extensions>
          <ns3:TrackPointExtension>
            <ns3:atemp>27.0</ns3:atemp>
            <ns3:hr>90</ns3:hr>
          </ns3:TrackPointExtension>
        </extensions>
      </trkpt>
      <trkpt lat="36.23209183104336261749267578125" lon="117.11053884588181972503662109375">
        <ele>-500</ele>
        <time>2026-09-05T15:21:26.000Z</time>
        <extensions>
          <ns3:TrackPointExtension>
            <ns3:atemp>27.0</ns3:atemp>
            <ns3:hr>91</ns3:hr>
          </ns3:TrackPointExtension>
        </extensions>
      </trkpt>
      <trkpt lat="36.23196459375321865081787109375" lon="117.11008421145379543304443359375">
        <ele>-500</ele>
        <time>2026-09-05T15:21:27.000Z</time>
        <extensions>
          <ns3:TrackPointExtension>
            <ns3:atemp>27.0</ns3:atemp>
            <ns3:hr>92</ns3:hr>
          </ns3:TrackPointExtension>
        </extensions>
      </trkpt>
      <trkpt lat="36.23190709389746189117431640625" lon="117.1099024079740047454833984375">
        <ele>-500</ele>
        <time>2026-09-05T15:21:28.000Z</time>
        <extensions>
          <ns3:TrackPointExtension>
            <ns3:atemp>27.0</ns3:atemp>
            <ns3:hr>94</ns3:hr>
          </ns3:TrackPointExtension>
        </extensions>
      </trkpt>
      <trkpt lat="36.23188932426273822784423828125" lon="117.10984088480472564697265625">
        <ele>-500</ele>
        <time>2026-09-05T15:21:29.000Z</time>
        <extensions>
          <ns3:TrackPointExtension>
            <ns3:atemp>27.0</ns3:atemp>
            <ns3:hr>93</ns3:hr>
          </ns3:TrackPointExtension>
        </extensions>
      </trkpt>
      <trkpt lat="36.23175077140331268310546875" lon="117.10939153097569942474365234375">
        <ele>-500</ele>
        <time>2026-09-05T15:21:31.000Z</time>
        <extensions>
          <ns3:TrackPointExtension>
            <ns3:atemp>27.0</ns3:atemp>
            <ns3:hr>92</ns3:hr>
          </ns3:TrackPointExtension>
        </extensions>
      </trkpt>
      <trkpt lat="36.232115887105464935302734375" lon="117.11061981506645679473876953125">
        <ele>-500</ele>
        <time>2026-09-05T15:21:35.000Z</time>
        <extensions>
          <ns3:TrackPointExtension>
            <ns3:atemp>26.0</ns3:atemp>
            <ns3:hr>93</ns3:hr>
          </ns3:TrackPointExtension>
        </extensions>
      </trkpt>
      <trkpt lat="36.232131980359554290771484375" lon="117.11066658608615398406982421875">
        <ele>-500</ele>
        <time>2026-09-05T15:21:36.000Z</time>
        <extensions>
          <ns3:TrackPointExtension>
            <ns3:atemp>26.0</ns3:atemp>
            <ns3:hr>94</ns3:hr>
          </ns3:TrackPointExtension>
        </extensions>
      </trkpt>
      <trkpt lat="36.2321452237665653228759765625" lon="117.1107120998203754425048828125">
        <ele>-500</ele>
        <time>2026-09-05T15:21:37.000Z</time>
        <extensions>
          <ns3:TrackPointExtension>
            <ns3:atemp>26.0</ns3:atemp>
            <ns3:hr>93</ns3:hr>
          </ns3:TrackPointExtension>
        </extensions>
      </trkpt>
      <trkpt lat="36.23214916326105594635009765625" lon="117.11072978563606739044189453125">
        <ele>-500</ele>
        <time>2026-09-05T15:21:38.000Z</time>
        <extensions>
          <ns3:TrackPointExtension>
            <ns3:atemp>26.0</ns3:atemp>
            <ns3:hr>95</ns3:hr>
          </ns3:TrackPointExtension>
        </extensions>
      </trkpt>
      <trkpt lat="36.2321562878787517547607421875" lon="117.11075359024107456207275390625">
        <ele>-500</ele>
        <time>2026-09-05T15:21:39.000Z</time>
        <extensions>
          <ns3:TrackPointExtension>
            <ns3:atemp>26.0</ns3:atemp>
            <ns3:hr>97</ns3:hr>
          </ns3:TrackPointExtension>
        </extensions>
      </trkpt>
      <trkpt lat="36.23216425068676471710205078125" lon="117.11076482199132442474365234375">
        <ele>-500</ele>
        <time>2026-09-05T15:21:40.000Z</time>
        <extensions>
          <ns3:TrackPointExtension>
            <ns3:atemp>26.0</ns3:atemp>
            <ns3:hr>98</ns3:hr>
          </ns3:TrackPointExtension>
        </extensions>
      </trkpt>
      <trkpt lat="36.232164837419986724853515625" lon="117.11076381616294384002685546875">
        <ele>-500</ele>
        <time>2026-09-05T15:21:41.000Z</time>
        <extensions>
          <ns3:TrackPointExtension>
            <ns3:atemp>26.0</ns3:atemp>
            <ns3:hr>97</ns3:hr>
          </ns3:TrackPointExtension>
        </extensions>
      </trkpt>
      <trkpt lat="36.2321623228490352630615234375" lon="117.1107481420040130615234375">
        <ele>-500</ele>
        <time>2026-09-05T15:21:42.000Z</time>
        <extensions>
          <ns3:TrackPointExtension>
            <ns3:atemp>26.0</ns3:atemp>
            <ns3:hr>98</ns3:hr>
          </ns3:TrackPointExtension>
        </extensions>
      </trkpt>
      <trkpt lat="36.23218202032148838043212890625" lon="117.1107664145529270172119140625">
        <ele>-500</ele>
        <time>2026-09-05T15:21:44.000Z</time>
        <extensions>
          <ns3:TrackPointExtension>
            <ns3:atemp>26.0</ns3:atemp>
            <ns3:hr>98</ns3:hr>
          </ns3:TrackPointExtension>
        </extensions>
      </trkpt>
      <trkpt lat="36.23219333589076995849609375" lon="117.11077965795993804931640625">
        <ele>-500</ele>
        <time>2026-09-05T15:21:48.000Z</time>
        <extensions>
          <ns3:TrackPointExtension>
            <ns3:atemp>26.0</ns3:atemp>
            <ns3:hr>98</ns3:hr>
          </ns3:TrackPointExtension>
        </extensions>
      </trkpt>
      <trkpt lat="36.23219358734786510467529296875" lon="117.11076566018164157867431640625">
        <ele>-500</ele>
        <time>2026-09-05T15:21:49.000Z</time>
        <extensions>
          <ns3:TrackPointExtension>
            <ns3:atemp>26.0</ns3:atemp>
            <ns3:hr>98</ns3:hr>
          </ns3:TrackPointExtension>
        </extensions>
      </trkpt>
      <trkpt lat="36.23218922875821590423583984375" lon="117.110760211944580078125">
        <ele>-500</ele>
        <time>2026-09-05T15:21:50.000Z</time>
        <extensions>
          <ns3:TrackPointExtension>
            <ns3:atemp>26.0</ns3:atemp>
            <ns3:hr>100</ns3:hr>
          </ns3:TrackPointExtension>
        </extensions>
      </trkpt>
      <trkpt lat="36.23218059539794921875" lon="117.11076834239065647125244140625">
        <ele>-500</ele>
        <time>2026-09-05T15:21:51.000Z</time>
        <extensions>
          <ns3:TrackPointExtension>
            <ns3:atemp>26.0</ns3:atemp>
            <ns3:hr>103</ns3:hr>
          </ns3:TrackPointExtension>
        </extensions>
      </trkpt>
      <trkpt lat="36.23217548243701457977294921875" lon="117.11078393273055553436279296875">
        <ele>-500</ele>
        <time>2026-09-05T15:21:52.000Z</time>
        <extensions>
          <ns3:TrackPointExtension>
            <ns3:atemp>27.0</ns3:atemp>
            <ns3:hr>102</ns3:hr>
          </ns3:TrackPointExtension>
        </extensions>
      </trkpt>
      <trkpt lat="36.232170201838016510009765625" lon="117.11079717613756656646728515625">
        <ele>-500</ele>
        <time>2026-09-05T15:21:53.000Z</time>
        <extensions>
          <ns3:TrackPointExtension>
            <ns3:atemp>27.0</ns3:atemp>
            <ns3:hr>102</ns3:hr>
          </ns3:TrackPointExtension>
        </extensions>
      </trkpt>
      <trkpt lat="36.23216240666806697845458984375" lon="117.11079650558531284332275390625">
        <ele>-500</ele>
        <time>2026-09-05T15:21:54.000Z</time>
        <extensions>
          <ns3:TrackPointExtension>
            <ns3:atemp>27.0</ns3:atemp>
            <ns3:hr>102</ns3:hr>
          </ns3:TrackPointExtension>
        </extensions>
      </trkpt>
      <trkpt lat="36.2321572937071323394775390625" lon="117.11078762076795101165771484375">
        <ele>-500</ele>
        <time>2026-09-05T15:21:55.000Z</time>
        <extensions>
          <ns3:TrackPointExtension>
            <ns3:atemp>27.0</ns3:atemp>
            <ns3:hr>103</ns3:hr>
          </ns3:TrackPointExtension>
        </extensions>
      </trkpt>
      <trkpt lat="36.2321458943188190460205078125" lon="117.1107828430831432342529296875">
        <ele>-500</ele>
        <time>2026-09-05T15:21:57.000Z</time>
        <extensions>
          <ns3:TrackPointExtension>
            <ns3:atemp>27.0</ns3:atemp>
            <ns3:hr>105</ns3:hr>
          </ns3:TrackPointExtension>
        </extensions>
      </trkpt>
      <trkpt lat="36.232145726680755615234375" lon="117.11078778840601444244384765625">
        <ele>-500</ele>
        <time>2026-09-05T15:21:58.000Z</time>
        <extensions>
          <ns3:TrackPointExtension>
            <ns3:atemp>27.0</ns3:atemp>
            <ns3:hr>105</ns3:hr>
          </ns3:TrackPointExtension>
        </extensions>
      </trkpt>
      <trkpt lat="36.23214329592883586883544921875" lon="117.110800109803676605224609375">
        <ele>-500</ele>
        <time>2026-09-05T15:21:59.000Z</time>
        <extensions>
          <ns3:TrackPointExtension>
            <ns3:atemp>27.0</ns3:atemp>
            <ns3:hr>105</ns3:hr>
          </ns3:TrackPointExtension>
        </extensions>
      </trkpt>
      <trkpt lat="36.232161819934844970703125" lon="117.1108043007552623748779296875">
        <ele>-500</ele>
        <time>2026-09-05T15:22:01.000Z</time>
        <extensions>
          <ns3:TrackPointExtension>
            <ns3:atemp>27.0</ns3:atemp>
            <ns3:hr>104</ns3:hr>
          </ns3:TrackPointExtension>
        </extensions>
      </trkpt>
      <trkpt lat="36.23218528926372528076171875" lon="117.11082265712320804595947265625">
        <ele>-500</ele>
        <time>2026-09-05T15:22:03.000Z</time>
        <extensions>
          <ns3:TrackPointExtension>
            <ns3:atemp>27.0</ns3:atemp>
            <ns3:hr>105</ns3:hr>
          </ns3:TrackPointExtension>
        </extensions>
      </trkpt>
      <trkpt lat="36.23219761066138744354248046875" lon="117.11083196103572845458984375">
        <ele>-500</ele>
        <time>2026-09-05T15:22:05.000Z</time>
        <extensions>
          <ns3:TrackPointExtension>
            <ns3:atemp>27.0</ns3:atemp>
            <ns3:hr>104</ns3:hr>
          </ns3:TrackPointExtension>
        </extensions>
      </trkpt>
      <trkpt lat="36.232199035584926605224609375" lon="117.11082994937896728515625">
        <ele>-500</ele>
        <time>2026-09-05T15:22:06.000Z</time>
        <extensions>
          <ns3:TrackPointExtension>
            <ns3:atemp>27.0</ns3:atemp>
            <ns3:hr>103</ns3:hr>
          </ns3:TrackPointExtension>
        </extensions>
      </trkpt>
      <trkpt lat="36.2322005443274974822998046875" lon="117.11083204485476016998291015625">
        <ele>-500</ele>
        <time>2026-09-05T15:22:07.000Z</time>
        <extensions>
          <ns3:TrackPointExtension>
            <ns3:atemp>27.0</ns3:atemp>
            <ns3:hr>103</ns3:hr>
          </ns3:TrackPointExtension>
        </extensions>
      </trkpt>
      <trkpt lat="36.23219945468008518218994140625" lon="117.11083942092955112457275390625">
        <ele>-500</ele>
        <time>2026-09-05T15:22:08.000Z</time>
        <extensions>
          <ns3:TrackPointExtension>
            <ns3:atemp>27.0</ns3:atemp>
            <ns3:hr>104</ns3:hr>
          </ns3:TrackPointExtension>
        </extensions>
      </trkpt>
      <trkpt lat="36.23219744302332401275634765625" lon="117.11084729991853237152099609375">
        <ele>-500</ele>
        <time>2026-09-05T15:22:09.000Z</time>
        <extensions>
          <ns3:TrackPointExtension>
            <ns3:atemp>27.0</ns3:atemp>
            <ns3:hr>104</ns3:hr>
          </ns3:TrackPointExtension>
        </extensions>
      </trkpt>
      <trkpt lat="36.23219761066138744354248046875" lon="117.11085434071719646453857421875">
        <ele>-500</ele>
        <time>2026-09-05T15:22:10.000Z</time>
        <extensions>
          <ns3:TrackPointExtension>
            <ns3:atemp>27.0</ns3:atemp>
            <ns3:hr>104</ns3:hr>
          </ns3:TrackPointExtension>
        </extensions>
      </trkpt>
      <trkpt lat="36.23219710774719715118408203125" lon="117.110860459506511688232421875">
        <ele>-500</ele>
        <time>2026-09-05T15:22:11.000Z</time>
        <extensions>
          <ns3:TrackPointExtension>
            <ns3:atemp>27.0</ns3:atemp>
            <ns3:hr>103</ns3:hr>
          </ns3:TrackPointExtension>
        </extensions>
      </trkpt>
      <trkpt lat="36.2321968562901020050048828125" lon="117.11085953749716281890869140625">
        <ele>-500</ele>
        <time>2026-09-05T15:22:12.000Z</time>
        <extensions>
          <ns3:TrackPointExtension>
            <ns3:atemp>27.0</ns3:atemp>
            <ns3:hr>103</ns3:hr>
          </ns3:TrackPointExtension>
        </extensions>
      </trkpt>
      <trkpt lat="36.2321968562901020050048828125" lon="117.11085953749716281890869140625">
        <ele>-500</ele>
        <time>2026-09-05T15:22:15.000Z</time>
        <extensions>
          <ns3:TrackPointExtension>
            <ns3:atemp>27.0</ns3:atemp>
            <ns3:hr>102</ns3:hr>
          </ns3:TrackPointExtension>
        </extensions>
      </trkpt>
      <trkpt lat="36.2321968562901020050048828125" lon="117.11085953749716281890869140625">
        <ele>-500</ele>
        <time>2026-09-05T15:22:18.000Z</time>
        <extensions>
          <ns3:TrackPointExtension>
            <ns3:atemp>27.0</ns3:atemp>
            <ns3:hr>101</ns3:hr>
          </ns3:TrackPointExtension>
        </extensions>
      </trkpt>
      <trkpt lat="36.23219710774719715118408203125" lon="117.11085953749716281890869140625">
        <ele>-500</ele>
        <time>2026-09-05T15:22:21.000Z</time>
        <extensions>
          <ns3:TrackPointExtension>
            <ns3:atemp>27.0</ns3:atemp>
            <ns3:hr>101</ns3:hr>
          </ns3:TrackPointExtension>
        </extensions>
      </trkpt>
      <trkpt lat="36.23219895176589488983154296875" lon="117.11085953749716281890869140625">
        <ele>-500</ele>
        <time>2026-09-05T15:22:25.000Z</time>
        <extensions>
          <ns3:TrackPointExtension>
            <ns3:atemp>27.0</ns3:atemp>
            <ns3:hr>100</ns3:hr>
          </ns3:TrackPointExtension>
        </extensions>
      </trkpt>
      <trkpt lat="36.23220046050846576690673828125" lon="117.11085953749716281890869140625">
        <ele>-500</ele>
        <time>2026-09-05T15:22:27.000Z</time>
        <extensions>
          <ns3:TrackPointExtension>
            <ns3:atemp>27.0</ns3:atemp>
            <ns3:hr>99</ns3:hr>
          </ns3:TrackPointExtension>
        </extensions>
      </trkpt>
      <trkpt lat="36.232203058898448944091796875" lon="117.11085953749716281890869140625">
        <ele>-500</ele>
        <time>2026-09-05T15:22:29.000Z</time>
        <extensions>
          <ns3:TrackPointExtension>
            <ns3:atemp>27.0</ns3:atemp>
            <ns3:hr>99</ns3:hr>
          </ns3:TrackPointExtension>
        </extensions>
      </trkpt>
      <trkpt lat="36.23221370391547679901123046875" lon="117.11086037568747997283935546875">
        <ele>-500</ele>
        <time>2026-09-05T15:22:32.000Z</time>
        <extensions>
          <ns3:TrackPointExtension>
            <ns3:atemp>27.0</ns3:atemp>
            <ns3:hr>100</ns3:hr>
          </ns3:TrackPointExtension>
        </extensions>
      </trkpt>
      <trkpt lat="36.23221856541931629180908203125" lon="117.11086473427712917327880859375">
        <ele>-500</ele>
        <time>2026-09-05T15:22:34.000Z</time>
        <extensions>
          <ns3:TrackPointExtension>
            <ns3:atemp>27.0</ns3:atemp>
            <ns3:hr>100</ns3:hr>
          </ns3:TrackPointExtension>
        </extensions>
      </trkpt>
      <trkpt lat="36.23222610913217067718505859375" lon="117.11087211035192012786865234375">
        <ele>-500</ele>
        <time>2026-09-05T15:22:36.000Z</time>
        <extensions>
          <ns3:TrackPointExtension>
            <ns3:atemp>27.0</ns3:atemp>
            <ns3:hr>100</ns3:hr>
          </ns3:TrackPointExtension>
        </extensions>
      </trkpt>
      <trkpt lat="36.2322334013879299163818359375" lon="117.11087764240801334381103515625">
        <ele>-500</ele>
        <time>2026-09-05T15:22:38.000Z</time>
        <extensions>
          <ns3:TrackPointExtension>
            <ns3:atemp>27.0</ns3:atemp>
            <ns3:hr>100</ns3:hr>
          </ns3:TrackPointExtension>
        </extensions>
      </trkpt>
      <trkpt lat="36.23223625123500823974609375" lon="117.11087915115058422088623046875">
        <ele>-500</ele>
        <time>2026-09-05T15:22:39.000Z</time>
        <extensions>
          <ns3:TrackPointExtension>
            <ns3:atemp>27.0</ns3:atemp>
            <ns3:hr>100</ns3:hr>
          </ns3:TrackPointExtension>
        </extensions>
      </trkpt>
      <trkpt lat="36.2322409451007843017578125" lon="117.11088049225509166717529296875">
        <ele>-500</ele>
        <time>2026-09-05T15:22:40.000Z</time>
        <extensions>
          <ns3:TrackPointExtension>
            <ns3:atemp>27.0</ns3:atemp>
            <ns3:hr>100</ns3:hr>
          </ns3:TrackPointExtension>
        </extensions>
      </trkpt>
      <trkpt lat="36.2322518415749073028564453125" lon="117.11088158190250396728515625">
        <ele>-500</ele>
        <time>2026-09-05T15:22:42.000Z</time>
        <extensions>
          <ns3:TrackPointExtension>
            <ns3:atemp>27.0</ns3:atemp>
            <ns3:hr>101</ns3:hr>
          </ns3:TrackPointExtension>
        </extensions>
      </trkpt>
      <trkpt lat="36.23225678689777851104736328125" lon="117.1108827553689479827880859375">
        <ele>-500</ele>
        <time>2026-09-05T15:22:45.000Z</time>
        <extensions>
          <ns3:TrackPointExtension>
            <ns3:atemp>27.0</ns3:atemp>
            <ns3:hr>102</ns3:hr>
          </ns3:TrackPointExtension>
        </extensions>
      </trkpt>
      <trkpt lat="36.23226039111614227294921875" lon="117.110883928835391998291015625">
        <ele>-500</ele>
        <time>2026-09-05T15:22:48.000Z</time>
        <extensions>
          <ns3:TrackPointExtension>
            <ns3:atemp>27.0</ns3:atemp>
            <ns3:hr>103</ns3:hr>
          </ns3:TrackPointExtension>
        </extensions>
      </trkpt>
      <trkpt lat="36.23226047493517398834228515625" lon="117.1108844317495822906494140625">
        <ele>-500</ele>
        <time>2026-09-05T15:22:53.000Z</time>
        <extensions>
          <ns3:TrackPointExtension>
            <ns3:atemp>27.0</ns3:atemp>
            <ns3:hr>105</ns3:hr>
          </ns3:TrackPointExtension>
        </extensions>
      </trkpt>
      <trkpt lat="36.23226047493517398834228515625" lon="117.11088568903505802154541015625">
        <ele>-500</ele>
        <time>2026-09-05T15:22:55.000Z</time>
        <extensions>
          <ns3:TrackPointExtension>
            <ns3:atemp>27.0</ns3:atemp>
            <ns3:hr>105</ns3:hr>
          </ns3:TrackPointExtension>
        </extensions>
      </trkpt>
      <trkpt lat="36.23226047493517398834228515625" lon="117.110885940492153167724609375">
        <ele>-500</ele>
        <time>2026-09-05T15:22:58.000Z</time>
        <extensions>
          <ns3:TrackPointExtension>
            <ns3:atemp>27.0</ns3:atemp>
            <ns3:hr>105</ns3:hr>
          </ns3:TrackPointExtension>
        </extensions>
      </trkpt>
      <trkpt lat="36.23225829564034938812255859375" lon="117.110886275768280029296875">
        <ele>-500</ele>
        <time>2026-09-05T15:23:02.000Z</time>
        <extensions>
          <ns3:TrackPointExtension>
            <ns3:atemp>27.0</ns3:atemp>
            <ns3:hr>105</ns3:hr>
          </ns3:TrackPointExtension>
        </extensions>
      </trkpt>
      <trkpt lat="36.232257373631000518798828125" lon="117.11088669486343860626220703125">
        <ele>-500</ele>
        <time>2026-09-05T15:23:03.000Z</time>
        <extensions>
          <ns3:TrackPointExtension>
            <ns3:atemp>27.0</ns3:atemp>
            <ns3:hr>104</ns3:hr>
          </ns3:TrackPointExtension>
        </extensions>
      </trkpt>
      <trkpt lat="36.23225460760295391082763671875" lon="117.11088686250150203704833984375">
        <ele>-500</ele>
        <time>2026-09-05T15:23:04.000Z</time>
        <extensions>
          <ns3:TrackPointExtension>
            <ns3:atemp>27.0</ns3:atemp>
            <ns3:hr>104</ns3:hr>
          </ns3:TrackPointExtension>
        </extensions>
      </trkpt>
      <trkpt lat="36.23225108720362186431884765625" lon="117.110887952148914337158203125">
        <ele>-500</ele>
        <time>2026-09-05T15:23:06.000Z</time>
        <extensions>
          <ns3:TrackPointExtension>
            <ns3:atemp>27.0</ns3:atemp>
            <ns3:hr>104</ns3:hr>
          </ns3:TrackPointExtension>
        </extensions>
      </trkpt>
      <trkpt lat="36.23225008137524127960205078125" lon="117.11089004762470722198486328125">
        <ele>-500</ele>
        <time>2026-09-05T15:23:08.000Z</time>
        <extensions>
          <ns3:TrackPointExtension>
            <ns3:atemp>27.0</ns3:atemp>
            <ns3:hr>104</ns3:hr>
          </ns3:TrackPointExtension>
        </extensions>
      </trkpt>
      <trkpt lat="36.232249997556209564208984375" lon="117.11089231073856353759765625">
        <ele>-500</ele>
        <time>2026-09-05T15:23:09.000Z</time>
        <extensions>
          <ns3:TrackPointExtension>
            <ns3:atemp>27.0</ns3:atemp>
            <ns3:hr>101</ns3:hr>
          </ns3:TrackPointExtension>
        </extensions>
      </trkpt>
      <trkpt lat="36.232249997556209564208984375" lon="117.11089499294757843017578125">
        <ele>-500</ele>
        <time>2026-09-05T15:23:11.000Z</time>
        <extensions>
          <ns3:TrackPointExtension>
            <ns3:atemp>27.0</ns3:atemp>
            <ns3:hr>102</ns3:hr>
          </ns3:TrackPointExtension>
        </extensions>
      </trkpt>
      <trkpt lat="36.232249997556209564208984375" lon="117.11090396158397197723388671875">
        <ele>-500</ele>
        <time>2026-09-05T15:23:14.000Z</time>
        <extensions>
          <ns3:TrackPointExtension>
            <ns3:atemp>27.0</ns3:atemp>
            <ns3:hr>99</ns3:hr>
          </ns3:TrackPointExtension>
        </extensions>
      </trkpt>
      <trkpt lat="36.232249997556209564208984375" lon="117.1109052188694477081298828125">
        <ele>-500</ele>
        <time>2026-09-05T15:23:15.000Z</time>
        <extensions>
          <ns3:TrackPointExtension>
            <ns3:atemp>27.0</ns3:atemp>
            <ns3:hr>98</ns3:hr>
          </ns3:TrackPointExtension>
        </extensions>
      </trkpt>
      <trkpt lat="36.232249997556209564208984375" lon="117.11090865544974803924560546875">
        <ele>-500</ele>
        <time>2026-09-05T15:23:16.000Z</time>
        <extensions>
          <ns3:TrackPointExtension>
            <ns3:atemp>27.0</ns3:atemp>
            <ns3:hr>98</ns3:hr>
          </ns3:TrackPointExtension>
        </extensions>
      </trkpt>
      <trkpt lat="36.232249997556209564208984375" lon="117.110910080373287200927734375">
        <ele>-500</ele>
        <time>2026-09-05T15:23:17.000Z</time>
        <extensions>
          <ns3:TrackPointExtension>
            <ns3:atemp>27.0</ns3:atemp>
            <ns3:hr>97</ns3:hr>
          </ns3:TrackPointExtension>
        </extensions>
      </trkpt>
      <trkpt lat="36.232249997556209564208984375" lon="117.1109142713248729705810546875">
        <ele>-500</ele>
        <time>2026-09-05T15:23:19.000Z</time>
        <extensions>
          <ns3:TrackPointExtension>
            <ns3:atemp>27.0</ns3:atemp>
            <ns3:hr>96</ns3:hr>
          </ns3:TrackPointExtension>
        </extensions>
      </trkpt>
      <trkpt lat="36.232249997556209564208984375" lon="117.11091645061969757080078125">
        <ele>-500</ele>
        <time>2026-09-05T15:23:22.000Z</time>
        <extensions>
          <ns3:TrackPointExtension>
            <ns3:atemp>27.0</ns3:atemp>
            <ns3:hr>95</ns3:hr>
          </ns3:TrackPointExtension>
        </extensions>
      </trkpt>
      <trkpt lat="36.23225209303200244903564453125" lon="117.11091670207679271697998046875">
        <ele>-500</ele>
        <time>2026-09-05T15:23:23.000Z</time>
        <extensions>
          <ns3:TrackPointExtension>
            <ns3:atemp>27.0</ns3:atemp>
            <ns3:hr>94</ns3:hr>
          </ns3:TrackPointExtension>
        </extensions>
      </trkpt>
      <trkpt lat="36.23225477524101734161376953125" lon="117.11091779172420501708984375">
        <ele>-500</ele>
        <time>2026-09-05T15:23:24.000Z</time>
        <extensions>
          <ns3:TrackPointExtension>
            <ns3:atemp>27.0</ns3:atemp>
            <ns3:hr>95</ns3:hr>
          </ns3:TrackPointExtension>
        </extensions>
      </trkpt>
      <trkpt lat="36.23225762508809566497802734375" lon="117.11091871373355388641357421875">
        <ele>-500</ele>
        <time>2026-09-05T15:23:25.000Z</time>
        <extensions>
          <ns3:TrackPointExtension>
            <ns3:atemp>27.0</ns3:atemp>
            <ns3:hr>95</ns3:hr>
          </ns3:TrackPointExtension>
        </extensions>
      </trkpt>
      <trkpt lat="36.23225879855453968048095703125" lon="117.11092055775225162506103515625">
        <ele>-500</ele>
        <time>2026-09-05T15:23:26.000Z</time>
        <extensions>
          <ns3:TrackPointExtension>
            <ns3:atemp>27.0</ns3:atemp>
            <ns3:hr>94</ns3:hr>
          </ns3:TrackPointExtension>
        </extensions>
      </trkpt>
      <trkpt lat="36.2322598882019519805908203125" lon="117.11092340759932994842529296875">
        <ele>-500</ele>
        <time>2026-09-05T15:23:27.000Z</time>
        <extensions>
          <ns3:TrackPointExtension>
            <ns3:atemp>27.0</ns3:atemp>
            <ns3:hr>94</ns3:hr>
          </ns3:TrackPointExtension>
        </extensions>
      </trkpt>
      <trkpt lat="36.2322615645825862884521484375" lon="117.1109246648848056793212890625">
        <ele>-500</ele>
        <time>2026-09-05T15:23:28.000Z</time>
        <extensions>
          <ns3:TrackPointExtension>
            <ns3:atemp>27.0</ns3:atemp>
            <ns3:hr>95</ns3:hr>
          </ns3:TrackPointExtension>
        </extensions>
      </trkpt>
      <trkpt lat="36.232262738049030303955078125" lon="117.1109253354370594024658203125">
        <ele>-500</ele>
        <time>2026-09-05T15:23:29.000Z</time>
        <extensions>
          <ns3:TrackPointExtension>
            <ns3:atemp>27.0</ns3:atemp>
            <ns3:hr>95</ns3:hr>
          </ns3:TrackPointExtension>
        </extensions>
      </trkpt>
      <trkpt lat="36.23226315714418888092041015625" lon="117.1109256707131862640380859375">
        <ele>-500</ele>
        <time>2026-09-05T15:23:30.000Z</time>
        <extensions>
          <ns3:TrackPointExtension>
            <ns3:atemp>27.0</ns3:atemp>
            <ns3:hr>96</ns3:hr>
          </ns3:TrackPointExtension>
        </extensions>
      </trkpt>
      <trkpt lat="36.23226332478225231170654296875" lon="117.11092625744640827178955078125">
        <ele>-500</ele>
        <time>2026-09-05T15:23:31.000Z</time>
        <extensions>
          <ns3:TrackPointExtension>
            <ns3:atemp>27.0</ns3:atemp>
            <ns3:hr>95</ns3:hr>
          </ns3:TrackPointExtension>
        </extensions>
      </trkpt>
      <trkpt lat="36.232263408601284027099609375" lon="117.11092642508447170257568359375">
        <ele>-500</ele>
        <time>2026-09-05T15:23:32.000Z</time>
        <extensions>
          <ns3:TrackPointExtension>
            <ns3:atemp>27.0</ns3:atemp>
            <ns3:hr>97</ns3:hr>
          </ns3:TrackPointExtension>
        </extensions>
      </trkpt>
      <trkpt lat="36.232263408601284027099609375" lon="117.11092650890350341796875">
        <ele>-500</ele>
        <time>2026-09-05T15:23:33.000Z</time>
        <extensions>
          <ns3:TrackPointExtension>
            <ns3:atemp>27.0</ns3:atemp>
            <ns3:hr>97</ns3:hr>
          </ns3:TrackPointExtension>
        </extensions>
      </trkpt>
      <trkpt lat="36.232263408601284027099609375" lon="117.11092659272253513336181640625">
        <ele>-500</ele>
        <time>2026-09-05T15:23:34.000Z</time>
        <extensions>
          <ns3:TrackPointExtension>
            <ns3:atemp>27.0</ns3:atemp>
            <ns3:hr>98</ns3:hr>
          </ns3:TrackPointExtension>
        </extensions>
      </trkpt>
      <trkpt lat="36.23226349242031574249267578125" lon="117.11092659272253513336181640625">
        <ele>-500</ele>
        <time>2026-09-05T15:23:35.000Z</time>
        <extensions>
          <ns3:TrackPointExtension>
            <ns3:atemp>27.0</ns3:atemp>
            <ns3:hr>98</ns3:hr>
          </ns3:TrackPointExtension>
        </extensions>
      </trkpt>
      <trkpt lat="36.232263743877410888671875" lon="117.11092659272253513336181640625">
        <ele>-500</ele>
        <time>2026-09-05T15:23:36.000Z</time>
        <extensions>
          <ns3:TrackPointExtension>
            <ns3:atemp>27.0</ns3:atemp>
            <ns3:hr>99</ns3:hr>
          </ns3:TrackPointExtension>
        </extensions>
      </trkpt>
      <trkpt lat="36.23226433061063289642333984375" lon="117.110926173627376556396484375">
        <ele>-500</ele>
        <time>2026-09-05T15:23:37.000Z</time>
        <extensions>
          <ns3:TrackPointExtension>
            <ns3:atemp>27.0</ns3:atemp>
            <ns3:hr>99</ns3:hr>
          </ns3:TrackPointExtension>
        </extensions>
      </trkpt>
      <trkpt lat="36.232264749705791473388671875" lon="117.11092592217028141021728515625">
        <ele>-500</ele>
        <time>2026-09-05T15:23:38.000Z</time>
        <extensions>
          <ns3:TrackPointExtension>
            <ns3:atemp>27.0</ns3:atemp>
            <ns3:hr>98</ns3:hr>
          </ns3:TrackPointExtension>
        </extensions>
      </trkpt>
      <trkpt lat="36.2322662584483623504638671875" lon="117.11092575453221797943115234375">
        <ele>-500</ele>
        <time>2026-09-05T15:23:39.000Z</time>
        <extensions>
          <ns3:TrackPointExtension>
            <ns3:atemp>27.0</ns3:atemp>
            <ns3:hr>99</ns3:hr>
          </ns3:TrackPointExtension>
        </extensions>
      </trkpt>
      <trkpt lat="36.2322669290006160736083984375" lon="117.11092575453221797943115234375">
        <ele>-500</ele>
        <time>2026-09-05T15:23:40.000Z</time>
        <extensions>
          <ns3:TrackPointExtension>
            <ns3:atemp>27.0</ns3:atemp>
            <ns3:hr>98</ns3:hr>
          </ns3:TrackPointExtension>
        </extensions>
      </trkpt>
      <trkpt lat="36.232267431914806365966796875" lon="117.1109256707131862640380859375">
        <ele>-500</ele>
        <time>2026-09-05T15:23:44.000Z</time>
        <extensions>
          <ns3:TrackPointExtension>
            <ns3:atemp>27.0</ns3:atemp>
            <ns3:hr>98</ns3:hr>
          </ns3:TrackPointExtension>
        </extensions>
      </trkpt>
      <trkpt lat="36.232267431914806365966796875" lon="117.11092558689415454864501953125">
        <ele>-500</ele>
        <time>2026-09-05T15:23:46.000Z</time>
        <extensions>
          <ns3:TrackPointExtension>
            <ns3:atemp>27.0</ns3:atemp>
            <ns3:hr>98</ns3:hr>
          </ns3:TrackPointExtension>
        </extensions>
      </trkpt>
      <trkpt lat="36.23226466588675975799560546875" lon="117.11092047393321990966796875">
        <ele>-500</ele>
        <time>2026-09-05T15:23:48.000Z</time>
        <extensions>
          <ns3:TrackPointExtension>
            <ns3:atemp>27.0</ns3:atemp>
            <ns3:hr>98</ns3:hr>
          </ns3:TrackPointExtension>
        </extensions>
      </trkpt>
      <trkpt lat="36.2322642467916011810302734375" lon="117.11091200821101665496826171875">
        <ele>-500</ele>
        <time>2026-09-05T15:23:52.000Z</time>
        <extensions>
          <ns3:TrackPointExtension>
            <ns3:atemp>27.0</ns3:atemp>
            <ns3:hr>100</ns3:hr>
          </ns3:TrackPointExtension>
        </extensions>
      </trkpt>
      <trkpt lat="36.232266090810298919677734375" lon="117.11090865544974803924560546875">
        <ele>-500</ele>
        <time>2026-09-05T15:23:53.000Z</time>
        <extensions>
          <ns3:TrackPointExtension>
            <ns3:atemp>27.0</ns3:atemp>
            <ns3:hr>100</ns3:hr>
          </ns3:TrackPointExtension>
        </extensions>
      </trkpt>
      <trkpt lat="36.232259385287761688232421875" lon="117.110904045403003692626953125">
        <ele>-500</ele>
        <time>2026-09-05T15:23:54.000Z</time>
        <extensions>
          <ns3:TrackPointExtension>
            <ns3:atemp>27.0</ns3:atemp>
            <ns3:hr>101</ns3:hr>
          </ns3:TrackPointExtension>
        </extensions>
      </trkpt>
      <trkpt lat="36.23223432339727878570556640625" lon="117.1108864434063434600830078125">
        <ele>-500</ele>
        <time>2026-09-05T15:23:58.000Z</time>
        <extensions>
          <ns3:TrackPointExtension>
            <ns3:atemp>27.0</ns3:atemp>
            <ns3:hr>102</ns3:hr>
          </ns3:TrackPointExtension>
        </extensions>
      </trkpt>
      <trkpt lat="36.2322337366640567779541015625" lon="117.11088418029248714447021484375">
        <ele>-500</ele>
        <time>2026-09-05T15:23:59.000Z</time>
        <extensions>
          <ns3:TrackPointExtension>
            <ns3:atemp>27.0</ns3:atemp>
            <ns3:hr>102</ns3:hr>
          </ns3:TrackPointExtension>
        </extensions>
      </trkpt>
      <trkpt lat="36.23222418129444122314453125" lon="117.1108827553689479827880859375">
        <ele>-500</ele>
        <time>2026-09-05T15:24:06.000Z</time>
        <extensions>
          <ns3:TrackPointExtension>
            <ns3:atemp>28.0</ns3:atemp>
            <ns3:hr>104</ns3:hr>
          </ns3:TrackPointExtension>
        </extensions>
      </trkpt>
      <trkpt lat="36.232223175466060638427734375" lon="117.1108820848166942596435546875">
        <ele>-500</ele>
        <time>2026-09-05T15:24:08.000Z</time>
        <extensions>
          <ns3:TrackPointExtension>
            <ns3:atemp>28.0</ns3:atemp>
            <ns3:hr>104</ns3:hr>
          </ns3:TrackPointExtension>
        </extensions>
      </trkpt>
      <trkpt lat="36.2322230078279972076416015625" lon="117.1108782291412353515625">
        <ele>-500</ele>
        <time>2026-09-05T15:24:09.000Z</time>
        <extensions>
          <ns3:TrackPointExtension>
            <ns3:atemp>28.0</ns3:atemp>
            <ns3:hr>101</ns3:hr>
          </ns3:TrackPointExtension>
        </extensions>
      </trkpt>
      <trkpt lat="36.23222543857991695404052734375" lon="117.11088468320667743682861328125">
        <ele>-500</ele>
        <time>2026-09-05T15:24:14.000Z</time>
        <extensions>
          <ns3:TrackPointExtension>
            <ns3:atemp>28.0</ns3:atemp>
            <ns3:hr>98</ns3:hr>
          </ns3:TrackPointExtension>
        </extensions>
      </trkpt>
      <trkpt lat="36.23222543857991695404052734375" lon="117.11088468320667743682861328125">
        <ele>-500</ele>
        <time>2026-09-05T15:24:15.000Z</time>
        <extensions>
          <ns3:TrackPointExtension>
            <ns3:atemp>28.0</ns3:atemp>
            <ns3:hr>98</ns3:hr>
          </ns3:TrackPointExtension>
        </extensions>
      </trkpt>
      <trkpt lat="36.23222543857991695404052734375" lon="117.11088468320667743682861328125">
        <ele>-500</ele>
        <time>2026-09-05T15:24:16.000Z</time>
        <extensions>
          <ns3:TrackPointExtension>
            <ns3:atemp>28.0</ns3:atemp>
            <ns3:hr>98</ns3:hr>
          </ns3:TrackPointExtension>
        </extensions>
      </trkpt>
      <trkpt lat="36.23222543857991695404052734375" lon="117.11088468320667743682861328125">
        <ele>-500</ele>
        <time>2026-09-05T15:24:17.000Z</time>
        <extensions>
          <ns3:TrackPointExtension>
            <ns3:atemp>28.0</ns3:atemp>
            <ns3:hr>98</ns3:hr>
          </ns3:TrackPointExtension>
        </extensions>
      </trkpt>
      <trkpt lat="36.23222543857991695404052734375" lon="117.11088468320667743682861328125">
        <ele>-500</ele>
        <time>2026-09-05T15:24:18.000Z</time>
        <extensions>
          <ns3:TrackPointExtension>
            <ns3:atemp>28.0</ns3:atemp>
            <ns3:hr>98</ns3:hr>
          </ns3:TrackPointExtension>
        </extensions>
      </trkpt>
      <trkpt lat="36.23222543857991695404052734375" lon="117.11088468320667743682861328125">
        <ele>-500</ele>
        <time>2026-09-05T15:24:19.000Z</time>
        <extensions>
          <ns3:TrackPointExtension>
            <ns3:atemp>28.0</ns3:atemp>
            <ns3:hr>98</ns3:hr>
          </ns3:TrackPointExtension>
        </extensions>
      </trkpt>
      <trkpt lat="36.23222543857991695404052734375" lon="117.11088468320667743682861328125">
        <ele>-500</ele>
        <time>2026-09-05T15:24:20.000Z</time>
        <extensions>
          <ns3:TrackPointExtension>
            <ns3:atemp>28.0</ns3:atemp>
            <ns3:hr>97</ns3:hr>
          </ns3:TrackPointExtension>
        </extensions>
      </trkpt>
      <trkpt lat="36.23222543857991695404052734375" lon="117.11088468320667743682861328125">
        <ele>-500</ele>
        <time>2026-09-05T15:24:21.000Z</time>
        <extensions>
          <ns3:TrackPointExtension>
            <ns3:atemp>27.0</ns3:atemp>
            <ns3:hr>97</ns3:hr>
          </ns3:TrackPointExtension>
        </extensions>
      </trkpt>
      <trkpt lat="36.23222543857991695404052734375" lon="117.11088468320667743682861328125">
        <ele>-500</ele>
        <time>2026-09-05T15:24:22.000Z</time>
        <extensions>
          <ns3:TrackPointExtension>
            <ns3:atemp>27.0</ns3:atemp>
            <ns3:hr>96</ns3:hr>
          </ns3:TrackPointExtension>
        </extensions>
      </trkpt>
      <trkpt lat="36.23222543857991695404052734375" lon="117.11088468320667743682861328125">
        <ele>-500</ele>
        <time>2026-09-05T15:24:23.000Z</time>
        <extensions>
          <ns3:TrackPointExtension>
            <ns3:atemp>27.0</ns3:atemp>
            <ns3:hr>97</ns3:hr>
          </ns3:TrackPointExtension>
        </extensions>
      </trkpt>
      <trkpt lat="36.23222543857991695404052734375" lon="117.11088468320667743682861328125">
        <ele>-500</ele>
        <time>2026-09-05T15:24:24.000Z</time>
        <extensions>
          <ns3:TrackPointExtension>
            <ns3:atemp>27.0</ns3:atemp>
            <ns3:hr>96</ns3:hr>
          </ns3:TrackPointExtension>
        </extensions>
      </trkpt>
      <trkpt lat="36.23222543857991695404052734375" lon="117.11088468320667743682861328125">
        <ele>-500</ele>
        <time>2026-09-05T15:24:25.000Z</time>
        <extensions>
          <ns3:TrackPointExtension>
            <ns3:atemp>27.0</ns3:atemp>
            <ns3:hr>96</ns3:hr>
          </ns3:TrackPointExtension>
        </extensions>
      </trkpt>
      <trkpt lat="36.23222543857991695404052734375" lon="117.11088468320667743682861328125">
        <ele>-500</ele>
        <time>2026-09-05T15:24:26.000Z</time>
        <extensions>
          <ns3:TrackPointExtension>
            <ns3:atemp>27.0</ns3:atemp>
            <ns3:hr>97</ns3:hr>
          </ns3:TrackPointExtension>
        </extensions>
      </trkpt>
      <trkpt lat="36.23222677968442440032958984375" lon="117.11088468320667743682861328125">
        <ele>-500</ele>
        <time>2026-09-05T15:24:27.000Z</time>
        <extensions>
          <ns3:TrackPointExtension>
            <ns3:atemp>27.0</ns3:atemp>
            <ns3:hr>96</ns3:hr>
          </ns3:TrackPointExtension>
        </extensions>
      </trkpt>
      <trkpt lat="36.232227198779582977294921875" lon="117.11088820360600948333740234375">
        <ele>-500</ele>
        <time>2026-09-05T15:24:28.000Z</time>
        <extensions>
          <ns3:TrackPointExtension>
            <ns3:atemp>27.0</ns3:atemp>
            <ns3:hr>95</ns3:hr>
          </ns3:TrackPointExtension>
        </extensions>
      </trkpt>
      <trkpt lat="36.2322277016937732696533203125" lon="117.11089323274791240692138671875">
        <ele>-500</ele>
        <time>2026-09-05T15:24:29.000Z</time>
        <extensions>
          <ns3:TrackPointExtension>
            <ns3:atemp>27.0</ns3:atemp>
            <ns3:hr>96</ns3:hr>
          </ns3:TrackPointExtension>
        </extensions>
      </trkpt>
      <trkpt lat="36.2322290427982807159423828125" lon="117.110898010432720184326171875">
        <ele>-500</ele>
        <time>2026-09-05T15:24:30.000Z</time>
        <extensions>
          <ns3:TrackPointExtension>
            <ns3:atemp>27.0</ns3:atemp>
            <ns3:hr>95</ns3:hr>
          </ns3:TrackPointExtension>
        </extensions>
      </trkpt>
      <trkpt lat="36.23223013244569301605224609375" lon="117.11090060882270336151123046875">
        <ele>-500</ele>
        <time>2026-09-05T15:24:31.000Z</time>
        <extensions>
          <ns3:TrackPointExtension>
            <ns3:atemp>27.0</ns3:atemp>
            <ns3:hr>94</ns3:hr>
          </ns3:TrackPointExtension>
        </extensions>
      </trkpt>
      <trkpt lat="36.232230551540851593017578125" lon="117.11090077646076679229736328125">
        <ele>-500</ele>
        <time>2026-09-05T15:24:32.000Z</time>
        <extensions>
          <ns3:TrackPointExtension>
            <ns3:atemp>27.0</ns3:atemp>
            <ns3:hr>93</ns3:hr>
          </ns3:TrackPointExtension>
        </extensions>
      </trkpt>
      <trkpt lat="36.23223080299794673919677734375" lon="117.1109008602797985076904296875">
        <ele>-500</ele>
        <time>2026-09-05T15:24:33.000Z</time>
        <extensions>
          <ns3:TrackPointExtension>
            <ns3:atemp>27.0</ns3:atemp>
            <ns3:hr>95</ns3:hr>
          </ns3:TrackPointExtension>
        </extensions>
      </trkpt>
      <trkpt lat="36.2322320602834224700927734375" lon="117.1109008602797985076904296875">
        <ele>-500</ele>
        <time>2026-09-05T15:24:34.000Z</time>
        <extensions>
          <ns3:TrackPointExtension>
            <ns3:atemp>27.0</ns3:atemp>
            <ns3:hr>96</ns3:hr>
          </ns3:TrackPointExtension>
        </extensions>
      </trkpt>
      <trkpt lat="36.23223231174051761627197265625" lon="117.1109008602797985076904296875">
        <ele>-500</ele>
        <time>2026-09-05T15:24:35.000Z</time>
        <extensions>
          <ns3:TrackPointExtension>
            <ns3:atemp>27.0</ns3:atemp>
            <ns3:hr>94</ns3:hr>
          </ns3:TrackPointExtension>
        </extensions>
      </trkpt>
      <trkpt lat="36.232232563197612762451171875" lon="117.1109008602797985076904296875">
        <ele>-500</ele>
        <time>2026-09-05T15:24:36.000Z</time>
        <extensions>
          <ns3:TrackPointExtension>
            <ns3:atemp>27.0</ns3:atemp>
            <ns3:hr>94</ns3:hr>
          </ns3:TrackPointExtension>
        </extensions>
      </trkpt>
      <trkpt lat="36.23223264701664447784423828125" lon="117.1109008602797985076904296875">
        <ele>-500</ele>
        <time>2026-09-05T15:24:37.000Z</time>
        <extensions>
          <ns3:TrackPointExtension>
            <ns3:atemp>27.0</ns3:atemp>
            <ns3:hr>94</ns3:hr>
          </ns3:TrackPointExtension>
        </extensions>
      </trkpt>
      <trkpt lat="36.2322327308356761932373046875" lon="117.1109008602797985076904296875">
        <ele>-500</ele>
        <time>2026-09-05T15:24:38.000Z</time>
        <extensions>
          <ns3:TrackPointExtension>
            <ns3:atemp>27.0</ns3:atemp>
            <ns3:hr>95</ns3:hr>
          </ns3:TrackPointExtension>
        </extensions>
      </trkpt>
      <trkpt lat="36.2322328984737396240234375" lon="117.1109008602797985076904296875">
        <ele>-500</ele>
        <time>2026-09-05T15:24:39.000Z</time>
        <extensions>
          <ns3:TrackPointExtension>
            <ns3:atemp>27.0</ns3:atemp>
            <ns3:hr>94</ns3:hr>
          </ns3:TrackPointExtension>
        </extensions>
      </trkpt>
      <trkpt lat="36.23223348520696163177490234375" lon="117.1109008602797985076904296875">
        <ele>-500</ele>
        <time>2026-09-05T15:24:40.000Z</time>
        <extensions>
          <ns3:TrackPointExtension>
            <ns3:atemp>27.0</ns3:atemp>
            <ns3:hr>94</ns3:hr>
          </ns3:TrackPointExtension>
        </extensions>
      </trkpt>
      <trkpt lat="36.2322337366640567779541015625" lon="117.1109008602797985076904296875">
        <ele>-500</ele>
        <time>2026-09-05T15:24:41.000Z</time>
        <extensions>
          <ns3:TrackPointExtension>
            <ns3:atemp>27.0</ns3:atemp>
            <ns3:hr>94</ns3:hr>
          </ns3:TrackPointExtension>
        </extensions>
      </trkpt>
      <trkpt lat="36.23223415575921535491943359375" lon="117.1109008602797985076904296875">
        <ele>-500</ele>
        <time>2026-09-05T15:24:42.000Z</time>
        <extensions>
          <ns3:TrackPointExtension>
            <ns3:atemp>27.0</ns3:atemp>
            <ns3:hr>94</ns3:hr>
          </ns3:TrackPointExtension>
        </extensions>
      </trkpt>
      <trkpt lat="36.23223432339727878570556640625" lon="117.1109008602797985076904296875">
        <ele>-500</ele>
        <time>2026-09-05T15:24:43.000Z</time>
        <extensions>
          <ns3:TrackPointExtension>
            <ns3:atemp>27.0</ns3:atemp>
            <ns3:hr>94</ns3:hr>
          </ns3:TrackPointExtension>
        </extensions>
      </trkpt>
      <trkpt lat="36.2322344072163105010986328125" lon="117.11090094409883022308349609375">
        <ele>-500</ele>
        <time>2026-09-05T15:24:44.000Z</time>
        <extensions>
          <ns3:TrackPointExtension>
            <ns3:atemp>27.0</ns3:atemp>
            <ns3:hr>94</ns3:hr>
          </ns3:TrackPointExtension>
        </extensions>
      </trkpt>
      <trkpt lat="36.23223700560629367828369140625" lon="117.1109035424888134002685546875">
        <ele>-500</ele>
        <time>2026-09-05T15:24:45.000Z</time>
        <extensions>
          <ns3:TrackPointExtension>
            <ns3:atemp>27.0</ns3:atemp>
            <ns3:hr>94</ns3:hr>
          </ns3:TrackPointExtension>
        </extensions>
      </trkpt>
      <trkpt lat="36.23223817907273769378662109375" lon="117.11090396158397197723388671875">
        <ele>-500</ele>
        <time>2026-09-05T15:24:46.000Z</time>
        <extensions>
          <ns3:TrackPointExtension>
            <ns3:atemp>27.0</ns3:atemp>
            <ns3:hr>94</ns3:hr>
          </ns3:TrackPointExtension>
        </extensions>
      </trkpt>
      <trkpt lat="36.232239268720149993896484375" lon="117.11089725606143474578857421875">
        <ele>-500</ele>
        <time>2026-09-05T15:24:59.000Z</time>
        <extensions>
          <ns3:TrackPointExtension>
            <ns3:atemp>27.0</ns3:atemp>
            <ns3:hr>96</ns3:hr>
          </ns3:TrackPointExtension>
        </extensions>
      </trkpt>
      <trkpt lat="36.23223247937858104705810546875" lon="117.11090010590851306915283203125">
        <ele>-500</ele>
        <time>2026-09-05T15:25:05.000Z</time>
        <extensions>
          <ns3:TrackPointExtension>
            <ns3:atemp>27.0</ns3:atemp>
            <ns3:hr>98</ns3:hr>
          </ns3:TrackPointExtension>
        </extensions>
      </trkpt>
      <trkpt lat="36.2322297133505344390869140625" lon="117.11090027354657649993896484375">
        <ele>-500</ele>
        <time>2026-09-05T15:25:06.000Z</time>
        <extensions>
          <ns3:TrackPointExtension>
            <ns3:atemp>27.0</ns3:atemp>
            <ns3:hr>98</ns3:hr>
          </ns3:TrackPointExtension>
        </extensions>
      </trkpt>
      <trkpt lat="36.23222552239894866943359375" lon="117.11090027354657649993896484375">
        <ele>-500</ele>
        <time>2026-09-05T15:25:07.000Z</time>
        <extensions>
          <ns3:TrackPointExtension>
            <ns3:atemp>27.0</ns3:atemp>
            <ns3:hr>98</ns3:hr>
          </ns3:TrackPointExtension>
        </extensions>
      </trkpt>
      <trkpt lat="36.2322233431041240692138671875" lon="117.11090027354657649993896484375">
        <ele>-500</ele>
        <time>2026-09-05T15:25:08.000Z</time>
        <extensions>
          <ns3:TrackPointExtension>
            <ns3:atemp>27.0</ns3:atemp>
            <ns3:hr>98</ns3:hr>
          </ns3:TrackPointExtension>
        </extensions>
      </trkpt>
      <trkpt lat="36.23222208581864833831787109375" lon="117.11090027354657649993896484375">
        <ele>-500</ele>
        <time>2026-09-05T15:25:09.000Z</time>
        <extensions>
          <ns3:TrackPointExtension>
            <ns3:atemp>27.0</ns3:atemp>
            <ns3:hr>97</ns3:hr>
          </ns3:TrackPointExtension>
        </extensions>
      </trkpt>
      <trkpt lat="36.23222057707607746124267578125" lon="117.11090027354657649993896484375">
        <ele>-500</ele>
        <time>2026-09-05T15:25:11.000Z</time>
        <extensions>
          <ns3:TrackPointExtension>
            <ns3:atemp>27.0</ns3:atemp>
            <ns3:hr>98</ns3:hr>
          </ns3:TrackPointExtension>
        </extensions>
      </trkpt>
      <trkpt lat="36.23222015798091888427734375" lon="117.11090027354657649993896484375">
        <ele>-500</ele>
        <time>2026-09-05T15:25:12.000Z</time>
        <extensions>
          <ns3:TrackPointExtension>
            <ns3:atemp>27.0</ns3:atemp>
            <ns3:hr>97</ns3:hr>
          </ns3:TrackPointExtension>
        </extensions>
      </trkpt>
      <trkpt lat="36.23222007416188716888427734375" lon="117.11089977063238620758056640625">
        <ele>-500</ele>
        <time>2026-09-05T15:25:13.000Z</time>
        <extensions>
          <ns3:TrackPointExtension>
            <ns3:atemp>27.0</ns3:atemp>
            <ns3:hr>97</ns3:hr>
          </ns3:TrackPointExtension>
        </extensions>
      </trkpt>
      <trkpt lat="36.2322199903428554534912109375" lon="117.11089826188981533050537109375">
        <ele>-500</ele>
        <time>2026-09-05T15:25:14.000Z</time>
        <extensions>
          <ns3:TrackPointExtension>
            <ns3:atemp>27.0</ns3:atemp>
            <ns3:hr>96</ns3:hr>
          </ns3:TrackPointExtension>
        </extensions>
      </trkpt>
      <trkpt lat="36.2322199903428554534912109375" lon="117.11089775897562503814697265625">
        <ele>-500</ele>
        <time>2026-09-05T15:25:15.000Z</time>
        <extensions>
          <ns3:TrackPointExtension>
            <ns3:atemp>27.0</ns3:atemp>
            <ns3:hr>96</ns3:hr>
          </ns3:TrackPointExtension>
        </extensions>
      </trkpt>
      <trkpt lat="36.2322199903428554534912109375" lon="117.11089767515659332275390625">
        <ele>-500</ele>
        <time>2026-09-05T15:25:16.000Z</time>
        <extensions>
          <ns3:TrackPointExtension>
            <ns3:atemp>27.0</ns3:atemp>
            <ns3:hr>95</ns3:hr>
          </ns3:TrackPointExtension>
        </extensions>
      </trkpt>
      <trkpt lat="36.2322199903428554534912109375" lon="117.11089759133756160736083984375">
        <ele>-500</ele>
        <time>2026-09-05T15:25:17.000Z</time>
        <extensions>
          <ns3:TrackPointExtension>
            <ns3:atemp>27.0</ns3:atemp>
            <ns3:hr>95</ns3:hr>
          </ns3:TrackPointExtension>
        </extensions>
      </trkpt>
      <trkpt lat="36.23222024179995059967041015625" lon="117.11089792661368846893310546875">
        <ele>-500</ele>
        <time>2026-09-05T15:25:23.000Z</time>
        <extensions>
          <ns3:TrackPointExtension>
            <ns3:atemp>27.0</ns3:atemp>
            <ns3:hr>95</ns3:hr>
          </ns3:TrackPointExtension>
        </extensions>
      </trkpt>
      <trkpt lat="36.232220493257045745849609375" lon="117.11089977063238620758056640625">
        <ele>-500</ele>
        <time>2026-09-05T15:25:24.000Z</time>
        <extensions>
          <ns3:TrackPointExtension>
            <ns3:atemp>27.0</ns3:atemp>
            <ns3:hr>95</ns3:hr>
          </ns3:TrackPointExtension>
        </extensions>
      </trkpt>
      <trkpt lat="36.2322220019996166229248046875" lon="117.1109028719365596771240234375">
        <ele>-500</ele>
        <time>2026-09-05T15:25:26.000Z</time>
        <extensions>
          <ns3:TrackPointExtension>
            <ns3:atemp>27.0</ns3:atemp>
            <ns3:hr>95</ns3:hr>
          </ns3:TrackPointExtension>
        </extensions>
      </trkpt>
      <trkpt lat="36.23222460038959980010986328125" lon="117.110904045403003692626953125">
        <ele>-500</ele>
        <time>2026-09-05T15:25:28.000Z</time>
        <extensions>
          <ns3:TrackPointExtension>
            <ns3:atemp>27.0</ns3:atemp>
            <ns3:hr>95</ns3:hr>
          </ns3:TrackPointExtension>
        </extensions>
      </trkpt>
      <trkpt lat="36.232239939272403717041015625" lon="117.11090429686009883880615234375">
        <ele>-500</ele>
        <time>2026-09-05T15:25:35.000Z</time>
        <extensions>
          <ns3:TrackPointExtension>
            <ns3:atemp>27.0</ns3:atemp>
            <ns3:hr>95</ns3:hr>
          </ns3:TrackPointExtension>
        </extensions>
      </trkpt>
      <trkpt lat="36.23224035836756229400634765625" lon="117.11090429686009883880615234375">
        <ele>-500</ele>
        <time>2026-09-05T15:25:36.000Z</time>
        <extensions>
          <ns3:TrackPointExtension>
            <ns3:atemp>27.0</ns3:atemp>
            <ns3:hr>95</ns3:hr>
          </ns3:TrackPointExtension>
        </extensions>
      </trkpt>
      <trkpt lat="36.23224102891981601715087890625" lon="117.1109042130410671234130859375">
        <ele>-500</ele>
        <time>2026-09-05T15:25:37.000Z</time>
        <extensions>
          <ns3:TrackPointExtension>
            <ns3:atemp>27.0</ns3:atemp>
            <ns3:hr>95</ns3:hr>
          </ns3:TrackPointExtension>
        </extensions>
      </trkpt>
      <trkpt lat="36.232241280376911163330078125" lon="117.1109042130410671234130859375">
        <ele>-500</ele>
        <time>2026-09-05T15:25:38.000Z</time>
        <extensions>
          <ns3:TrackPointExtension>
            <ns3:atemp>27.0</ns3:atemp>
            <ns3:hr>95</ns3:hr>
          </ns3:TrackPointExtension>
        </extensions>
      </trkpt>
      <trkpt lat="36.23224220238626003265380859375" lon="117.1109042130410671234130859375">
        <ele>-500</ele>
        <time>2026-09-05T15:25:39.000Z</time>
        <extensions>
          <ns3:TrackPointExtension>
            <ns3:atemp>27.0</ns3:atemp>
            <ns3:hr>96</ns3:hr>
          </ns3:TrackPointExtension>
        </extensions>
      </trkpt>
      <trkpt lat="36.23224689625203609466552734375" lon="117.110902033746242523193359375">
        <ele>-500</ele>
        <time>2026-09-05T15:25:47.000Z</time>
        <extensions>
          <ns3:TrackPointExtension>
            <ns3:atemp>27.0</ns3:atemp>
            <ns3:hr>97</ns3:hr>
          </ns3:TrackPointExtension>
        </extensions>
      </trkpt>
      <trkpt lat="36.23224806971848011016845703125" lon="117.1108956634998321533203125">
        <ele>-500</ele>
        <time>2026-09-05T15:25:49.000Z</time>
        <extensions>
          <ns3:TrackPointExtension>
            <ns3:atemp>27.0</ns3:atemp>
            <ns3:hr>97</ns3:hr>
          </ns3:TrackPointExtension>
        </extensions>
      </trkpt>
      <trkpt lat="36.232247650623321533203125" lon="117.1108918078243732452392578125">
        <ele>-500</ele>
        <time>2026-09-05T15:25:51.000Z</time>
        <extensions>
          <ns3:TrackPointExtension>
            <ns3:atemp>27.0</ns3:atemp>
            <ns3:hr>98</ns3:hr>
          </ns3:TrackPointExtension>
        </extensions>
      </trkpt>
      <trkpt lat="36.23225443996489048004150390625" lon="117.11089155636727809906005859375">
        <ele>-500</ele>
        <time>2026-09-05T15:25:53.000Z</time>
        <extensions>
          <ns3:TrackPointExtension>
            <ns3:atemp>27.0</ns3:atemp>
            <ns3:hr>97</ns3:hr>
          </ns3:TrackPointExtension>
        </extensions>
      </trkpt>
      <trkpt lat="36.23226039111614227294921875" lon="117.11089725606143474578857421875">
        <ele>-500</ele>
        <time>2026-09-05T15:25:54.000Z</time>
        <extensions>
          <ns3:TrackPointExtension>
            <ns3:atemp>27.0</ns3:atemp>
            <ns3:hr>97</ns3:hr>
          </ns3:TrackPointExtension>
        </extensions>
      </trkpt>
      <trkpt lat="36.23226684518158435821533203125" lon="117.11089926771819591522216796875">
        <ele>-500</ele>
        <time>2026-09-05T15:25:55.000Z</time>
        <extensions>
          <ns3:TrackPointExtension>
            <ns3:atemp>27.0</ns3:atemp>
            <ns3:hr>97</ns3:hr>
          </ns3:TrackPointExtension>
        </extensions>
      </trkpt>
      <trkpt lat="36.232273466885089874267578125" lon="117.11089926771819591522216796875">
        <ele>-500</ele>
        <time>2026-09-05T15:25:56.000Z</time>
        <extensions>
          <ns3:TrackPointExtension>
            <ns3:atemp>27.0</ns3:atemp>
            <ns3:hr>98</ns3:hr>
          </ns3:TrackPointExtension>
        </extensions>
      </trkpt>
      <trkpt lat="36.2322771549224853515625" lon="117.11089725606143474578857421875">
        <ele>-500</ele>
        <time>2026-09-05T15:25:57.000Z</time>
        <extensions>
          <ns3:TrackPointExtension>
            <ns3:atemp>27.0</ns3:atemp>
            <ns3:hr>98</ns3:hr>
          </ns3:TrackPointExtension>
        </extensions>
      </trkpt>
      <trkpt lat="36.23228042386472225189208984375" lon="117.11089876480400562286376953125">
        <ele>-500</ele>
        <time>2026-09-05T15:25:58.000Z</time>
        <extensions>
          <ns3:TrackPointExtension>
            <ns3:atemp>27.0</ns3:atemp>
            <ns3:hr>98</ns3:hr>
          </ns3:TrackPointExtension>
        </extensions>
      </trkpt>
      <trkpt lat="36.23228645883500576019287109375" lon="117.1109022013843059539794921875">
        <ele>-500</ele>
        <time>2026-09-05T15:25:59.000Z</time>
        <extensions>
          <ns3:TrackPointExtension>
            <ns3:atemp>27.0</ns3:atemp>
            <ns3:hr>98</ns3:hr>
          </ns3:TrackPointExtension>
        </extensions>
      </trkpt>
      <trkpt lat="36.2322890572249889373779296875" lon="117.11090764962136745452880859375">
        <ele>-500</ele>
        <time>2026-09-05T15:26:00.000Z</time>
        <extensions>
          <ns3:TrackPointExtension>
            <ns3:atemp>27.0</ns3:atemp>
            <ns3:hr>98</ns3:hr>
          </ns3:TrackPointExtension>
        </extensions>
      </trkpt>
      <trkpt lat="36.2322890572249889373779296875" lon="117.11090764962136745452880859375">
        <ele>-500</ele>
        <time>2026-09-05T15:26:01.000Z</time>
        <extensions>
          <ns3:TrackPointExtension>
            <ns3:atemp>27.0</ns3:atemp>
            <ns3:hr>97</ns3:hr>
          </ns3:TrackPointExtension>
        </extensions>
      </trkpt>
      <trkpt lat="36.2322890572249889373779296875" lon="117.11090764962136745452880859375">
        <ele>-500</ele>
        <time>2026-09-05T15:26:02.000Z</time>
        <extensions>
          <ns3:TrackPointExtension>
            <ns3:atemp>27.0</ns3:atemp>
            <ns3:hr>96</ns3:hr>
          </ns3:TrackPointExtension>
        </extensions>
      </trkpt>
      <trkpt lat="36.2322890572249889373779296875" lon="117.11090764962136745452880859375">
        <ele>-500</ele>
        <time>2026-09-05T15:26:03.000Z</time>
        <extensions>
          <ns3:TrackPointExtension>
            <ns3:atemp>27.0</ns3:atemp>
            <ns3:hr>95</ns3:hr>
          </ns3:TrackPointExtension>
        </extensions>
      </trkpt>
      <trkpt lat="36.2322890572249889373779296875" lon="117.11090764962136745452880859375">
        <ele>-500</ele>
        <time>2026-09-05T15:26:04.000Z</time>
        <extensions>
          <ns3:TrackPointExtension>
            <ns3:atemp>27.0</ns3:atemp>
            <ns3:hr>95</ns3:hr>
          </ns3:TrackPointExtension>
        </extensions>
      </trkpt>
      <trkpt lat="36.2322890572249889373779296875" lon="117.11090764962136745452880859375">
        <ele>-500</ele>
        <time>2026-09-05T15:26:05.000Z</time>
        <extensions>
          <ns3:TrackPointExtension>
            <ns3:atemp>27.0</ns3:atemp>
            <ns3:hr>94</ns3:hr>
          </ns3:TrackPointExtension>
        </extensions>
      </trkpt>
      <trkpt lat="36.2322890572249889373779296875" lon="117.11090764962136745452880859375">
        <ele>-500</ele>
        <time>2026-09-05T15:26:06.000Z</time>
        <extensions>
          <ns3:TrackPointExtension>
            <ns3:atemp>27.0</ns3:atemp>
            <ns3:hr>95</ns3:hr>
          </ns3:TrackPointExtension>
        </extensions>
      </trkpt>
      <trkpt lat="36.2322890572249889373779296875" lon="117.11090764962136745452880859375">
        <ele>-500</ele>
        <time>2026-09-05T15:26:07.000Z</time>
        <extensions>
          <ns3:TrackPointExtension>
            <ns3:atemp>27.0</ns3:atemp>
            <ns3:hr>95</ns3:hr>
          </ns3:TrackPointExtension>
        </extensions>
      </trkpt>
      <trkpt lat="36.2322890572249889373779296875" lon="117.11090764962136745452880859375">
        <ele>-500</ele>
        <time>2026-09-05T15:26:08.000Z</time>
        <extensions>
          <ns3:TrackPointExtension>
            <ns3:atemp>27.0</ns3:atemp>
            <ns3:hr>95</ns3:hr>
          </ns3:TrackPointExtension>
        </extensions>
      </trkpt>
      <trkpt lat="36.2322890572249889373779296875" lon="117.11090764962136745452880859375">
        <ele>-500</ele>
        <time>2026-09-05T15:26:09.000Z</time>
        <extensions>
          <ns3:TrackPointExtension>
            <ns3:atemp>27.0</ns3:atemp>
            <ns3:hr>96</ns3:hr>
          </ns3:TrackPointExtension>
        </extensions>
      </trkpt>
      <trkpt lat="36.2322890572249889373779296875" lon="117.11090764962136745452880859375">
        <ele>-500</ele>
        <time>2026-09-05T15:26:10.000Z</time>
        <extensions>
          <ns3:TrackPointExtension>
            <ns3:atemp>27.0</ns3:atemp>
            <ns3:hr>97</ns3:hr>
          </ns3:TrackPointExtension>
        </extensions>
      </trkpt>
      <trkpt lat="36.2322890572249889373779296875" lon="117.11090764962136745452880859375">
        <ele>-500</ele>
        <time>2026-09-05T15:26:11.000Z</time>
        <extensions>
          <ns3:TrackPointExtension>
            <ns3:atemp>27.0</ns3:atemp>
            <ns3:hr>97</ns3:hr>
          </ns3:TrackPointExtension>
        </extensions>
      </trkpt>
      <trkpt lat="36.2322890572249889373779296875" lon="117.11090764962136745452880859375">
        <ele>-500</ele>
        <time>2026-09-05T15:26:12.000Z</time>
        <extensions>
          <ns3:TrackPointExtension>
            <ns3:atemp>27.0</ns3:atemp>
            <ns3:hr>97</ns3:hr>
          </ns3:TrackPointExtension>
        </extensions>
      </trkpt>
      <trkpt lat="36.2322890572249889373779296875" lon="117.11090764962136745452880859375">
        <ele>-500</ele>
        <time>2026-09-05T15:26:13.000Z</time>
        <extensions>
          <ns3:TrackPointExtension>
            <ns3:atemp>27.0</ns3:atemp>
            <ns3:hr>97</ns3:hr>
          </ns3:TrackPointExtension>
        </extensions>
      </trkpt>
      <trkpt lat="36.2322890572249889373779296875" lon="117.11090764962136745452880859375">
        <ele>-500</ele>
        <time>2026-09-05T15:26:14.000Z</time>
        <extensions>
          <ns3:TrackPointExtension>
            <ns3:atemp>27.0</ns3:atemp>
            <ns3:hr>98</ns3:hr>
          </ns3:TrackPointExtension>
        </extensions>
      </trkpt>
      <trkpt lat="36.2322890572249889373779296875" lon="117.11090764962136745452880859375">
        <ele>-500</ele>
        <time>2026-09-05T15:26:15.000Z</time>
        <extensions>
          <ns3:TrackPointExtension>
            <ns3:atemp>27.0</ns3:atemp>
            <ns3:hr>98</ns3:hr>
          </ns3:TrackPointExtension>
        </extensions>
      </trkpt>
      <trkpt lat="36.2322890572249889373779296875" lon="117.1109112538397312164306640625">
        <ele>-500</ele>
        <time>2026-09-05T15:26:16.000Z</time>
        <extensions>
          <ns3:TrackPointExtension>
            <ns3:atemp>27.0</ns3:atemp>
            <ns3:hr>97</ns3:hr>
          </ns3:TrackPointExtension>
        </extensions>
      </trkpt>
      <trkpt lat="36.232292242348194122314453125" lon="117.110916115343570709228515625">
        <ele>-500</ele>
        <time>2026-09-05T15:26:17.000Z</time>
        <extensions>
          <ns3:TrackPointExtension>
            <ns3:atemp>27.0</ns3:atemp>
            <ns3:hr>97</ns3:hr>
          </ns3:TrackPointExtension>
        </extensions>
      </trkpt>
      <trkpt lat="36.232292912900447845458984375" lon="117.1109196357429027557373046875">
        <ele>-500</ele>
        <time>2026-09-05T15:26:18.000Z</time>
        <extensions>
          <ns3:TrackPointExtension>
            <ns3:atemp>27.0</ns3:atemp>
            <ns3:hr>97</ns3:hr>
          </ns3:TrackPointExtension>
        </extensions>
      </trkpt>
      <trkpt lat="36.2322991155087947845458984375" lon="117.110926844179630279541015625">
        <ele>-500</ele>
        <time>2026-09-05T15:26:19.000Z</time>
        <extensions>
          <ns3:TrackPointExtension>
            <ns3:atemp>27.0</ns3:atemp>
            <ns3:hr>97</ns3:hr>
          </ns3:TrackPointExtension>
        </extensions>
      </trkpt>
      <trkpt lat="36.23230406083166599273681640625" lon="117.11093111895024776458740234375">
        <ele>-500</ele>
        <time>2026-09-05T15:26:20.000Z</time>
        <extensions>
          <ns3:TrackPointExtension>
            <ns3:atemp>27.0</ns3:atemp>
            <ns3:hr>97</ns3:hr>
          </ns3:TrackPointExtension>
        </extensions>
      </trkpt>
      <trkpt lat="36.23230464756488800048828125" lon="117.11093497462570667266845703125">
        <ele>-500</ele>
        <time>2026-09-05T15:26:22.000Z</time>
        <extensions>
          <ns3:TrackPointExtension>
            <ns3:atemp>27.0</ns3:atemp>
            <ns3:hr>97</ns3:hr>
          </ns3:TrackPointExtension>
        </extensions>
      </trkpt>
      <trkpt lat="36.23230523429811000823974609375" lon="117.1109374053776264190673828125">
        <ele>-500</ele>
        <time>2026-09-05T15:26:25.000Z</time>
        <extensions>
          <ns3:TrackPointExtension>
            <ns3:atemp>27.0</ns3:atemp>
            <ns3:hr>93</ns3:hr>
          </ns3:TrackPointExtension>
        </extensions>
      </trkpt>
      <trkpt lat="36.2323053181171417236328125" lon="117.11093799211084842681884765625">
        <ele>-500</ele>
        <time>2026-09-05T15:26:26.000Z</time>
        <extensions>
          <ns3:TrackPointExtension>
            <ns3:atemp>27.0</ns3:atemp>
            <ns3:hr>92</ns3:hr>
          </ns3:TrackPointExtension>
        </extensions>
      </trkpt>
      <trkpt lat="36.23230573721230030059814453125" lon="117.11093899793922901153564453125">
        <ele>-500</ele>
        <time>2026-09-05T15:26:27.000Z</time>
        <extensions>
          <ns3:TrackPointExtension>
            <ns3:atemp>27.0</ns3:atemp>
            <ns3:hr>92</ns3:hr>
          </ns3:TrackPointExtension>
        </extensions>
      </trkpt>
      <trkpt lat="36.23230573721230030059814453125" lon="117.11093924939632415771484375">
        <ele>-500</ele>
        <time>2026-09-05T15:26:28.000Z</time>
        <extensions>
          <ns3:TrackPointExtension>
            <ns3:atemp>27.0</ns3:atemp>
            <ns3:hr>91</ns3:hr>
          </ns3:TrackPointExtension>
        </extensions>
      </trkpt>
      <trkpt lat="36.23230590485036373138427734375" lon="117.1109404228627681732177734375">
        <ele>-500</ele>
        <time>2026-09-05T15:26:29.000Z</time>
        <extensions>
          <ns3:TrackPointExtension>
            <ns3:atemp>27.0</ns3:atemp>
            <ns3:hr>91</ns3:hr>
          </ns3:TrackPointExtension>
        </extensions>
      </trkpt>
      <trkpt lat="36.23230590485036373138427734375" lon="117.1109434403479099273681640625">
        <ele>-500</ele>
        <time>2026-09-05T15:26:34.000Z</time>
        <extensions>
          <ns3:TrackPointExtension>
            <ns3:atemp>27.0</ns3:atemp>
            <ns3:hr>90</ns3:hr>
          </ns3:TrackPointExtension>
        </extensions>
      </trkpt>
      <trkpt lat="36.2323058210313320159912109375" lon="117.1109434403479099273681640625">
        <ele>-500</ele>
        <time>2026-09-05T15:26:35.000Z</time>
        <extensions>
          <ns3:TrackPointExtension>
            <ns3:atemp>27.0</ns3:atemp>
            <ns3:hr>90</ns3:hr>
          </ns3:TrackPointExtension>
        </extensions>
      </trkpt>
      <trkpt lat="36.2323058210313320159912109375" lon="117.1109434403479099273681640625">
        <ele>-500</ele>
        <time>2026-09-05T15:26:36.000Z</time>
        <extensions>
          <ns3:TrackPointExtension>
            <ns3:atemp>27.0</ns3:atemp>
            <ns3:hr>90</ns3:hr>
          </ns3:TrackPointExtension>
        </extensions>
      </trkpt>
      <trkpt lat="36.23230540193617343902587890625" lon="117.1109434403479099273681640625">
        <ele>-500</ele>
        <time>2026-09-05T15:26:37.000Z</time>
        <extensions>
          <ns3:TrackPointExtension>
            <ns3:atemp>27.0</ns3:atemp>
            <ns3:hr>89</ns3:hr>
          </ns3:TrackPointExtension>
        </extensions>
      </trkpt>
      <trkpt lat="36.23230523429811000823974609375" lon="117.1109434403479099273681640625">
        <ele>-500</ele>
        <time>2026-09-05T15:26:38.000Z</time>
        <extensions>
          <ns3:TrackPointExtension>
            <ns3:atemp>27.0</ns3:atemp>
            <ns3:hr>88</ns3:hr>
          </ns3:TrackPointExtension>
        </extensions>
      </trkpt>
      <trkpt lat="36.2323051504790782928466796875" lon="117.1109434403479099273681640625">
        <ele>-500</ele>
        <time>2026-09-05T15:26:39.000Z</time>
        <extensions>
          <ns3:TrackPointExtension>
            <ns3:atemp>27.0</ns3:atemp>
            <ns3:hr>87</ns3:hr>
          </ns3:TrackPointExtension>
        </extensions>
      </trkpt>
      <trkpt lat="36.232304982841014862060546875" lon="117.1109434403479099273681640625">
        <ele>-500</ele>
        <time>2026-09-05T15:26:40.000Z</time>
        <extensions>
          <ns3:TrackPointExtension>
            <ns3:atemp>27.0</ns3:atemp>
            <ns3:hr>87</ns3:hr>
          </ns3:TrackPointExtension>
        </extensions>
      </trkpt>
      <trkpt lat="36.232304982841014862060546875" lon="117.1109434403479099273681640625">
        <ele>-500</ele>
        <time>2026-09-05T15:26:41.000Z</time>
        <extensions>
          <ns3:TrackPointExtension>
            <ns3:atemp>27.0</ns3:atemp>
            <ns3:hr>87</ns3:hr>
          </ns3:TrackPointExtension>
        </extensions>
      </trkpt>
      <trkpt lat="36.23230473138391971588134765625" lon="117.1109431050717830657958984375">
        <ele>-500</ele>
        <time>2026-09-05T15:26:42.000Z</time>
        <extensions>
          <ns3:TrackPointExtension>
            <ns3:atemp>27.0</ns3:atemp>
            <ns3:hr>86</ns3:hr>
          </ns3:TrackPointExtension>
        </extensions>
      </trkpt>
      <trkpt lat="36.2323044799268245697021484375" lon="117.11094268597662448883056640625">
        <ele>-500</ele>
        <time>2026-09-05T15:26:43.000Z</time>
        <extensions>
          <ns3:TrackPointExtension>
            <ns3:atemp>27.0</ns3:atemp>
            <ns3:hr>89</ns3:hr>
          </ns3:TrackPointExtension>
        </extensions>
      </trkpt>
      <trkpt lat="36.23230372555553913116455078125" lon="117.1109420992434024810791015625">
        <ele>-500</ele>
        <time>2026-09-05T15:26:44.000Z</time>
        <extensions>
          <ns3:TrackPointExtension>
            <ns3:atemp>27.0</ns3:atemp>
            <ns3:hr>88</ns3:hr>
          </ns3:TrackPointExtension>
        </extensions>
      </trkpt>
      <trkpt lat="36.2323034740984439849853515625" lon="117.110940925776958465576171875">
        <ele>-500</ele>
        <time>2026-09-05T15:26:45.000Z</time>
        <extensions>
          <ns3:TrackPointExtension>
            <ns3:atemp>27.0</ns3:atemp>
            <ns3:hr>87</ns3:hr>
          </ns3:TrackPointExtension>
        </extensions>
      </trkpt>
      <trkpt lat="36.23229551129043102264404296875" lon="117.1109394170343875885009765625">
        <ele>-500</ele>
        <time>2026-09-05T15:26:47.000Z</time>
        <extensions>
          <ns3:TrackPointExtension>
            <ns3:atemp>27.0</ns3:atemp>
            <ns3:hr>87</ns3:hr>
          </ns3:TrackPointExtension>
        </extensions>
      </trkpt>
      <trkpt lat="36.23229098506271839141845703125" lon="117.110940255224704742431640625">
        <ele>-500</ele>
        <time>2026-09-05T15:26:49.000Z</time>
        <extensions>
          <ns3:TrackPointExtension>
            <ns3:atemp>27.0</ns3:atemp>
            <ns3:hr>85</ns3:hr>
          </ns3:TrackPointExtension>
        </extensions>
      </trkpt>
      <trkpt lat="36.232290565967559814453125" lon="117.11094067431986331939697265625">
        <ele>-500</ele>
        <time>2026-09-05T15:26:51.000Z</time>
        <extensions>
          <ns3:TrackPointExtension>
            <ns3:atemp>27.0</ns3:atemp>
            <ns3:hr>87</ns3:hr>
          </ns3:TrackPointExtension>
        </extensions>
      </trkpt>
      <trkpt lat="36.23229048214852809906005859375" lon="117.1109407581388950347900390625">
        <ele>-500</ele>
        <time>2026-09-05T15:26:56.000Z</time>
        <extensions>
          <ns3:TrackPointExtension>
            <ns3:atemp>27.0</ns3:atemp>
            <ns3:hr>88</ns3:hr>
          </ns3:TrackPointExtension>
        </extensions>
      </trkpt>
      <trkpt lat="36.23228997923433780670166015625" lon="117.1109407581388950347900390625">
        <ele>-500</ele>
        <time>2026-09-05T15:26:58.000Z</time>
        <extensions>
          <ns3:TrackPointExtension>
            <ns3:atemp>27.0</ns3:atemp>
            <ns3:hr>90</ns3:hr>
          </ns3:TrackPointExtension>
        </extensions>
      </trkpt>
      <trkpt lat="36.232287548482418060302734375" lon="117.1109400875866413116455078125">
        <ele>-500</ele>
        <time>2026-09-05T15:27:01.000Z</time>
        <extensions>
          <ns3:TrackPointExtension>
            <ns3:atemp>27.0</ns3:atemp>
            <ns3:hr>89</ns3:hr>
          </ns3:TrackPointExtension>
        </extensions>
      </trkpt>
      <trkpt lat="36.2322860397398471832275390625" lon="117.1109374053776264190673828125">
        <ele>-500</ele>
        <time>2026-09-05T15:27:02.000Z</time>
        <extensions>
          <ns3:TrackPointExtension>
            <ns3:atemp>27.0</ns3:atemp>
            <ns3:hr>89</ns3:hr>
          </ns3:TrackPointExtension>
        </extensions>
      </trkpt>
      <trkpt lat="36.23228495009243488311767578125" lon="117.11093614809215068817138671875">
        <ele>-500</ele>
        <time>2026-09-05T15:27:03.000Z</time>
        <extensions>
          <ns3:TrackPointExtension>
            <ns3:atemp>27.0</ns3:atemp>
            <ns3:hr>88</ns3:hr>
          </ns3:TrackPointExtension>
        </extensions>
      </trkpt>
      <trkpt lat="36.232284195721149444580078125" lon="117.1109357289969921112060546875">
        <ele>-500</ele>
        <time>2026-09-05T15:27:04.000Z</time>
        <extensions>
          <ns3:TrackPointExtension>
            <ns3:atemp>27.0</ns3:atemp>
            <ns3:hr>90</ns3:hr>
          </ns3:TrackPointExtension>
        </extensions>
      </trkpt>
      <trkpt lat="36.23228427954018115997314453125" lon="117.11093598045408725738525390625">
        <ele>-500</ele>
        <time>2026-09-05T15:27:07.000Z</time>
        <extensions>
          <ns3:TrackPointExtension>
            <ns3:atemp>27.0</ns3:atemp>
            <ns3:hr>89</ns3:hr>
          </ns3:TrackPointExtension>
        </extensions>
      </trkpt>
      <trkpt lat="36.23228495009243488311767578125" lon="117.110938243567943572998046875">
        <ele>-500</ele>
        <time>2026-09-05T15:27:08.000Z</time>
        <extensions>
          <ns3:TrackPointExtension>
            <ns3:atemp>27.0</ns3:atemp>
            <ns3:hr>90</ns3:hr>
          </ns3:TrackPointExtension>
        </extensions>
      </trkpt>
      <trkpt lat="36.2322865426540374755859375" lon="117.1109394170343875885009765625">
        <ele>-500</ele>
        <time>2026-09-05T15:27:09.000Z</time>
        <extensions>
          <ns3:TrackPointExtension>
            <ns3:atemp>27.0</ns3:atemp>
            <ns3:hr>90</ns3:hr>
          </ns3:TrackPointExtension>
        </extensions>
      </trkpt>
      <trkpt lat="36.23228763230144977569580078125" lon="117.1109397523105144500732421875">
        <ele>-500</ele>
        <time>2026-09-05T15:27:10.000Z</time>
        <extensions>
          <ns3:TrackPointExtension>
            <ns3:atemp>27.0</ns3:atemp>
            <ns3:hr>89</ns3:hr>
          </ns3:TrackPointExtension>
        </extensions>
      </trkpt>
      <trkpt lat="36.232288219034671783447265625" lon="117.110939919948577880859375">
        <ele>-500</ele>
        <time>2026-09-05T15:27:11.000Z</time>
        <extensions>
          <ns3:TrackPointExtension>
            <ns3:atemp>27.0</ns3:atemp>
            <ns3:hr>90</ns3:hr>
          </ns3:TrackPointExtension>
        </extensions>
      </trkpt>
      <trkpt lat="36.23228997923433780670166015625" lon="117.11094000376760959625244140625">
        <ele>-500</ele>
        <time>2026-09-05T15:27:13.000Z</time>
        <extensions>
          <ns3:TrackPointExtension>
            <ns3:atemp>27.0</ns3:atemp>
            <ns3:hr>90</ns3:hr>
          </ns3:TrackPointExtension>
        </extensions>
      </trkpt>
      <trkpt lat="36.232294254004955291748046875" lon="117.11094059050083160400390625">
        <ele>-500</ele>
        <time>2026-09-05T15:27:21.000Z</time>
        <extensions>
          <ns3:TrackPointExtension>
            <ns3:atemp>27.0</ns3:atemp>
            <ns3:hr>90</ns3:hr>
          </ns3:TrackPointExtension>
        </extensions>
      </trkpt>
      <trkpt lat="36.23229802586138248443603515625" lon="117.11094059050083160400390625">
        <ele>-500</ele>
        <time>2026-09-05T15:27:23.000Z</time>
        <extensions>
          <ns3:TrackPointExtension>
            <ns3:atemp>27.0</ns3:atemp>
            <ns3:hr>90</ns3:hr>
          </ns3:TrackPointExtension>
        </extensions>
      </trkpt>
      <trkpt lat="36.23229953460395336151123046875" lon="117.1109404228627681732177734375">
        <ele>-500</ele>
        <time>2026-09-05T15:27:24.000Z</time>
        <extensions>
          <ns3:TrackPointExtension>
            <ns3:atemp>27.0</ns3:atemp>
            <ns3:hr>88</ns3:hr>
          </ns3:TrackPointExtension>
        </extensions>
      </trkpt>
      <trkpt lat="36.23230020515620708465576171875" lon="117.11094017140567302703857421875">
        <ele>-500</ele>
        <time>2026-09-05T15:27:25.000Z</time>
        <extensions>
          <ns3:TrackPointExtension>
            <ns3:atemp>27.0</ns3:atemp>
            <ns3:hr>89</ns3:hr>
          </ns3:TrackPointExtension>
        </extensions>
      </trkpt>
      <trkpt lat="36.2323011271655559539794921875" lon="117.1109400875866413116455078125">
        <ele>-500</ele>
        <time>2026-09-05T15:27:26.000Z</time>
        <extensions>
          <ns3:TrackPointExtension>
            <ns3:atemp>27.0</ns3:atemp>
            <ns3:hr>90</ns3:hr>
          </ns3:TrackPointExtension>
        </extensions>
      </trkpt>
      <trkpt lat="36.2323017977178096771240234375" lon="117.11093966849148273468017578125">
        <ele>-500</ele>
        <time>2026-09-05T15:27:27.000Z</time>
        <extensions>
          <ns3:TrackPointExtension>
            <ns3:atemp>27.0</ns3:atemp>
            <ns3:hr>90</ns3:hr>
          </ns3:TrackPointExtension>
        </extensions>
      </trkpt>
      <trkpt lat="36.23230238445103168487548828125" lon="117.11093950085341930389404296875">
        <ele>-500</ele>
        <time>2026-09-05T15:27:28.000Z</time>
        <extensions>
          <ns3:TrackPointExtension>
            <ns3:atemp>27.0</ns3:atemp>
            <ns3:hr>87</ns3:hr>
          </ns3:TrackPointExtension>
        </extensions>
      </trkpt>
      <trkpt lat="36.23230271972715854644775390625" lon="117.1109394170343875885009765625">
        <ele>-500</ele>
        <time>2026-09-05T15:27:29.000Z</time>
        <extensions>
          <ns3:TrackPointExtension>
            <ns3:atemp>27.0</ns3:atemp>
            <ns3:hr>88</ns3:hr>
          </ns3:TrackPointExtension>
        </extensions>
      </trkpt>
      <trkpt lat="36.23230288736522197723388671875" lon="117.1109394170343875885009765625">
        <ele>-500</ele>
        <time>2026-09-05T15:27:30.000Z</time>
        <extensions>
          <ns3:TrackPointExtension>
            <ns3:atemp>27.0</ns3:atemp>
            <ns3:hr>88</ns3:hr>
          </ns3:TrackPointExtension>
        </extensions>
      </trkpt>
      <trkpt lat="36.23230322264134883880615234375" lon="117.1109400875866413116455078125">
        <ele>-500</ele>
        <time>2026-09-05T15:27:32.000Z</time>
        <extensions>
          <ns3:TrackPointExtension>
            <ns3:atemp>27.0</ns3:atemp>
            <ns3:hr>87</ns3:hr>
          </ns3:TrackPointExtension>
        </extensions>
      </trkpt>
      <trkpt lat="36.2323080003261566162109375" lon="117.11094059050083160400390625">
        <ele>-500</ele>
        <time>2026-09-05T15:27:34.000Z</time>
        <extensions>
          <ns3:TrackPointExtension>
            <ns3:atemp>27.0</ns3:atemp>
            <ns3:hr>91</ns3:hr>
          </ns3:TrackPointExtension>
        </extensions>
      </trkpt>
      <trkpt lat="36.23231730423867702484130859375" lon="117.11094117723405361175537109375">
        <ele>-500</ele>
        <time>2026-09-05T15:27:37.000Z</time>
        <extensions>
          <ns3:TrackPointExtension>
            <ns3:atemp>27.0</ns3:atemp>
            <ns3:hr>94</ns3:hr>
          </ns3:TrackPointExtension>
        </extensions>
      </trkpt>
      <trkpt lat="36.23232300393283367156982421875" lon="117.11094193160533905029296875">
        <ele>-500</ele>
        <time>2026-09-05T15:27:40.000Z</time>
        <extensions>
          <ns3:TrackPointExtension>
            <ns3:atemp>27.0</ns3:atemp>
            <ns3:hr>95</ns3:hr>
          </ns3:TrackPointExtension>
        </extensions>
      </trkpt>
      <trkpt lat="36.232326440513134002685546875" lon="117.1109457872807979583740234375">
        <ele>-500</ele>
        <time>2026-09-05T15:27:47.000Z</time>
        <extensions>
          <ns3:TrackPointExtension>
            <ns3:atemp>27.0</ns3:atemp>
            <ns3:hr>93</ns3:hr>
          </ns3:TrackPointExtension>
        </extensions>
      </trkpt>
      <trkpt lat="36.232326440513134002685546875" lon="117.11094805039465427398681640625">
        <ele>-500</ele>
        <time>2026-09-05T15:27:49.000Z</time>
        <extensions>
          <ns3:TrackPointExtension>
            <ns3:atemp>28.0</ns3:atemp>
            <ns3:hr>93</ns3:hr>
          </ns3:TrackPointExtension>
        </extensions>
      </trkpt>
      <trkpt lat="36.23232468031346797943115234375" lon="117.110952995717525482177734375">
        <ele>-500</ele>
        <time>2026-09-05T15:27:56.000Z</time>
        <extensions>
          <ns3:TrackPointExtension>
            <ns3:atemp>28.0</ns3:atemp>
            <ns3:hr>92</ns3:hr>
          </ns3:TrackPointExtension>
        </extensions>
      </trkpt>
      <trkpt lat="36.2323242612183094024658203125" lon="117.11095391772687435150146484375">
        <ele>-500</ele>
        <time>2026-09-05T15:27:57.000Z</time>
        <extensions>
          <ns3:TrackPointExtension>
            <ns3:atemp>28.0</ns3:atemp>
            <ns3:hr>93</ns3:hr>
          </ns3:TrackPointExtension>
        </extensions>
      </trkpt>
      <trkpt lat="36.23232367448508739471435546875" lon="117.11095475591719150543212890625">
        <ele>-500</ele>
        <time>2026-09-05T15:27:58.000Z</time>
        <extensions>
          <ns3:TrackPointExtension>
            <ns3:atemp>28.0</ns3:atemp>
            <ns3:hr>93</ns3:hr>
          </ns3:TrackPointExtension>
        </extensions>
      </trkpt>
      <trkpt lat="36.2323232553899288177490234375" lon="117.11095525883138179779052734375">
        <ele>-500</ele>
        <time>2026-09-05T15:27:59.000Z</time>
        <extensions>
          <ns3:TrackPointExtension>
            <ns3:atemp>28.0</ns3:atemp>
            <ns3:hr>95</ns3:hr>
          </ns3:TrackPointExtension>
        </extensions>
      </trkpt>
      <trkpt lat="36.23232283629477024078369140625" lon="117.110954336822032928466796875">
        <ele>-500</ele>
        <time>2026-09-05T15:28:01.000Z</time>
        <extensions>
          <ns3:TrackPointExtension>
            <ns3:atemp>28.0</ns3:atemp>
            <ns3:hr>95</ns3:hr>
          </ns3:TrackPointExtension>
        </extensions>
      </trkpt>
      <trkpt lat="36.23232317157089710235595703125" lon="117.11093966849148273468017578125">
        <ele>-500</ele>
        <time>2026-09-05T15:28:02.000Z</time>
        <extensions>
          <ns3:TrackPointExtension>
            <ns3:atemp>28.0</ns3:atemp>
            <ns3:hr>93</ns3:hr>
          </ns3:TrackPointExtension>
        </extensions>
      </trkpt>
      <trkpt lat="36.23231998644769191741943359375" lon="117.11092676036059856414794921875">
        <ele>-500</ele>
        <time>2026-09-05T15:28:03.000Z</time>
        <extensions>
          <ns3:TrackPointExtension>
            <ns3:atemp>27.0</ns3:atemp>
            <ns3:hr>92</ns3:hr>
          </ns3:TrackPointExtension>
        </extensions>
      </trkpt>
      <trkpt lat="36.232315041124820709228515625" lon="117.1109119243919849395751953125">
        <ele>-500</ele>
        <time>2026-09-05T15:28:04.000Z</time>
        <extensions>
          <ns3:TrackPointExtension>
            <ns3:atemp>27.0</ns3:atemp>
            <ns3:hr>90</ns3:hr>
          </ns3:TrackPointExtension>
        </extensions>
      </trkpt>
      <trkpt lat="36.232309676706790924072265625" lon="117.110896669328212738037109375">
        <ele>-500</ele>
        <time>2026-09-05T15:28:05.000Z</time>
        <extensions>
          <ns3:TrackPointExtension>
            <ns3:atemp>27.0</ns3:atemp>
            <ns3:hr>91</ns3:hr>
          </ns3:TrackPointExtension>
        </extensions>
      </trkpt>
      <trkpt lat="36.232309676706790924072265625" lon="117.1108814142644405364990234375">
        <ele>-500</ele>
        <time>2026-09-05T15:28:06.000Z</time>
        <extensions>
          <ns3:TrackPointExtension>
            <ns3:atemp>27.0</ns3:atemp>
            <ns3:hr>91</ns3:hr>
          </ns3:TrackPointExtension>
        </extensions>
      </trkpt>
      <trkpt lat="36.232312358915805816650390625" lon="117.1108706854283809661865234375">
        <ele>-500</ele>
        <time>2026-09-05T15:28:07.000Z</time>
        <extensions>
          <ns3:TrackPointExtension>
            <ns3:atemp>27.0</ns3:atemp>
            <ns3:hr>93</ns3:hr>
          </ns3:TrackPointExtension>
        </extensions>
      </trkpt>
      <trkpt lat="36.23231797479093074798583984375" lon="117.1108646504580974578857421875">
        <ele>-500</ele>
        <time>2026-09-05T15:28:08.000Z</time>
        <extensions>
          <ns3:TrackPointExtension>
            <ns3:atemp>27.0</ns3:atemp>
            <ns3:hr>93</ns3:hr>
          </ns3:TrackPointExtension>
        </extensions>
      </trkpt>
      <trkpt lat="36.23232736252248287200927734375" lon="117.11085584945976734161376953125">
        <ele>-500</ele>
        <time>2026-09-05T15:28:09.000Z</time>
        <extensions>
          <ns3:TrackPointExtension>
            <ns3:atemp>27.0</ns3:atemp>
            <ns3:hr>93</ns3:hr>
          </ns3:TrackPointExtension>
        </extensions>
      </trkpt>
      <trkpt lat="36.2323313020169734954833984375" lon="117.11084377951920032501220703125">
        <ele>-500</ele>
        <time>2026-09-05T15:28:10.000Z</time>
        <extensions>
          <ns3:TrackPointExtension>
            <ns3:atemp>27.0</ns3:atemp>
            <ns3:hr>92</ns3:hr>
          </ns3:TrackPointExtension>
        </extensions>
      </trkpt>
      <trkpt lat="36.23234362341463565826416015625" lon="117.11083355359733104705810546875">
        <ele>-500</ele>
        <time>2026-09-05T15:28:11.000Z</time>
        <extensions>
          <ns3:TrackPointExtension>
            <ns3:atemp>27.0</ns3:atemp>
            <ns3:hr>91</ns3:hr>
          </ns3:TrackPointExtension>
        </extensions>
      </trkpt>
      <trkpt lat="36.23234831728041172027587890625" lon="117.11083061993122100830078125">
        <ele>-500</ele>
        <time>2026-09-05T15:28:13.000Z</time>
        <extensions>
          <ns3:TrackPointExtension>
            <ns3:atemp>27.0</ns3:atemp>
            <ns3:hr>93</ns3:hr>
          </ns3:TrackPointExtension>
        </extensions>
      </trkpt>
      <trkpt lat="36.2323509156703948974609375" lon="117.1108297817409038543701171875">
        <ele>-500</ele>
        <time>2026-09-05T15:28:14.000Z</time>
        <extensions>
          <ns3:TrackPointExtension>
            <ns3:atemp>27.0</ns3:atemp>
            <ns3:hr>92</ns3:hr>
          </ns3:TrackPointExtension>
        </extensions>
      </trkpt>
      <trkpt lat="36.23235217295587062835693359375" lon="117.11082885973155498504638671875">
        <ele>-500</ele>
        <time>2026-09-05T15:28:15.000Z</time>
        <extensions>
          <ns3:TrackPointExtension>
            <ns3:atemp>27.0</ns3:atemp>
            <ns3:hr>93</ns3:hr>
          </ns3:TrackPointExtension>
        </extensions>
      </trkpt>
      <trkpt lat="36.23235292732715606689453125" lon="117.110827602446079254150390625">
        <ele>-500</ele>
        <time>2026-09-05T15:28:16.000Z</time>
        <extensions>
          <ns3:TrackPointExtension>
            <ns3:atemp>27.0</ns3:atemp>
            <ns3:hr>94</ns3:hr>
          </ns3:TrackPointExtension>
        </extensions>
      </trkpt>
      <trkpt lat="36.2323562800884246826171875" lon="117.11082282476127147674560546875">
        <ele>-500</ele>
        <time>2026-09-05T15:28:17.000Z</time>
        <extensions>
          <ns3:TrackPointExtension>
            <ns3:atemp>27.0</ns3:atemp>
            <ns3:hr>94</ns3:hr>
          </ns3:TrackPointExtension>
        </extensions>
      </trkpt>
      <trkpt lat="36.2323614768683910369873046875" lon="117.11081209592521190643310546875">
        <ele>-500</ele>
        <time>2026-09-05T15:28:18.000Z</time>
        <extensions>
          <ns3:TrackPointExtension>
            <ns3:atemp>27.0</ns3:atemp>
            <ns3:hr>94</ns3:hr>
          </ns3:TrackPointExtension>
        </extensions>
      </trkpt>
      <trkpt lat="36.2323608063161373138427734375" lon="117.11081410758197307586669921875">
        <ele>-500</ele>
        <time>2026-09-05T15:28:19.000Z</time>
        <extensions>
          <ns3:TrackPointExtension>
            <ns3:atemp>27.0</ns3:atemp>
            <ns3:hr>93</ns3:hr>
          </ns3:TrackPointExtension>
        </extensions>
      </trkpt>
      <trkpt lat="36.23236390762031078338623046875" lon="117.11080991663038730621337890625">
        <ele>-500</ele>
        <time>2026-09-05T15:28:20.000Z</time>
        <extensions>
          <ns3:TrackPointExtension>
            <ns3:atemp>27.0</ns3:atemp>
            <ns3:hr>93</ns3:hr>
          </ns3:TrackPointExtension>
        </extensions>
      </trkpt>
      <trkpt lat="36.23236407525837421417236328125" lon="117.11080354638397693634033203125">
        <ele>-500</ele>
        <time>2026-09-05T15:28:21.000Z</time>
        <extensions>
          <ns3:TrackPointExtension>
            <ns3:atemp>27.0</ns3:atemp>
            <ns3:hr>92</ns3:hr>
          </ns3:TrackPointExtension>
        </extensions>
      </trkpt>
      <trkpt lat="36.23237304389476776123046875" lon="117.11080103181302547454833984375">
        <ele>-500</ele>
        <time>2026-09-05T15:28:22.000Z</time>
        <extensions>
          <ns3:TrackPointExtension>
            <ns3:atemp>27.0</ns3:atemp>
            <ns3:hr>94</ns3:hr>
          </ns3:TrackPointExtension>
        </extensions>
      </trkpt>
      <trkpt lat="36.23237966559827327728271484375" lon="117.11079575121402740478515625">
        <ele>-500</ele>
        <time>2026-09-05T15:28:23.000Z</time>
        <extensions>
          <ns3:TrackPointExtension>
            <ns3:atemp>27.0</ns3:atemp>
            <ns3:hr>95</ns3:hr>
          </ns3:TrackPointExtension>
        </extensions>
      </trkpt>
      <trkpt lat="36.23238335363566875457763671875" lon="117.1107908897101879119873046875">
        <ele>-500</ele>
        <time>2026-09-05T15:28:24.000Z</time>
        <extensions>
          <ns3:TrackPointExtension>
            <ns3:atemp>27.0</ns3:atemp>
            <ns3:hr>94</ns3:hr>
          </ns3:TrackPointExtension>
        </extensions>
      </trkpt>
      <trkpt lat="36.23239022679626941680908203125" lon="117.11077856831252574920654296875">
        <ele>-500</ele>
        <time>2026-09-05T15:28:25.000Z</time>
        <extensions>
          <ns3:TrackPointExtension>
            <ns3:atemp>27.0</ns3:atemp>
            <ns3:hr>95</ns3:hr>
          </ns3:TrackPointExtension>
        </extensions>
      </trkpt>
      <trkpt lat="36.232396177947521209716796875" lon="117.11076851002871990203857421875">
        <ele>-500</ele>
        <time>2026-09-05T15:28:26.000Z</time>
        <extensions>
          <ns3:TrackPointExtension>
            <ns3:atemp>27.0</ns3:atemp>
            <ns3:hr>96</ns3:hr>
          </ns3:TrackPointExtension>
        </extensions>
      </trkpt>
      <trkpt lat="36.232401542365550994873046875" lon="117.11076431907713413238525390625">
        <ele>-500</ele>
        <time>2026-09-05T15:28:27.000Z</time>
        <extensions>
          <ns3:TrackPointExtension>
            <ns3:atemp>27.0</ns3:atemp>
            <ns3:hr>97</ns3:hr>
          </ns3:TrackPointExtension>
        </extensions>
      </trkpt>
      <trkpt lat="36.23240782879292964935302734375" lon="117.110760211944580078125">
        <ele>-500</ele>
        <time>2026-09-05T15:28:28.000Z</time>
        <extensions>
          <ns3:TrackPointExtension>
            <ns3:atemp>27.0</ns3:atemp>
            <ns3:hr>101</ns3:hr>
          </ns3:TrackPointExtension>
        </extensions>
      </trkpt>
      <trkpt lat="36.23241453431546688079833984375" lon="117.1107566915452480316162109375">
        <ele>-500</ele>
        <time>2026-09-05T15:28:29.000Z</time>
        <extensions>
          <ns3:TrackPointExtension>
            <ns3:atemp>27.0</ns3:atemp>
            <ns3:hr>101</ns3:hr>
          </ns3:TrackPointExtension>
        </extensions>
      </trkpt>
      <trkpt lat="36.23242392204701900482177734375" lon="117.1107496507465839385986328125">
        <ele>-500</ele>
        <time>2026-09-05T15:28:30.000Z</time>
        <extensions>
          <ns3:TrackPointExtension>
            <ns3:atemp>27.0</ns3:atemp>
            <ns3:hr>102</ns3:hr>
          </ns3:TrackPointExtension>
        </extensions>
      </trkpt>
      <trkpt lat="36.2324313819408416748046875" lon="117.1107409335672855377197265625">
        <ele>-500</ele>
        <time>2026-09-05T15:28:31.000Z</time>
        <extensions>
          <ns3:TrackPointExtension>
            <ns3:atemp>27.0</ns3:atemp>
            <ns3:hr>102</ns3:hr>
          </ns3:TrackPointExtension>
        </extensions>
      </trkpt>
      <trkpt lat="36.232440769672393798828125" lon="117.11073012091219425201416015625">
        <ele>-500</ele>
        <time>2026-09-05T15:28:33.000Z</time>
        <extensions>
          <ns3:TrackPointExtension>
            <ns3:atemp>27.0</ns3:atemp>
            <ns3:hr>104</ns3:hr>
          </ns3:TrackPointExtension>
        </extensions>
      </trkpt>
      <trkpt lat="36.2324530072510242462158203125" lon="117.11072341538965702056884765625">
        <ele>-500</ele>
        <time>2026-09-05T15:28:34.000Z</time>
        <extensions>
          <ns3:TrackPointExtension>
            <ns3:atemp>27.0</ns3:atemp>
            <ns3:hr>105</ns3:hr>
          </ns3:TrackPointExtension>
        </extensions>
      </trkpt>
      <trkpt lat="36.23246281407773494720458984375" lon="117.110717631876468658447265625">
        <ele>-500</ele>
        <time>2026-09-05T15:28:35.000Z</time>
        <extensions>
          <ns3:TrackPointExtension>
            <ns3:atemp>27.0</ns3:atemp>
            <ns3:hr>107</ns3:hr>
          </ns3:TrackPointExtension>
        </extensions>
      </trkpt>
      <trkpt lat="36.23247035779058933258056640625" lon="117.11071587167680263519287109375">
        <ele>-500</ele>
        <time>2026-09-05T15:28:36.000Z</time>
        <extensions>
          <ns3:TrackPointExtension>
            <ns3:atemp>27.0</ns3:atemp>
            <ns3:hr>109</ns3:hr>
          </ns3:TrackPointExtension>
        </extensions>
      </trkpt>
      <trkpt lat="36.2324717827141284942626953125" lon="117.110710926353931427001953125">
        <ele>-500</ele>
        <time>2026-09-05T15:28:37.000Z</time>
        <extensions>
          <ns3:TrackPointExtension>
            <ns3:atemp>27.0</ns3:atemp>
            <ns3:hr>107</ns3:hr>
          </ns3:TrackPointExtension>
        </extensions>
      </trkpt>
      <trkpt lat="36.23246683739125728607177734375" lon="117.11070966906845569610595703125">
        <ele>-500</ele>
        <time>2026-09-05T15:28:38.000Z</time>
        <extensions>
          <ns3:TrackPointExtension>
            <ns3:atemp>27.0</ns3:atemp>
            <ns3:hr>108</ns3:hr>
          </ns3:TrackPointExtension>
        </extensions>
      </trkpt>
      <trkpt lat="36.23246231116354465484619140625" lon="117.1107050590217113494873046875">
        <ele>-500</ele>
        <time>2026-09-05T15:28:39.000Z</time>
        <extensions>
          <ns3:TrackPointExtension>
            <ns3:atemp>27.0</ns3:atemp>
            <ns3:hr>108</ns3:hr>
          </ns3:TrackPointExtension>
        </extensions>
      </trkpt>
      <trkpt lat="36.23245594091713428497314453125" lon="117.110700197517871856689453125">
        <ele>-500</ele>
        <time>2026-09-05T15:28:40.000Z</time>
        <extensions>
          <ns3:TrackPointExtension>
            <ns3:atemp>27.0</ns3:atemp>
            <ns3:hr>108</ns3:hr>
          </ns3:TrackPointExtension>
        </extensions>
      </trkpt>
      <trkpt lat="36.23245577327907085418701171875" lon="117.110694833099842071533203125">
        <ele>-500</ele>
        <time>2026-09-05T15:28:41.000Z</time>
        <extensions>
          <ns3:TrackPointExtension>
            <ns3:atemp>27.0</ns3:atemp>
            <ns3:hr>108</ns3:hr>
          </ns3:TrackPointExtension>
        </extensions>
      </trkpt>
      <trkpt lat="36.23246482573449611663818359375" lon="117.11068586446344852447509765625">
        <ele>-500</ele>
        <time>2026-09-05T15:28:42.000Z</time>
        <extensions>
          <ns3:TrackPointExtension>
            <ns3:atemp>27.0</ns3:atemp>
            <ns3:hr>108</ns3:hr>
          </ns3:TrackPointExtension>
        </extensions>
      </trkpt>
      <trkpt lat="36.2324707768857479095458984375" lon="117.110682427883148193359375">
        <ele>-500</ele>
        <time>2026-09-05T15:28:43.000Z</time>
        <extensions>
          <ns3:TrackPointExtension>
            <ns3:atemp>27.0</ns3:atemp>
            <ns3:hr>108</ns3:hr>
          </ns3:TrackPointExtension>
        </extensions>
      </trkpt>
      <trkpt lat="36.23247756622731685638427734375" lon="117.11067915894091129302978515625">
        <ele>-500</ele>
        <time>2026-09-05T15:28:44.000Z</time>
        <extensions>
          <ns3:TrackPointExtension>
            <ns3:atemp>27.0</ns3:atemp>
            <ns3:hr>108</ns3:hr>
          </ns3:TrackPointExtension>
        </extensions>
      </trkpt>
      <trkpt lat="36.232488043606281280517578125" lon="117.1106748841702938079833984375">
        <ele>-500</ele>
        <time>2026-09-05T15:28:46.000Z</time>
        <extensions>
          <ns3:TrackPointExtension>
            <ns3:atemp>27.0</ns3:atemp>
            <ns3:hr>108</ns3:hr>
          </ns3:TrackPointExtension>
        </extensions>
      </trkpt>
      <trkpt lat="36.23250287957489490509033203125" lon="117.11067178286612033843994140625">
        <ele>-500</ele>
        <time>2026-09-05T15:28:48.000Z</time>
        <extensions>
          <ns3:TrackPointExtension>
            <ns3:atemp>27.0</ns3:atemp>
            <ns3:hr>107</ns3:hr>
          </ns3:TrackPointExtension>
        </extensions>
      </trkpt>
      <trkpt lat="36.23250924982130527496337890625" lon="117.11067144758999347686767578125">
        <ele>-500</ele>
        <time>2026-09-05T15:28:49.000Z</time>
        <extensions>
          <ns3:TrackPointExtension>
            <ns3:atemp>27.0</ns3:atemp>
            <ns3:hr>107</ns3:hr>
          </ns3:TrackPointExtension>
        </extensions>
      </trkpt>
      <trkpt lat="36.2325198948383331298828125" lon="117.11066700518131256103515625">
        <ele>-500</ele>
        <time>2026-09-05T15:28:50.000Z</time>
        <extensions>
          <ns3:TrackPointExtension>
            <ns3:atemp>27.0</ns3:atemp>
            <ns3:hr>108</ns3:hr>
          </ns3:TrackPointExtension>
        </extensions>
      </trkpt>
      <trkpt lat="36.23252148739993572235107421875" lon="117.11065937764942646026611328125">
        <ele>-500</ele>
        <time>2026-09-05T15:28:51.000Z</time>
        <extensions>
          <ns3:TrackPointExtension>
            <ns3:atemp>27.0</ns3:atemp>
            <ns3:hr>107</ns3:hr>
          </ns3:TrackPointExtension>
        </extensions>
      </trkpt>
      <trkpt lat="36.23252400197088718414306640625" lon="117.11065451614558696746826171875">
        <ele>-500</ele>
        <time>2026-09-05T15:28:52.000Z</time>
        <extensions>
          <ns3:TrackPointExtension>
            <ns3:atemp>27.0</ns3:atemp>
            <ns3:hr>107</ns3:hr>
          </ns3:TrackPointExtension>
        </extensions>
      </trkpt>
      <trkpt lat="36.23256121762096881866455078125" lon="117.1106282807886600494384765625">
        <ele>-500</ele>
        <time>2026-09-05T15:28:57.000Z</time>
        <extensions>
          <ns3:TrackPointExtension>
            <ns3:atemp>27.0</ns3:atemp>
            <ns3:hr>107</ns3:hr>
          </ns3:TrackPointExtension>
        </extensions>
      </trkpt>
      <trkpt lat="36.23256943188607692718505859375" lon="117.11061629466712474822998046875">
        <ele>-500</ele>
        <time>2026-09-05T15:28:58.000Z</time>
        <extensions>
          <ns3:TrackPointExtension>
            <ns3:atemp>27.0</ns3:atemp>
            <ns3:hr>107</ns3:hr>
          </ns3:TrackPointExtension>
        </extensions>
      </trkpt>
      <trkpt lat="36.2326149456202983856201171875" lon="117.11059148423373699188232421875">
        <ele>-500</ele>
        <time>2026-09-05T15:29:03.000Z</time>
        <extensions>
          <ns3:TrackPointExtension>
            <ns3:atemp>27.0</ns3:atemp>
            <ns3:hr>106</ns3:hr>
          </ns3:TrackPointExtension>
        </extensions>
      </trkpt>
      <trkpt lat="36.2326233275234699249267578125" lon="117.11058796383440494537353515625">
        <ele>-500</ele>
        <time>2026-09-05T15:29:04.000Z</time>
        <extensions>
          <ns3:TrackPointExtension>
            <ns3:atemp>27.0</ns3:atemp>
            <ns3:hr>106</ns3:hr>
          </ns3:TrackPointExtension>
        </extensions>
      </trkpt>
      <trkpt lat="36.23262458480894565582275390625" lon="117.11057983338832855224609375">
        <ele>-500</ele>
        <time>2026-09-05T15:29:05.000Z</time>
        <extensions>
          <ns3:TrackPointExtension>
            <ns3:atemp>27.0</ns3:atemp>
            <ns3:hr>106</ns3:hr>
          </ns3:TrackPointExtension>
        </extensions>
      </trkpt>
      <trkpt lat="36.2326441146433353424072265625" lon="117.11056374013423919677734375">
        <ele>-500</ele>
        <time>2026-09-05T15:29:08.000Z</time>
        <extensions>
          <ns3:TrackPointExtension>
            <ns3:atemp>27.0</ns3:atemp>
            <ns3:hr>106</ns3:hr>
          </ns3:TrackPointExtension>
        </extensions>
      </trkpt>
      <trkpt lat="36.2326612137258052825927734375" lon="117.11054990999400615692138671875">
        <ele>-500</ele>
        <time>2026-09-05T15:29:10.000Z</time>
        <extensions>
          <ns3:TrackPointExtension>
            <ns3:atemp>27.0</ns3:atemp>
            <ns3:hr>107</ns3:hr>
          </ns3:TrackPointExtension>
        </extensions>
      </trkpt>
      <trkpt lat="36.23268543742597103118896484375" lon="117.11052308790385723114013671875">
        <ele>-500</ele>
        <time>2026-09-05T15:29:15.000Z</time>
        <extensions>
          <ns3:TrackPointExtension>
            <ns3:atemp>27.0</ns3:atemp>
            <ns3:hr>105</ns3:hr>
          </ns3:TrackPointExtension>
        </extensions>
      </trkpt>
      <trkpt lat="36.2326942384243011474609375" lon="117.11051487363874912261962890625">
        <ele>-500</ele>
        <time>2026-09-05T15:29:17.000Z</time>
        <extensions>
          <ns3:TrackPointExtension>
            <ns3:atemp>27.0</ns3:atemp>
            <ns3:hr>105</ns3:hr>
          </ns3:TrackPointExtension>
        </extensions>
      </trkpt>
      <trkpt lat="36.23269231058657169342041015625" lon="117.110506407916545867919921875">
        <ele>-500</ele>
        <time>2026-09-05T15:29:18.000Z</time>
        <extensions>
          <ns3:TrackPointExtension>
            <ns3:atemp>27.0</ns3:atemp>
            <ns3:hr>106</ns3:hr>
          </ns3:TrackPointExtension>
        </extensions>
      </trkpt>
      <trkpt lat="36.2326967529952526092529296875" lon="117.1105028875172138214111328125">
        <ele>-500</ele>
        <time>2026-09-05T15:29:20.000Z</time>
        <extensions>
          <ns3:TrackPointExtension>
            <ns3:atemp>27.0</ns3:atemp>
            <ns3:hr>105</ns3:hr>
          </ns3:TrackPointExtension>
        </extensions>
      </trkpt>
      <trkpt lat="36.2326907180249691009521484375" lon="117.1104686893522739410400390625">
        <ele>-500</ele>
        <time>2026-09-05T15:29:23.000Z</time>
        <extensions>
          <ns3:TrackPointExtension>
            <ns3:atemp>27.0</ns3:atemp>
            <ns3:hr>106</ns3:hr>
          </ns3:TrackPointExtension>
        </extensions>
      </trkpt>
      <trkpt lat="36.23269633390009403228759765625" lon="117.11047589778900146484375">
        <ele>-500</ele>
        <time>2026-09-05T15:29:25.000Z</time>
        <extensions>
          <ns3:TrackPointExtension>
            <ns3:atemp>27.0</ns3:atemp>
            <ns3:hr>106</ns3:hr>
          </ns3:TrackPointExtension>
        </extensions>
      </trkpt>
      <trkpt lat="36.2327161990106105804443359375" lon="117.11047749035060405731201171875">
        <ele>-500</ele>
        <time>2026-09-05T15:29:27.000Z</time>
        <extensions>
          <ns3:TrackPointExtension>
            <ns3:atemp>27.0</ns3:atemp>
            <ns3:hr>106</ns3:hr>
          </ns3:TrackPointExtension>
        </extensions>
      </trkpt>
      <trkpt lat="36.23272282071411609649658203125" lon="117.110473550856113433837890625">
        <ele>-500</ele>
        <time>2026-09-05T15:29:28.000Z</time>
        <extensions>
          <ns3:TrackPointExtension>
            <ns3:atemp>27.0</ns3:atemp>
            <ns3:hr>106</ns3:hr>
          </ns3:TrackPointExtension>
        </extensions>
      </trkpt>
      <trkpt lat="36.232726089656352996826171875" lon="117.11046676151454448699951171875">
        <ele>-500</ele>
        <time>2026-09-05T15:29:29.000Z</time>
        <extensions>
          <ns3:TrackPointExtension>
            <ns3:atemp>27.0</ns3:atemp>
            <ns3:hr>108</ns3:hr>
          </ns3:TrackPointExtension>
        </extensions>
      </trkpt>
      <trkpt lat="36.23277093283832073211669921875" lon="117.11042351089417934417724609375">
        <ele>-500</ele>
        <time>2026-09-05T15:29:37.000Z</time>
        <extensions>
          <ns3:TrackPointExtension>
            <ns3:atemp>27.0</ns3:atemp>
            <ns3:hr>107</ns3:hr>
          </ns3:TrackPointExtension>
        </extensions>
      </trkpt>
      <trkpt lat="36.23277462087571620941162109375" lon="117.11041345261037349700927734375">
        <ele>-500</ele>
        <time>2026-09-05T15:29:42.000Z</time>
        <extensions>
          <ns3:TrackPointExtension>
            <ns3:atemp>27.0</ns3:atemp>
            <ns3:hr>109</ns3:hr>
          </ns3:TrackPointExtension>
        </extensions>
      </trkpt>
      <trkpt lat="36.23278182931244373321533203125" lon="117.1104063279926776885986328125">
        <ele>-500</ele>
        <time>2026-09-05T15:29:45.000Z</time>
        <extensions>
          <ns3:TrackPointExtension>
            <ns3:atemp>27.0</ns3:atemp>
            <ns3:hr>110</ns3:hr>
          </ns3:TrackPointExtension>
        </extensions>
      </trkpt>
      <trkpt lat="36.23278568498790264129638671875" lon="117.11039417423307895660400390625">
        <ele>-500</ele>
        <time>2026-09-05T15:29:47.000Z</time>
        <extensions>
          <ns3:TrackPointExtension>
            <ns3:atemp>27.0</ns3:atemp>
            <ns3:hr>110</ns3:hr>
          </ns3:TrackPointExtension>
        </extensions>
      </trkpt>
      <trkpt lat="36.23278610408306121826171875" lon="117.11038797162473201751708984375">
        <ele>-500</ele>
        <time>2026-09-05T15:29:48.000Z</time>
        <extensions>
          <ns3:TrackPointExtension>
            <ns3:atemp>27.0</ns3:atemp>
            <ns3:hr>110</ns3:hr>
          </ns3:TrackPointExtension>
        </extensions>
      </trkpt>
      <trkpt lat="36.232784427702426910400390625" lon="117.11038361303508281707763671875">
        <ele>-500</ele>
        <time>2026-09-05T15:29:49.000Z</time>
        <extensions>
          <ns3:TrackPointExtension>
            <ns3:atemp>27.0</ns3:atemp>
            <ns3:hr>112</ns3:hr>
          </ns3:TrackPointExtension>
        </extensions>
      </trkpt>
      <trkpt lat="36.2327923066914081573486328125" lon="117.11037305183708667755126953125">
        <ele>-500</ele>
        <time>2026-09-05T15:29:51.000Z</time>
        <extensions>
          <ns3:TrackPointExtension>
            <ns3:atemp>27.0</ns3:atemp>
            <ns3:hr>110</ns3:hr>
          </ns3:TrackPointExtension>
        </extensions>
      </trkpt>
      <trkpt lat="36.23280798085033893585205078125" lon="117.1103634126484394073486328125">
        <ele>-500</ele>
        <time>2026-09-05T15:29:53.000Z</time>
        <extensions>
          <ns3:TrackPointExtension>
            <ns3:atemp>27.0</ns3:atemp>
            <ns3:hr>111</ns3:hr>
          </ns3:TrackPointExtension>
        </extensions>
      </trkpt>
      <trkpt lat="36.23281569220125675201416015625" lon="117.11035964079201221466064453125">
        <ele>-500</ele>
        <time>2026-09-05T15:29:54.000Z</time>
        <extensions>
          <ns3:TrackPointExtension>
            <ns3:atemp>27.0</ns3:atemp>
            <ns3:hr>111</ns3:hr>
          </ns3:TrackPointExtension>
        </extensions>
      </trkpt>
      <trkpt lat="36.2328261695802211761474609375" lon="117.11036064662039279937744140625">
        <ele>-500</ele>
        <time>2026-09-05T15:29:55.000Z</time>
        <extensions>
          <ns3:TrackPointExtension>
            <ns3:atemp>27.0</ns3:atemp>
            <ns3:hr>111</ns3:hr>
          </ns3:TrackPointExtension>
        </extensions>
      </trkpt>
      <trkpt lat="36.23284653760492801666259765625" lon="117.110346816480159759521484375">
        <ele>-500</ele>
        <time>2026-09-05T15:29:58.000Z</time>
        <extensions>
          <ns3:TrackPointExtension>
            <ns3:atemp>27.0</ns3:atemp>
            <ns3:hr>110</ns3:hr>
          </ns3:TrackPointExtension>
        </extensions>
      </trkpt>
      <trkpt lat="36.23285944573581218719482421875" lon="117.1103335730731487274169921875">
        <ele>-500</ele>
        <time>2026-09-05T15:30:00.000Z</time>
        <extensions>
          <ns3:TrackPointExtension>
            <ns3:atemp>27.0</ns3:atemp>
            <ns3:hr>110</ns3:hr>
          </ns3:TrackPointExtension>
        </extensions>
      </trkpt>
      <trkpt lat="36.232869587838649749755859375" lon="117.110330723226070404052734375">
        <ele>-500</ele>
        <time>2026-09-05T15:30:01.000Z</time>
        <extensions>
          <ns3:TrackPointExtension>
            <ns3:atemp>27.0</ns3:atemp>
            <ns3:hr>110</ns3:hr>
          </ns3:TrackPointExtension>
        </extensions>
      </trkpt>
      <trkpt lat="36.23289045877754688262939453125" lon="117.11031504906713962554931640625">
        <ele>-500</ele>
        <time>2026-09-05T15:30:03.000Z</time>
        <extensions>
          <ns3:TrackPointExtension>
            <ns3:atemp>27.0</ns3:atemp>
            <ns3:hr>111</ns3:hr>
          </ns3:TrackPointExtension>
        </extensions>
      </trkpt>
      <trkpt lat="36.23289607465267181396484375" lon="117.110309936106204986572265625">
        <ele>-500</ele>
        <time>2026-09-05T15:30:04.000Z</time>
        <extensions>
          <ns3:TrackPointExtension>
            <ns3:atemp>27.0</ns3:atemp>
            <ns3:hr>112</ns3:hr>
          </ns3:TrackPointExtension>
        </extensions>
      </trkpt>
      <trkpt lat="36.2329002656042575836181640625" lon="117.11030649952590465545654296875">
        <ele>-500</ele>
        <time>2026-09-05T15:30:05.000Z</time>
        <extensions>
          <ns3:TrackPointExtension>
            <ns3:atemp>27.0</ns3:atemp>
            <ns3:hr>112</ns3:hr>
          </ns3:TrackPointExtension>
        </extensions>
      </trkpt>
      <trkpt lat="36.23290948569774627685546875" lon="117.11029292084276676177978515625">
        <ele>-500</ele>
        <time>2026-09-05T15:30:10.000Z</time>
        <extensions>
          <ns3:TrackPointExtension>
            <ns3:atemp>27.0</ns3:atemp>
            <ns3:hr>111</ns3:hr>
          </ns3:TrackPointExtension>
        </extensions>
      </trkpt>
      <trkpt lat="36.2329183705151081085205078125" lon="117.11028001271188259124755859375">
        <ele>-500</ele>
        <time>2026-09-05T15:30:13.000Z</time>
        <extensions>
          <ns3:TrackPointExtension>
            <ns3:atemp>27.0</ns3:atemp>
            <ns3:hr>111</ns3:hr>
          </ns3:TrackPointExtension>
        </extensions>
      </trkpt>
      <trkpt lat="36.23292432166635990142822265625" lon="117.110270373523235321044921875">
        <ele>-500</ele>
        <time>2026-09-05T15:30:15.000Z</time>
        <extensions>
          <ns3:TrackPointExtension>
            <ns3:atemp>27.0</ns3:atemp>
            <ns3:hr>111</ns3:hr>
          </ns3:TrackPointExtension>
        </extensions>
      </trkpt>
      <trkpt lat="36.23293890617787837982177734375" lon="117.11026333272457122802734375">
        <ele>-500</ele>
        <time>2026-09-05T15:30:17.000Z</time>
        <extensions>
          <ns3:TrackPointExtension>
            <ns3:atemp>27.0</ns3:atemp>
            <ns3:hr>112</ns3:hr>
          </ns3:TrackPointExtension>
        </extensions>
      </trkpt>
      <trkpt lat="36.2329463660717010498046875" lon="117.110242545604705810546875">
        <ele>-500</ele>
        <time>2026-09-05T15:30:19.000Z</time>
        <extensions>
          <ns3:TrackPointExtension>
            <ns3:atemp>27.0</ns3:atemp>
            <ns3:hr>112</ns3:hr>
          </ns3:TrackPointExtension>
        </extensions>
      </trkpt>
      <trkpt lat="36.23297989368438720703125" lon="117.11020122282207012176513671875">
        <ele>-500</ele>
        <time>2026-09-05T15:30:26.000Z</time>
        <extensions>
          <ns3:TrackPointExtension>
            <ns3:atemp>27.0</ns3:atemp>
            <ns3:hr>112</ns3:hr>
          </ns3:TrackPointExtension>
        </extensions>
      </trkpt>
      <trkpt lat="36.23298936523497104644775390625" lon="117.11019837297499179840087890625">
        <ele>-500</ele>
        <time>2026-09-05T15:30:27.000Z</time>
        <extensions>
          <ns3:TrackPointExtension>
            <ns3:atemp>27.0</ns3:atemp>
            <ns3:hr>112</ns3:hr>
          </ns3:TrackPointExtension>
        </extensions>
      </trkpt>
      <trkpt lat="36.23300361447036266326904296875" lon="117.11018378846347332000732421875">
        <ele>-500</ele>
        <time>2026-09-05T15:30:29.000Z</time>
        <extensions>
          <ns3:TrackPointExtension>
            <ns3:atemp>27.0</ns3:atemp>
            <ns3:hr>112</ns3:hr>
          </ns3:TrackPointExtension>
        </extensions>
      </trkpt>
      <trkpt lat="36.23301786370575428009033203125" lon="117.11015202105045318603515625">
        <ele>-500</ele>
        <time>2026-09-05T15:30:34.000Z</time>
        <extensions>
          <ns3:TrackPointExtension>
            <ns3:atemp>27.0</ns3:atemp>
            <ns3:hr>113</ns3:hr>
          </ns3:TrackPointExtension>
        </extensions>
      </trkpt>
      <trkpt lat="36.23304334469139575958251953125" lon="117.1101216785609722137451171875">
        <ele>-500</ele>
        <time>2026-09-05T15:30:39.000Z</time>
        <extensions>
          <ns3:TrackPointExtension>
            <ns3:atemp>27.0</ns3:atemp>
            <ns3:hr>110</ns3:hr>
          </ns3:TrackPointExtension>
        </extensions>
      </trkpt>
      <trkpt lat="36.23306505382061004638671875" lon="117.1101176552474498748779296875">
        <ele>-500</ele>
        <time>2026-09-05T15:30:42.000Z</time>
        <extensions>
          <ns3:TrackPointExtension>
            <ns3:atemp>27.0</ns3:atemp>
            <ns3:hr>110</ns3:hr>
          </ns3:TrackPointExtension>
        </extensions>
      </trkpt>
      <trkpt lat="36.233108304440975189208984375" lon="117.11009812541306018829345703125">
        <ele>-500</ele>
        <time>2026-09-05T15:30:48.000Z</time>
        <extensions>
          <ns3:TrackPointExtension>
            <ns3:atemp>27.0</ns3:atemp>
            <ns3:hr>109</ns3:hr>
          </ns3:TrackPointExtension>
        </extensions>
      </trkpt>
      <trkpt lat="36.23313554562628269195556640625" lon="117.1101015619933605194091796875">
        <ele>-500</ele>
        <time>2026-09-05T15:30:52.000Z</time>
        <extensions>
          <ns3:TrackPointExtension>
            <ns3:atemp>27.0</ns3:atemp>
            <ns3:hr>108</ns3:hr>
          </ns3:TrackPointExtension>
        </extensions>
      </trkpt>
      <trkpt lat="36.2331433407962322235107421875" lon="117.11010298691689968109130859375">
        <ele>-500</ele>
        <time>2026-09-05T15:30:53.000Z</time>
        <extensions>
          <ns3:TrackPointExtension>
            <ns3:atemp>27.0</ns3:atemp>
            <ns3:hr>108</ns3:hr>
          </ns3:TrackPointExtension>
        </extensions>
      </trkpt>
      <trkpt lat="36.23315314762294292449951171875" lon="117.11010449565947055816650390625">
        <ele>-500</ele>
        <time>2026-09-05T15:30:54.000Z</time>
        <extensions>
          <ns3:TrackPointExtension>
            <ns3:atemp>27.0</ns3:atemp>
            <ns3:hr>108</ns3:hr>
          </ns3:TrackPointExtension>
        </extensions>
      </trkpt>
      <trkpt lat="36.233159936964511871337890625" lon="117.11010717786848545074462890625">
        <ele>-500</ele>
        <time>2026-09-05T15:30:55.000Z</time>
        <extensions>
          <ns3:TrackPointExtension>
            <ns3:atemp>27.0</ns3:atemp>
            <ns3:hr>108</ns3:hr>
          </ns3:TrackPointExtension>
        </extensions>
      </trkpt>
      <trkpt lat="36.23316203244030475616455078125" lon="117.11008136160671710968017578125">
        <ele>-500</ele>
        <time>2026-09-05T15:30:58.000Z</time>
        <extensions>
          <ns3:TrackPointExtension>
            <ns3:atemp>27.0</ns3:atemp>
            <ns3:hr>108</ns3:hr>
          </ns3:TrackPointExtension>
        </extensions>
      </trkpt>
      <trkpt lat="36.23316203244030475616455078125" lon="117.11007599718868732452392578125">
        <ele>-500</ele>
        <time>2026-09-05T15:30:59.000Z</time>
        <extensions>
          <ns3:TrackPointExtension>
            <ns3:atemp>27.0</ns3:atemp>
            <ns3:hr>108</ns3:hr>
          </ns3:TrackPointExtension>
        </extensions>
      </trkpt>
      <trkpt lat="36.2331611104309558868408203125" lon="117.110070548951625823974609375">
        <ele>-500</ele>
        <time>2026-09-05T15:31:00.000Z</time>
        <extensions>
          <ns3:TrackPointExtension>
            <ns3:atemp>27.0</ns3:atemp>
            <ns3:hr>109</ns3:hr>
          </ns3:TrackPointExtension>
        </extensions>
      </trkpt>
      <trkpt lat="36.23316538520157337188720703125" lon="117.11006275378167629241943359375">
        <ele>-500</ele>
        <time>2026-09-05T15:31:01.000Z</time>
        <extensions>
          <ns3:TrackPointExtension>
            <ns3:atemp>27.0</ns3:atemp>
            <ns3:hr>109</ns3:hr>
          </ns3:TrackPointExtension>
        </extensions>
      </trkpt>
      <trkpt lat="36.23316974379122257232666015625" lon="117.11005571298301219940185546875">
        <ele>-500</ele>
        <time>2026-09-05T15:31:02.000Z</time>
        <extensions>
          <ns3:TrackPointExtension>
            <ns3:atemp>27.0</ns3:atemp>
            <ns3:hr>108</ns3:hr>
          </ns3:TrackPointExtension>
        </extensions>
      </trkpt>
      <trkpt lat="36.2331748567521572113037109375" lon="117.1100489236414432525634765625">
        <ele>-500</ele>
        <time>2026-09-05T15:31:03.000Z</time>
        <extensions>
          <ns3:TrackPointExtension>
            <ns3:atemp>27.0</ns3:atemp>
            <ns3:hr>108</ns3:hr>
          </ns3:TrackPointExtension>
        </extensions>
      </trkpt>
      <trkpt lat="36.2331812269985675811767578125" lon="117.1100388653576374053955078125">
        <ele>-500</ele>
        <time>2026-09-05T15:31:04.000Z</time>
        <extensions>
          <ns3:TrackPointExtension>
            <ns3:atemp>27.0</ns3:atemp>
            <ns3:hr>108</ns3:hr>
          </ns3:TrackPointExtension>
        </extensions>
      </trkpt>
      <trkpt lat="36.233188100159168243408203125" lon="117.11003534495830535888671875">
        <ele>-500</ele>
        <time>2026-09-05T15:31:05.000Z</time>
        <extensions>
          <ns3:TrackPointExtension>
            <ns3:atemp>27.0</ns3:atemp>
            <ns3:hr>108</ns3:hr>
          </ns3:TrackPointExtension>
        </extensions>
      </trkpt>
      <trkpt lat="36.23318684287369251251220703125" lon="117.1100314892828464508056640625">
        <ele>-500</ele>
        <time>2026-09-05T15:31:06.000Z</time>
        <extensions>
          <ns3:TrackPointExtension>
            <ns3:atemp>27.0</ns3:atemp>
            <ns3:hr>108</ns3:hr>
          </ns3:TrackPointExtension>
        </extensions>
      </trkpt>
      <trkpt lat="36.23318600468337535858154296875" lon="117.11003123782575130462646484375">
        <ele>-500</ele>
        <time>2026-09-05T15:31:07.000Z</time>
        <extensions>
          <ns3:TrackPointExtension>
            <ns3:atemp>27.0</ns3:atemp>
            <ns3:hr>109</ns3:hr>
          </ns3:TrackPointExtension>
        </extensions>
      </trkpt>
      <trkpt lat="36.23318566940724849700927734375" lon="117.11003274656832218170166015625">
        <ele>-500</ele>
        <time>2026-09-05T15:31:08.000Z</time>
        <extensions>
          <ns3:TrackPointExtension>
            <ns3:atemp>27.0</ns3:atemp>
            <ns3:hr>109</ns3:hr>
          </ns3:TrackPointExtension>
        </extensions>
      </trkpt>
      <trkpt lat="36.2331855855882167816162109375" lon="117.11002503521740436553955078125">
        <ele>-500</ele>
        <time>2026-09-05T15:31:09.000Z</time>
        <extensions>
          <ns3:TrackPointExtension>
            <ns3:atemp>27.0</ns3:atemp>
            <ns3:hr>109</ns3:hr>
          </ns3:TrackPointExtension>
        </extensions>
      </trkpt>
      <trkpt lat="36.23318432830274105072021484375" lon="117.11001296527683734893798828125">
        <ele>-500</ele>
        <time>2026-09-05T15:31:10.000Z</time>
        <extensions>
          <ns3:TrackPointExtension>
            <ns3:atemp>27.0</ns3:atemp>
            <ns3:hr>108</ns3:hr>
          </ns3:TrackPointExtension>
        </extensions>
      </trkpt>
      <trkpt lat="36.23317091725766658782958984375" lon="117.110022604465484619140625">
        <ele>-500</ele>
        <time>2026-09-05T15:31:12.000Z</time>
        <extensions>
          <ns3:TrackPointExtension>
            <ns3:atemp>27.0</ns3:atemp>
            <ns3:hr>108</ns3:hr>
          </ns3:TrackPointExtension>
        </extensions>
      </trkpt>
      <trkpt lat="36.23317393474280834197998046875" lon="117.1100284717977046966552734375">
        <ele>-500</ele>
        <time>2026-09-05T15:31:13.000Z</time>
        <extensions>
          <ns3:TrackPointExtension>
            <ns3:atemp>27.0</ns3:atemp>
            <ns3:hr>105</ns3:hr>
          </ns3:TrackPointExtension>
        </extensions>
      </trkpt>
      <trkpt lat="36.2331792153418064117431640625" lon="117.110032998025417327880859375">
        <ele>-500</ele>
        <time>2026-09-05T15:31:14.000Z</time>
        <extensions>
          <ns3:TrackPointExtension>
            <ns3:atemp>27.0</ns3:atemp>
            <ns3:hr>105</ns3:hr>
          </ns3:TrackPointExtension>
        </extensions>
      </trkpt>
      <trkpt lat="36.23318550176918506622314453125" lon="117.11003132164478302001953125">
        <ele>-500</ele>
        <time>2026-09-05T15:31:16.000Z</time>
        <extensions>
          <ns3:TrackPointExtension>
            <ns3:atemp>27.0</ns3:atemp>
            <ns3:hr>106</ns3:hr>
          </ns3:TrackPointExtension>
        </extensions>
      </trkpt>
      <trkpt lat="36.233194805681705474853515625" lon="117.11002218537032604217529296875">
        <ele>-500</ele>
        <time>2026-09-05T15:31:18.000Z</time>
        <extensions>
          <ns3:TrackPointExtension>
            <ns3:atemp>27.0</ns3:atemp>
            <ns3:hr>104</ns3:hr>
          </ns3:TrackPointExtension>
        </extensions>
      </trkpt>
      <trkpt lat="36.23319648206233978271484375" lon="117.11002084426581859588623046875">
        <ele>-500</ele>
        <time>2026-09-05T15:31:19.000Z</time>
        <extensions>
          <ns3:TrackPointExtension>
            <ns3:atemp>27.0</ns3:atemp>
            <ns3:hr>105</ns3:hr>
          </ns3:TrackPointExtension>
        </extensions>
      </trkpt>
      <trkpt lat="36.233196817338466644287109375" lon="117.11002101190388202667236328125">
        <ele>-500</ele>
        <time>2026-09-05T15:31:20.000Z</time>
        <extensions>
          <ns3:TrackPointExtension>
            <ns3:atemp>27.0</ns3:atemp>
            <ns3:hr>105</ns3:hr>
          </ns3:TrackPointExtension>
        </extensions>
      </trkpt>
      <trkpt lat="36.2332211248576641082763671875" lon="117.11003475822508335113525390625">
        <ele>-500</ele>
        <time>2026-09-05T15:31:23.000Z</time>
        <extensions>
          <ns3:TrackPointExtension>
            <ns3:atemp>27.0</ns3:atemp>
            <ns3:hr>106</ns3:hr>
          </ns3:TrackPointExtension>
        </extensions>
      </trkpt>
      <trkpt lat="36.23322875238955020904541015625" lon="117.11003291420638561248779296875">
        <ele>-500</ele>
        <time>2026-09-05T15:31:24.000Z</time>
        <extensions>
          <ns3:TrackPointExtension>
            <ns3:atemp>27.0</ns3:atemp>
            <ns3:hr>107</ns3:hr>
          </ns3:TrackPointExtension>
        </extensions>
      </trkpt>
      <trkpt lat="36.2332452647387981414794921875" lon="117.11004699580371379852294921875">
        <ele>-500</ele>
        <time>2026-09-05T15:31:27.000Z</time>
        <extensions>
          <ns3:TrackPointExtension>
            <ns3:atemp>27.0</ns3:atemp>
            <ns3:hr>106</ns3:hr>
          </ns3:TrackPointExtension>
        </extensions>
      </trkpt>
      <trkpt lat="36.2332640402019023895263671875" lon="117.110055796802043914794921875">
        <ele>-500</ele>
        <time>2026-09-05T15:31:29.000Z</time>
        <extensions>
          <ns3:TrackPointExtension>
            <ns3:atemp>27.0</ns3:atemp>
            <ns3:hr>109</ns3:hr>
          </ns3:TrackPointExtension>
        </extensions>
      </trkpt>
      <trkpt lat="36.23326948843896389007568359375" lon="117.110054455697536468505859375">
        <ele>-500</ele>
        <time>2026-09-05T15:31:30.000Z</time>
        <extensions>
          <ns3:TrackPointExtension>
            <ns3:atemp>27.0</ns3:atemp>
            <ns3:hr>109</ns3:hr>
          </ns3:TrackPointExtension>
        </extensions>
      </trkpt>
      <trkpt lat="36.2333126552402973175048828125" lon="117.11000927723944187164306640625">
        <ele>-500</ele>
        <time>2026-09-05T15:31:36.000Z</time>
        <extensions>
          <ns3:TrackPointExtension>
            <ns3:atemp>27.0</ns3:atemp>
            <ns3:hr>106</ns3:hr>
          </ns3:TrackPointExtension>
        </extensions>
      </trkpt>
      <trkpt lat="36.2333109788596630096435546875" lon="117.1099993027746677398681640625">
        <ele>-500</ele>
        <time>2026-09-05T15:31:37.000Z</time>
        <extensions>
          <ns3:TrackPointExtension>
            <ns3:atemp>27.0</ns3:atemp>
            <ns3:hr>109</ns3:hr>
          </ns3:TrackPointExtension>
        </extensions>
      </trkpt>
      <trkpt lat="36.23331156559288501739501953125" lon="117.10999184288084506988525390625">
        <ele>-500</ele>
        <time>2026-09-05T15:31:38.000Z</time>
        <extensions>
          <ns3:TrackPointExtension>
            <ns3:atemp>27.0</ns3:atemp>
            <ns3:hr>108</ns3:hr>
          </ns3:TrackPointExtension>
        </extensions>
      </trkpt>
      <trkpt lat="36.2333160080015659332275390625" lon="117.10998396389186382293701171875">
        <ele>-500</ele>
        <time>2026-09-05T15:31:39.000Z</time>
        <extensions>
          <ns3:TrackPointExtension>
            <ns3:atemp>27.0</ns3:atemp>
            <ns3:hr>108</ns3:hr>
          </ns3:TrackPointExtension>
        </extensions>
      </trkpt>
      <trkpt lat="36.2333270721137523651123046875" lon="117.10997642017900943756103515625">
        <ele>-500</ele>
        <time>2026-09-05T15:31:40.000Z</time>
        <extensions>
          <ns3:TrackPointExtension>
            <ns3:atemp>27.0</ns3:atemp>
            <ns3:hr>108</ns3:hr>
          </ns3:TrackPointExtension>
        </extensions>
      </trkpt>
      <trkpt lat="36.2333371303975582122802734375" lon="117.1099622547626495361328125">
        <ele>-500</ele>
        <time>2026-09-05T15:31:42.000Z</time>
        <extensions>
          <ns3:TrackPointExtension>
            <ns3:atemp>27.0</ns3:atemp>
            <ns3:hr>108</ns3:hr>
          </ns3:TrackPointExtension>
        </extensions>
      </trkpt>
      <trkpt lat="36.23334308154881000518798828125" lon="117.10995043627917766571044921875">
        <ele>-500</ele>
        <time>2026-09-05T15:31:44.000Z</time>
        <extensions>
          <ns3:TrackPointExtension>
            <ns3:atemp>27.0</ns3:atemp>
            <ns3:hr>107</ns3:hr>
          </ns3:TrackPointExtension>
        </extensions>
      </trkpt>
      <trkpt lat="36.23334492556750774383544921875" lon="117.10994155146181583404541015625">
        <ele>-500</ele>
        <time>2026-09-05T15:31:45.000Z</time>
        <extensions>
          <ns3:TrackPointExtension>
            <ns3:atemp>27.0</ns3:atemp>
            <ns3:hr>108</ns3:hr>
          </ns3:TrackPointExtension>
        </extensions>
      </trkpt>
      <trkpt lat="36.23334442265331745147705078125" lon="117.1099366061389446258544921875">
        <ele>-500</ele>
        <time>2026-09-05T15:31:46.000Z</time>
        <extensions>
          <ns3:TrackPointExtension>
            <ns3:atemp>27.0</ns3:atemp>
            <ns3:hr>108</ns3:hr>
          </ns3:TrackPointExtension>
        </extensions>
      </trkpt>
      <trkpt lat="36.23334710486233234405517578125" lon="117.1099282242357730865478515625">
        <ele>-500</ele>
        <time>2026-09-05T15:31:47.000Z</time>
        <extensions>
          <ns3:TrackPointExtension>
            <ns3:atemp>27.0</ns3:atemp>
            <ns3:hr>108</ns3:hr>
          </ns3:TrackPointExtension>
        </extensions>
      </trkpt>
      <trkpt lat="36.2333528883755207061767578125" lon="117.1099231950938701629638671875">
        <ele>-500</ele>
        <time>2026-09-05T15:31:48.000Z</time>
        <extensions>
          <ns3:TrackPointExtension>
            <ns3:atemp>27.0</ns3:atemp>
            <ns3:hr>109</ns3:hr>
          </ns3:TrackPointExtension>
        </extensions>
      </trkpt>
      <trkpt lat="36.23335934244096279144287109375" lon="117.10992059670388698577880859375">
        <ele>-500</ele>
        <time>2026-09-05T15:31:49.000Z</time>
        <extensions>
          <ns3:TrackPointExtension>
            <ns3:atemp>27.0</ns3:atemp>
            <ns3:hr>109</ns3:hr>
          </ns3:TrackPointExtension>
        </extensions>
      </trkpt>
      <trkpt lat="36.23336588032543659210205078125" lon="117.10992135107517242431640625">
        <ele>-500</ele>
        <time>2026-09-05T15:31:50.000Z</time>
        <extensions>
          <ns3:TrackPointExtension>
            <ns3:atemp>27.0</ns3:atemp>
            <ns3:hr>107</ns3:hr>
          </ns3:TrackPointExtension>
        </extensions>
      </trkpt>
      <trkpt lat="36.23337090946733951568603515625" lon="117.10991741158068180084228515625">
        <ele>-500</ele>
        <time>2026-09-05T15:31:51.000Z</time>
        <extensions>
          <ns3:TrackPointExtension>
            <ns3:atemp>27.0</ns3:atemp>
            <ns3:hr>109</ns3:hr>
          </ns3:TrackPointExtension>
        </extensions>
      </trkpt>
      <trkpt lat="36.2333808839321136474609375" lon="117.10990953259170055389404296875">
        <ele>-500</ele>
        <time>2026-09-05T15:31:52.000Z</time>
        <extensions>
          <ns3:TrackPointExtension>
            <ns3:atemp>27.0</ns3:atemp>
            <ns3:hr>108</ns3:hr>
          </ns3:TrackPointExtension>
        </extensions>
      </trkpt>
      <trkpt lat="36.233389265835285186767578125" lon="117.10990802384912967681884765625">
        <ele>-500</ele>
        <time>2026-09-05T15:31:53.000Z</time>
        <extensions>
          <ns3:TrackPointExtension>
            <ns3:atemp>27.0</ns3:atemp>
            <ns3:hr>106</ns3:hr>
          </ns3:TrackPointExtension>
        </extensions>
      </trkpt>
      <trkpt lat="36.233389936387538909912109375" lon="117.10989846847951412200927734375">
        <ele>-500</ele>
        <time>2026-09-05T15:31:54.000Z</time>
        <extensions>
          <ns3:TrackPointExtension>
            <ns3:atemp>27.0</ns3:atemp>
            <ns3:hr>107</ns3:hr>
          </ns3:TrackPointExtension>
        </extensions>
      </trkpt>
      <trkpt lat="36.2333914451301097869873046875" lon="117.10989226587116718292236328125">
        <ele>-500</ele>
        <time>2026-09-05T15:31:55.000Z</time>
        <extensions>
          <ns3:TrackPointExtension>
            <ns3:atemp>27.0</ns3:atemp>
            <ns3:hr>108</ns3:hr>
          </ns3:TrackPointExtension>
        </extensions>
      </trkpt>
      <trkpt lat="36.23339605517685413360595703125" lon="117.1098876558244228363037109375">
        <ele>-500</ele>
        <time>2026-09-05T15:31:56.000Z</time>
        <extensions>
          <ns3:TrackPointExtension>
            <ns3:atemp>27.0</ns3:atemp>
            <ns3:hr>108</ns3:hr>
          </ns3:TrackPointExtension>
        </extensions>
      </trkpt>
      <trkpt lat="36.23340074904263019561767578125" lon="117.1098883263766765594482421875">
        <ele>-500</ele>
        <time>2026-09-05T15:31:58.000Z</time>
        <extensions>
          <ns3:TrackPointExtension>
            <ns3:atemp>27.0</ns3:atemp>
            <ns3:hr>110</ns3:hr>
          </ns3:TrackPointExtension>
        </extensions>
      </trkpt>
      <trkpt lat="36.23340301215648651123046875" lon="117.109885476529598236083984375">
        <ele>-500</ele>
        <time>2026-09-05T15:31:59.000Z</time>
        <extensions>
          <ns3:TrackPointExtension>
            <ns3:atemp>27.0</ns3:atemp>
            <ns3:hr>110</ns3:hr>
          </ns3:TrackPointExtension>
        </extensions>
      </trkpt>
      <trkpt lat="36.23341030441224575042724609375" lon="117.10987851954996585845947265625">
        <ele>-500</ele>
        <time>2026-09-05T15:32:01.000Z</time>
        <extensions>
          <ns3:TrackPointExtension>
            <ns3:atemp>27.0</ns3:atemp>
            <ns3:hr>111</ns3:hr>
          </ns3:TrackPointExtension>
        </extensions>
      </trkpt>
      <trkpt lat="36.2334256432950496673583984375" lon="117.1098661981523036956787109375">
        <ele>-500</ele>
        <time>2026-09-05T15:32:03.000Z</time>
        <extensions>
          <ns3:TrackPointExtension>
            <ns3:atemp>27.0</ns3:atemp>
            <ns3:hr>110</ns3:hr>
          </ns3:TrackPointExtension>
        </extensions>
      </trkpt>
      <trkpt lat="36.23343293555080890655517578125" lon="117.10986074991524219512939453125">
        <ele>-500</ele>
        <time>2026-09-05T15:32:04.000Z</time>
        <extensions>
          <ns3:TrackPointExtension>
            <ns3:atemp>27.0</ns3:atemp>
            <ns3:hr>111</ns3:hr>
          </ns3:TrackPointExtension>
        </extensions>
      </trkpt>
      <trkpt lat="36.23343813233077526092529296875" lon="117.10985454730689525604248046875">
        <ele>-500</ele>
        <time>2026-09-05T15:32:05.000Z</time>
        <extensions>
          <ns3:TrackPointExtension>
            <ns3:atemp>27.0</ns3:atemp>
            <ns3:hr>108</ns3:hr>
          </ns3:TrackPointExtension>
        </extensions>
      </trkpt>
      <trkpt lat="36.233440227806568145751953125" lon="117.10985790006816387176513671875">
        <ele>-500</ele>
        <time>2026-09-05T15:32:06.000Z</time>
        <extensions>
          <ns3:TrackPointExtension>
            <ns3:atemp>27.0</ns3:atemp>
            <ns3:hr>109</ns3:hr>
          </ns3:TrackPointExtension>
        </extensions>
      </trkpt>
      <trkpt lat="36.23343519866466522216796875" lon="117.10985203273594379425048828125">
        <ele>-500</ele>
        <time>2026-09-05T15:32:07.000Z</time>
        <extensions>
          <ns3:TrackPointExtension>
            <ns3:atemp>27.0</ns3:atemp>
            <ns3:hr>107</ns3:hr>
          </ns3:TrackPointExtension>
        </extensions>
      </trkpt>
      <trkpt lat="36.2334367074072360992431640625" lon="117.109857983887195587158203125">
        <ele>-500</ele>
        <time>2026-09-05T15:32:10.000Z</time>
        <extensions>
          <ns3:TrackPointExtension>
            <ns3:atemp>27.0</ns3:atemp>
            <ns3:hr>107</ns3:hr>
          </ns3:TrackPointExtension>
        </extensions>
      </trkpt>
      <trkpt lat="36.23344433493912220001220703125" lon="117.1098588220775127410888671875">
        <ele>-500</ele>
        <time>2026-09-05T15:32:12.000Z</time>
        <extensions>
          <ns3:TrackPointExtension>
            <ns3:atemp>27.0</ns3:atemp>
            <ns3:hr>104</ns3:hr>
          </ns3:TrackPointExtension>
        </extensions>
      </trkpt>
      <trkpt lat="36.23345523141324520111083984375" lon="117.1098484285175800323486328125">
        <ele>-500</ele>
        <time>2026-09-05T15:32:17.000Z</time>
        <extensions>
          <ns3:TrackPointExtension>
            <ns3:atemp>27.0</ns3:atemp>
            <ns3:hr>104</ns3:hr>
          </ns3:TrackPointExtension>
        </extensions>
      </trkpt>
      <trkpt lat="36.23346897773444652557373046875" lon="117.10984281264245510101318359375">
        <ele>-500</ele>
        <time>2026-09-05T15:32:19.000Z</time>
        <extensions>
          <ns3:TrackPointExtension>
            <ns3:atemp>27.0</ns3:atemp>
            <ns3:hr>102</ns3:hr>
          </ns3:TrackPointExtension>
        </extensions>
      </trkpt>
      <trkpt lat="36.23347551561892032623291015625" lon="117.10985102690756320953369140625">
        <ele>-500</ele>
        <time>2026-09-05T15:32:20.000Z</time>
        <extensions>
          <ns3:TrackPointExtension>
            <ns3:atemp>27.0</ns3:atemp>
            <ns3:hr>103</ns3:hr>
          </ns3:TrackPointExtension>
        </extensions>
      </trkpt>
      <trkpt lat="36.23348758555948734283447265625" lon="117.10984088480472564697265625">
        <ele>-500</ele>
        <time>2026-09-05T15:32:24.000Z</time>
        <extensions>
          <ns3:TrackPointExtension>
            <ns3:atemp>27.0</ns3:atemp>
            <ns3:hr>104</ns3:hr>
          </ns3:TrackPointExtension>
        </extensions>
      </trkpt>
      <trkpt lat="36.233505941927433013916015625" lon="117.10982881486415863037109375">
        <ele>-500</ele>
        <time>2026-09-05T15:32:29.000Z</time>
        <extensions>
          <ns3:TrackPointExtension>
            <ns3:atemp>27.0</ns3:atemp>
            <ns3:hr>106</ns3:hr>
          </ns3:TrackPointExtension>
        </extensions>
      </trkpt>
      <trkpt lat="36.23351222835481166839599609375" lon="117.10982336662709712982177734375">
        <ele>-500</ele>
        <time>2026-09-05T15:32:30.000Z</time>
        <extensions>
          <ns3:TrackPointExtension>
            <ns3:atemp>27.0</ns3:atemp>
            <ns3:hr>106</ns3:hr>
          </ns3:TrackPointExtension>
        </extensions>
      </trkpt>
      <trkpt lat="36.23351373709738254547119140625" lon="117.109819762408733367919921875">
        <ele>-500</ele>
        <time>2026-09-05T15:32:31.000Z</time>
        <extensions>
          <ns3:TrackPointExtension>
            <ns3:atemp>27.0</ns3:atemp>
            <ns3:hr>103</ns3:hr>
          </ns3:TrackPointExtension>
        </extensions>
      </trkpt>
      <trkpt lat="36.23351843096315860748291015625" lon="117.10981666110455989837646484375">
        <ele>-500</ele>
        <time>2026-09-05T15:32:32.000Z</time>
        <extensions>
          <ns3:TrackPointExtension>
            <ns3:atemp>27.0</ns3:atemp>
            <ns3:hr>103</ns3:hr>
          </ns3:TrackPointExtension>
        </extensions>
      </trkpt>
      <trkpt lat="36.23352580703794956207275390625" lon="117.109811045229434967041015625">
        <ele>-500</ele>
        <time>2026-09-05T15:32:34.000Z</time>
        <extensions>
          <ns3:TrackPointExtension>
            <ns3:atemp>27.0</ns3:atemp>
            <ns3:hr>103</ns3:hr>
          </ns3:TrackPointExtension>
        </extensions>
      </trkpt>
      <trkpt lat="36.23353150673210620880126953125" lon="117.1098021604120731353759765625">
        <ele>-500</ele>
        <time>2026-09-05T15:32:36.000Z</time>
        <extensions>
          <ns3:TrackPointExtension>
            <ns3:atemp>27.0</ns3:atemp>
            <ns3:hr>101</ns3:hr>
          </ns3:TrackPointExtension>
        </extensions>
      </trkpt>
      <trkpt lat="36.2335359491407871246337890625" lon="117.10979453288018703460693359375">
        <ele>-500</ele>
        <time>2026-09-05T15:32:39.000Z</time>
        <extensions>
          <ns3:TrackPointExtension>
            <ns3:atemp>27.0</ns3:atemp>
            <ns3:hr>104</ns3:hr>
          </ns3:TrackPointExtension>
        </extensions>
      </trkpt>
      <trkpt lat="36.23353854753077030181884765625" lon="117.1097905933856964111328125">
        <ele>-500</ele>
        <time>2026-09-05T15:32:40.000Z</time>
        <extensions>
          <ns3:TrackPointExtension>
            <ns3:atemp>27.0</ns3:atemp>
            <ns3:hr>104</ns3:hr>
          </ns3:TrackPointExtension>
        </extensions>
      </trkpt>
      <trkpt lat="36.23354810290038585662841796875" lon="117.1097793616354465484619140625">
        <ele>-500</ele>
        <time>2026-09-05T15:32:42.000Z</time>
        <extensions>
          <ns3:TrackPointExtension>
            <ns3:atemp>27.0</ns3:atemp>
            <ns3:hr>103</ns3:hr>
          </ns3:TrackPointExtension>
        </extensions>
      </trkpt>
      <trkpt lat="36.23355329968035221099853515625" lon="117.10977240465581417083740234375">
        <ele>-500</ele>
        <time>2026-09-05T15:32:43.000Z</time>
        <extensions>
          <ns3:TrackPointExtension>
            <ns3:atemp>27.0</ns3:atemp>
            <ns3:hr>104</ns3:hr>
          </ns3:TrackPointExtension>
        </extensions>
      </trkpt>
      <trkpt lat="36.23355698771774768829345703125" lon="117.109768129885196685791015625">
        <ele>-500</ele>
        <time>2026-09-05T15:32:44.000Z</time>
        <extensions>
          <ns3:TrackPointExtension>
            <ns3:atemp>27.0</ns3:atemp>
            <ns3:hr>104</ns3:hr>
          </ns3:TrackPointExtension>
        </extensions>
      </trkpt>
      <trkpt lat="36.23360023833811283111572265625" lon="117.10971842519938945770263671875">
        <ele>-500</ele>
        <time>2026-09-05T15:32:51.000Z</time>
        <extensions>
          <ns3:TrackPointExtension>
            <ns3:atemp>27.0</ns3:atemp>
            <ns3:hr>103</ns3:hr>
          </ns3:TrackPointExtension>
        </extensions>
      </trkpt>
      <trkpt lat="36.2336070276796817779541015625" lon="117.10971054621040821075439453125">
        <ele>-500</ele>
        <time>2026-09-05T15:32:52.000Z</time>
        <extensions>
          <ns3:TrackPointExtension>
            <ns3:atemp>27.0</ns3:atemp>
            <ns3:hr>105</ns3:hr>
          </ns3:TrackPointExtension>
        </extensions>
      </trkpt>
      <trkpt lat="36.233612559735774993896484375" lon="117.10970350541174411773681640625">
        <ele>-500</ele>
        <time>2026-09-05T15:32:53.000Z</time>
        <extensions>
          <ns3:TrackPointExtension>
            <ns3:atemp>27.0</ns3:atemp>
            <ns3:hr>102</ns3:hr>
          </ns3:TrackPointExtension>
        </extensions>
      </trkpt>
      <trkpt lat="36.2336222827434539794921875" lon="117.109691686928272247314453125">
        <ele>-500</ele>
        <time>2026-09-05T15:32:55.000Z</time>
        <extensions>
          <ns3:TrackPointExtension>
            <ns3:atemp>27.0</ns3:atemp>
            <ns3:hr>104</ns3:hr>
          </ns3:TrackPointExtension>
        </extensions>
      </trkpt>
      <trkpt lat="36.233644075691699981689453125" lon="117.1096707321703433990478515625">
        <ele>-500</ele>
        <time>2026-09-05T15:32:58.000Z</time>
        <extensions>
          <ns3:TrackPointExtension>
            <ns3:atemp>27.0</ns3:atemp>
            <ns3:hr>104</ns3:hr>
          </ns3:TrackPointExtension>
        </extensions>
      </trkpt>
      <trkpt lat="36.2336496077477931976318359375" lon="117.109664864838123321533203125">
        <ele>-500</ele>
        <time>2026-09-05T15:33:00.000Z</time>
        <extensions>
          <ns3:TrackPointExtension>
            <ns3:atemp>27.0</ns3:atemp>
            <ns3:hr>104</ns3:hr>
          </ns3:TrackPointExtension>
        </extensions>
      </trkpt>
      <trkpt lat="36.2336657010018825531005859375" lon="117.1096529625356197357177734375">
        <ele>-500</ele>
        <time>2026-09-05T15:33:05.000Z</time>
        <extensions>
          <ns3:TrackPointExtension>
            <ns3:atemp>27.0</ns3:atemp>
            <ns3:hr>103</ns3:hr>
          </ns3:TrackPointExtension>
        </extensions>
      </trkpt>
      <trkpt lat="36.2336700595915317535400390625" lon="117.10965103469789028167724609375">
        <ele>-500</ele>
        <time>2026-09-05T15:33:06.000Z</time>
        <extensions>
          <ns3:TrackPointExtension>
            <ns3:atemp>27.0</ns3:atemp>
            <ns3:hr>104</ns3:hr>
          </ns3:TrackPointExtension>
        </extensions>
      </trkpt>
      <trkpt lat="36.2336724065244197845458984375" lon="117.109648771584033966064453125">
        <ele>-500</ele>
        <time>2026-09-05T15:33:07.000Z</time>
        <extensions>
          <ns3:TrackPointExtension>
            <ns3:atemp>27.0</ns3:atemp>
            <ns3:hr>102</ns3:hr>
          </ns3:TrackPointExtension>
        </extensions>
      </trkpt>
      <trkpt lat="36.23367567546665668487548828125" lon="117.109644412994384765625">
        <ele>-500</ele>
        <time>2026-09-05T15:33:08.000Z</time>
        <extensions>
          <ns3:TrackPointExtension>
            <ns3:atemp>27.0</ns3:atemp>
            <ns3:hr>104</ns3:hr>
          </ns3:TrackPointExtension>
        </extensions>
      </trkpt>
      <trkpt lat="36.23367869295179843902587890625" lon="117.10964198224246501922607421875">
        <ele>-500</ele>
        <time>2026-09-05T15:33:09.000Z</time>
        <extensions>
          <ns3:TrackPointExtension>
            <ns3:atemp>27.0</ns3:atemp>
            <ns3:hr>106</ns3:hr>
          </ns3:TrackPointExtension>
        </extensions>
      </trkpt>
      <trkpt lat="36.23368456028401851654052734375" lon="117.1096405573189258575439453125">
        <ele>-500</ele>
        <time>2026-09-05T15:33:10.000Z</time>
        <extensions>
          <ns3:TrackPointExtension>
            <ns3:atemp>27.0</ns3:atemp>
            <ns3:hr>107</ns3:hr>
          </ns3:TrackPointExtension>
        </extensions>
      </trkpt>
      <trkpt lat="36.23368925414979457855224609375" lon="117.10963326506316661834716796875">
        <ele>-500</ele>
        <time>2026-09-05T15:33:12.000Z</time>
        <extensions>
          <ns3:TrackPointExtension>
            <ns3:atemp>27.0</ns3:atemp>
            <ns3:hr>109</ns3:hr>
          </ns3:TrackPointExtension>
        </extensions>
      </trkpt>
      <trkpt lat="36.23368154279887676239013671875" lon="117.10964248515665531158447265625">
        <ele>-500</ele>
        <time>2026-09-05T15:33:16.000Z</time>
        <extensions>
          <ns3:TrackPointExtension>
            <ns3:atemp>27.0</ns3:atemp>
            <ns3:hr>109</ns3:hr>
          </ns3:TrackPointExtension>
        </extensions>
      </trkpt>
      <trkpt lat="36.2336673773825168609619140625" lon="117.10964868776500225067138671875">
        <ele>-500</ele>
        <time>2026-09-05T15:33:18.000Z</time>
        <extensions>
          <ns3:TrackPointExtension>
            <ns3:atemp>27.0</ns3:atemp>
            <ns3:hr>112</ns3:hr>
          </ns3:TrackPointExtension>
        </extensions>
      </trkpt>
      <trkpt lat="36.23365907929837703704833984375" lon="117.10964977741241455078125">
        <ele>-500</ele>
        <time>2026-09-05T15:33:20.000Z</time>
        <extensions>
          <ns3:TrackPointExtension>
            <ns3:atemp>27.0</ns3:atemp>
            <ns3:hr>116</ns3:hr>
          </ns3:TrackPointExtension>
        </extensions>
      </trkpt>
      <trkpt lat="36.2336710654199123382568359375" lon="117.109636701643466949462890625">
        <ele>-500</ele>
        <time>2026-09-05T15:33:22.000Z</time>
        <extensions>
          <ns3:TrackPointExtension>
            <ns3:atemp>27.0</ns3:atemp>
            <ns3:hr>118</ns3:hr>
          </ns3:TrackPointExtension>
        </extensions>
      </trkpt>
      <trkpt lat="36.23368506319820880889892578125" lon="117.1096321754157543182373046875">
        <ele>-500</ele>
        <time>2026-09-05T15:33:24.000Z</time>
        <extensions>
          <ns3:TrackPointExtension>
            <ns3:atemp>27.0</ns3:atemp>
            <ns3:hr>122</ns3:hr>
          </ns3:TrackPointExtension>
        </extensions>
      </trkpt>
      <trkpt lat="36.23369998298585414886474609375" lon="117.1096174232661724090576171875">
        <ele>-500</ele>
        <time>2026-09-05T15:33:26.000Z</time>
        <extensions>
          <ns3:TrackPointExtension>
            <ns3:atemp>27.0</ns3:atemp>
            <ns3:hr>126</ns3:hr>
          </ns3:TrackPointExtension>
        </extensions>
      </trkpt>
      <trkpt lat="36.23371557332575321197509765625" lon="117.10959990508854389190673828125">
        <ele>-500</ele>
        <time>2026-09-05T15:33:28.000Z</time>
        <extensions>
          <ns3:TrackPointExtension>
            <ns3:atemp>27.0</ns3:atemp>
            <ns3:hr>126</ns3:hr>
          </ns3:TrackPointExtension>
        </extensions>
      </trkpt>
      <trkpt lat="36.23372294940054416656494140625" lon="117.1095912717282772064208984375">
        <ele>-500</ele>
        <time>2026-09-05T15:33:29.000Z</time>
        <extensions>
          <ns3:TrackPointExtension>
            <ns3:atemp>27.0</ns3:atemp>
            <ns3:hr>127</ns3:hr>
          </ns3:TrackPointExtension>
        </extensions>
      </trkpt>
      <trkpt lat="36.23374256305396556854248046875" lon="117.10957400500774383544921875">
        <ele>-500</ele>
        <time>2026-09-05T15:33:31.000Z</time>
        <extensions>
          <ns3:TrackPointExtension>
            <ns3:atemp>27.0</ns3:atemp>
            <ns3:hr>126</ns3:hr>
          </ns3:TrackPointExtension>
        </extensions>
      </trkpt>
      <trkpt lat="36.23379251919686794281005859375" lon="117.10953854955732822418212890625">
        <ele>-500</ele>
        <time>2026-09-05T15:33:38.000Z</time>
        <extensions>
          <ns3:TrackPointExtension>
            <ns3:atemp>27.0</ns3:atemp>
            <ns3:hr>127</ns3:hr>
          </ns3:TrackPointExtension>
        </extensions>
      </trkpt>
      <trkpt lat="36.233813054859638214111328125" lon="117.1095089614391326904296875">
        <ele>-500</ele>
        <time>2026-09-05T15:33:43.000Z</time>
        <extensions>
          <ns3:TrackPointExtension>
            <ns3:atemp>27.0</ns3:atemp>
            <ns3:hr>127</ns3:hr>
          </ns3:TrackPointExtension>
        </extensions>
      </trkpt>
      <trkpt lat="36.23381883837282657623291015625" lon="117.10950619541108608245849609375">
        <ele>-500</ele>
        <time>2026-09-05T15:33:44.000Z</time>
        <extensions>
          <ns3:TrackPointExtension>
            <ns3:atemp>27.0</ns3:atemp>
            <ns3:hr>127</ns3:hr>
          </ns3:TrackPointExtension>
        </extensions>
      </trkpt>
      <trkpt lat="36.233820430934429168701171875" lon="117.109501920640468597412109375">
        <ele>-500</ele>
        <time>2026-09-05T15:33:45.000Z</time>
        <extensions>
          <ns3:TrackPointExtension>
            <ns3:atemp>27.0</ns3:atemp>
            <ns3:hr>126</ns3:hr>
          </ns3:TrackPointExtension>
        </extensions>
      </trkpt>
      <trkpt lat="36.23384264297783374786376953125" lon="117.10950217209756374359130859375">
        <ele>-500</ele>
        <time>2026-09-05T15:33:49.000Z</time>
        <extensions>
          <ns3:TrackPointExtension>
            <ns3:atemp>27.0</ns3:atemp>
            <ns3:hr>125</ns3:hr>
          </ns3:TrackPointExtension>
        </extensions>
      </trkpt>
      <trkpt lat="36.23385001905262470245361328125" lon="117.10949479602277278900146484375">
        <ele>-500</ele>
        <time>2026-09-05T15:33:50.000Z</time>
        <extensions>
          <ns3:TrackPointExtension>
            <ns3:atemp>27.0</ns3:atemp>
            <ns3:hr>126</ns3:hr>
          </ns3:TrackPointExtension>
        </extensions>
      </trkpt>
      <trkpt lat="36.2338551320135593414306640625" lon="117.10948549211025238037109375">
        <ele>-500</ele>
        <time>2026-09-05T15:33:51.000Z</time>
        <extensions>
          <ns3:TrackPointExtension>
            <ns3:atemp>27.0</ns3:atemp>
            <ns3:hr>125</ns3:hr>
          </ns3:TrackPointExtension>
        </extensions>
      </trkpt>
      <trkpt lat="36.23386569321155548095703125" lon="117.10947099141776561737060546875">
        <ele>-500</ele>
        <time>2026-09-05T15:33:53.000Z</time>
        <extensions>
          <ns3:TrackPointExtension>
            <ns3:atemp>27.0</ns3:atemp>
            <ns3:hr>127</ns3:hr>
          </ns3:TrackPointExtension>
        </extensions>
      </trkpt>
      <trkpt lat="36.23388086445629596710205078125" lon="117.10944794118404388427734375">
        <ele>-500</ele>
        <time>2026-09-05T15:33:56.000Z</time>
        <extensions>
          <ns3:TrackPointExtension>
            <ns3:atemp>27.0</ns3:atemp>
            <ns3:hr>125</ns3:hr>
          </ns3:TrackPointExtension>
        </extensions>
      </trkpt>
      <trkpt lat="36.23389142565429210662841796875" lon="117.10942388512194156646728515625">
        <ele>-500</ele>
        <time>2026-09-05T15:34:00.000Z</time>
        <extensions>
          <ns3:TrackPointExtension>
            <ns3:atemp>27.0</ns3:atemp>
            <ns3:hr>125</ns3:hr>
          </ns3:TrackPointExtension>
        </extensions>
      </trkpt>
      <trkpt lat="36.23389653861522674560546875" lon="117.10941332392394542694091796875">
        <ele>-500</ele>
        <time>2026-09-05T15:34:02.000Z</time>
        <extensions>
          <ns3:TrackPointExtension>
            <ns3:atemp>27.0</ns3:atemp>
            <ns3:hr>125</ns3:hr>
          </ns3:TrackPointExtension>
        </extensions>
      </trkpt>
      <trkpt lat="36.23390517197549343109130859375" lon="117.10941131226718425750732421875">
        <ele>-500</ele>
        <time>2026-09-05T15:34:03.000Z</time>
        <extensions>
          <ns3:TrackPointExtension>
            <ns3:atemp>27.0</ns3:atemp>
            <ns3:hr>125</ns3:hr>
          </ns3:TrackPointExtension>
        </extensions>
      </trkpt>
      <trkpt lat="36.2339074350893497467041015625" lon="117.10940527729690074920654296875">
        <ele>-500</ele>
        <time>2026-09-05T15:34:06.000Z</time>
        <extensions>
          <ns3:TrackPointExtension>
            <ns3:atemp>27.0</ns3:atemp>
            <ns3:hr>123</ns3:hr>
          </ns3:TrackPointExtension>
        </extensions>
      </trkpt>
      <trkpt lat="36.23393006622791290283203125" lon="117.10940980352461338043212890625">
        <ele>-500</ele>
        <time>2026-09-05T15:34:11.000Z</time>
        <extensions>
          <ns3:TrackPointExtension>
            <ns3:atemp>27.0</ns3:atemp>
            <ns3:hr>125</ns3:hr>
          </ns3:TrackPointExtension>
        </extensions>
      </trkpt>
      <trkpt lat="36.2339335866272449493408203125" lon="117.10940502583980560302734375">
        <ele>-500</ele>
        <time>2026-09-05T15:34:12.000Z</time>
        <extensions>
          <ns3:TrackPointExtension>
            <ns3:atemp>27.0</ns3:atemp>
            <ns3:hr>124</ns3:hr>
          </ns3:TrackPointExtension>
        </extensions>
      </trkpt>
      <trkpt lat="36.23393702320754528045654296875" lon="117.10939832031726837158203125">
        <ele>-500</ele>
        <time>2026-09-05T15:34:13.000Z</time>
        <extensions>
          <ns3:TrackPointExtension>
            <ns3:atemp>27.0</ns3:atemp>
            <ns3:hr>124</ns3:hr>
          </ns3:TrackPointExtension>
        </extensions>
      </trkpt>
      <trkpt lat="36.2339339219033718109130859375" lon="117.10938935168087482452392578125">
        <ele>-500</ele>
        <time>2026-09-05T15:34:14.000Z</time>
        <extensions>
          <ns3:TrackPointExtension>
            <ns3:atemp>27.0</ns3:atemp>
            <ns3:hr>125</ns3:hr>
          </ns3:TrackPointExtension>
        </extensions>
      </trkpt>
      <trkpt lat="36.23393618501722812652587890625" lon="117.1093828976154327392578125">
        <ele>-500</ele>
        <time>2026-09-05T15:34:15.000Z</time>
        <extensions>
          <ns3:TrackPointExtension>
            <ns3:atemp>27.0</ns3:atemp>
            <ns3:hr>125</ns3:hr>
          </ns3:TrackPointExtension>
        </extensions>
      </trkpt>
      <trkpt lat="36.23393811285495758056640625" lon="117.1093606017529964447021484375">
        <ele>-500</ele>
        <time>2026-09-05T15:34:20.000Z</time>
        <extensions>
          <ns3:TrackPointExtension>
            <ns3:atemp>27.0</ns3:atemp>
            <ns3:hr>123</ns3:hr>
          </ns3:TrackPointExtension>
        </extensions>
      </trkpt>
      <trkpt lat="36.2339386157691478729248046875" lon="117.10934693925082683563232421875">
        <ele>-500</ele>
        <time>2026-09-05T15:34:21.000Z</time>
        <extensions>
          <ns3:TrackPointExtension>
            <ns3:atemp>27.0</ns3:atemp>
            <ns3:hr>123</ns3:hr>
          </ns3:TrackPointExtension>
        </extensions>
      </trkpt>
      <trkpt lat="36.233936436474323272705078125" lon="117.1093391440808773040771484375">
        <ele>-500</ele>
        <time>2026-09-05T15:34:22.000Z</time>
        <extensions>
          <ns3:TrackPointExtension>
            <ns3:atemp>27.0</ns3:atemp>
            <ns3:hr>123</ns3:hr>
          </ns3:TrackPointExtension>
        </extensions>
      </trkpt>
      <trkpt lat="36.23394138179719448089599609375" lon="117.10933017544448375701904296875">
        <ele>-500</ele>
        <time>2026-09-05T15:34:23.000Z</time>
        <extensions>
          <ns3:TrackPointExtension>
            <ns3:atemp>27.0</ns3:atemp>
            <ns3:hr>123</ns3:hr>
          </ns3:TrackPointExtension>
        </extensions>
      </trkpt>
      <trkpt lat="36.233937777578830718994140625" lon="117.10932766087353229522705078125">
        <ele>-500</ele>
        <time>2026-09-05T15:34:24.000Z</time>
        <extensions>
          <ns3:TrackPointExtension>
            <ns3:atemp>26.0</ns3:atemp>
            <ns3:hr>120</ns3:hr>
          </ns3:TrackPointExtension>
        </extensions>
      </trkpt>
      <trkpt lat="36.2339402921497821807861328125" lon="117.109321542084217071533203125">
        <ele>-500</ele>
        <time>2026-09-05T15:34:25.000Z</time>
        <extensions>
          <ns3:TrackPointExtension>
            <ns3:atemp>26.0</ns3:atemp>
            <ns3:hr>120</ns3:hr>
          </ns3:TrackPointExtension>
        </extensions>
      </trkpt>
      <trkpt lat="36.23394758440554141998291015625" lon="117.10931525565683841705322265625">
        <ele>-500</ele>
        <time>2026-09-05T15:34:26.000Z</time>
        <extensions>
          <ns3:TrackPointExtension>
            <ns3:atemp>26.0</ns3:atemp>
            <ns3:hr>119</ns3:hr>
          </ns3:TrackPointExtension>
        </extensions>
      </trkpt>
      <trkpt lat="36.23394993133842945098876953125" lon="117.10930335335433483123779296875">
        <ele>-500</ele>
        <time>2026-09-05T15:34:27.000Z</time>
        <extensions>
          <ns3:TrackPointExtension>
            <ns3:atemp>26.0</ns3:atemp>
            <ns3:hr>117</ns3:hr>
          </ns3:TrackPointExtension>
        </extensions>
      </trkpt>
      <trkpt lat="36.23394909314811229705810546875" lon="117.1092970669269561767578125">
        <ele>-500</ele>
        <time>2026-09-05T15:34:28.000Z</time>
        <extensions>
          <ns3:TrackPointExtension>
            <ns3:atemp>26.0</ns3:atemp>
            <ns3:hr>117</ns3:hr>
          </ns3:TrackPointExtension>
        </extensions>
      </trkpt>
      <trkpt lat="36.23394892551004886627197265625" lon="117.109288685023784637451171875">
        <ele>-500</ele>
        <time>2026-09-05T15:34:29.000Z</time>
        <extensions>
          <ns3:TrackPointExtension>
            <ns3:atemp>26.0</ns3:atemp>
            <ns3:hr>116</ns3:hr>
          </ns3:TrackPointExtension>
        </extensions>
      </trkpt>
      <trkpt lat="36.23395144008100032806396484375" lon="117.10927904583513736724853515625">
        <ele>-500</ele>
        <time>2026-09-05T15:34:30.000Z</time>
        <extensions>
          <ns3:TrackPointExtension>
            <ns3:atemp>26.0</ns3:atemp>
            <ns3:hr>113</ns3:hr>
          </ns3:TrackPointExtension>
        </extensions>
      </trkpt>
      <trkpt lat="36.2339583970606327056884765625" lon="117.10927401669323444366455078125">
        <ele>-500</ele>
        <time>2026-09-05T15:34:31.000Z</time>
        <extensions>
          <ns3:TrackPointExtension>
            <ns3:atemp>26.0</ns3:atemp>
            <ns3:hr>115</ns3:hr>
          </ns3:TrackPointExtension>
        </extensions>
      </trkpt>
      <trkpt lat="36.23396418057382106781005859375" lon="117.10927150212228298187255859375">
        <ele>-500</ele>
        <time>2026-09-05T15:34:32.000Z</time>
        <extensions>
          <ns3:TrackPointExtension>
            <ns3:atemp>26.0</ns3:atemp>
            <ns3:hr>113</ns3:hr>
          </ns3:TrackPointExtension>
        </extensions>
      </trkpt>
      <trkpt lat="36.2339694611728191375732421875" lon="117.10926949046552181243896484375">
        <ele>-500</ele>
        <time>2026-09-05T15:34:33.000Z</time>
        <extensions>
          <ns3:TrackPointExtension>
            <ns3:atemp>26.0</ns3:atemp>
            <ns3:hr>113</ns3:hr>
          </ns3:TrackPointExtension>
        </extensions>
      </trkpt>
      <trkpt lat="36.23397574760019779205322265625" lon="117.1092492900788784027099609375">
        <ele>-500</ele>
        <time>2026-09-05T15:34:35.000Z</time>
        <extensions>
          <ns3:TrackPointExtension>
            <ns3:atemp>26.0</ns3:atemp>
            <ns3:hr>113</ns3:hr>
          </ns3:TrackPointExtension>
        </extensions>
      </trkpt>
      <trkpt lat="36.23397591523826122283935546875" lon="117.10923361591994762420654296875">
        <ele>-500</ele>
        <time>2026-09-05T15:34:37.000Z</time>
        <extensions>
          <ns3:TrackPointExtension>
            <ns3:atemp>26.0</ns3:atemp>
            <ns3:hr>113</ns3:hr>
          </ns3:TrackPointExtension>
        </extensions>
      </trkpt>
      <trkpt lat="36.23397792689502239227294921875" lon="117.1092140860855579376220703125">
        <ele>-500</ele>
        <time>2026-09-05T15:34:39.000Z</time>
        <extensions>
          <ns3:TrackPointExtension>
            <ns3:atemp>26.0</ns3:atemp>
            <ns3:hr>112</ns3:hr>
          </ns3:TrackPointExtension>
        </extensions>
      </trkpt>
      <trkpt lat="36.23398681171238422393798828125" lon="117.1091859228909015655517578125">
        <ele>-500</ele>
        <time>2026-09-05T15:34:41.000Z</time>
        <extensions>
          <ns3:TrackPointExtension>
            <ns3:atemp>26.0</ns3:atemp>
            <ns3:hr>113</ns3:hr>
          </ns3:TrackPointExtension>
        </extensions>
      </trkpt>
      <trkpt lat="36.2339993007481098175048828125" lon="117.10916387848556041717529296875">
        <ele>-500</ele>
        <time>2026-09-05T15:34:45.000Z</time>
        <extensions>
          <ns3:TrackPointExtension>
            <ns3:atemp>26.0</ns3:atemp>
            <ns3:hr>111</ns3:hr>
          </ns3:TrackPointExtension>
        </extensions>
      </trkpt>
      <trkpt lat="36.2340237759053707122802734375" lon="117.1091145090758800506591796875">
        <ele>-500</ele>
        <time>2026-09-05T15:34:52.000Z</time>
        <extensions>
          <ns3:TrackPointExtension>
            <ns3:atemp>26.0</ns3:atemp>
            <ns3:hr>114</ns3:hr>
          </ns3:TrackPointExtension>
        </extensions>
      </trkpt>
      <trkpt lat="36.234028972685337066650390625" lon="117.10910671390593051910400390625">
        <ele>-500</ele>
        <time>2026-09-05T15:34:56.000Z</time>
        <extensions>
          <ns3:TrackPointExtension>
            <ns3:atemp>26.0</ns3:atemp>
            <ns3:hr>111</ns3:hr>
          </ns3:TrackPointExtension>
        </extensions>
      </trkpt>
      <trkpt lat="36.23403676785528659820556640625" lon="117.109096236526966094970703125">
        <ele>-500</ele>
        <time>2026-09-05T15:34:58.000Z</time>
        <extensions>
          <ns3:TrackPointExtension>
            <ns3:atemp>26.0</ns3:atemp>
            <ns3:hr>111</ns3:hr>
          </ns3:TrackPointExtension>
        </extensions>
      </trkpt>
      <trkpt lat="36.23403894715011119842529296875" lon="117.10909254848957061767578125">
        <ele>-500</ele>
        <time>2026-09-05T15:34:59.000Z</time>
        <extensions>
          <ns3:TrackPointExtension>
            <ns3:atemp>26.0</ns3:atemp>
            <ns3:hr>112</ns3:hr>
          </ns3:TrackPointExtension>
        </extensions>
      </trkpt>
      <trkpt lat="36.23404313810169696807861328125" lon="117.10908894427120685577392578125">
        <ele>-500</ele>
        <time>2026-09-05T15:35:00.000Z</time>
        <extensions>
          <ns3:TrackPointExtension>
            <ns3:atemp>26.0</ns3:atemp>
            <ns3:hr>112</ns3:hr>
          </ns3:TrackPointExtension>
        </extensions>
      </trkpt>
      <trkpt lat="36.23404808342456817626953125" lon="117.10908525623381137847900390625">
        <ele>-500</ele>
        <time>2026-09-05T15:35:01.000Z</time>
        <extensions>
          <ns3:TrackPointExtension>
            <ns3:atemp>26.0</ns3:atemp>
            <ns3:hr>112</ns3:hr>
          </ns3:TrackPointExtension>
        </extensions>
      </trkpt>
      <trkpt lat="36.23405051417648792266845703125" lon="117.10908743552863597869873046875">
        <ele>-500</ele>
        <time>2026-09-05T15:35:02.000Z</time>
        <extensions>
          <ns3:TrackPointExtension>
            <ns3:atemp>26.0</ns3:atemp>
            <ns3:hr>112</ns3:hr>
          </ns3:TrackPointExtension>
        </extensions>
      </trkpt>
      <trkpt lat="36.23404716141521930694580078125" lon="117.109086178243160247802734375">
        <ele>-500</ele>
        <time>2026-09-05T15:35:03.000Z</time>
        <extensions>
          <ns3:TrackPointExtension>
            <ns3:atemp>26.0</ns3:atemp>
            <ns3:hr>112</ns3:hr>
          </ns3:TrackPointExtension>
        </extensions>
      </trkpt>
      <trkpt lat="36.23404213227331638336181640625" lon="117.10908508859574794769287109375">
        <ele>-500</ele>
        <time>2026-09-05T15:35:04.000Z</time>
        <extensions>
          <ns3:TrackPointExtension>
            <ns3:atemp>26.0</ns3:atemp>
            <ns3:hr>113</ns3:hr>
          </ns3:TrackPointExtension>
        </extensions>
      </trkpt>
      <trkpt lat="36.2340407073497772216796875" lon="117.10908140055835247039794921875">
        <ele>-500</ele>
        <time>2026-09-05T15:35:05.000Z</time>
        <extensions>
          <ns3:TrackPointExtension>
            <ns3:atemp>26.0</ns3:atemp>
            <ns3:hr>113</ns3:hr>
          </ns3:TrackPointExtension>
        </extensions>
      </trkpt>
      <trkpt lat="36.2340442277491092681884765625" lon="117.10908022709190845489501953125">
        <ele>-500</ele>
        <time>2026-09-05T15:35:06.000Z</time>
        <extensions>
          <ns3:TrackPointExtension>
            <ns3:atemp>26.0</ns3:atemp>
            <ns3:hr>112</ns3:hr>
          </ns3:TrackPointExtension>
        </extensions>
      </trkpt>
      <trkpt lat="36.2340460717678070068359375" lon="117.1090725995600223541259765625">
        <ele>-500</ele>
        <time>2026-09-05T15:35:07.000Z</time>
        <extensions>
          <ns3:TrackPointExtension>
            <ns3:atemp>26.0</ns3:atemp>
            <ns3:hr>112</ns3:hr>
          </ns3:TrackPointExtension>
        </extensions>
      </trkpt>
      <trkpt lat="36.23405906371772289276123046875" lon="117.1090632118284702301025390625">
        <ele>-500</ele>
        <time>2026-09-05T15:35:08.000Z</time>
        <extensions>
          <ns3:TrackPointExtension>
            <ns3:atemp>26.0</ns3:atemp>
            <ns3:hr>114</ns3:hr>
          </ns3:TrackPointExtension>
        </extensions>
      </trkpt>
      <trkpt lat="36.23406677506864070892333984375" lon="117.109048627316951751708984375">
        <ele>-500</ele>
        <time>2026-09-05T15:35:09.000Z</time>
        <extensions>
          <ns3:TrackPointExtension>
            <ns3:atemp>26.0</ns3:atemp>
            <ns3:hr>112</ns3:hr>
          </ns3:TrackPointExtension>
        </extensions>
      </trkpt>
      <trkpt lat="36.2340702116489410400390625" lon="117.1090340428054332733154296875">
        <ele>-500</ele>
        <time>2026-09-05T15:35:10.000Z</time>
        <extensions>
          <ns3:TrackPointExtension>
            <ns3:atemp>26.0</ns3:atemp>
            <ns3:hr>111</ns3:hr>
          </ns3:TrackPointExtension>
        </extensions>
      </trkpt>
      <trkpt lat="36.23408186249434947967529296875" lon="117.1090249903500080108642578125">
        <ele>-500</ele>
        <time>2026-09-05T15:35:11.000Z</time>
        <extensions>
          <ns3:TrackPointExtension>
            <ns3:atemp>26.0</ns3:atemp>
            <ns3:hr>110</ns3:hr>
          </ns3:TrackPointExtension>
        </extensions>
      </trkpt>
      <trkpt lat="36.23409208841621875762939453125" lon="117.10902004502713680267333984375">
        <ele>-500</ele>
        <time>2026-09-05T15:35:12.000Z</time>
        <extensions>
          <ns3:TrackPointExtension>
            <ns3:atemp>26.0</ns3:atemp>
            <ns3:hr>112</ns3:hr>
          </ns3:TrackPointExtension>
        </extensions>
      </trkpt>
      <trkpt lat="36.23409410007297992706298828125" lon="117.10900940001010894775390625">
        <ele>-500</ele>
        <time>2026-09-05T15:35:13.000Z</time>
        <extensions>
          <ns3:TrackPointExtension>
            <ns3:atemp>26.0</ns3:atemp>
            <ns3:hr>112</ns3:hr>
          </ns3:TrackPointExtension>
        </extensions>
      </trkpt>
      <trkpt lat="36.2340817786753177642822265625" lon="117.10900043137371540069580078125">
        <ele>-500</ele>
        <time>2026-09-05T15:35:14.000Z</time>
        <extensions>
          <ns3:TrackPointExtension>
            <ns3:atemp>26.0</ns3:atemp>
            <ns3:hr>112</ns3:hr>
          </ns3:TrackPointExtension>
        </extensions>
      </trkpt>
      <trkpt lat="36.23408555053174495697021484375" lon="117.10898651741445064544677734375">
        <ele>-500</ele>
        <time>2026-09-05T15:35:15.000Z</time>
        <extensions>
          <ns3:TrackPointExtension>
            <ns3:atemp>26.0</ns3:atemp>
            <ns3:hr>112</ns3:hr>
          </ns3:TrackPointExtension>
        </extensions>
      </trkpt>
      <trkpt lat="36.23409259133040904998779296875" lon="117.10897729732096195220947265625">
        <ele>-500</ele>
        <time>2026-09-05T15:35:16.000Z</time>
        <extensions>
          <ns3:TrackPointExtension>
            <ns3:atemp>26.0</ns3:atemp>
            <ns3:hr>110</ns3:hr>
          </ns3:TrackPointExtension>
        </extensions>
      </trkpt>
      <trkpt lat="36.234108768403530120849609375" lon="117.10898031480610370635986328125">
        <ele>-500</ele>
        <time>2026-09-05T15:35:17.000Z</time>
        <extensions>
          <ns3:TrackPointExtension>
            <ns3:atemp>26.0</ns3:atemp>
            <ns3:hr>109</ns3:hr>
          </ns3:TrackPointExtension>
        </extensions>
      </trkpt>
      <trkpt lat="36.23412746004760265350341796875" lon="117.10898936726152896881103515625">
        <ele>-500</ele>
        <time>2026-09-05T15:35:18.000Z</time>
        <extensions>
          <ns3:TrackPointExtension>
            <ns3:atemp>26.0</ns3:atemp>
            <ns3:hr>106</ns3:hr>
          </ns3:TrackPointExtension>
        </extensions>
      </trkpt>
      <trkpt lat="36.23413969762623310089111328125" lon="117.1089958213269710540771484375">
        <ele>-500</ele>
        <time>2026-09-05T15:35:19.000Z</time>
        <extensions>
          <ns3:TrackPointExtension>
            <ns3:atemp>27.0</ns3:atemp>
            <ns3:hr>107</ns3:hr>
          </ns3:TrackPointExtension>
        </extensions>
      </trkpt>
      <trkpt lat="36.23415092937648296356201171875" lon="117.108997665345668792724609375">
        <ele>-500</ele>
        <time>2026-09-05T15:35:20.000Z</time>
        <extensions>
          <ns3:TrackPointExtension>
            <ns3:atemp>27.0</ns3:atemp>
            <ns3:hr>109</ns3:hr>
          </ns3:TrackPointExtension>
        </extensions>
      </trkpt>
      <trkpt lat="36.234153024852275848388671875" lon="117.10899573750793933868408203125">
        <ele>-500</ele>
        <time>2026-09-05T15:35:21.000Z</time>
        <extensions>
          <ns3:TrackPointExtension>
            <ns3:atemp>27.0</ns3:atemp>
            <ns3:hr>110</ns3:hr>
          </ns3:TrackPointExtension>
        </extensions>
      </trkpt>
      <trkpt lat="36.2341572158038616180419921875" lon="117.10899531841278076171875">
        <ele>-500</ele>
        <time>2026-09-05T15:35:22.000Z</time>
        <extensions>
          <ns3:TrackPointExtension>
            <ns3:atemp>27.0</ns3:atemp>
            <ns3:hr>109</ns3:hr>
          </ns3:TrackPointExtension>
        </extensions>
      </trkpt>
      <trkpt lat="36.23416769318282604217529296875" lon="117.1089874394237995147705078125">
        <ele>-500</ele>
        <time>2026-09-05T15:35:23.000Z</time>
        <extensions>
          <ns3:TrackPointExtension>
            <ns3:atemp>27.0</ns3:atemp>
            <ns3:hr>109</ns3:hr>
          </ns3:TrackPointExtension>
        </extensions>
      </trkpt>
      <trkpt lat="36.2341689504683017730712890625" lon="117.1089859306812286376953125">
        <ele>-500</ele>
        <time>2026-09-05T15:35:24.000Z</time>
        <extensions>
          <ns3:TrackPointExtension>
            <ns3:atemp>27.0</ns3:atemp>
            <ns3:hr>110</ns3:hr>
          </ns3:TrackPointExtension>
        </extensions>
      </trkpt>
      <trkpt lat="36.23417942784726619720458984375" lon="117.10897930897772312164306640625">
        <ele>-500</ele>
        <time>2026-09-05T15:35:25.000Z</time>
        <extensions>
          <ns3:TrackPointExtension>
            <ns3:atemp>27.0</ns3:atemp>
            <ns3:hr>111</ns3:hr>
          </ns3:TrackPointExtension>
        </extensions>
      </trkpt>
      <trkpt lat="36.23418848030269145965576171875" lon="117.108975537121295928955078125">
        <ele>-500</ele>
        <time>2026-09-05T15:35:26.000Z</time>
        <extensions>
          <ns3:TrackPointExtension>
            <ns3:atemp>27.0</ns3:atemp>
            <ns3:hr>112</ns3:hr>
          </ns3:TrackPointExtension>
        </extensions>
      </trkpt>
      <trkpt lat="36.234193928539752960205078125" lon="117.1089619584381580352783203125">
        <ele>-500</ele>
        <time>2026-09-05T15:35:28.000Z</time>
        <extensions>
          <ns3:TrackPointExtension>
            <ns3:atemp>27.0</ns3:atemp>
            <ns3:hr>113</ns3:hr>
          </ns3:TrackPointExtension>
        </extensions>
      </trkpt>
      <trkpt lat="36.23420692048966884613037109375" lon="117.1089589409530162811279296875">
        <ele>-500</ele>
        <time>2026-09-05T15:35:30.000Z</time>
        <extensions>
          <ns3:TrackPointExtension>
            <ns3:atemp>27.0</ns3:atemp>
            <ns3:hr>115</ns3:hr>
          </ns3:TrackPointExtension>
        </extensions>
      </trkpt>
      <trkpt lat="36.23421932570636272430419921875" lon="117.10896120406687259674072265625">
        <ele>-500</ele>
        <time>2026-09-05T15:35:31.000Z</time>
        <extensions>
          <ns3:TrackPointExtension>
            <ns3:atemp>27.0</ns3:atemp>
            <ns3:hr>115</ns3:hr>
          </ns3:TrackPointExtension>
        </extensions>
      </trkpt>
      <trkpt lat="36.2342353351414203643798828125" lon="117.10897344164550304412841796875">
        <ele>-500</ele>
        <time>2026-09-05T15:35:33.000Z</time>
        <extensions>
          <ns3:TrackPointExtension>
            <ns3:atemp>27.0</ns3:atemp>
            <ns3:hr>115</ns3:hr>
          </ns3:TrackPointExtension>
        </extensions>
      </trkpt>
      <trkpt lat="36.234243549406528472900390625" lon="117.10897360928356647491455078125">
        <ele>-500</ele>
        <time>2026-09-05T15:35:34.000Z</time>
        <extensions>
          <ns3:TrackPointExtension>
            <ns3:atemp>27.0</ns3:atemp>
            <ns3:hr>115</ns3:hr>
          </ns3:TrackPointExtension>
        </extensions>
      </trkpt>
      <trkpt lat="36.2342499196529388427734375" lon="117.1089689992368221282958984375">
        <ele>-500</ele>
        <time>2026-09-05T15:35:36.000Z</time>
        <extensions>
          <ns3:TrackPointExtension>
            <ns3:atemp>27.0</ns3:atemp>
            <ns3:hr>115</ns3:hr>
          </ns3:TrackPointExtension>
        </extensions>
      </trkpt>
      <trkpt lat="36.2342561222612857818603515625" lon="117.10897360928356647491455078125">
        <ele>-500</ele>
        <time>2026-09-05T15:35:38.000Z</time>
        <extensions>
          <ns3:TrackPointExtension>
            <ns3:atemp>27.0</ns3:atemp>
            <ns3:hr>115</ns3:hr>
          </ns3:TrackPointExtension>
        </extensions>
      </trkpt>
      <trkpt lat="36.23425067402422428131103515625" lon="117.1089773811399936676025390625">
        <ele>-500</ele>
        <time>2026-09-05T15:35:40.000Z</time>
        <extensions>
          <ns3:TrackPointExtension>
            <ns3:atemp>27.0</ns3:atemp>
            <ns3:hr>117</ns3:hr>
          </ns3:TrackPointExtension>
        </extensions>
      </trkpt>
      <trkpt lat="36.23425972647964954376220703125" lon="117.10897855460643768310546875">
        <ele>-500</ele>
        <time>2026-09-05T15:35:42.000Z</time>
        <extensions>
          <ns3:TrackPointExtension>
            <ns3:atemp>27.0</ns3:atemp>
            <ns3:hr>114</ns3:hr>
          </ns3:TrackPointExtension>
        </extensions>
      </trkpt>
      <trkpt lat="36.2342661805450916290283203125" lon="117.10898165591061115264892578125">
        <ele>-500</ele>
        <time>2026-09-05T15:35:43.000Z</time>
        <extensions>
          <ns3:TrackPointExtension>
            <ns3:atemp>27.0</ns3:atemp>
            <ns3:hr>113</ns3:hr>
          </ns3:TrackPointExtension>
        </extensions>
      </trkpt>
      <trkpt lat="36.23426978476345539093017578125" lon="117.1089805662631988525390625">
        <ele>-500</ele>
        <time>2026-09-05T15:35:44.000Z</time>
        <extensions>
          <ns3:TrackPointExtension>
            <ns3:atemp>27.0</ns3:atemp>
            <ns3:hr>115</ns3:hr>
          </ns3:TrackPointExtension>
        </extensions>
      </trkpt>
      <trkpt lat="36.234273724257946014404296875" lon="117.108984254300594329833984375">
        <ele>-500</ele>
        <time>2026-09-05T15:35:45.000Z</time>
        <extensions>
          <ns3:TrackPointExtension>
            <ns3:atemp>27.0</ns3:atemp>
            <ns3:hr>115</ns3:hr>
          </ns3:TrackPointExtension>
        </extensions>
      </trkpt>
      <trkpt lat="36.2342775799334049224853515625" lon="117.10898735560476779937744140625">
        <ele>-500</ele>
        <time>2026-09-05T15:35:47.000Z</time>
        <extensions>
          <ns3:TrackPointExtension>
            <ns3:atemp>27.0</ns3:atemp>
            <ns3:hr>114</ns3:hr>
          </ns3:TrackPointExtension>
        </extensions>
      </trkpt>
      <trkpt lat="36.23429342173039913177490234375" lon="117.10897562094032764434814453125">
        <ele>-500</ele>
        <time>2026-09-05T15:35:50.000Z</time>
        <extensions>
          <ns3:TrackPointExtension>
            <ns3:atemp>27.0</ns3:atemp>
            <ns3:hr>111</ns3:hr>
          </ns3:TrackPointExtension>
        </extensions>
      </trkpt>
      <trkpt lat="36.234311275184154510498046875" lon="117.10895282216370105743408203125">
        <ele>-500</ele>
        <time>2026-09-05T15:35:53.000Z</time>
        <extensions>
          <ns3:TrackPointExtension>
            <ns3:atemp>27.0</ns3:atemp>
            <ns3:hr>109</ns3:hr>
          </ns3:TrackPointExtension>
        </extensions>
      </trkpt>
      <trkpt lat="36.2343144603073596954345703125" lon="117.10895885713398456573486328125">
        <ele>-500</ele>
        <time>2026-09-05T15:35:54.000Z</time>
        <extensions>
          <ns3:TrackPointExtension>
            <ns3:atemp>27.0</ns3:atemp>
            <ns3:hr>110</ns3:hr>
          </ns3:TrackPointExtension>
        </extensions>
      </trkpt>
      <trkpt lat="36.23431538231670856475830078125" lon="117.10894913412630558013916015625">
        <ele>-500</ele>
        <time>2026-09-05T15:35:56.000Z</time>
        <extensions>
          <ns3:TrackPointExtension>
            <ns3:atemp>27.0</ns3:atemp>
            <ns3:hr>110</ns3:hr>
          </ns3:TrackPointExtension>
        </extensions>
      </trkpt>
      <trkpt lat="36.234322674572467803955078125" lon="117.10893924348056316375732421875">
        <ele>-500</ele>
        <time>2026-09-05T15:35:57.000Z</time>
        <extensions>
          <ns3:TrackPointExtension>
            <ns3:atemp>27.0</ns3:atemp>
            <ns3:hr>108</ns3:hr>
          </ns3:TrackPointExtension>
        </extensions>
      </trkpt>
      <trkpt lat="36.23433105647563934326171875" lon="117.10893371142446994781494140625">
        <ele>-500</ele>
        <time>2026-09-05T15:35:58.000Z</time>
        <extensions>
          <ns3:TrackPointExtension>
            <ns3:atemp>27.0</ns3:atemp>
            <ns3:hr>109</ns3:hr>
          </ns3:TrackPointExtension>
        </extensions>
      </trkpt>
      <trkpt lat="36.2343453057110309600830078125" lon="117.1089267544448375701904296875">
        <ele>-500</ele>
        <time>2026-09-05T15:35:59.000Z</time>
        <extensions>
          <ns3:TrackPointExtension>
            <ns3:atemp>27.0</ns3:atemp>
            <ns3:hr>114</ns3:hr>
          </ns3:TrackPointExtension>
        </extensions>
      </trkpt>
      <trkpt lat="36.2343466468155384063720703125" lon="117.10893027484416961669921875">
        <ele>-500</ele>
        <time>2026-09-05T15:36:00.000Z</time>
        <extensions>
          <ns3:TrackPointExtension>
            <ns3:atemp>27.0</ns3:atemp>
            <ns3:hr>114</ns3:hr>
          </ns3:TrackPointExtension>
        </extensions>
      </trkpt>
      <trkpt lat="36.2343426235020160675048828125" lon="117.10892650298774242401123046875">
        <ele>-500</ele>
        <time>2026-09-05T15:36:01.000Z</time>
        <extensions>
          <ns3:TrackPointExtension>
            <ns3:atemp>27.0</ns3:atemp>
            <ns3:hr>114</ns3:hr>
          </ns3:TrackPointExtension>
        </extensions>
      </trkpt>
      <trkpt lat="36.23435092158615589141845703125" lon="117.10893421433866024017333984375">
        <ele>-500</ele>
        <time>2026-09-05T15:36:02.000Z</time>
        <extensions>
          <ns3:TrackPointExtension>
            <ns3:atemp>27.0</ns3:atemp>
            <ns3:hr>114</ns3:hr>
          </ns3:TrackPointExtension>
        </extensions>
      </trkpt>
      <trkpt lat="36.2343681044876575469970703125" lon="117.10893002338707447052001953125">
        <ele>-500</ele>
        <time>2026-09-05T15:36:04.000Z</time>
        <extensions>
          <ns3:TrackPointExtension>
            <ns3:atemp>27.0</ns3:atemp>
            <ns3:hr>115</ns3:hr>
          </ns3:TrackPointExtension>
        </extensions>
      </trkpt>
      <trkpt lat="36.23437120579183101654052734375" lon="117.1089291013777256011962890625">
        <ele>-500</ele>
        <time>2026-09-05T15:36:05.000Z</time>
        <extensions>
          <ns3:TrackPointExtension>
            <ns3:atemp>27.0</ns3:atemp>
            <ns3:hr>111</ns3:hr>
          </ns3:TrackPointExtension>
        </extensions>
      </trkpt>
      <trkpt lat="36.23437690548598766326904296875" lon="117.108933627605438232421875">
        <ele>-500</ele>
        <time>2026-09-05T15:36:06.000Z</time>
        <extensions>
          <ns3:TrackPointExtension>
            <ns3:atemp>27.0</ns3:atemp>
            <ns3:hr>112</ns3:hr>
          </ns3:TrackPointExtension>
        </extensions>
      </trkpt>
      <trkpt lat="36.2343784980475902557373046875" lon="117.10893589071929454803466796875">
        <ele>-500</ele>
        <time>2026-09-05T15:36:09.000Z</time>
        <extensions>
          <ns3:TrackPointExtension>
            <ns3:atemp>27.0</ns3:atemp>
            <ns3:hr>112</ns3:hr>
          </ns3:TrackPointExtension>
        </extensions>
      </trkpt>
      <trkpt lat="36.23438126407563686370849609375" lon="117.10893220268189907073974609375">
        <ele>-500</ele>
        <time>2026-09-05T15:36:10.000Z</time>
        <extensions>
          <ns3:TrackPointExtension>
            <ns3:atemp>27.0</ns3:atemp>
            <ns3:hr>113</ns3:hr>
          </ns3:TrackPointExtension>
        </extensions>
      </trkpt>
      <trkpt lat="36.23438310809433460235595703125" lon="117.108929939568042755126953125">
        <ele>-500</ele>
        <time>2026-09-05T15:36:11.000Z</time>
        <extensions>
          <ns3:TrackPointExtension>
            <ns3:atemp>27.0</ns3:atemp>
            <ns3:hr>114</ns3:hr>
          </ns3:TrackPointExtension>
        </extensions>
      </trkpt>
      <trkpt lat="36.2343898974359035491943359375" lon="117.10893505252897739410400390625">
        <ele>-500</ele>
        <time>2026-09-05T15:36:13.000Z</time>
        <extensions>
          <ns3:TrackPointExtension>
            <ns3:atemp>27.0</ns3:atemp>
            <ns3:hr>117</ns3:hr>
          </ns3:TrackPointExtension>
        </extensions>
      </trkpt>
      <trkpt lat="36.23439014889299869537353515625" lon="117.10894159041345119476318359375">
        <ele>-500</ele>
        <time>2026-09-05T15:36:15.000Z</time>
        <extensions>
          <ns3:TrackPointExtension>
            <ns3:atemp>27.0</ns3:atemp>
            <ns3:hr>116</ns3:hr>
          </ns3:TrackPointExtension>
        </extensions>
      </trkpt>
      <trkpt lat="36.2343989498913288116455078125" lon="117.1089371480047702789306640625">
        <ele>-500</ele>
        <time>2026-09-05T15:36:17.000Z</time>
        <extensions>
          <ns3:TrackPointExtension>
            <ns3:atemp>27.0</ns3:atemp>
            <ns3:hr>115</ns3:hr>
          </ns3:TrackPointExtension>
        </extensions>
      </trkpt>
      <trkpt lat="36.23441177420318126678466796875" lon="117.1089321188628673553466796875">
        <ele>-500</ele>
        <time>2026-09-05T15:36:19.000Z</time>
        <extensions>
          <ns3:TrackPointExtension>
            <ns3:atemp>27.0</ns3:atemp>
            <ns3:hr>114</ns3:hr>
          </ns3:TrackPointExtension>
        </extensions>
      </trkpt>
      <trkpt lat="36.23442501761019229888916015625" lon="117.1089381538331508636474609375">
        <ele>-500</ele>
        <time>2026-09-05T15:36:20.000Z</time>
        <extensions>
          <ns3:TrackPointExtension>
            <ns3:atemp>27.0</ns3:atemp>
            <ns3:hr>114</ns3:hr>
          </ns3:TrackPointExtension>
        </extensions>
      </trkpt>
      <trkpt lat="36.23443759046494960784912109375" lon="117.10894527845084667205810546875">
        <ele>-500</ele>
        <time>2026-09-05T15:36:21.000Z</time>
        <extensions>
          <ns3:TrackPointExtension>
            <ns3:atemp>27.0</ns3:atemp>
            <ns3:hr>113</ns3:hr>
          </ns3:TrackPointExtension>
        </extensions>
      </trkpt>
      <trkpt lat="36.2344408594071865081787109375" lon="117.108944691717624664306640625">
        <ele>-500</ele>
        <time>2026-09-05T15:36:22.000Z</time>
        <extensions>
          <ns3:TrackPointExtension>
            <ns3:atemp>27.0</ns3:atemp>
            <ns3:hr>116</ns3:hr>
          </ns3:TrackPointExtension>
        </extensions>
      </trkpt>
      <trkpt lat="36.23444161377847194671630859375" lon="117.108921892940998077392578125">
        <ele>-500</ele>
        <time>2026-09-05T15:36:25.000Z</time>
        <extensions>
          <ns3:TrackPointExtension>
            <ns3:atemp>27.0</ns3:atemp>
            <ns3:hr>113</ns3:hr>
          </ns3:TrackPointExtension>
        </extensions>
      </trkpt>
      <trkpt lat="36.23445049859583377838134765625" lon="117.10891778580844402313232421875">
        <ele>-500</ele>
        <time>2026-09-05T15:36:29.000Z</time>
        <extensions>
          <ns3:TrackPointExtension>
            <ns3:atemp>27.0</ns3:atemp>
            <ns3:hr>113</ns3:hr>
          </ns3:TrackPointExtension>
        </extensions>
      </trkpt>
      <trkpt lat="36.23444505035877227783203125" lon="117.10891024209558963775634765625">
        <ele>-500</ele>
        <time>2026-09-05T15:36:30.000Z</time>
        <extensions>
          <ns3:TrackPointExtension>
            <ns3:atemp>27.0</ns3:atemp>
            <ns3:hr>111</ns3:hr>
          </ns3:TrackPointExtension>
        </extensions>
      </trkpt>
      <trkpt lat="36.234445385634899139404296875" lon="117.10890722461044788360595703125">
        <ele>-500</ele>
        <time>2026-09-05T15:36:31.000Z</time>
        <extensions>
          <ns3:TrackPointExtension>
            <ns3:atemp>27.0</ns3:atemp>
            <ns3:hr>112</ns3:hr>
          </ns3:TrackPointExtension>
        </extensions>
      </trkpt>
      <trkpt lat="36.234446056187152862548828125" lon="117.10890571586787700653076171875">
        <ele>-500</ele>
        <time>2026-09-05T15:36:32.000Z</time>
        <extensions>
          <ns3:TrackPointExtension>
            <ns3:atemp>27.0</ns3:atemp>
            <ns3:hr>113</ns3:hr>
          </ns3:TrackPointExtension>
        </extensions>
      </trkpt>
      <trkpt lat="36.2344532646238803863525390625" lon="117.10890286602079868316650390625">
        <ele>-500</ele>
        <time>2026-09-05T15:36:33.000Z</time>
        <extensions>
          <ns3:TrackPointExtension>
            <ns3:atemp>27.0</ns3:atemp>
            <ns3:hr>113</ns3:hr>
          </ns3:TrackPointExtension>
        </extensions>
      </trkpt>
      <trkpt lat="36.2344596348702907562255859375" lon="117.10890077054500579833984375">
        <ele>-500</ele>
        <time>2026-09-05T15:36:34.000Z</time>
        <extensions>
          <ns3:TrackPointExtension>
            <ns3:atemp>27.0</ns3:atemp>
            <ns3:hr>114</ns3:hr>
          </ns3:TrackPointExtension>
        </extensions>
      </trkpt>
      <trkpt lat="36.234463155269622802734375" lon="117.1088989265263080596923828125">
        <ele>-500</ele>
        <time>2026-09-05T15:36:35.000Z</time>
        <extensions>
          <ns3:TrackPointExtension>
            <ns3:atemp>27.0</ns3:atemp>
            <ns3:hr>114</ns3:hr>
          </ns3:TrackPointExtension>
        </extensions>
      </trkpt>
      <trkpt lat="36.2344639934599399566650390625" lon="117.108895741403102874755859375">
        <ele>-500</ele>
        <time>2026-09-05T15:36:36.000Z</time>
        <extensions>
          <ns3:TrackPointExtension>
            <ns3:atemp>27.0</ns3:atemp>
            <ns3:hr>115</ns3:hr>
          </ns3:TrackPointExtension>
        </extensions>
      </trkpt>
      <trkpt lat="36.23446390964090824127197265625" lon="117.10889406502246856689453125">
        <ele>-500</ele>
        <time>2026-09-05T15:36:37.000Z</time>
        <extensions>
          <ns3:TrackPointExtension>
            <ns3:atemp>27.0</ns3:atemp>
            <ns3:hr>115</ns3:hr>
          </ns3:TrackPointExtension>
        </extensions>
      </trkpt>
      <trkpt lat="36.23446759767830371856689453125" lon="117.10888962261378765106201171875">
        <ele>-500</ele>
        <time>2026-09-05T15:36:38.000Z</time>
        <extensions>
          <ns3:TrackPointExtension>
            <ns3:atemp>27.0</ns3:atemp>
            <ns3:hr>114</ns3:hr>
          </ns3:TrackPointExtension>
        </extensions>
      </trkpt>
      <trkpt lat="36.234482936561107635498046875" lon="117.1088840067386627197265625">
        <ele>-500</ele>
        <time>2026-09-05T15:36:40.000Z</time>
        <extensions>
          <ns3:TrackPointExtension>
            <ns3:atemp>27.0</ns3:atemp>
            <ns3:hr>113</ns3:hr>
          </ns3:TrackPointExtension>
        </extensions>
      </trkpt>
      <trkpt lat="36.234496347606182098388671875" lon="117.10887872613966464996337890625">
        <ele>-500</ele>
        <time>2026-09-05T15:36:42.000Z</time>
        <extensions>
          <ns3:TrackPointExtension>
            <ns3:atemp>27.0</ns3:atemp>
            <ns3:hr>112</ns3:hr>
          </ns3:TrackPointExtension>
        </extensions>
      </trkpt>
      <trkpt lat="36.23449894599616527557373046875" lon="117.10887503810226917266845703125">
        <ele>-500</ele>
        <time>2026-09-05T15:36:43.000Z</time>
        <extensions>
          <ns3:TrackPointExtension>
            <ns3:atemp>27.0</ns3:atemp>
            <ns3:hr>111</ns3:hr>
          </ns3:TrackPointExtension>
        </extensions>
      </trkpt>
      <trkpt lat="36.2345025502145290374755859375" lon="117.108872942626476287841796875">
        <ele>-500</ele>
        <time>2026-09-05T15:36:44.000Z</time>
        <extensions>
          <ns3:TrackPointExtension>
            <ns3:atemp>27.0</ns3:atemp>
            <ns3:hr>110</ns3:hr>
          </ns3:TrackPointExtension>
        </extensions>
      </trkpt>
      <trkpt lat="36.2345109321177005767822265625" lon="117.10887034423649311065673828125">
        <ele>-500</ele>
        <time>2026-09-05T15:36:45.000Z</time>
        <extensions>
          <ns3:TrackPointExtension>
            <ns3:atemp>27.0</ns3:atemp>
            <ns3:hr>109</ns3:hr>
          </ns3:TrackPointExtension>
        </extensions>
      </trkpt>
      <trkpt lat="36.2345092557370662689208984375" lon="117.10886850021779537200927734375">
        <ele>-500</ele>
        <time>2026-09-05T15:36:46.000Z</time>
        <extensions>
          <ns3:TrackPointExtension>
            <ns3:atemp>27.0</ns3:atemp>
            <ns3:hr>109</ns3:hr>
          </ns3:TrackPointExtension>
        </extensions>
      </trkpt>
      <trkpt lat="36.23451210558414459228515625" lon="117.10886514745652675628662109375">
        <ele>-500</ele>
        <time>2026-09-05T15:36:47.000Z</time>
        <extensions>
          <ns3:TrackPointExtension>
            <ns3:atemp>27.0</ns3:atemp>
            <ns3:hr>109</ns3:hr>
          </ns3:TrackPointExtension>
        </extensions>
      </trkpt>
      <trkpt lat="36.2345152907073497772216796875" lon="117.10885827429592609405517578125">
        <ele>-500</ele>
        <time>2026-09-05T15:36:48.000Z</time>
        <extensions>
          <ns3:TrackPointExtension>
            <ns3:atemp>27.0</ns3:atemp>
            <ns3:hr>109</ns3:hr>
          </ns3:TrackPointExtension>
        </extensions>
      </trkpt>
      <trkpt lat="36.2345208227634429931640625" lon="117.108856849372386932373046875">
        <ele>-500</ele>
        <time>2026-09-05T15:36:49.000Z</time>
        <extensions>
          <ns3:TrackPointExtension>
            <ns3:atemp>27.0</ns3:atemp>
            <ns3:hr>109</ns3:hr>
          </ns3:TrackPointExtension>
        </extensions>
      </trkpt>
      <trkpt lat="36.23452526517212390899658203125" lon="117.10885894484817981719970703125">
        <ele>-500</ele>
        <time>2026-09-05T15:36:50.000Z</time>
        <extensions>
          <ns3:TrackPointExtension>
            <ns3:atemp>27.0</ns3:atemp>
            <ns3:hr>109</ns3:hr>
          </ns3:TrackPointExtension>
        </extensions>
      </trkpt>
      <trkpt lat="36.2345421127974987030029296875" lon="117.10884888656437397003173828125">
        <ele>-500</ele>
        <time>2026-09-05T15:36:52.000Z</time>
        <extensions>
          <ns3:TrackPointExtension>
            <ns3:atemp>27.0</ns3:atemp>
            <ns3:hr>108</ns3:hr>
          </ns3:TrackPointExtension>
        </extensions>
      </trkpt>
      <trkpt lat="36.23457220382988452911376953125" lon="117.10882742889225482940673828125">
        <ele>-500</ele>
        <time>2026-09-05T15:36:59.000Z</time>
        <extensions>
          <ns3:TrackPointExtension>
            <ns3:atemp>27.0</ns3:atemp>
            <ns3:hr>107</ns3:hr>
          </ns3:TrackPointExtension>
        </extensions>
      </trkpt>
      <trkpt lat="36.23457320965826511383056640625" lon="117.10881359875202178955078125">
        <ele>-500</ele>
        <time>2026-09-05T15:37:01.000Z</time>
        <extensions>
          <ns3:TrackPointExtension>
            <ns3:atemp>27.0</ns3:atemp>
            <ns3:hr>108</ns3:hr>
          </ns3:TrackPointExtension>
        </extensions>
      </trkpt>
      <trkpt lat="36.23457379639148712158203125" lon="117.10881183855235576629638671875">
        <ele>-500</ele>
        <time>2026-09-05T15:37:02.000Z</time>
        <extensions>
          <ns3:TrackPointExtension>
            <ns3:atemp>27.0</ns3:atemp>
            <ns3:hr>108</ns3:hr>
          </ns3:TrackPointExtension>
        </extensions>
      </trkpt>
      <trkpt lat="36.23457840643823146820068359375" lon="117.108808569610118865966796875">
        <ele>-500</ele>
        <time>2026-09-05T15:37:03.000Z</time>
        <extensions>
          <ns3:TrackPointExtension>
            <ns3:atemp>27.0</ns3:atemp>
            <ns3:hr>108</ns3:hr>
          </ns3:TrackPointExtension>
        </extensions>
      </trkpt>
      <trkpt lat="36.23458494432270526885986328125" lon="117.10880957543849945068359375">
        <ele>-500</ele>
        <time>2026-09-05T15:37:05.000Z</time>
        <extensions>
          <ns3:TrackPointExtension>
            <ns3:atemp>27.0</ns3:atemp>
            <ns3:hr>111</ns3:hr>
          </ns3:TrackPointExtension>
        </extensions>
      </trkpt>
      <trkpt lat="36.2345937453210353851318359375" lon="117.10881234146654605865478515625">
        <ele>-500</ele>
        <time>2026-09-05T15:37:06.000Z</time>
        <extensions>
          <ns3:TrackPointExtension>
            <ns3:atemp>27.0</ns3:atemp>
            <ns3:hr>109</ns3:hr>
          </ns3:TrackPointExtension>
        </extensions>
      </trkpt>
      <trkpt lat="36.23460891656577587127685546875" lon="117.108806557953357696533203125">
        <ele>-500</ele>
        <time>2026-09-05T15:37:07.000Z</time>
        <extensions>
          <ns3:TrackPointExtension>
            <ns3:atemp>27.0</ns3:atemp>
            <ns3:hr>109</ns3:hr>
          </ns3:TrackPointExtension>
        </extensions>
      </trkpt>
      <trkpt lat="36.23461897484958171844482421875" lon="117.1088037081062793731689453125">
        <ele>-500</ele>
        <time>2026-09-05T15:37:08.000Z</time>
        <extensions>
          <ns3:TrackPointExtension>
            <ns3:atemp>27.0</ns3:atemp>
            <ns3:hr>109</ns3:hr>
          </ns3:TrackPointExtension>
        </extensions>
      </trkpt>
      <trkpt lat="36.2346255965530872344970703125" lon="117.1088003553450107574462890625">
        <ele>-500</ele>
        <time>2026-09-05T15:37:09.000Z</time>
        <extensions>
          <ns3:TrackPointExtension>
            <ns3:atemp>27.0</ns3:atemp>
            <ns3:hr>109</ns3:hr>
          </ns3:TrackPointExtension>
        </extensions>
      </trkpt>
      <trkpt lat="36.2346393428742885589599609375" lon="117.10879658348858356475830078125">
        <ele>-500</ele>
        <time>2026-09-05T15:37:10.000Z</time>
        <extensions>
          <ns3:TrackPointExtension>
            <ns3:atemp>27.0</ns3:atemp>
            <ns3:hr>109</ns3:hr>
          </ns3:TrackPointExtension>
        </extensions>
      </trkpt>
      <trkpt lat="36.23465686105191707611083984375" lon="117.1087956614792346954345703125">
        <ele>-500</ele>
        <time>2026-09-05T15:37:11.000Z</time>
        <extensions>
          <ns3:TrackPointExtension>
            <ns3:atemp>27.0</ns3:atemp>
            <ns3:hr>110</ns3:hr>
          </ns3:TrackPointExtension>
        </extensions>
      </trkpt>
      <trkpt lat="36.23466909863054752349853515625" lon="117.10879348218441009521484375">
        <ele>-500</ele>
        <time>2026-09-05T15:37:12.000Z</time>
        <extensions>
          <ns3:TrackPointExtension>
            <ns3:atemp>27.0</ns3:atemp>
            <ns3:hr>110</ns3:hr>
          </ns3:TrackPointExtension>
        </extensions>
      </trkpt>
      <trkpt lat="36.23468217439949512481689453125" lon="117.108788453042507171630859375">
        <ele>-500</ele>
        <time>2026-09-05T15:37:13.000Z</time>
        <extensions>
          <ns3:TrackPointExtension>
            <ns3:atemp>27.0</ns3:atemp>
            <ns3:hr>112</ns3:hr>
          </ns3:TrackPointExtension>
        </extensions>
      </trkpt>
      <trkpt lat="36.234688125550746917724609375" lon="117.10878300480544567108154296875">
        <ele>-500</ele>
        <time>2026-09-05T15:37:14.000Z</time>
        <extensions>
          <ns3:TrackPointExtension>
            <ns3:atemp>27.0</ns3:atemp>
            <ns3:hr>115</ns3:hr>
          </ns3:TrackPointExtension>
        </extensions>
      </trkpt>
      <trkpt lat="36.234683431684970855712890625" lon="117.1087705157697200775146484375">
        <ele>-500</ele>
        <time>2026-09-05T15:37:15.000Z</time>
        <extensions>
          <ns3:TrackPointExtension>
            <ns3:atemp>27.0</ns3:atemp>
            <ns3:hr>113</ns3:hr>
          </ns3:TrackPointExtension>
        </extensions>
      </trkpt>
      <trkpt lat="36.23467865400016307830810546875" lon="117.1087574400007724761962890625">
        <ele>-500</ele>
        <time>2026-09-05T15:37:16.000Z</time>
        <extensions>
          <ns3:TrackPointExtension>
            <ns3:atemp>27.0</ns3:atemp>
            <ns3:hr>115</ns3:hr>
          </ns3:TrackPointExtension>
        </extensions>
      </trkpt>
      <trkpt lat="36.23466457240283489227294921875" lon="117.10874880664050579071044921875">
        <ele>-500</ele>
        <time>2026-09-05T15:37:17.000Z</time>
        <extensions>
          <ns3:TrackPointExtension>
            <ns3:atemp>27.0</ns3:atemp>
            <ns3:hr>117</ns3:hr>
          </ns3:TrackPointExtension>
        </extensions>
      </trkpt>
      <trkpt lat="36.2346705235540866851806640625" lon="117.10874679498374462127685546875">
        <ele>-500</ele>
        <time>2026-09-05T15:37:18.000Z</time>
        <extensions>
          <ns3:TrackPointExtension>
            <ns3:atemp>27.0</ns3:atemp>
            <ns3:hr>117</ns3:hr>
          </ns3:TrackPointExtension>
        </extensions>
      </trkpt>
      <trkpt lat="36.23467178083956241607666015625" lon="117.1087483875453472137451171875">
        <ele>-500</ele>
        <time>2026-09-05T15:37:19.000Z</time>
        <extensions>
          <ns3:TrackPointExtension>
            <ns3:atemp>27.0</ns3:atemp>
            <ns3:hr>118</ns3:hr>
          </ns3:TrackPointExtension>
        </extensions>
      </trkpt>
      <trkpt lat="36.23466758988797664642333984375" lon="117.1087446995079517364501953125">
        <ele>-500</ele>
        <time>2026-09-05T15:37:20.000Z</time>
        <extensions>
          <ns3:TrackPointExtension>
            <ns3:atemp>27.0</ns3:atemp>
            <ns3:hr>118</ns3:hr>
          </ns3:TrackPointExtension>
        </extensions>
      </trkpt>
      <trkpt lat="36.2346638180315494537353515625" lon="117.10874059237539768218994140625">
        <ele>-500</ele>
        <time>2026-09-05T15:37:21.000Z</time>
        <extensions>
          <ns3:TrackPointExtension>
            <ns3:atemp>27.0</ns3:atemp>
            <ns3:hr>119</ns3:hr>
          </ns3:TrackPointExtension>
        </extensions>
      </trkpt>
      <trkpt lat="36.23466909863054752349853515625" lon="117.10874193347990512847900390625">
        <ele>-500</ele>
        <time>2026-09-05T15:37:22.000Z</time>
        <extensions>
          <ns3:TrackPointExtension>
            <ns3:atemp>27.0</ns3:atemp>
            <ns3:hr>119</ns3:hr>
          </ns3:TrackPointExtension>
        </extensions>
      </trkpt>
      <trkpt lat="36.2346675060689449310302734375" lon="117.10874226875603199005126953125">
        <ele>-500</ele>
        <time>2026-09-05T15:37:23.000Z</time>
        <extensions>
          <ns3:TrackPointExtension>
            <ns3:atemp>27.0</ns3:atemp>
            <ns3:hr>119</ns3:hr>
          </ns3:TrackPointExtension>
        </extensions>
      </trkpt>
      <trkpt lat="36.23466909863054752349853515625" lon="117.1087446995079517364501953125">
        <ele>-500</ele>
        <time>2026-09-05T15:37:24.000Z</time>
        <extensions>
          <ns3:TrackPointExtension>
            <ns3:atemp>27.0</ns3:atemp>
            <ns3:hr>120</ns3:hr>
          </ns3:TrackPointExtension>
        </extensions>
      </trkpt>
      <trkpt lat="36.234661303460597991943359375" lon="117.10874528624117374420166015625">
        <ele>-500</ele>
        <time>2026-09-05T15:37:25.000Z</time>
        <extensions>
          <ns3:TrackPointExtension>
            <ns3:atemp>27.0</ns3:atemp>
            <ns3:hr>123</ns3:hr>
          </ns3:TrackPointExtension>
        </extensions>
      </trkpt>
      <trkpt lat="36.23465149663388729095458984375" lon="117.108747549355030059814453125">
        <ele>-500</ele>
        <time>2026-09-05T15:37:26.000Z</time>
        <extensions>
          <ns3:TrackPointExtension>
            <ns3:atemp>27.0</ns3:atemp>
            <ns3:hr>121</ns3:hr>
          </ns3:TrackPointExtension>
        </extensions>
      </trkpt>
      <trkpt lat="36.2346470542252063751220703125" lon="117.10874562151730060577392578125">
        <ele>-500</ele>
        <time>2026-09-05T15:37:27.000Z</time>
        <extensions>
          <ns3:TrackPointExtension>
            <ns3:atemp>27.0</ns3:atemp>
            <ns3:hr>122</ns3:hr>
          </ns3:TrackPointExtension>
        </extensions>
      </trkpt>
      <trkpt lat="36.23464026488363742828369140625" lon="117.10875199176371097564697265625">
        <ele>-500</ele>
        <time>2026-09-05T15:37:28.000Z</time>
        <extensions>
          <ns3:TrackPointExtension>
            <ns3:atemp>27.0</ns3:atemp>
            <ns3:hr>125</ns3:hr>
          </ns3:TrackPointExtension>
        </extensions>
      </trkpt>
      <trkpt lat="36.23463288880884647369384765625" lon="117.10875484161078929901123046875">
        <ele>-500</ele>
        <time>2026-09-05T15:37:29.000Z</time>
        <extensions>
          <ns3:TrackPointExtension>
            <ns3:atemp>27.0</ns3:atemp>
            <ns3:hr>123</ns3:hr>
          </ns3:TrackPointExtension>
        </extensions>
      </trkpt>
      <trkpt lat="36.2346302904188632965087890625" lon="117.10875459015369415283203125">
        <ele>-500</ele>
        <time>2026-09-05T15:37:30.000Z</time>
        <extensions>
          <ns3:TrackPointExtension>
            <ns3:atemp>27.0</ns3:atemp>
            <ns3:hr>125</ns3:hr>
          </ns3:TrackPointExtension>
        </extensions>
      </trkpt>
      <trkpt lat="36.23462987132370471954345703125" lon="117.1087525784969329833984375">
        <ele>-500</ele>
        <time>2026-09-05T15:37:31.000Z</time>
        <extensions>
          <ns3:TrackPointExtension>
            <ns3:atemp>27.0</ns3:atemp>
            <ns3:hr>127</ns3:hr>
          </ns3:TrackPointExtension>
        </extensions>
      </trkpt>
      <trkpt lat="36.234623752534389495849609375" lon="117.1087430231273174285888671875">
        <ele>-500</ele>
        <time>2026-09-05T15:37:32.000Z</time>
        <extensions>
          <ns3:TrackPointExtension>
            <ns3:atemp>27.0</ns3:atemp>
            <ns3:hr>128</ns3:hr>
          </ns3:TrackPointExtension>
        </extensions>
      </trkpt>
      <trkpt lat="36.23462601564824581146240234375" lon="117.1087299473583698272705078125">
        <ele>-500</ele>
        <time>2026-09-05T15:37:33.000Z</time>
        <extensions>
          <ns3:TrackPointExtension>
            <ns3:atemp>27.0</ns3:atemp>
            <ns3:hr>128</ns3:hr>
          </ns3:TrackPointExtension>
        </extensions>
      </trkpt>
      <trkpt lat="36.2346323020756244659423828125" lon="117.10872500203549861907958984375">
        <ele>-500</ele>
        <time>2026-09-05T15:37:35.000Z</time>
        <extensions>
          <ns3:TrackPointExtension>
            <ns3:atemp>27.0</ns3:atemp>
            <ns3:hr>128</ns3:hr>
          </ns3:TrackPointExtension>
        </extensions>
      </trkpt>
      <trkpt lat="36.23463758267462253570556640625" lon="117.1087188832461833953857421875">
        <ele>-500</ele>
        <time>2026-09-05T15:37:36.000Z</time>
        <extensions>
          <ns3:TrackPointExtension>
            <ns3:atemp>27.0</ns3:atemp>
            <ns3:hr>130</ns3:hr>
          </ns3:TrackPointExtension>
        </extensions>
      </trkpt>
      <trkpt lat="36.23464646749198436737060546875" lon="117.10871460847556591033935546875">
        <ele>-500</ele>
        <time>2026-09-05T15:37:37.000Z</time>
        <extensions>
          <ns3:TrackPointExtension>
            <ns3:atemp>27.0</ns3:atemp>
            <ns3:hr>131</ns3:hr>
          </ns3:TrackPointExtension>
        </extensions>
      </trkpt>
      <trkpt lat="36.23465317301452159881591796875" lon="117.10871008224785327911376953125">
        <ele>-500</ele>
        <time>2026-09-05T15:37:38.000Z</time>
        <extensions>
          <ns3:TrackPointExtension>
            <ns3:atemp>27.0</ns3:atemp>
            <ns3:hr>130</ns3:hr>
          </ns3:TrackPointExtension>
        </extensions>
      </trkpt>
      <trkpt lat="36.2346708588302135467529296875" lon="117.10870019160211086273193359375">
        <ele>-500</ele>
        <time>2026-09-05T15:37:40.000Z</time>
        <extensions>
          <ns3:TrackPointExtension>
            <ns3:atemp>27.0</ns3:atemp>
            <ns3:hr>129</ns3:hr>
          </ns3:TrackPointExtension>
        </extensions>
      </trkpt>
      <trkpt lat="36.23469105921685695648193359375" lon="117.1087108366191387176513671875">
        <ele>-500</ele>
        <time>2026-09-05T15:37:42.000Z</time>
        <extensions>
          <ns3:TrackPointExtension>
            <ns3:atemp>27.0</ns3:atemp>
            <ns3:hr>130</ns3:hr>
          </ns3:TrackPointExtension>
        </extensions>
      </trkpt>
      <trkpt lat="36.23468401841819286346435546875" lon="117.10871167480945587158203125">
        <ele>-500</ele>
        <time>2026-09-05T15:37:43.000Z</time>
        <extensions>
          <ns3:TrackPointExtension>
            <ns3:atemp>27.0</ns3:atemp>
            <ns3:hr>132</ns3:hr>
          </ns3:TrackPointExtension>
        </extensions>
      </trkpt>
      <trkpt lat="36.2346871197223663330078125" lon="117.10871410556137561798095703125">
        <ele>-500</ele>
        <time>2026-09-05T15:37:44.000Z</time>
        <extensions>
          <ns3:TrackPointExtension>
            <ns3:atemp>27.0</ns3:atemp>
            <ns3:hr>132</ns3:hr>
          </ns3:TrackPointExtension>
        </extensions>
      </trkpt>
      <trkpt lat="36.23468804173171520233154296875" lon="117.10871167480945587158203125">
        <ele>-500</ele>
        <time>2026-09-05T15:37:45.000Z</time>
        <extensions>
          <ns3:TrackPointExtension>
            <ns3:atemp>27.0</ns3:atemp>
            <ns3:hr>133</ns3:hr>
          </ns3:TrackPointExtension>
        </extensions>
      </trkpt>
      <trkpt lat="36.23467312194406986236572265625" lon="117.10868627764284610748291015625">
        <ele>-500</ele>
        <time>2026-09-05T15:37:47.000Z</time>
        <extensions>
          <ns3:TrackPointExtension>
            <ns3:atemp>27.0</ns3:atemp>
            <ns3:hr>133</ns3:hr>
          </ns3:TrackPointExtension>
        </extensions>
      </trkpt>
      <trkpt lat="36.2346708588302135467529296875" lon="117.1086706034839153289794921875">
        <ele>-500</ele>
        <time>2026-09-05T15:37:48.000Z</time>
        <extensions>
          <ns3:TrackPointExtension>
            <ns3:atemp>27.0</ns3:atemp>
            <ns3:hr>133</ns3:hr>
          </ns3:TrackPointExtension>
        </extensions>
      </trkpt>
      <trkpt lat="36.234665326774120330810546875" lon="117.10865409113466739654541015625">
        <ele>-500</ele>
        <time>2026-09-05T15:37:52.000Z</time>
        <extensions>
          <ns3:TrackPointExtension>
            <ns3:atemp>27.0</ns3:atemp>
            <ns3:hr>130</ns3:hr>
          </ns3:TrackPointExtension>
        </extensions>
      </trkpt>
      <trkpt lat="36.234685443341732025146484375" lon="117.10865534842014312744140625">
        <ele>-500</ele>
        <time>2026-09-05T15:37:55.000Z</time>
        <extensions>
          <ns3:TrackPointExtension>
            <ns3:atemp>27.0</ns3:atemp>
            <ns3:hr>130</ns3:hr>
          </ns3:TrackPointExtension>
        </extensions>
      </trkpt>
      <trkpt lat="36.2346923165023326873779296875" lon="117.10865006782114505767822265625">
        <ele>-500</ele>
        <time>2026-09-05T15:37:57.000Z</time>
        <extensions>
          <ns3:TrackPointExtension>
            <ns3:atemp>27.0</ns3:atemp>
            <ns3:hr>130</ns3:hr>
          </ns3:TrackPointExtension>
        </extensions>
      </trkpt>
      <trkpt lat="36.23469089157879352569580078125" lon="117.10865157656371593475341796875">
        <ele>-500</ele>
        <time>2026-09-05T15:37:58.000Z</time>
        <extensions>
          <ns3:TrackPointExtension>
            <ns3:atemp>27.0</ns3:atemp>
            <ns3:hr>133</ns3:hr>
          </ns3:TrackPointExtension>
        </extensions>
      </trkpt>
      <trkpt lat="36.2346929870545864105224609375" lon="117.10865308530628681182861328125">
        <ele>-500</ele>
        <time>2026-09-05T15:37:59.000Z</time>
        <extensions>
          <ns3:TrackPointExtension>
            <ns3:atemp>27.0</ns3:atemp>
            <ns3:hr>130</ns3:hr>
          </ns3:TrackPointExtension>
        </extensions>
      </trkpt>
      <trkpt lat="36.2346943281590938568115234375" lon="117.108654342591762542724609375">
        <ele>-500</ele>
        <time>2026-09-05T15:38:00.000Z</time>
        <extensions>
          <ns3:TrackPointExtension>
            <ns3:atemp>27.0</ns3:atemp>
            <ns3:hr>130</ns3:hr>
          </ns3:TrackPointExtension>
        </extensions>
      </trkpt>
      <trkpt lat="36.23469608835875988006591796875" lon="117.108651660382747650146484375">
        <ele>-500</ele>
        <time>2026-09-05T15:38:01.000Z</time>
        <extensions>
          <ns3:TrackPointExtension>
            <ns3:atemp>27.0</ns3:atemp>
            <ns3:hr>131</ns3:hr>
          </ns3:TrackPointExtension>
        </extensions>
      </trkpt>
      <trkpt lat="36.2346966750919818878173828125" lon="117.10864420048892498016357421875">
        <ele>-500</ele>
        <time>2026-09-05T15:38:02.000Z</time>
        <extensions>
          <ns3:TrackPointExtension>
            <ns3:atemp>27.0</ns3:atemp>
            <ns3:hr>130</ns3:hr>
          </ns3:TrackPointExtension>
        </extensions>
      </trkpt>
      <trkpt lat="36.2346943281590938568115234375" lon="117.108637578785419464111328125">
        <ele>-500</ele>
        <time>2026-09-05T15:38:03.000Z</time>
        <extensions>
          <ns3:TrackPointExtension>
            <ns3:atemp>27.0</ns3:atemp>
            <ns3:hr>130</ns3:hr>
          </ns3:TrackPointExtension>
        </extensions>
      </trkpt>
      <trkpt lat="36.234694160521030426025390625" lon="117.10864118300378322601318359375">
        <ele>-500</ele>
        <time>2026-09-05T15:38:04.000Z</time>
        <extensions>
          <ns3:TrackPointExtension>
            <ns3:atemp>27.0</ns3:atemp>
            <ns3:hr>129</ns3:hr>
          </ns3:TrackPointExtension>
        </extensions>
      </trkpt>
      <trkpt lat="36.2346899695694446563720703125" lon="117.108646295964717864990234375">
        <ele>-500</ele>
        <time>2026-09-05T15:38:06.000Z</time>
        <extensions>
          <ns3:TrackPointExtension>
            <ns3:atemp>27.0</ns3:atemp>
            <ns3:hr>129</ns3:hr>
          </ns3:TrackPointExtension>
        </extensions>
      </trkpt>
      <trkpt lat="36.2346621416509151458740234375" lon="117.1086240001022815704345703125">
        <ele>-500</ele>
        <time>2026-09-05T15:38:08.000Z</time>
        <extensions>
          <ns3:TrackPointExtension>
            <ns3:atemp>27.0</ns3:atemp>
            <ns3:hr>128</ns3:hr>
          </ns3:TrackPointExtension>
        </extensions>
      </trkpt>
      <trkpt lat="36.23465300537645816802978515625" lon="117.10862073116004467010498046875">
        <ele>-500</ele>
        <time>2026-09-05T15:38:09.000Z</time>
        <extensions>
          <ns3:TrackPointExtension>
            <ns3:atemp>27.0</ns3:atemp>
            <ns3:hr>129</ns3:hr>
          </ns3:TrackPointExtension>
        </extensions>
      </trkpt>
      <trkpt lat="36.2346483953297138214111328125" lon="117.10862316191196441650390625">
        <ele>-500</ele>
        <time>2026-09-05T15:38:11.000Z</time>
        <extensions>
          <ns3:TrackPointExtension>
            <ns3:atemp>27.0</ns3:atemp>
            <ns3:hr>128</ns3:hr>
          </ns3:TrackPointExtension>
        </extensions>
      </trkpt>
      <trkpt lat="36.23466239310801029205322265625" lon="117.10862676613032817840576171875">
        <ele>-500</ele>
        <time>2026-09-05T15:38:12.000Z</time>
        <extensions>
          <ns3:TrackPointExtension>
            <ns3:atemp>27.0</ns3:atemp>
            <ns3:hr>128</ns3:hr>
          </ns3:TrackPointExtension>
        </extensions>
      </trkpt>
      <trkpt lat="36.23469047248363494873046875" lon="117.108616121113300323486328125">
        <ele>-500</ele>
        <time>2026-09-05T15:38:13.000Z</time>
        <extensions>
          <ns3:TrackPointExtension>
            <ns3:atemp>27.0</ns3:atemp>
            <ns3:hr>128</ns3:hr>
          </ns3:TrackPointExtension>
        </extensions>
      </trkpt>
      <trkpt lat="36.234706901013851165771484375" lon="117.108606733381748199462890625">
        <ele>-500</ele>
        <time>2026-09-05T15:38:14.000Z</time>
        <extensions>
          <ns3:TrackPointExtension>
            <ns3:atemp>27.0</ns3:atemp>
            <ns3:hr>127</ns3:hr>
          </ns3:TrackPointExtension>
        </extensions>
      </trkpt>
      <trkpt lat="36.2347211502492427825927734375" lon="117.10859156213700771331787109375">
        <ele>-500</ele>
        <time>2026-09-05T15:38:15.000Z</time>
        <extensions>
          <ns3:TrackPointExtension>
            <ns3:atemp>27.0</ns3:atemp>
            <ns3:hr>129</ns3:hr>
          </ns3:TrackPointExtension>
        </extensions>
      </trkpt>
      <trkpt lat="36.23474411666393280029296875" lon="117.10857379250228404998779296875">
        <ele>-500</ele>
        <time>2026-09-05T15:38:16.000Z</time>
        <extensions>
          <ns3:TrackPointExtension>
            <ns3:atemp>27.0</ns3:atemp>
            <ns3:hr>126</ns3:hr>
          </ns3:TrackPointExtension>
        </extensions>
      </trkpt>
      <trkpt lat="36.2347657419741153717041015625" lon="117.1085619740188121795654296875">
        <ele>-500</ele>
        <time>2026-09-05T15:38:17.000Z</time>
        <extensions>
          <ns3:TrackPointExtension>
            <ns3:atemp>27.0</ns3:atemp>
            <ns3:hr>126</ns3:hr>
          </ns3:TrackPointExtension>
        </extensions>
      </trkpt>
      <trkpt lat="36.23477789573371410369873046875" lon="117.1085549332201480865478515625">
        <ele>-500</ele>
        <time>2026-09-05T15:38:18.000Z</time>
        <extensions>
          <ns3:TrackPointExtension>
            <ns3:atemp>27.0</ns3:atemp>
            <ns3:hr>126</ns3:hr>
          </ns3:TrackPointExtension>
        </extensions>
      </trkpt>
      <trkpt lat="36.23478409834206104278564453125" lon="117.1085509099066257476806640625">
        <ele>-500</ele>
        <time>2026-09-05T15:38:19.000Z</time>
        <extensions>
          <ns3:TrackPointExtension>
            <ns3:atemp>27.0</ns3:atemp>
            <ns3:hr>128</ns3:hr>
          </ns3:TrackPointExtension>
        </extensions>
      </trkpt>
      <trkpt lat="36.23478912748396396636962890625" lon="117.10854210890829563140869140625">
        <ele>-500</ele>
        <time>2026-09-05T15:38:20.000Z</time>
        <extensions>
          <ns3:TrackPointExtension>
            <ns3:atemp>27.0</ns3:atemp>
            <ns3:hr>125</ns3:hr>
          </ns3:TrackPointExtension>
        </extensions>
      </trkpt>
      <trkpt lat="36.2347949109971523284912109375" lon="117.10852869786322116851806640625">
        <ele>-500</ele>
        <time>2026-09-05T15:38:21.000Z</time>
        <extensions>
          <ns3:TrackPointExtension>
            <ns3:atemp>26.0</ns3:atemp>
            <ns3:hr>126</ns3:hr>
          </ns3:TrackPointExtension>
        </extensions>
      </trkpt>
      <trkpt lat="36.23480438254773616790771484375" lon="117.108517549932003021240234375">
        <ele>-500</ele>
        <time>2026-09-05T15:38:22.000Z</time>
        <extensions>
          <ns3:TrackPointExtension>
            <ns3:atemp>26.0</ns3:atemp>
            <ns3:hr>127</ns3:hr>
          </ns3:TrackPointExtension>
        </extensions>
      </trkpt>
      <trkpt lat="36.23481796123087406158447265625" lon="117.10850807838141918182373046875">
        <ele>-500</ele>
        <time>2026-09-05T15:38:23.000Z</time>
        <extensions>
          <ns3:TrackPointExtension>
            <ns3:atemp>26.0</ns3:atemp>
            <ns3:hr>127</ns3:hr>
          </ns3:TrackPointExtension>
        </extensions>
      </trkpt>
      <trkpt lat="36.23482801951467990875244140625" lon="117.108507491648197174072265625">
        <ele>-500</ele>
        <time>2026-09-05T15:38:25.000Z</time>
        <extensions>
          <ns3:TrackPointExtension>
            <ns3:atemp>26.0</ns3:atemp>
            <ns3:hr>130</ns3:hr>
          </ns3:TrackPointExtension>
        </extensions>
      </trkpt>
      <trkpt lat="36.23484025709331035614013671875" lon="117.1084999479353427886962890625">
        <ele>-500</ele>
        <time>2026-09-05T15:38:26.000Z</time>
        <extensions>
          <ns3:TrackPointExtension>
            <ns3:atemp>26.0</ns3:atemp>
            <ns3:hr>130</ns3:hr>
          </ns3:TrackPointExtension>
        </extensions>
      </trkpt>
      <trkpt lat="36.23484067618846893310546875" lon="117.1084855310618877410888671875">
        <ele>-500</ele>
        <time>2026-09-05T15:38:27.000Z</time>
        <extensions>
          <ns3:TrackPointExtension>
            <ns3:atemp>26.0</ns3:atemp>
            <ns3:hr>133</ns3:hr>
          </ns3:TrackPointExtension>
        </extensions>
      </trkpt>
      <trkpt lat="36.23485417105257511138916015625" lon="117.1084758080542087554931640625">
        <ele>-500</ele>
        <time>2026-09-05T15:38:28.000Z</time>
        <extensions>
          <ns3:TrackPointExtension>
            <ns3:atemp>26.0</ns3:atemp>
            <ns3:hr>136</ns3:hr>
          </ns3:TrackPointExtension>
        </extensions>
      </trkpt>
      <trkpt lat="36.23486087657511234283447265625" lon="117.10846767760813236236572265625">
        <ele>-500</ele>
        <time>2026-09-05T15:38:29.000Z</time>
        <extensions>
          <ns3:TrackPointExtension>
            <ns3:atemp>26.0</ns3:atemp>
            <ns3:hr>134</ns3:hr>
          </ns3:TrackPointExtension>
        </extensions>
      </trkpt>
      <trkpt lat="36.2348683364689350128173828125" lon="117.10846231319010257720947265625">
        <ele>-500</ele>
        <time>2026-09-05T15:38:30.000Z</time>
        <extensions>
          <ns3:TrackPointExtension>
            <ns3:atemp>26.0</ns3:atemp>
            <ns3:hr>137</ns3:hr>
          </ns3:TrackPointExtension>
        </extensions>
      </trkpt>
      <trkpt lat="36.2348790653049945831298828125" lon="117.10845275782048702239990234375">
        <ele>-500</ele>
        <time>2026-09-05T15:38:31.000Z</time>
        <extensions>
          <ns3:TrackPointExtension>
            <ns3:atemp>26.0</ns3:atemp>
            <ns3:hr>139</ns3:hr>
          </ns3:TrackPointExtension>
        </extensions>
      </trkpt>
      <trkpt lat="36.23488149605691432952880859375" lon="117.1084429509937763214111328125">
        <ele>-500</ele>
        <time>2026-09-05T15:38:32.000Z</time>
        <extensions>
          <ns3:TrackPointExtension>
            <ns3:atemp>26.0</ns3:atemp>
            <ns3:hr>140</ns3:hr>
          </ns3:TrackPointExtension>
        </extensions>
      </trkpt>
      <trkpt lat="36.23488652519881725311279296875" lon="117.10843079723417758941650390625">
        <ele>-500</ele>
        <time>2026-09-05T15:38:33.000Z</time>
        <extensions>
          <ns3:TrackPointExtension>
            <ns3:atemp>26.0</ns3:atemp>
            <ns3:hr>141</ns3:hr>
          </ns3:TrackPointExtension>
        </extensions>
      </trkpt>
      <trkpt lat="36.2348901294171810150146484375" lon="117.10842258296906948089599609375">
        <ele>-500</ele>
        <time>2026-09-05T15:38:34.000Z</time>
        <extensions>
          <ns3:TrackPointExtension>
            <ns3:atemp>26.0</ns3:atemp>
            <ns3:hr>142</ns3:hr>
          </ns3:TrackPointExtension>
        </extensions>
      </trkpt>
      <trkpt lat="36.2348921410739421844482421875" lon="117.1084141172468662261962890625">
        <ele>-500</ele>
        <time>2026-09-05T15:38:35.000Z</time>
        <extensions>
          <ns3:TrackPointExtension>
            <ns3:atemp>26.0</ns3:atemp>
            <ns3:hr>142</ns3:hr>
          </ns3:TrackPointExtension>
        </extensions>
      </trkpt>
      <trkpt lat="36.23489205725491046905517578125" lon="117.1084047295153141021728515625">
        <ele>-500</ele>
        <time>2026-09-05T15:38:36.000Z</time>
        <extensions>
          <ns3:TrackPointExtension>
            <ns3:atemp>26.0</ns3:atemp>
            <ns3:hr>143</ns3:hr>
          </ns3:TrackPointExtension>
        </extensions>
      </trkpt>
      <trkpt lat="36.23489390127360820770263671875" lon="117.1083953417837619781494140625">
        <ele>-500</ele>
        <time>2026-09-05T15:38:37.000Z</time>
        <extensions>
          <ns3:TrackPointExtension>
            <ns3:atemp>26.0</ns3:atemp>
            <ns3:hr>143</ns3:hr>
          </ns3:TrackPointExtension>
        </extensions>
      </trkpt>
      <trkpt lat="36.23489708639681339263916015625" lon="117.10838754661381244659423828125">
        <ele>-500</ele>
        <time>2026-09-05T15:38:38.000Z</time>
        <extensions>
          <ns3:TrackPointExtension>
            <ns3:atemp>26.0</ns3:atemp>
            <ns3:hr>143</ns3:hr>
          </ns3:TrackPointExtension>
        </extensions>
      </trkpt>
      <trkpt lat="36.2348991818726062774658203125" lon="117.10838201455771923065185546875">
        <ele>-500</ele>
        <time>2026-09-05T15:38:39.000Z</time>
        <extensions>
          <ns3:TrackPointExtension>
            <ns3:atemp>26.0</ns3:atemp>
            <ns3:hr>143</ns3:hr>
          </ns3:TrackPointExtension>
        </extensions>
      </trkpt>
      <trkpt lat="36.23490178026258945465087890625" lon="117.1083728782832622528076171875">
        <ele>-500</ele>
        <time>2026-09-05T15:38:40.000Z</time>
        <extensions>
          <ns3:TrackPointExtension>
            <ns3:atemp>26.0</ns3:atemp>
            <ns3:hr>143</ns3:hr>
          </ns3:TrackPointExtension>
        </extensions>
      </trkpt>
      <trkpt lat="36.23490102589130401611328125" lon="117.10834831930696964263916015625">
        <ele>-500</ele>
        <time>2026-09-05T15:38:44.000Z</time>
        <extensions>
          <ns3:TrackPointExtension>
            <ns3:atemp>26.0</ns3:atemp>
            <ns3:hr>140</ns3:hr>
          </ns3:TrackPointExtension>
        </extensions>
      </trkpt>
      <trkpt lat="36.2349068932235240936279296875" lon="117.10834396071732044219970703125">
        <ele>-500</ele>
        <time>2026-09-05T15:38:45.000Z</time>
        <extensions>
          <ns3:TrackPointExtension>
            <ns3:atemp>26.0</ns3:atemp>
            <ns3:hr>139</ns3:hr>
          </ns3:TrackPointExtension>
        </extensions>
      </trkpt>
      <trkpt lat="36.234911419451236724853515625" lon="117.1083393506705760955810546875">
        <ele>-500</ele>
        <time>2026-09-05T15:38:46.000Z</time>
        <extensions>
          <ns3:TrackPointExtension>
            <ns3:atemp>26.0</ns3:atemp>
            <ns3:hr>138</ns3:hr>
          </ns3:TrackPointExtension>
        </extensions>
      </trkpt>
      <trkpt lat="36.234918795526027679443359375" lon="117.108338177204132080078125">
        <ele>-500</ele>
        <time>2026-09-05T15:38:47.000Z</time>
        <extensions>
          <ns3:TrackPointExtension>
            <ns3:atemp>26.0</ns3:atemp>
            <ns3:hr>137</ns3:hr>
          </ns3:TrackPointExtension>
        </extensions>
      </trkpt>
      <trkpt lat="36.2349231541156768798828125" lon="117.1083356626331806182861328125">
        <ele>-500</ele>
        <time>2026-09-05T15:38:48.000Z</time>
        <extensions>
          <ns3:TrackPointExtension>
            <ns3:atemp>26.0</ns3:atemp>
            <ns3:hr>136</ns3:hr>
          </ns3:TrackPointExtension>
        </extensions>
      </trkpt>
      <trkpt lat="36.23492709361016750335693359375" lon="117.10832946002483367919921875">
        <ele>-500</ele>
        <time>2026-09-05T15:38:49.000Z</time>
        <extensions>
          <ns3:TrackPointExtension>
            <ns3:atemp>26.0</ns3:atemp>
            <ns3:hr>135</ns3:hr>
          </ns3:TrackPointExtension>
        </extensions>
      </trkpt>
      <trkpt lat="36.23492659069597721099853515625" lon="117.108322083950042724609375">
        <ele>-500</ele>
        <time>2026-09-05T15:38:50.000Z</time>
        <extensions>
          <ns3:TrackPointExtension>
            <ns3:atemp>26.0</ns3:atemp>
            <ns3:hr>134</ns3:hr>
          </ns3:TrackPointExtension>
        </extensions>
      </trkpt>
      <trkpt lat="36.234929524362087249755859375" lon="117.10831697098910808563232421875">
        <ele>-500</ele>
        <time>2026-09-05T15:38:51.000Z</time>
        <extensions>
          <ns3:TrackPointExtension>
            <ns3:atemp>26.0</ns3:atemp>
            <ns3:hr>133</ns3:hr>
          </ns3:TrackPointExtension>
        </extensions>
      </trkpt>
      <trkpt lat="36.23493195511400699615478515625" lon="117.10831428878009319305419921875">
        <ele>-500</ele>
        <time>2026-09-05T15:38:52.000Z</time>
        <extensions>
          <ns3:TrackPointExtension>
            <ns3:atemp>26.0</ns3:atemp>
            <ns3:hr>133</ns3:hr>
          </ns3:TrackPointExtension>
        </extensions>
      </trkpt>
      <trkpt lat="36.234940923750400543212890625" lon="117.1083108521997928619384765625">
        <ele>-500</ele>
        <time>2026-09-05T15:38:53.000Z</time>
        <extensions>
          <ns3:TrackPointExtension>
            <ns3:atemp>26.0</ns3:atemp>
            <ns3:hr>133</ns3:hr>
          </ns3:TrackPointExtension>
        </extensions>
      </trkpt>
      <trkpt lat="36.2349481321871280670166015625" lon="117.108309678733348846435546875">
        <ele>-500</ele>
        <time>2026-09-05T15:38:54.000Z</time>
        <extensions>
          <ns3:TrackPointExtension>
            <ns3:atemp>26.0</ns3:atemp>
            <ns3:hr>133</ns3:hr>
          </ns3:TrackPointExtension>
        </extensions>
      </trkpt>
      <trkpt lat="36.23495735228061676025390625" lon="117.1083054877817630767822265625">
        <ele>-500</ele>
        <time>2026-09-05T15:38:55.000Z</time>
        <extensions>
          <ns3:TrackPointExtension>
            <ns3:atemp>26.0</ns3:atemp>
            <ns3:hr>134</ns3:hr>
          </ns3:TrackPointExtension>
        </extensions>
      </trkpt>
      <trkpt lat="36.234965063631534576416015625" lon="117.10829936899244785308837890625">
        <ele>-500</ele>
        <time>2026-09-05T15:38:56.000Z</time>
        <extensions>
          <ns3:TrackPointExtension>
            <ns3:atemp>26.0</ns3:atemp>
            <ns3:hr>134</ns3:hr>
          </ns3:TrackPointExtension>
        </extensions>
      </trkpt>
      <trkpt lat="36.23497000895440578460693359375" lon="117.10829517804086208343505859375">
        <ele>-500</ele>
        <time>2026-09-05T15:38:57.000Z</time>
        <extensions>
          <ns3:TrackPointExtension>
            <ns3:atemp>26.0</ns3:atemp>
            <ns3:hr>134</ns3:hr>
          </ns3:TrackPointExtension>
        </extensions>
      </trkpt>
      <trkpt lat="36.23496984131634235382080078125" lon="117.10829685442149639129638671875">
        <ele>-500</ele>
        <time>2026-09-05T15:38:58.000Z</time>
        <extensions>
          <ns3:TrackPointExtension>
            <ns3:atemp>26.0</ns3:atemp>
            <ns3:hr>131</ns3:hr>
          </ns3:TrackPointExtension>
        </extensions>
      </trkpt>
      <trkpt lat="36.2349722720682621002197265625" lon="117.1082947589457035064697265625">
        <ele>-500</ele>
        <time>2026-09-05T15:38:59.000Z</time>
        <extensions>
          <ns3:TrackPointExtension>
            <ns3:atemp>26.0</ns3:atemp>
            <ns3:hr>129</ns3:hr>
          </ns3:TrackPointExtension>
        </extensions>
      </trkpt>
      <trkpt lat="36.2349821627140045166015625" lon="117.1082885563373565673828125">
        <ele>-500</ele>
        <time>2026-09-05T15:39:00.000Z</time>
        <extensions>
          <ns3:TrackPointExtension>
            <ns3:atemp>26.0</ns3:atemp>
            <ns3:hr>134</ns3:hr>
          </ns3:TrackPointExtension>
        </extensions>
      </trkpt>
      <trkpt lat="36.23498610220849514007568359375" lon="117.10828746668994426727294921875">
        <ele>-500</ele>
        <time>2026-09-05T15:39:01.000Z</time>
        <extensions>
          <ns3:TrackPointExtension>
            <ns3:atemp>26.0</ns3:atemp>
            <ns3:hr>134</ns3:hr>
          </ns3:TrackPointExtension>
        </extensions>
      </trkpt>
      <trkpt lat="36.23499733395874500274658203125" lon="117.10828344337642192840576171875">
        <ele>-500</ele>
        <time>2026-09-05T15:39:05.000Z</time>
        <extensions>
          <ns3:TrackPointExtension>
            <ns3:atemp>26.0</ns3:atemp>
            <ns3:hr>134</ns3:hr>
          </ns3:TrackPointExtension>
        </extensions>
      </trkpt>
      <trkpt lat="36.23500035144388675689697265625" lon="117.1082806773483753204345703125">
        <ele>-500</ele>
        <time>2026-09-05T15:39:06.000Z</time>
        <extensions>
          <ns3:TrackPointExtension>
            <ns3:atemp>26.0</ns3:atemp>
            <ns3:hr>134</ns3:hr>
          </ns3:TrackPointExtension>
        </extensions>
      </trkpt>
      <trkpt lat="36.235004626214504241943359375" lon="117.10827623493969440460205078125">
        <ele>-500</ele>
        <time>2026-09-05T15:39:07.000Z</time>
        <extensions>
          <ns3:TrackPointExtension>
            <ns3:atemp>26.0</ns3:atemp>
            <ns3:hr>134</ns3:hr>
          </ns3:TrackPointExtension>
        </extensions>
      </trkpt>
      <trkpt lat="36.2350071407854557037353515625" lon="117.108273804187774658203125">
        <ele>-500</ele>
        <time>2026-09-05T15:39:08.000Z</time>
        <extensions>
          <ns3:TrackPointExtension>
            <ns3:atemp>26.0</ns3:atemp>
            <ns3:hr>134</ns3:hr>
          </ns3:TrackPointExtension>
        </extensions>
      </trkpt>
      <trkpt lat="36.23502097092568874359130859375" lon="117.108261398971080780029296875">
        <ele>-500</ele>
        <time>2026-09-05T15:39:09.000Z</time>
        <extensions>
          <ns3:TrackPointExtension>
            <ns3:atemp>26.0</ns3:atemp>
            <ns3:hr>134</ns3:hr>
          </ns3:TrackPointExtension>
        </extensions>
      </trkpt>
      <trkpt lat="36.2350277602672576904296875" lon="117.1082588844001293182373046875">
        <ele>-500</ele>
        <time>2026-09-05T15:39:11.000Z</time>
        <extensions>
          <ns3:TrackPointExtension>
            <ns3:atemp>26.0</ns3:atemp>
            <ns3:hr>134</ns3:hr>
          </ns3:TrackPointExtension>
        </extensions>
      </trkpt>
      <trkpt lat="36.23503136448562145233154296875" lon="117.1082555316388607025146484375">
        <ele>-500</ele>
        <time>2026-09-05T15:39:12.000Z</time>
        <extensions>
          <ns3:TrackPointExtension>
            <ns3:atemp>26.0</ns3:atemp>
            <ns3:hr>134</ns3:hr>
          </ns3:TrackPointExtension>
        </extensions>
      </trkpt>
      <trkpt lat="36.2350426800549030303955078125" lon="117.10824337787926197052001953125">
        <ele>-500</ele>
        <time>2026-09-05T15:39:14.000Z</time>
        <extensions>
          <ns3:TrackPointExtension>
            <ns3:atemp>26.0</ns3:atemp>
            <ns3:hr>134</ns3:hr>
          </ns3:TrackPointExtension>
        </extensions>
      </trkpt>
      <trkpt lat="36.23505382798612117767333984375" lon="117.1082297153770923614501953125">
        <ele>-500</ele>
        <time>2026-09-05T15:39:17.000Z</time>
        <extensions>
          <ns3:TrackPointExtension>
            <ns3:atemp>26.0</ns3:atemp>
            <ns3:hr>133</ns3:hr>
          </ns3:TrackPointExtension>
        </extensions>
      </trkpt>
      <trkpt lat="36.23505516909062862396240234375" lon="117.10822711698710918426513671875">
        <ele>-500</ele>
        <time>2026-09-05T15:39:18.000Z</time>
        <extensions>
          <ns3:TrackPointExtension>
            <ns3:atemp>26.0</ns3:atemp>
            <ns3:hr>133</ns3:hr>
          </ns3:TrackPointExtension>
        </extensions>
      </trkpt>
      <trkpt lat="36.2350591085851192474365234375" lon="117.10822426714003086090087890625">
        <ele>-500</ele>
        <time>2026-09-05T15:39:19.000Z</time>
        <extensions>
          <ns3:TrackPointExtension>
            <ns3:atemp>26.0</ns3:atemp>
            <ns3:hr>133</ns3:hr>
          </ns3:TrackPointExtension>
        </extensions>
      </trkpt>
      <trkpt lat="36.235060282051563262939453125" lon="117.1082223393023014068603515625">
        <ele>-500</ele>
        <time>2026-09-05T15:39:20.000Z</time>
        <extensions>
          <ns3:TrackPointExtension>
            <ns3:atemp>26.0</ns3:atemp>
            <ns3:hr>133</ns3:hr>
          </ns3:TrackPointExtension>
        </extensions>
      </trkpt>
      <trkpt lat="36.23506120406091213226318359375" lon="117.108223848044872283935546875">
        <ele>-500</ele>
        <time>2026-09-05T15:39:21.000Z</time>
        <extensions>
          <ns3:TrackPointExtension>
            <ns3:atemp>26.0</ns3:atemp>
            <ns3:hr>132</ns3:hr>
          </ns3:TrackPointExtension>
        </extensions>
      </trkpt>
      <trkpt lat="36.2350638024508953094482421875" lon="117.10822426714003086090087890625">
        <ele>-500</ele>
        <time>2026-09-05T15:39:22.000Z</time>
        <extensions>
          <ns3:TrackPointExtension>
            <ns3:atemp>26.0</ns3:atemp>
            <ns3:hr>132</ns3:hr>
          </ns3:TrackPointExtension>
        </extensions>
      </trkpt>
      <trkpt lat="36.23507293872535228729248046875" lon="117.1082188189029693603515625">
        <ele>-500</ele>
        <time>2026-09-05T15:39:24.000Z</time>
        <extensions>
          <ns3:TrackPointExtension>
            <ns3:atemp>26.0</ns3:atemp>
            <ns3:hr>133</ns3:hr>
          </ns3:TrackPointExtension>
        </extensions>
      </trkpt>
      <trkpt lat="36.23507402837276458740234375" lon="117.1082215011119842529296875">
        <ele>-500</ele>
        <time>2026-09-05T15:39:25.000Z</time>
        <extensions>
          <ns3:TrackPointExtension>
            <ns3:atemp>26.0</ns3:atemp>
            <ns3:hr>134</ns3:hr>
          </ns3:TrackPointExtension>
        </extensions>
      </trkpt>
      <trkpt lat="36.23507268726825714111328125" lon="117.1082226745784282684326171875">
        <ele>-500</ele>
        <time>2026-09-05T15:39:26.000Z</time>
        <extensions>
          <ns3:TrackPointExtension>
            <ns3:atemp>26.0</ns3:atemp>
            <ns3:hr>132</ns3:hr>
          </ns3:TrackPointExtension>
        </extensions>
      </trkpt>
      <trkpt lat="36.23507176525890827178955078125" lon="117.108222506940364837646484375">
        <ele>-500</ele>
        <time>2026-09-05T15:39:27.000Z</time>
        <extensions>
          <ns3:TrackPointExtension>
            <ns3:atemp>26.0</ns3:atemp>
            <ns3:hr>132</ns3:hr>
          </ns3:TrackPointExtension>
        </extensions>
      </trkpt>
      <trkpt lat="36.235072351992130279541015625" lon="117.10821890272200107574462890625">
        <ele>-500</ele>
        <time>2026-09-05T15:39:28.000Z</time>
        <extensions>
          <ns3:TrackPointExtension>
            <ns3:atemp>26.0</ns3:atemp>
            <ns3:hr>131</ns3:hr>
          </ns3:TrackPointExtension>
        </extensions>
      </trkpt>
      <trkpt lat="36.23507645912468433380126953125" lon="117.108212448656558990478515625">
        <ele>-500</ele>
        <time>2026-09-05T15:39:29.000Z</time>
        <extensions>
          <ns3:TrackPointExtension>
            <ns3:atemp>26.0</ns3:atemp>
            <ns3:hr>131</ns3:hr>
          </ns3:TrackPointExtension>
        </extensions>
      </trkpt>
      <trkpt lat="36.235080063343048095703125" lon="117.108208425343036651611328125">
        <ele>-500</ele>
        <time>2026-09-05T15:39:30.000Z</time>
        <extensions>
          <ns3:TrackPointExtension>
            <ns3:atemp>26.0</ns3:atemp>
            <ns3:hr>131</ns3:hr>
          </ns3:TrackPointExtension>
        </extensions>
      </trkpt>
      <trkpt lat="36.23508182354271411895751953125" lon="117.1082000434398651123046875">
        <ele>-500</ele>
        <time>2026-09-05T15:39:32.000Z</time>
        <extensions>
          <ns3:TrackPointExtension>
            <ns3:atemp>26.0</ns3:atemp>
            <ns3:hr>132</ns3:hr>
          </ns3:TrackPointExtension>
        </extensions>
      </trkpt>
      <trkpt lat="36.2350889481604099273681640625" lon="117.10819534957408905029296875">
        <ele>-500</ele>
        <time>2026-09-05T15:39:33.000Z</time>
        <extensions>
          <ns3:TrackPointExtension>
            <ns3:atemp>26.0</ns3:atemp>
            <ns3:hr>131</ns3:hr>
          </ns3:TrackPointExtension>
        </extensions>
      </trkpt>
      <trkpt lat="36.2350963242352008819580078125" lon="117.108190990984439849853515625">
        <ele>-500</ele>
        <time>2026-09-05T15:39:34.000Z</time>
        <extensions>
          <ns3:TrackPointExtension>
            <ns3:atemp>26.0</ns3:atemp>
            <ns3:hr>131</ns3:hr>
          </ns3:TrackPointExtension>
        </extensions>
      </trkpt>
      <trkpt lat="36.23510898090898990631103515625" lon="117.1081871353089809417724609375">
        <ele>-500</ele>
        <time>2026-09-05T15:39:36.000Z</time>
        <extensions>
          <ns3:TrackPointExtension>
            <ns3:atemp>26.0</ns3:atemp>
            <ns3:hr>129</ns3:hr>
          </ns3:TrackPointExtension>
        </extensions>
      </trkpt>
      <trkpt lat="36.2351204641163349151611328125" lon="117.10817900486290454864501953125">
        <ele>-500</ele>
        <time>2026-09-05T15:39:38.000Z</time>
        <extensions>
          <ns3:TrackPointExtension>
            <ns3:atemp>26.0</ns3:atemp>
            <ns3:hr>130</ns3:hr>
          </ns3:TrackPointExtension>
        </extensions>
      </trkpt>
      <trkpt lat="36.23513781465590000152587890625" lon="117.10816877894103527069091796875">
        <ele>-500</ele>
        <time>2026-09-05T15:39:40.000Z</time>
        <extensions>
          <ns3:TrackPointExtension>
            <ns3:atemp>26.0</ns3:atemp>
            <ns3:hr>132</ns3:hr>
          </ns3:TrackPointExtension>
        </extensions>
      </trkpt>
      <trkpt lat="36.2351457774639129638671875" lon="117.10815989412367343902587890625">
        <ele>-500</ele>
        <time>2026-09-05T15:39:41.000Z</time>
        <extensions>
          <ns3:TrackPointExtension>
            <ns3:atemp>26.0</ns3:atemp>
            <ns3:hr>131</ns3:hr>
          </ns3:TrackPointExtension>
        </extensions>
      </trkpt>
      <trkpt lat="36.235159523785114288330078125" lon="117.1081442199647426605224609375">
        <ele>-500</ele>
        <time>2026-09-05T15:39:42.000Z</time>
        <extensions>
          <ns3:TrackPointExtension>
            <ns3:atemp>26.0</ns3:atemp>
            <ns3:hr>130</ns3:hr>
          </ns3:TrackPointExtension>
        </extensions>
      </trkpt>
      <trkpt lat="36.23516597785055637359619140625" lon="117.108135335147380828857421875">
        <ele>-500</ele>
        <time>2026-09-05T15:39:44.000Z</time>
        <extensions>
          <ns3:TrackPointExtension>
            <ns3:atemp>26.0</ns3:atemp>
            <ns3:hr>131</ns3:hr>
          </ns3:TrackPointExtension>
        </extensions>
      </trkpt>
      <trkpt lat="36.2351727671921253204345703125" lon="117.1081308089196681976318359375">
        <ele>-500</ele>
        <time>2026-09-05T15:39:46.000Z</time>
        <extensions>
          <ns3:TrackPointExtension>
            <ns3:atemp>26.0</ns3:atemp>
            <ns3:hr>130</ns3:hr>
          </ns3:TrackPointExtension>
        </extensions>
      </trkpt>
      <trkpt lat="36.23518559150397777557373046875" lon="117.10811194963753223419189453125">
        <ele>-500</ele>
        <time>2026-09-05T15:39:49.000Z</time>
        <extensions>
          <ns3:TrackPointExtension>
            <ns3:atemp>26.0</ns3:atemp>
            <ns3:hr>130</ns3:hr>
          </ns3:TrackPointExtension>
        </extensions>
      </trkpt>
      <trkpt lat="36.235191710293292999267578125" lon="117.10810557939112186431884765625">
        <ele>-500</ele>
        <time>2026-09-05T15:39:50.000Z</time>
        <extensions>
          <ns3:TrackPointExtension>
            <ns3:atemp>26.0</ns3:atemp>
            <ns3:hr>129</ns3:hr>
          </ns3:TrackPointExtension>
        </extensions>
      </trkpt>
      <trkpt lat="36.2351975776255130767822265625" lon="117.10810239426791667938232421875">
        <ele>-500</ele>
        <time>2026-09-05T15:39:52.000Z</time>
        <extensions>
          <ns3:TrackPointExtension>
            <ns3:atemp>26.0</ns3:atemp>
            <ns3:hr>130</ns3:hr>
          </ns3:TrackPointExtension>
        </extensions>
      </trkpt>
      <trkpt lat="36.2352083064615726470947265625" lon="117.10809267126023769378662109375">
        <ele>-500</ele>
        <time>2026-09-05T15:39:59.000Z</time>
        <extensions>
          <ns3:TrackPointExtension>
            <ns3:atemp>26.0</ns3:atemp>
            <ns3:hr>133</ns3:hr>
          </ns3:TrackPointExtension>
        </extensions>
      </trkpt>
      <trkpt lat="36.2352155148983001708984375" lon="117.10809300653636455535888671875">
        <ele>-500</ele>
        <time>2026-09-05T15:40:02.000Z</time>
        <extensions>
          <ns3:TrackPointExtension>
            <ns3:atemp>26.0</ns3:atemp>
            <ns3:hr>134</ns3:hr>
          </ns3:TrackPointExtension>
        </extensions>
      </trkpt>
      <trkpt lat="36.2352274172008037567138671875" lon="117.108072973787784576416015625">
        <ele>-500</ele>
        <time>2026-09-05T15:40:05.000Z</time>
        <extensions>
          <ns3:TrackPointExtension>
            <ns3:atemp>26.0</ns3:atemp>
            <ns3:hr>134</ns3:hr>
          </ns3:TrackPointExtension>
        </extensions>
      </trkpt>
      <trkpt lat="36.2352314405143260955810546875" lon="117.10805478505790233612060546875">
        <ele>-500</ele>
        <time>2026-09-05T15:40:06.000Z</time>
        <extensions>
          <ns3:TrackPointExtension>
            <ns3:atemp>26.0</ns3:atemp>
            <ns3:hr>134</ns3:hr>
          </ns3:TrackPointExtension>
        </extensions>
      </trkpt>
      <trkpt lat="36.23523538000881671905517578125" lon="117.1080526895821094512939453125">
        <ele>-500</ele>
        <time>2026-09-05T15:40:07.000Z</time>
        <extensions>
          <ns3:TrackPointExtension>
            <ns3:atemp>26.0</ns3:atemp>
            <ns3:hr>134</ns3:hr>
          </ns3:TrackPointExtension>
        </extensions>
      </trkpt>
      <trkpt lat="36.23524493537843227386474609375" lon="117.10804807953536510467529296875">
        <ele>-500</ele>
        <time>2026-09-05T15:40:09.000Z</time>
        <extensions>
          <ns3:TrackPointExtension>
            <ns3:atemp>26.0</ns3:atemp>
            <ns3:hr>134</ns3:hr>
          </ns3:TrackPointExtension>
        </extensions>
      </trkpt>
      <trkpt lat="36.2352498807013034820556640625" lon="117.1080456487834453582763671875">
        <ele>-500</ele>
        <time>2026-09-05T15:40:10.000Z</time>
        <extensions>
          <ns3:TrackPointExtension>
            <ns3:atemp>26.0</ns3:atemp>
            <ns3:hr>133</ns3:hr>
          </ns3:TrackPointExtension>
        </extensions>
      </trkpt>
      <trkpt lat="36.2352503836154937744140625" lon="117.10804120637476444244384765625">
        <ele>-500</ele>
        <time>2026-09-05T15:40:11.000Z</time>
        <extensions>
          <ns3:TrackPointExtension>
            <ns3:atemp>26.0</ns3:atemp>
            <ns3:hr>132</ns3:hr>
          </ns3:TrackPointExtension>
        </extensions>
      </trkpt>
      <trkpt lat="36.2352579273283481597900390625" lon="117.10804087109863758087158203125">
        <ele>-500</ele>
        <time>2026-09-05T15:40:12.000Z</time>
        <extensions>
          <ns3:TrackPointExtension>
            <ns3:atemp>26.0</ns3:atemp>
            <ns3:hr>132</ns3:hr>
          </ns3:TrackPointExtension>
        </extensions>
      </trkpt>
      <trkpt lat="36.2352626211941242218017578125" lon="117.1080382727086544036865234375">
        <ele>-500</ele>
        <time>2026-09-05T15:40:13.000Z</time>
        <extensions>
          <ns3:TrackPointExtension>
            <ns3:atemp>26.0</ns3:atemp>
            <ns3:hr>133</ns3:hr>
          </ns3:TrackPointExtension>
        </extensions>
      </trkpt>
      <trkpt lat="36.23526806943118572235107421875" lon="117.1080372668802738189697265625">
        <ele>-500</ele>
        <time>2026-09-05T15:40:14.000Z</time>
        <extensions>
          <ns3:TrackPointExtension>
            <ns3:atemp>26.0</ns3:atemp>
            <ns3:hr>133</ns3:hr>
          </ns3:TrackPointExtension>
        </extensions>
      </trkpt>
      <trkpt lat="36.2352736853063106536865234375" lon="117.10803517140448093414306640625">
        <ele>-500</ele>
        <time>2026-09-05T15:40:15.000Z</time>
        <extensions>
          <ns3:TrackPointExtension>
            <ns3:atemp>26.0</ns3:atemp>
            <ns3:hr>133</ns3:hr>
          </ns3:TrackPointExtension>
        </extensions>
      </trkpt>
      <trkpt lat="36.23527921736240386962890625" lon="117.1080302260816097259521484375">
        <ele>-500</ele>
        <time>2026-09-05T15:40:16.000Z</time>
        <extensions>
          <ns3:TrackPointExtension>
            <ns3:atemp>26.0</ns3:atemp>
            <ns3:hr>132</ns3:hr>
          </ns3:TrackPointExtension>
        </extensions>
      </trkpt>
      <trkpt lat="36.235285587608814239501953125" lon="117.1080251969397068023681640625">
        <ele>-500</ele>
        <time>2026-09-05T15:40:17.000Z</time>
        <extensions>
          <ns3:TrackPointExtension>
            <ns3:atemp>26.0</ns3:atemp>
            <ns3:hr>131</ns3:hr>
          </ns3:TrackPointExtension>
        </extensions>
      </trkpt>
      <trkpt lat="36.23529455624520778656005859375" lon="117.1080238558351993560791015625">
        <ele>-500</ele>
        <time>2026-09-05T15:40:18.000Z</time>
        <extensions>
          <ns3:TrackPointExtension>
            <ns3:atemp>26.0</ns3:atemp>
            <ns3:hr>131</ns3:hr>
          </ns3:TrackPointExtension>
        </extensions>
      </trkpt>
      <trkpt lat="36.23529975302517414093017578125" lon="117.10802377201616764068603515625">
        <ele>-500</ele>
        <time>2026-09-05T15:40:19.000Z</time>
        <extensions>
          <ns3:TrackPointExtension>
            <ns3:atemp>26.0</ns3:atemp>
            <ns3:hr>131</ns3:hr>
          </ns3:TrackPointExtension>
        </extensions>
      </trkpt>
      <trkpt lat="36.2353186123073101043701171875" lon="117.108020670711994171142578125">
        <ele>-500</ele>
        <time>2026-09-05T15:40:22.000Z</time>
        <extensions>
          <ns3:TrackPointExtension>
            <ns3:atemp>26.0</ns3:atemp>
            <ns3:hr>130</ns3:hr>
          </ns3:TrackPointExtension>
        </extensions>
      </trkpt>
      <trkpt lat="36.2353437580168247222900390625" lon="117.10801857523620128631591796875">
        <ele>-500</ele>
        <time>2026-09-05T15:40:26.000Z</time>
        <extensions>
          <ns3:TrackPointExtension>
            <ns3:atemp>26.0</ns3:atemp>
            <ns3:hr>128</ns3:hr>
          </ns3:TrackPointExtension>
        </extensions>
      </trkpt>
      <trkpt lat="36.2353549897670745849609375" lon="117.10801924578845500946044921875">
        <ele>-500</ele>
        <time>2026-09-05T15:40:28.000Z</time>
        <extensions>
          <ns3:TrackPointExtension>
            <ns3:atemp>26.0</ns3:atemp>
            <ns3:hr>124</ns3:hr>
          </ns3:TrackPointExtension>
        </extensions>
      </trkpt>
      <trkpt lat="36.23535993508994579315185546875" lon="117.10802611894905567169189453125">
        <ele>-500</ele>
        <time>2026-09-05T15:40:31.000Z</time>
        <extensions>
          <ns3:TrackPointExtension>
            <ns3:atemp>26.0</ns3:atemp>
            <ns3:hr>124</ns3:hr>
          </ns3:TrackPointExtension>
        </extensions>
      </trkpt>
      <trkpt lat="36.23536529950797557830810546875" lon="117.1080325730144977569580078125">
        <ele>-500</ele>
        <time>2026-09-05T15:40:33.000Z</time>
        <extensions>
          <ns3:TrackPointExtension>
            <ns3:atemp>26.0</ns3:atemp>
            <ns3:hr>121</ns3:hr>
          </ns3:TrackPointExtension>
        </extensions>
      </trkpt>
      <trkpt lat="36.23536379076540470123291015625" lon="117.1080325730144977569580078125">
        <ele>-500</ele>
        <time>2026-09-05T15:40:34.000Z</time>
        <extensions>
          <ns3:TrackPointExtension>
            <ns3:atemp>26.0</ns3:atemp>
            <ns3:hr>120</ns3:hr>
          </ns3:TrackPointExtension>
        </extensions>
      </trkpt>
      <trkpt lat="36.23536370694637298583984375" lon="117.10802829824388027191162109375">
        <ele>-500</ele>
        <time>2026-09-05T15:40:35.000Z</time>
        <extensions>
          <ns3:TrackPointExtension>
            <ns3:atemp>26.0</ns3:atemp>
            <ns3:hr>121</ns3:hr>
          </ns3:TrackPointExtension>
        </extensions>
      </trkpt>
      <trkpt lat="36.23536965809762477874755859375" lon="117.10802368819713592529296875">
        <ele>-500</ele>
        <time>2026-09-05T15:40:38.000Z</time>
        <extensions>
          <ns3:TrackPointExtension>
            <ns3:atemp>26.0</ns3:atemp>
            <ns3:hr>118</ns3:hr>
          </ns3:TrackPointExtension>
        </extensions>
      </trkpt>
      <trkpt lat="36.23537887819111347198486328125" lon="117.10801991634070873260498046875">
        <ele>-500</ele>
        <time>2026-09-05T15:40:40.000Z</time>
        <extensions>
          <ns3:TrackPointExtension>
            <ns3:atemp>26.0</ns3:atemp>
            <ns3:hr>120</ns3:hr>
          </ns3:TrackPointExtension>
        </extensions>
      </trkpt>
      <trkpt lat="36.23538223095238208770751953125" lon="117.1080171503126621246337890625">
        <ele>-500</ele>
        <time>2026-09-05T15:40:44.000Z</time>
        <extensions>
          <ns3:TrackPointExtension>
            <ns3:atemp>26.0</ns3:atemp>
            <ns3:hr>120</ns3:hr>
          </ns3:TrackPointExtension>
        </extensions>
      </trkpt>
      <trkpt lat="36.23538709245622158050537109375" lon="117.10801740176975727081298828125">
        <ele>-500</ele>
        <time>2026-09-05T15:40:46.000Z</time>
        <extensions>
          <ns3:TrackPointExtension>
            <ns3:atemp>26.0</ns3:atemp>
            <ns3:hr>122</ns3:hr>
          </ns3:TrackPointExtension>
        </extensions>
      </trkpt>
      <trkpt lat="36.2353876791894435882568359375" lon="117.10801220498979091644287109375">
        <ele>-500</ele>
        <time>2026-09-05T15:40:48.000Z</time>
        <extensions>
          <ns3:TrackPointExtension>
            <ns3:atemp>26.0</ns3:atemp>
            <ns3:hr>122</ns3:hr>
          </ns3:TrackPointExtension>
        </extensions>
      </trkpt>
      <trkpt lat="36.23541877605020999908447265625" lon="117.10798588581383228302001953125">
        <ele>-500</ele>
        <time>2026-09-05T15:40:55.000Z</time>
        <extensions>
          <ns3:TrackPointExtension>
            <ns3:atemp>26.0</ns3:atemp>
            <ns3:hr>124</ns3:hr>
          </ns3:TrackPointExtension>
        </extensions>
      </trkpt>
      <trkpt lat="36.23542405664920806884765625" lon="117.10799242369830608367919921875">
        <ele>-500</ele>
        <time>2026-09-05T15:40:57.000Z</time>
        <extensions>
          <ns3:TrackPointExtension>
            <ns3:atemp>26.0</ns3:atemp>
            <ns3:hr>127</ns3:hr>
          </ns3:TrackPointExtension>
        </extensions>
      </trkpt>
      <trkpt lat="36.23543612658977508544921875" lon="117.1080050803720951080322265625">
        <ele>-500</ele>
        <time>2026-09-05T15:41:02.000Z</time>
        <extensions>
          <ns3:TrackPointExtension>
            <ns3:atemp>26.0</ns3:atemp>
            <ns3:hr>130</ns3:hr>
          </ns3:TrackPointExtension>
        </extensions>
      </trkpt>
      <trkpt lat="36.23543880879878997802734375" lon="117.1080107800662517547607421875">
        <ele>-500</ele>
        <time>2026-09-05T15:41:03.000Z</time>
        <extensions>
          <ns3:TrackPointExtension>
            <ns3:atemp>26.0</ns3:atemp>
            <ns3:hr>131</ns3:hr>
          </ns3:TrackPointExtension>
        </extensions>
      </trkpt>
      <trkpt lat="36.235448531806468963623046875" lon="117.10801304318010807037353515625">
        <ele>-500</ele>
        <time>2026-09-05T15:41:04.000Z</time>
        <extensions>
          <ns3:TrackPointExtension>
            <ns3:atemp>26.0</ns3:atemp>
            <ns3:hr>131</ns3:hr>
          </ns3:TrackPointExtension>
        </extensions>
      </trkpt>
      <trkpt lat="36.23545247130095958709716796875" lon="117.10801488719880580902099609375">
        <ele>-500</ele>
        <time>2026-09-05T15:41:06.000Z</time>
        <extensions>
          <ns3:TrackPointExtension>
            <ns3:atemp>26.0</ns3:atemp>
            <ns3:hr>131</ns3:hr>
          </ns3:TrackPointExtension>
        </extensions>
      </trkpt>
      <trkpt lat="36.23546236194670200347900390625" lon="117.1080298908054828643798828125">
        <ele>-500</ele>
        <time>2026-09-05T15:41:11.000Z</time>
        <extensions>
          <ns3:TrackPointExtension>
            <ns3:atemp>26.0</ns3:atemp>
            <ns3:hr>128</ns3:hr>
          </ns3:TrackPointExtension>
        </extensions>
      </trkpt>
      <trkpt lat="36.23546571470797061920166015625" lon="117.10804824717342853546142578125">
        <ele>-500</ele>
        <time>2026-09-05T15:41:14.000Z</time>
        <extensions>
          <ns3:TrackPointExtension>
            <ns3:atemp>26.0</ns3:atemp>
            <ns3:hr>125</ns3:hr>
          </ns3:TrackPointExtension>
        </extensions>
      </trkpt>
      <trkpt lat="36.235476024448871612548828125" lon="117.10804841481149196624755859375">
        <ele>-500</ele>
        <time>2026-09-05T15:41:16.000Z</time>
        <extensions>
          <ns3:TrackPointExtension>
            <ns3:atemp>26.0</ns3:atemp>
            <ns3:hr>122</ns3:hr>
          </ns3:TrackPointExtension>
        </extensions>
      </trkpt>
      <trkpt lat="36.2354808859527111053466796875" lon="117.10805394686758518218994140625">
        <ele>-500</ele>
        <time>2026-09-05T15:41:17.000Z</time>
        <extensions>
          <ns3:TrackPointExtension>
            <ns3:atemp>26.0</ns3:atemp>
            <ns3:hr>122</ns3:hr>
          </ns3:TrackPointExtension>
        </extensions>
      </trkpt>
      <trkpt lat="36.23548968695104122161865234375" lon="117.10807037539780139923095703125">
        <ele>-500</ele>
        <time>2026-09-05T15:41:19.000Z</time>
        <extensions>
          <ns3:TrackPointExtension>
            <ns3:atemp>26.0</ns3:atemp>
            <ns3:hr>121</ns3:hr>
          </ns3:TrackPointExtension>
        </extensions>
      </trkpt>
      <trkpt lat="36.23549086041748523712158203125" lon="117.10807490162551403045654296875">
        <ele>-500</ele>
        <time>2026-09-05T15:41:20.000Z</time>
        <extensions>
          <ns3:TrackPointExtension>
            <ns3:atemp>26.0</ns3:atemp>
            <ns3:hr>121</ns3:hr>
          </ns3:TrackPointExtension>
        </extensions>
      </trkpt>
      <trkpt lat="36.2354966439306735992431640625" lon="117.10808495990931987762451171875">
        <ele>-500</ele>
        <time>2026-09-05T15:41:22.000Z</time>
        <extensions>
          <ns3:TrackPointExtension>
            <ns3:atemp>26.0</ns3:atemp>
            <ns3:hr>121</ns3:hr>
          </ns3:TrackPointExtension>
        </extensions>
      </trkpt>
      <trkpt lat="36.23550393618643283843994140625" lon="117.10809585638344287872314453125">
        <ele>-500</ele>
        <time>2026-09-05T15:41:24.000Z</time>
        <extensions>
          <ns3:TrackPointExtension>
            <ns3:atemp>26.0</ns3:atemp>
            <ns3:hr>122</ns3:hr>
          </ns3:TrackPointExtension>
        </extensions>
      </trkpt>
      <trkpt lat="36.2355174310505390167236328125" lon="117.10810742340981960296630859375">
        <ele>-500</ele>
        <time>2026-09-05T15:41:26.000Z</time>
        <extensions>
          <ns3:TrackPointExtension>
            <ns3:atemp>26.0</ns3:atemp>
            <ns3:hr>121</ns3:hr>
          </ns3:TrackPointExtension>
        </extensions>
      </trkpt>
      <trkpt lat="36.23552354983985424041748046875" lon="117.1081096865236759185791015625">
        <ele>-500</ele>
        <time>2026-09-05T15:41:27.000Z</time>
        <extensions>
          <ns3:TrackPointExtension>
            <ns3:atemp>26.0</ns3:atemp>
            <ns3:hr>122</ns3:hr>
          </ns3:TrackPointExtension>
        </extensions>
      </trkpt>
      <trkpt lat="36.23552405275404453277587890625" lon="117.10810977034270763397216796875">
        <ele>-500</ele>
        <time>2026-09-05T15:41:28.000Z</time>
        <extensions>
          <ns3:TrackPointExtension>
            <ns3:atemp>26.0</ns3:atemp>
            <ns3:hr>120</ns3:hr>
          </ns3:TrackPointExtension>
        </extensions>
      </trkpt>
      <trkpt lat="36.2355234660208225250244140625" lon="117.1081157214939594268798828125">
        <ele>-500</ele>
        <time>2026-09-05T15:41:29.000Z</time>
        <extensions>
          <ns3:TrackPointExtension>
            <ns3:atemp>26.0</ns3:atemp>
            <ns3:hr>117</ns3:hr>
          </ns3:TrackPointExtension>
        </extensions>
      </trkpt>
      <trkpt lat="36.2355239689350128173828125" lon="117.10812217555940151214599609375">
        <ele>-500</ele>
        <time>2026-09-05T15:41:30.000Z</time>
        <extensions>
          <ns3:TrackPointExtension>
            <ns3:atemp>26.0</ns3:atemp>
            <ns3:hr>121</ns3:hr>
          </ns3:TrackPointExtension>
        </extensions>
      </trkpt>
      <trkpt lat="36.2355288304388523101806640625" lon="117.1081261150538921356201171875">
        <ele>-500</ele>
        <time>2026-09-05T15:41:31.000Z</time>
        <extensions>
          <ns3:TrackPointExtension>
            <ns3:atemp>26.0</ns3:atemp>
            <ns3:hr>121</ns3:hr>
          </ns3:TrackPointExtension>
        </extensions>
      </trkpt>
      <trkpt lat="36.235533021390438079833984375" lon="117.10813273675739765167236328125">
        <ele>-500</ele>
        <time>2026-09-05T15:41:32.000Z</time>
        <extensions>
          <ns3:TrackPointExtension>
            <ns3:atemp>26.0</ns3:atemp>
            <ns3:hr>121</ns3:hr>
          </ns3:TrackPointExtension>
        </extensions>
      </trkpt>
      <trkpt lat="36.23553930781781673431396484375" lon="117.1081425435841083526611328125">
        <ele>-500</ele>
        <time>2026-09-05T15:41:33.000Z</time>
        <extensions>
          <ns3:TrackPointExtension>
            <ns3:atemp>26.0</ns3:atemp>
            <ns3:hr>121</ns3:hr>
          </ns3:TrackPointExtension>
        </extensions>
      </trkpt>
      <trkpt lat="36.23554534278810024261474609375" lon="117.108142375946044921875">
        <ele>-500</ele>
        <time>2026-09-05T15:41:34.000Z</time>
        <extensions>
          <ns3:TrackPointExtension>
            <ns3:atemp>26.0</ns3:atemp>
            <ns3:hr>121</ns3:hr>
          </ns3:TrackPointExtension>
        </extensions>
      </trkpt>
      <trkpt lat="36.23555280268192291259765625" lon="117.10814145393669605255126953125">
        <ele>-500</ele>
        <time>2026-09-05T15:41:35.000Z</time>
        <extensions>
          <ns3:TrackPointExtension>
            <ns3:atemp>26.0</ns3:atemp>
            <ns3:hr>121</ns3:hr>
          </ns3:TrackPointExtension>
        </extensions>
      </trkpt>
      <trkpt lat="36.235549785196781158447265625" lon="117.1081432141363620758056640625">
        <ele>-500</ele>
        <time>2026-09-05T15:41:36.000Z</time>
        <extensions>
          <ns3:TrackPointExtension>
            <ns3:atemp>26.0</ns3:atemp>
            <ns3:hr>122</ns3:hr>
          </ns3:TrackPointExtension>
        </extensions>
      </trkpt>
      <trkpt lat="36.23555087484419345855712890625" lon="117.10814095102250576019287109375">
        <ele>-500</ele>
        <time>2026-09-05T15:41:37.000Z</time>
        <extensions>
          <ns3:TrackPointExtension>
            <ns3:atemp>26.0</ns3:atemp>
            <ns3:hr>122</ns3:hr>
          </ns3:TrackPointExtension>
        </extensions>
      </trkpt>
      <trkpt lat="36.23555405996739864349365234375" lon="117.10814061574637889862060546875">
        <ele>-500</ele>
        <time>2026-09-05T15:41:38.000Z</time>
        <extensions>
          <ns3:TrackPointExtension>
            <ns3:atemp>25.0</ns3:atemp>
            <ns3:hr>123</ns3:hr>
          </ns3:TrackPointExtension>
        </extensions>
      </trkpt>
      <trkpt lat="36.2355506233870983123779296875" lon="117.108140029013156890869140625">
        <ele>-500</ele>
        <time>2026-09-05T15:41:40.000Z</time>
        <extensions>
          <ns3:TrackPointExtension>
            <ns3:atemp>25.0</ns3:atemp>
            <ns3:hr>121</ns3:hr>
          </ns3:TrackPointExtension>
        </extensions>
      </trkpt>
      <trkpt lat="36.23554919846355915069580078125" lon="117.10813743062317371368408203125">
        <ele>-500</ele>
        <time>2026-09-05T15:41:41.000Z</time>
        <extensions>
          <ns3:TrackPointExtension>
            <ns3:atemp>25.0</ns3:atemp>
            <ns3:hr>121</ns3:hr>
          </ns3:TrackPointExtension>
        </extensions>
      </trkpt>
      <trkpt lat="36.2355373799800872802734375" lon="117.10813843645155429840087890625">
        <ele>-500</ele>
        <time>2026-09-05T15:41:43.000Z</time>
        <extensions>
          <ns3:TrackPointExtension>
            <ns3:atemp>25.0</ns3:atemp>
            <ns3:hr>120</ns3:hr>
          </ns3:TrackPointExtension>
        </extensions>
      </trkpt>
      <trkpt lat="36.235539056360721588134765625" lon="117.1081475727260112762451171875">
        <ele>-500</ele>
        <time>2026-09-05T15:41:48.000Z</time>
        <extensions>
          <ns3:TrackPointExtension>
            <ns3:atemp>25.0</ns3:atemp>
            <ns3:hr>120</ns3:hr>
          </ns3:TrackPointExtension>
        </extensions>
      </trkpt>
      <trkpt lat="36.23554031364619731903076171875" lon="117.1081489138305187225341796875">
        <ele>-500</ele>
        <time>2026-09-05T15:41:49.000Z</time>
        <extensions>
          <ns3:TrackPointExtension>
            <ns3:atemp>25.0</ns3:atemp>
            <ns3:hr>120</ns3:hr>
          </ns3:TrackPointExtension>
        </extensions>
      </trkpt>
      <trkpt lat="36.23554064892232418060302734375" lon="117.10815285332500934600830078125">
        <ele>-500</ele>
        <time>2026-09-05T15:41:50.000Z</time>
        <extensions>
          <ns3:TrackPointExtension>
            <ns3:atemp>25.0</ns3:atemp>
            <ns3:hr>121</ns3:hr>
          </ns3:TrackPointExtension>
        </extensions>
      </trkpt>
      <trkpt lat="36.23554148711264133453369140625" lon="117.108160145580768585205078125">
        <ele>-500</ele>
        <time>2026-09-05T15:41:51.000Z</time>
        <extensions>
          <ns3:TrackPointExtension>
            <ns3:atemp>26.0</ns3:atemp>
            <ns3:hr>121</ns3:hr>
          </ns3:TrackPointExtension>
        </extensions>
      </trkpt>
      <trkpt lat="36.235546767711639404296875" lon="117.10816140286624431610107421875">
        <ele>-500</ele>
        <time>2026-09-05T15:41:52.000Z</time>
        <extensions>
          <ns3:TrackPointExtension>
            <ns3:atemp>26.0</ns3:atemp>
            <ns3:hr>121</ns3:hr>
          </ns3:TrackPointExtension>
        </extensions>
      </trkpt>
      <trkpt lat="36.235551126301288604736328125" lon="117.108161151409149169921875">
        <ele>-500</ele>
        <time>2026-09-05T15:41:53.000Z</time>
        <extensions>
          <ns3:TrackPointExtension>
            <ns3:atemp>26.0</ns3:atemp>
            <ns3:hr>121</ns3:hr>
          </ns3:TrackPointExtension>
        </extensions>
      </trkpt>
      <trkpt lat="36.2355506233870983123779296875" lon="117.10815905593335628509521484375">
        <ele>-500</ele>
        <time>2026-09-05T15:41:54.000Z</time>
        <extensions>
          <ns3:TrackPointExtension>
            <ns3:atemp>26.0</ns3:atemp>
            <ns3:hr>121</ns3:hr>
          </ns3:TrackPointExtension>
        </extensions>
      </trkpt>
      <trkpt lat="36.2355506233870983123779296875" lon="117.10815905593335628509521484375">
        <ele>-500</ele>
        <time>2026-09-05T15:41:56.000Z</time>
        <extensions>
          <ns3:TrackPointExtension>
            <ns3:atemp>26.0</ns3:atemp>
            <ns3:hr>121</ns3:hr>
          </ns3:TrackPointExtension>
        </extensions>
      </trkpt>
      <trkpt lat="36.2355506233870983123779296875" lon="117.10815905593335628509521484375">
        <ele>-500</ele>
        <time>2026-09-05T15:41:58.000Z</time>
        <extensions>
          <ns3:TrackPointExtension>
            <ns3:atemp>26.0</ns3:atemp>
            <ns3:hr>121</ns3:hr>
          </ns3:TrackPointExtension>
        </extensions>
      </trkpt>
      <trkpt lat="36.2355506233870983123779296875" lon="117.10815905593335628509521484375">
        <ele>-500</ele>
        <time>2026-09-05T15:41:59.000Z</time>
        <extensions>
          <ns3:TrackPointExtension>
            <ns3:atemp>26.0</ns3:atemp>
            <ns3:hr>120</ns3:hr>
          </ns3:TrackPointExtension>
        </extensions>
      </trkpt>
      <trkpt lat="36.2355506233870983123779296875" lon="117.10815905593335628509521484375">
        <ele>-500</ele>
        <time>2026-09-05T15:42:01.000Z</time>
        <extensions>
          <ns3:TrackPointExtension>
            <ns3:atemp>26.0</ns3:atemp>
            <ns3:hr>120</ns3:hr>
          </ns3:TrackPointExtension>
        </extensions>
      </trkpt>
      <trkpt lat="36.2355506233870983123779296875" lon="117.10815905593335628509521484375">
        <ele>-500</ele>
        <time>2026-09-05T15:42:02.000Z</time>
        <extensions>
          <ns3:TrackPointExtension>
            <ns3:atemp>26.0</ns3:atemp>
            <ns3:hr>120</ns3:hr>
          </ns3:TrackPointExtension>
        </extensions>
      </trkpt>
      <trkpt lat="36.2355506233870983123779296875" lon="117.10815905593335628509521484375">
        <ele>-500</ele>
        <time>2026-09-05T15:42:04.000Z</time>
        <extensions>
          <ns3:TrackPointExtension>
            <ns3:atemp>26.0</ns3:atemp>
            <ns3:hr>119</ns3:hr>
          </ns3:TrackPointExtension>
        </extensions>
      </trkpt>
      <trkpt lat="36.2355506233870983123779296875" lon="117.10815905593335628509521484375">
        <ele>-500</ele>
        <time>2026-09-05T15:42:05.000Z</time>
        <extensions>
          <ns3:TrackPointExtension>
            <ns3:atemp>26.0</ns3:atemp>
            <ns3:hr>119</ns3:hr>
          </ns3:TrackPointExtension>
        </extensions>
      </trkpt>
      <trkpt lat="36.235555820167064666748046875" lon="117.10816274397075176239013671875">
        <ele>-500</ele>
        <time>2026-09-05T15:42:08.000Z</time>
        <extensions>
          <ns3:TrackPointExtension>
            <ns3:atemp>26.0</ns3:atemp>
            <ns3:hr>118</ns3:hr>
          </ns3:TrackPointExtension>
        </extensions>
      </trkpt>
      <trkpt lat="36.23557182960212230682373046875" lon="117.108188308775424957275390625">
        <ele>-500</ele>
        <time>2026-09-05T15:42:11.000Z</time>
        <extensions>
          <ns3:TrackPointExtension>
            <ns3:atemp>26.0</ns3:atemp>
            <ns3:hr>117</ns3:hr>
          </ns3:TrackPointExtension>
        </extensions>
      </trkpt>
      <trkpt lat="36.2355787865817546844482421875" lon="117.1082085929811000823974609375">
        <ele>-500</ele>
        <time>2026-09-05T15:42:13.000Z</time>
        <extensions>
          <ns3:TrackPointExtension>
            <ns3:atemp>26.0</ns3:atemp>
            <ns3:hr>116</ns3:hr>
          </ns3:TrackPointExtension>
        </extensions>
      </trkpt>
      <trkpt lat="36.23558674938976764678955078125" lon="117.10822192020714282989501953125">
        <ele>-500</ele>
        <time>2026-09-05T15:42:14.000Z</time>
        <extensions>
          <ns3:TrackPointExtension>
            <ns3:atemp>26.0</ns3:atemp>
            <ns3:hr>116</ns3:hr>
          </ns3:TrackPointExtension>
        </extensions>
      </trkpt>
      <trkpt lat="36.23560351319611072540283203125" lon="117.10824337787926197052001953125">
        <ele>-500</ele>
        <time>2026-09-05T15:42:17.000Z</time>
        <extensions>
          <ns3:TrackPointExtension>
            <ns3:atemp>26.0</ns3:atemp>
            <ns3:hr>117</ns3:hr>
          </ns3:TrackPointExtension>
        </extensions>
      </trkpt>
      <trkpt lat="36.2356030941009521484375" lon="117.10824723355472087860107421875">
        <ele>-500</ele>
        <time>2026-09-05T15:42:18.000Z</time>
        <extensions>
          <ns3:TrackPointExtension>
            <ns3:atemp>25.0</ns3:atemp>
            <ns3:hr>118</ns3:hr>
          </ns3:TrackPointExtension>
        </extensions>
      </trkpt>
      <trkpt lat="36.23559974133968353271484375" lon="117.10825108923017978668212890625">
        <ele>-500</ele>
        <time>2026-09-05T15:42:19.000Z</time>
        <extensions>
          <ns3:TrackPointExtension>
            <ns3:atemp>25.0</ns3:atemp>
            <ns3:hr>118</ns3:hr>
          </ns3:TrackPointExtension>
        </extensions>
      </trkpt>
      <trkpt lat="36.23559848405420780181884765625" lon="117.10825544781982898712158203125">
        <ele>-500</ele>
        <time>2026-09-05T15:42:20.000Z</time>
        <extensions>
          <ns3:TrackPointExtension>
            <ns3:atemp>25.0</ns3:atemp>
            <ns3:hr>119</ns3:hr>
          </ns3:TrackPointExtension>
        </extensions>
      </trkpt>
      <trkpt lat="36.2355978973209857940673828125" lon="117.108262069523334503173828125">
        <ele>-500</ele>
        <time>2026-09-05T15:42:21.000Z</time>
        <extensions>
          <ns3:TrackPointExtension>
            <ns3:atemp>25.0</ns3:atemp>
            <ns3:hr>119</ns3:hr>
          </ns3:TrackPointExtension>
        </extensions>
      </trkpt>
      <trkpt lat="36.235595047473907470703125" lon="117.10827154107391834259033203125">
        <ele>-500</ele>
        <time>2026-09-05T15:42:22.000Z</time>
        <extensions>
          <ns3:TrackPointExtension>
            <ns3:atemp>25.0</ns3:atemp>
            <ns3:hr>120</ns3:hr>
          </ns3:TrackPointExtension>
        </extensions>
      </trkpt>
      <trkpt lat="36.23559412546455860137939453125" lon="117.1082769893109798431396484375">
        <ele>-500</ele>
        <time>2026-09-05T15:42:23.000Z</time>
        <extensions>
          <ns3:TrackPointExtension>
            <ns3:atemp>25.0</ns3:atemp>
            <ns3:hr>120</ns3:hr>
          </ns3:TrackPointExtension>
        </extensions>
      </trkpt>
      <trkpt lat="36.2355935387313365936279296875" lon="117.10828495211899280548095703125">
        <ele>-500</ele>
        <time>2026-09-05T15:42:24.000Z</time>
        <extensions>
          <ns3:TrackPointExtension>
            <ns3:atemp>25.0</ns3:atemp>
            <ns3:hr>120</ns3:hr>
          </ns3:TrackPointExtension>
        </extensions>
      </trkpt>
      <trkpt lat="36.23559479601681232452392578125" lon="117.10829232819378376007080078125">
        <ele>-500</ele>
        <time>2026-09-05T15:42:25.000Z</time>
        <extensions>
          <ns3:TrackPointExtension>
            <ns3:atemp>25.0</ns3:atemp>
            <ns3:hr>120</ns3:hr>
          </ns3:TrackPointExtension>
        </extensions>
      </trkpt>
      <trkpt lat="36.23559647239744663238525390625" lon="117.1082971058785915374755859375">
        <ele>-500</ele>
        <time>2026-09-05T15:42:26.000Z</time>
        <extensions>
          <ns3:TrackPointExtension>
            <ns3:atemp>25.0</ns3:atemp>
            <ns3:hr>121</ns3:hr>
          </ns3:TrackPointExtension>
        </extensions>
      </trkpt>
      <trkpt lat="36.23559613712131977081298828125" lon="117.10829467512667179107666015625">
        <ele>-500</ele>
        <time>2026-09-05T15:42:28.000Z</time>
        <extensions>
          <ns3:TrackPointExtension>
            <ns3:atemp>25.0</ns3:atemp>
            <ns3:hr>121</ns3:hr>
          </ns3:TrackPointExtension>
        </extensions>
      </trkpt>
      <trkpt lat="36.23559664003551006317138671875" lon="117.10829350166022777557373046875">
        <ele>-500</ele>
        <time>2026-09-05T15:42:29.000Z</time>
        <extensions>
          <ns3:TrackPointExtension>
            <ns3:atemp>25.0</ns3:atemp>
            <ns3:hr>121</ns3:hr>
          </ns3:TrackPointExtension>
        </extensions>
      </trkpt>
      <trkpt lat="36.23559881933033466339111328125" lon="117.108296267688274383544921875">
        <ele>-500</ele>
        <time>2026-09-05T15:42:30.000Z</time>
        <extensions>
          <ns3:TrackPointExtension>
            <ns3:atemp>25.0</ns3:atemp>
            <ns3:hr>121</ns3:hr>
          </ns3:TrackPointExtension>
        </extensions>
      </trkpt>
      <trkpt lat="36.23560049571096897125244140625" lon="117.10830674506723880767822265625">
        <ele>-500</ele>
        <time>2026-09-05T15:42:32.000Z</time>
        <extensions>
          <ns3:TrackPointExtension>
            <ns3:atemp>25.0</ns3:atemp>
            <ns3:hr>121</ns3:hr>
          </ns3:TrackPointExtension>
        </extensions>
      </trkpt>
      <trkpt lat="36.23560586012899875640869140625" lon="117.10831747390329837799072265625">
        <ele>-500</ele>
        <time>2026-09-05T15:42:33.000Z</time>
        <extensions>
          <ns3:TrackPointExtension>
            <ns3:atemp>25.0</ns3:atemp>
            <ns3:hr>121</ns3:hr>
          </ns3:TrackPointExtension>
        </extensions>
      </trkpt>
      <trkpt lat="36.23559705913066864013671875" lon="117.10832811892032623291015625">
        <ele>-500</ele>
        <time>2026-09-05T15:42:35.000Z</time>
        <extensions>
          <ns3:TrackPointExtension>
            <ns3:atemp>25.0</ns3:atemp>
            <ns3:hr>122</ns3:hr>
          </ns3:TrackPointExtension>
        </extensions>
      </trkpt>
      <trkpt lat="36.2355834804475307464599609375" lon="117.1083473972976207733154296875">
        <ele>-500</ele>
        <time>2026-09-05T15:42:37.000Z</time>
        <extensions>
          <ns3:TrackPointExtension>
            <ns3:atemp>25.0</ns3:atemp>
            <ns3:hr>122</ns3:hr>
          </ns3:TrackPointExtension>
        </extensions>
      </trkpt>
      <trkpt lat="36.235579289495944976806640625" lon="117.10835770703852176666259765625">
        <ele>-500</ele>
        <time>2026-09-05T15:42:39.000Z</time>
        <extensions>
          <ns3:TrackPointExtension>
            <ns3:atemp>25.0</ns3:atemp>
            <ns3:hr>121</ns3:hr>
          </ns3:TrackPointExtension>
        </extensions>
      </trkpt>
      <trkpt lat="36.2355824746191501617431640625" lon="117.10836843587458133697509765625">
        <ele>-500</ele>
        <time>2026-09-05T15:42:40.000Z</time>
        <extensions>
          <ns3:TrackPointExtension>
            <ns3:atemp>25.0</ns3:atemp>
            <ns3:hr>121</ns3:hr>
          </ns3:TrackPointExtension>
        </extensions>
      </trkpt>
      <trkpt lat="36.23557920567691326141357421875" lon="117.10841084830462932586669921875">
        <ele>-500</ele>
        <time>2026-09-05T15:42:45.000Z</time>
        <extensions>
          <ns3:TrackPointExtension>
            <ns3:atemp>25.0</ns3:atemp>
            <ns3:hr>122</ns3:hr>
          </ns3:TrackPointExtension>
        </extensions>
      </trkpt>
      <trkpt lat="36.2355630286037921905517578125" lon="117.108445800840854644775390625">
        <ele>-500</ele>
        <time>2026-09-05T15:42:49.000Z</time>
        <extensions>
          <ns3:TrackPointExtension>
            <ns3:atemp>25.0</ns3:atemp>
            <ns3:hr>123</ns3:hr>
          </ns3:TrackPointExtension>
        </extensions>
      </trkpt>
      <trkpt lat="36.23554986901581287384033203125" lon="117.10845544002950191497802734375">
        <ele>-500</ele>
        <time>2026-09-05T15:42:56.000Z</time>
        <extensions>
          <ns3:TrackPointExtension>
            <ns3:atemp>25.0</ns3:atemp>
            <ns3:hr>123</ns3:hr>
          </ns3:TrackPointExtension>
        </extensions>
      </trkpt>
      <trkpt lat="36.23555238358676433563232421875" lon="117.108456194400787353515625">
        <ele>-500</ele>
        <time>2026-09-05T15:42:57.000Z</time>
        <extensions>
          <ns3:TrackPointExtension>
            <ns3:atemp>25.0</ns3:atemp>
            <ns3:hr>124</ns3:hr>
          </ns3:TrackPointExtension>
        </extensions>
      </trkpt>
      <trkpt lat="36.23555171303451061248779296875" lon="117.1084583736956119537353515625">
        <ele>-500</ele>
        <time>2026-09-05T15:42:59.000Z</time>
        <extensions>
          <ns3:TrackPointExtension>
            <ns3:atemp>25.0</ns3:atemp>
            <ns3:hr>122</ns3:hr>
          </ns3:TrackPointExtension>
        </extensions>
      </trkpt>
      <trkpt lat="36.23553679324686527252197265625" lon="117.1084602177143096923828125">
        <ele>-500</ele>
        <time>2026-09-05T15:43:01.000Z</time>
        <extensions>
          <ns3:TrackPointExtension>
            <ns3:atemp>25.0</ns3:atemp>
            <ns3:hr>121</ns3:hr>
          </ns3:TrackPointExtension>
        </extensions>
      </trkpt>
      <trkpt lat="36.23553796671330928802490234375" lon="117.108463235199451446533203125">
        <ele>-500</ele>
        <time>2026-09-05T15:43:02.000Z</time>
        <extensions>
          <ns3:TrackPointExtension>
            <ns3:atemp>25.0</ns3:atemp>
            <ns3:hr>124</ns3:hr>
          </ns3:TrackPointExtension>
        </extensions>
      </trkpt>
      <trkpt lat="36.23553276993334293365478515625" lon="117.10846583358943462371826171875">
        <ele>-500</ele>
        <time>2026-09-05T15:43:03.000Z</time>
        <extensions>
          <ns3:TrackPointExtension>
            <ns3:atemp>25.0</ns3:atemp>
            <ns3:hr>123</ns3:hr>
          </ns3:TrackPointExtension>
        </extensions>
      </trkpt>
      <trkpt lat="36.23552866280078887939453125" lon="117.10848033428192138671875">
        <ele>-500</ele>
        <time>2026-09-05T15:43:05.000Z</time>
        <extensions>
          <ns3:TrackPointExtension>
            <ns3:atemp>25.0</ns3:atemp>
            <ns3:hr>125</ns3:hr>
          </ns3:TrackPointExtension>
        </extensions>
      </trkpt>
      <trkpt lat="36.23553268611431121826171875" lon="117.10848502814769744873046875">
        <ele>-500</ele>
        <time>2026-09-05T15:43:07.000Z</time>
        <extensions>
          <ns3:TrackPointExtension>
            <ns3:atemp>25.0</ns3:atemp>
            <ns3:hr>122</ns3:hr>
          </ns3:TrackPointExtension>
        </extensions>
      </trkpt>
      <trkpt lat="36.2355352006852626800537109375" lon="117.10848628543317317962646484375">
        <ele>-500</ele>
        <time>2026-09-05T15:43:08.000Z</time>
        <extensions>
          <ns3:TrackPointExtension>
            <ns3:atemp>25.0</ns3:atemp>
            <ns3:hr>122</ns3:hr>
          </ns3:TrackPointExtension>
        </extensions>
      </trkpt>
      <trkpt lat="36.2355341948568820953369140625" lon="117.1084915660321712493896484375">
        <ele>-500</ele>
        <time>2026-09-05T15:43:09.000Z</time>
        <extensions>
          <ns3:TrackPointExtension>
            <ns3:atemp>25.0</ns3:atemp>
            <ns3:hr>122</ns3:hr>
          </ns3:TrackPointExtension>
        </extensions>
      </trkpt>
      <trkpt lat="36.235531680285930633544921875" lon="117.10850489325821399688720703125">
        <ele>-500</ele>
        <time>2026-09-05T15:43:10.000Z</time>
        <extensions>
          <ns3:TrackPointExtension>
            <ns3:atemp>25.0</ns3:atemp>
            <ns3:hr>121</ns3:hr>
          </ns3:TrackPointExtension>
        </extensions>
      </trkpt>
      <trkpt lat="36.235528327524662017822265625" lon="117.10852568037807941436767578125">
        <ele>-500</ele>
        <time>2026-09-05T15:43:12.000Z</time>
        <extensions>
          <ns3:TrackPointExtension>
            <ns3:atemp>25.0</ns3:atemp>
            <ns3:hr>123</ns3:hr>
          </ns3:TrackPointExtension>
        </extensions>
      </trkpt>
      <trkpt lat="36.23552807606756687164306640625" lon="117.10853976197540760040283203125">
        <ele>-500</ele>
        <time>2026-09-05T15:43:16.000Z</time>
        <extensions>
          <ns3:TrackPointExtension>
            <ns3:atemp>25.0</ns3:atemp>
            <ns3:hr>122</ns3:hr>
          </ns3:TrackPointExtension>
        </extensions>
      </trkpt>
      <trkpt lat="36.2355194427073001861572265625" lon="117.10857756435871124267578125">
        <ele>-500</ele>
        <time>2026-09-05T15:43:18.000Z</time>
        <extensions>
          <ns3:TrackPointExtension>
            <ns3:atemp>25.0</ns3:atemp>
            <ns3:hr>121</ns3:hr>
          </ns3:TrackPointExtension>
        </extensions>
      </trkpt>
      <trkpt lat="36.23553595505654811859130859375" lon="117.1086028777062892913818359375">
        <ele>-500</ele>
        <time>2026-09-05T15:43:21.000Z</time>
        <extensions>
          <ns3:TrackPointExtension>
            <ns3:atemp>25.0</ns3:atemp>
            <ns3:hr>121</ns3:hr>
          </ns3:TrackPointExtension>
        </extensions>
      </trkpt>
      <trkpt lat="36.2355387210845947265625" lon="117.10861167870461940765380859375">
        <ele>-500</ele>
        <time>2026-09-05T15:43:23.000Z</time>
        <extensions>
          <ns3:TrackPointExtension>
            <ns3:atemp>25.0</ns3:atemp>
            <ns3:hr>121</ns3:hr>
          </ns3:TrackPointExtension>
        </extensions>
      </trkpt>
      <trkpt lat="36.23553344048559665679931640625" lon="117.10862894542515277862548828125">
        <ele>-500</ele>
        <time>2026-09-05T15:43:25.000Z</time>
        <extensions>
          <ns3:TrackPointExtension>
            <ns3:atemp>25.0</ns3:atemp>
            <ns3:hr>119</ns3:hr>
          </ns3:TrackPointExtension>
        </extensions>
      </trkpt>
      <trkpt lat="36.23553394339978694915771484375" lon="117.10863145999610424041748046875">
        <ele>-500</ele>
        <time>2026-09-05T15:43:26.000Z</time>
        <extensions>
          <ns3:TrackPointExtension>
            <ns3:atemp>25.0</ns3:atemp>
            <ns3:hr>123</ns3:hr>
          </ns3:TrackPointExtension>
        </extensions>
      </trkpt>
      <trkpt lat="36.23553578741848468780517578125" lon="117.10863397456705570220947265625">
        <ele>-500</ele>
        <time>2026-09-05T15:43:27.000Z</time>
        <extensions>
          <ns3:TrackPointExtension>
            <ns3:atemp>25.0</ns3:atemp>
            <ns3:hr>122</ns3:hr>
          </ns3:TrackPointExtension>
        </extensions>
      </trkpt>
      <trkpt lat="36.23553427867591381072998046875" lon="117.10864101536571979522705078125">
        <ele>-500</ele>
        <time>2026-09-05T15:43:29.000Z</time>
        <extensions>
          <ns3:TrackPointExtension>
            <ns3:atemp>25.0</ns3:atemp>
            <ns3:hr>123</ns3:hr>
          </ns3:TrackPointExtension>
        </extensions>
      </trkpt>
      <trkpt lat="36.23553830198943614959716796875" lon="117.10864503867924213409423828125">
        <ele>-500</ele>
        <time>2026-09-05T15:43:30.000Z</time>
        <extensions>
          <ns3:TrackPointExtension>
            <ns3:atemp>25.0</ns3:atemp>
            <ns3:hr>123</ns3:hr>
          </ns3:TrackPointExtension>
        </extensions>
      </trkpt>
      <trkpt lat="36.23554886318743228912353515625" lon="117.10864855907857418060302734375">
        <ele>-500</ele>
        <time>2026-09-05T15:43:32.000Z</time>
        <extensions>
          <ns3:TrackPointExtension>
            <ns3:atemp>25.0</ns3:atemp>
            <ns3:hr>123</ns3:hr>
          </ns3:TrackPointExtension>
        </extensions>
      </trkpt>
      <trkpt lat="36.235549114644527435302734375" lon="117.10865124128758907318115234375">
        <ele>-500</ele>
        <time>2026-09-05T15:43:33.000Z</time>
        <extensions>
          <ns3:TrackPointExtension>
            <ns3:atemp>25.0</ns3:atemp>
            <ns3:hr>123</ns3:hr>
          </ns3:TrackPointExtension>
        </extensions>
      </trkpt>
      <trkpt lat="36.23554634861648082733154296875" lon="117.1086535044014453887939453125">
        <ele>-500</ele>
        <time>2026-09-05T15:43:34.000Z</time>
        <extensions>
          <ns3:TrackPointExtension>
            <ns3:atemp>25.0</ns3:atemp>
            <ns3:hr>123</ns3:hr>
          </ns3:TrackPointExtension>
        </extensions>
      </trkpt>
      <trkpt lat="36.2355454266071319580078125" lon="117.10865627042949199676513671875">
        <ele>-500</ele>
        <time>2026-09-05T15:43:35.000Z</time>
        <extensions>
          <ns3:TrackPointExtension>
            <ns3:atemp>25.0</ns3:atemp>
            <ns3:hr>122</ns3:hr>
          </ns3:TrackPointExtension>
        </extensions>
      </trkpt>
      <trkpt lat="36.23554718680679798126220703125" lon="117.10866071283817291259765625">
        <ele>-500</ele>
        <time>2026-09-05T15:43:38.000Z</time>
        <extensions>
          <ns3:TrackPointExtension>
            <ns3:atemp>25.0</ns3:atemp>
            <ns3:hr>122</ns3:hr>
          </ns3:TrackPointExtension>
        </extensions>
      </trkpt>
      <trkpt lat="36.2355563230812549591064453125" lon="117.1086635626852512359619140625">
        <ele>-500</ele>
        <time>2026-09-05T15:43:40.000Z</time>
        <extensions>
          <ns3:TrackPointExtension>
            <ns3:atemp>25.0</ns3:atemp>
            <ns3:hr>122</ns3:hr>
          </ns3:TrackPointExtension>
        </extensions>
      </trkpt>
      <trkpt lat="36.235558502376079559326171875" lon="117.10867923684418201446533203125">
        <ele>-500</ele>
        <time>2026-09-05T15:43:42.000Z</time>
        <extensions>
          <ns3:TrackPointExtension>
            <ns3:atemp>25.0</ns3:atemp>
            <ns3:hr>122</ns3:hr>
          </ns3:TrackPointExtension>
        </extensions>
      </trkpt>
      <trkpt lat="36.23556361533701419830322265625" lon="117.10870538838207721710205078125">
        <ele>-500</ele>
        <time>2026-09-05T15:43:44.000Z</time>
        <extensions>
          <ns3:TrackPointExtension>
            <ns3:atemp>25.0</ns3:atemp>
            <ns3:hr>122</ns3:hr>
          </ns3:TrackPointExtension>
        </extensions>
      </trkpt>
      <trkpt lat="36.2355667166411876678466796875" lon="117.10871377028524875640869140625">
        <ele>-500</ele>
        <time>2026-09-05T15:43:45.000Z</time>
        <extensions>
          <ns3:TrackPointExtension>
            <ns3:atemp>25.0</ns3:atemp>
            <ns3:hr>122</ns3:hr>
          </ns3:TrackPointExtension>
        </extensions>
      </trkpt>
      <trkpt lat="36.23556160368025302886962890625" lon="117.10872617550194263458251953125">
        <ele>-500</ele>
        <time>2026-09-05T15:43:47.000Z</time>
        <extensions>
          <ns3:TrackPointExtension>
            <ns3:atemp>25.0</ns3:atemp>
            <ns3:hr>122</ns3:hr>
          </ns3:TrackPointExtension>
        </extensions>
      </trkpt>
      <trkpt lat="36.23557233251631259918212890625" lon="117.10874092765152454376220703125">
        <ele>-500</ele>
        <time>2026-09-05T15:43:50.000Z</time>
        <extensions>
          <ns3:TrackPointExtension>
            <ns3:atemp>25.0</ns3:atemp>
            <ns3:hr>122</ns3:hr>
          </ns3:TrackPointExtension>
        </extensions>
      </trkpt>
      <trkpt lat="36.23558976687490940093994140625" lon="117.108740508556365966796875">
        <ele>-500</ele>
        <time>2026-09-05T15:43:54.000Z</time>
        <extensions>
          <ns3:TrackPointExtension>
            <ns3:atemp>25.0</ns3:atemp>
            <ns3:hr>123</ns3:hr>
          </ns3:TrackPointExtension>
        </extensions>
      </trkpt>
      <trkpt lat="36.2356005795300006866455078125" lon="117.108762972056865692138671875">
        <ele>-500</ele>
        <time>2026-09-05T15:44:00.000Z</time>
        <extensions>
          <ns3:TrackPointExtension>
            <ns3:atemp>25.0</ns3:atemp>
            <ns3:hr>125</ns3:hr>
          </ns3:TrackPointExtension>
        </extensions>
      </trkpt>
      <trkpt lat="36.23560233972966670989990234375" lon="117.1087651513516902923583984375">
        <ele>-500</ele>
        <time>2026-09-05T15:44:01.000Z</time>
        <extensions>
          <ns3:TrackPointExtension>
            <ns3:atemp>25.0</ns3:atemp>
            <ns3:hr>123</ns3:hr>
          </ns3:TrackPointExtension>
        </extensions>
      </trkpt>
      <trkpt lat="36.23562111519277095794677734375" lon="117.10879390127956867218017578125">
        <ele>-500</ele>
        <time>2026-09-05T15:44:10.000Z</time>
        <extensions>
          <ns3:TrackPointExtension>
            <ns3:atemp>25.0</ns3:atemp>
            <ns3:hr>123</ns3:hr>
          </ns3:TrackPointExtension>
        </extensions>
      </trkpt>
      <trkpt lat="36.23562119901180267333984375" lon="117.10879339836537837982177734375">
        <ele>-500</ele>
        <time>2026-09-05T15:44:11.000Z</time>
        <extensions>
          <ns3:TrackPointExtension>
            <ns3:atemp>25.0</ns3:atemp>
            <ns3:hr>123</ns3:hr>
          </ns3:TrackPointExtension>
        </extensions>
      </trkpt>
      <trkpt lat="36.2356274016201496124267578125" lon="117.10878971032798290252685546875">
        <ele>-500</ele>
        <time>2026-09-05T15:44:14.000Z</time>
        <extensions>
          <ns3:TrackPointExtension>
            <ns3:atemp>25.0</ns3:atemp>
            <ns3:hr>126</ns3:hr>
          </ns3:TrackPointExtension>
        </extensions>
      </trkpt>
      <trkpt lat="36.23563083820044994354248046875" lon="117.10878971032798290252685546875">
        <ele>-500</ele>
        <time>2026-09-05T15:44:15.000Z</time>
        <extensions>
          <ns3:TrackPointExtension>
            <ns3:atemp>25.0</ns3:atemp>
            <ns3:hr>123</ns3:hr>
          </ns3:TrackPointExtension>
        </extensions>
      </trkpt>
      <trkpt lat="36.23564005829393863677978515625" lon="117.108794488012790679931640625">
        <ele>-500</ele>
        <time>2026-09-05T15:44:19.000Z</time>
        <extensions>
          <ns3:TrackPointExtension>
            <ns3:atemp>25.0</ns3:atemp>
            <ns3:hr>122</ns3:hr>
          </ns3:TrackPointExtension>
        </extensions>
      </trkpt>
      <trkpt lat="36.23564123176038265228271484375" lon="117.1087943203747272491455078125">
        <ele>-500</ele>
        <time>2026-09-05T15:44:20.000Z</time>
        <extensions>
          <ns3:TrackPointExtension>
            <ns3:atemp>25.0</ns3:atemp>
            <ns3:hr>122</ns3:hr>
          </ns3:TrackPointExtension>
        </extensions>
      </trkpt>
      <trkpt lat="36.23564391396939754486083984375" lon="117.10879188962280750274658203125">
        <ele>-500</ele>
        <time>2026-09-05T15:44:21.000Z</time>
        <extensions>
          <ns3:TrackPointExtension>
            <ns3:atemp>25.0</ns3:atemp>
            <ns3:hr>118</ns3:hr>
          </ns3:TrackPointExtension>
        </extensions>
      </trkpt>
      <trkpt lat="36.23564994893968105316162109375" lon="117.108787111937999725341796875">
        <ele>-500</ele>
        <time>2026-09-05T15:44:23.000Z</time>
        <extensions>
          <ns3:TrackPointExtension>
            <ns3:atemp>25.0</ns3:atemp>
            <ns3:hr>119</ns3:hr>
          </ns3:TrackPointExtension>
        </extensions>
      </trkpt>
      <trkpt lat="36.23564827255904674530029296875" lon="117.108787111937999725341796875">
        <ele>-500</ele>
        <time>2026-09-05T15:44:25.000Z</time>
        <extensions>
          <ns3:TrackPointExtension>
            <ns3:atemp>25.0</ns3:atemp>
            <ns3:hr>117</ns3:hr>
          </ns3:TrackPointExtension>
        </extensions>
      </trkpt>
      <trkpt lat="36.2356488592922687530517578125" lon="117.10878350771963596343994140625">
        <ele>-500</ele>
        <time>2026-09-05T15:44:26.000Z</time>
        <extensions>
          <ns3:TrackPointExtension>
            <ns3:atemp>25.0</ns3:atemp>
            <ns3:hr>116</ns3:hr>
          </ns3:TrackPointExtension>
        </extensions>
      </trkpt>
      <trkpt lat="36.2356488592922687530517578125" lon="117.108776383101940155029296875">
        <ele>-500</ele>
        <time>2026-09-05T15:44:27.000Z</time>
        <extensions>
          <ns3:TrackPointExtension>
            <ns3:atemp>26.0</ns3:atemp>
            <ns3:hr>115</ns3:hr>
          </ns3:TrackPointExtension>
        </extensions>
      </trkpt>
      <trkpt lat="36.2356485240161418914794921875" lon="117.10877160541713237762451171875">
        <ele>-500</ele>
        <time>2026-09-05T15:44:28.000Z</time>
        <extensions>
          <ns3:TrackPointExtension>
            <ns3:atemp>26.0</ns3:atemp>
            <ns3:hr>115</ns3:hr>
          </ns3:TrackPointExtension>
        </extensions>
      </trkpt>
      <trkpt lat="36.23564760200679302215576171875" lon="117.10876691155135631561279296875">
        <ele>-500</ele>
        <time>2026-09-05T15:44:29.000Z</time>
        <extensions>
          <ns3:TrackPointExtension>
            <ns3:atemp>26.0</ns3:atemp>
            <ns3:hr>115</ns3:hr>
          </ns3:TrackPointExtension>
        </extensions>
      </trkpt>
      <trkpt lat="36.2356434948742389678955078125" lon="117.10876154713332653045654296875">
        <ele>-500</ele>
        <time>2026-09-05T15:44:30.000Z</time>
        <extensions>
          <ns3:TrackPointExtension>
            <ns3:atemp>26.0</ns3:atemp>
            <ns3:hr>115</ns3:hr>
          </ns3:TrackPointExtension>
        </extensions>
      </trkpt>
      <trkpt lat="36.23564559035003185272216796875" lon="117.10876070894300937652587890625">
        <ele>-500</ele>
        <time>2026-09-05T15:44:32.000Z</time>
        <extensions>
          <ns3:TrackPointExtension>
            <ns3:atemp>26.0</ns3:atemp>
            <ns3:hr>114</ns3:hr>
          </ns3:TrackPointExtension>
        </extensions>
      </trkpt>
      <trkpt lat="36.2356455065310001373291015625" lon="117.10875970311462879180908203125">
        <ele>-500</ele>
        <time>2026-09-05T15:44:33.000Z</time>
        <extensions>
          <ns3:TrackPointExtension>
            <ns3:atemp>26.0</ns3:atemp>
            <ns3:hr>115</ns3:hr>
          </ns3:TrackPointExtension>
        </extensions>
      </trkpt>
      <trkpt lat="36.2356441654264926910400390625" lon="117.10875651799142360687255859375">
        <ele>-500</ele>
        <time>2026-09-05T15:44:34.000Z</time>
        <extensions>
          <ns3:TrackPointExtension>
            <ns3:atemp>26.0</ns3:atemp>
            <ns3:hr>115</ns3:hr>
          </ns3:TrackPointExtension>
        </extensions>
      </trkpt>
      <trkpt lat="36.23564274050295352935791015625" lon="117.10875190794467926025390625">
        <ele>-500</ele>
        <time>2026-09-05T15:44:35.000Z</time>
        <extensions>
          <ns3:TrackPointExtension>
            <ns3:atemp>26.0</ns3:atemp>
            <ns3:hr>115</ns3:hr>
          </ns3:TrackPointExtension>
        </extensions>
      </trkpt>
      <trkpt lat="36.235645003616809844970703125" lon="117.1087524108588695526123046875">
        <ele>-500</ele>
        <time>2026-09-05T15:44:36.000Z</time>
        <extensions>
          <ns3:TrackPointExtension>
            <ns3:atemp>26.0</ns3:atemp>
            <ns3:hr>114</ns3:hr>
          </ns3:TrackPointExtension>
        </extensions>
      </trkpt>
      <trkpt lat="36.23564106412231922149658203125" lon="117.1087537519633769989013671875">
        <ele>-500</ele>
        <time>2026-09-05T15:44:37.000Z</time>
        <extensions>
          <ns3:TrackPointExtension>
            <ns3:atemp>26.0</ns3:atemp>
            <ns3:hr>114</ns3:hr>
          </ns3:TrackPointExtension>
        </extensions>
      </trkpt>
      <trkpt lat="36.235627233982086181640625" lon="117.10874595679342746734619140625">
        <ele>-500</ele>
        <time>2026-09-05T15:44:39.000Z</time>
        <extensions>
          <ns3:TrackPointExtension>
            <ns3:atemp>26.0</ns3:atemp>
            <ns3:hr>113</ns3:hr>
          </ns3:TrackPointExtension>
        </extensions>
      </trkpt>
      <trkpt lat="36.2356210313737392425537109375" lon="117.1087393350899219512939453125">
        <ele>-500</ele>
        <time>2026-09-05T15:44:40.000Z</time>
        <extensions>
          <ns3:TrackPointExtension>
            <ns3:atemp>26.0</ns3:atemp>
            <ns3:hr>113</ns3:hr>
          </ns3:TrackPointExtension>
        </extensions>
      </trkpt>
      <trkpt lat="36.23561960645020008087158203125" lon="117.10872734896838665008544921875">
        <ele>-500</ele>
        <time>2026-09-05T15:44:41.000Z</time>
        <extensions>
          <ns3:TrackPointExtension>
            <ns3:atemp>26.0</ns3:atemp>
            <ns3:hr>114</ns3:hr>
          </ns3:TrackPointExtension>
        </extensions>
      </trkpt>
      <trkpt lat="36.235616169869899749755859375" lon="117.10870765149593353271484375">
        <ele>-500</ele>
        <time>2026-09-05T15:44:42.000Z</time>
        <extensions>
          <ns3:TrackPointExtension>
            <ns3:atemp>26.0</ns3:atemp>
            <ns3:hr>114</ns3:hr>
          </ns3:TrackPointExtension>
        </extensions>
      </trkpt>
      <trkpt lat="36.23561625368893146514892578125" lon="117.108692564070224761962890625">
        <ele>-500</ele>
        <time>2026-09-05T15:44:43.000Z</time>
        <extensions>
          <ns3:TrackPointExtension>
            <ns3:atemp>26.0</ns3:atemp>
            <ns3:hr>114</ns3:hr>
          </ns3:TrackPointExtension>
        </extensions>
      </trkpt>
      <trkpt lat="36.2356186844408512115478515625" lon="117.10868594236671924591064453125">
        <ele>-500</ele>
        <time>2026-09-05T15:44:44.000Z</time>
        <extensions>
          <ns3:TrackPointExtension>
            <ns3:atemp>26.0</ns3:atemp>
            <ns3:hr>114</ns3:hr>
          </ns3:TrackPointExtension>
        </extensions>
      </trkpt>
      <trkpt lat="36.23562111519277095794677734375" lon="117.10867789573967456817626953125">
        <ele>-500</ele>
        <time>2026-09-05T15:44:45.000Z</time>
        <extensions>
          <ns3:TrackPointExtension>
            <ns3:atemp>26.0</ns3:atemp>
            <ns3:hr>114</ns3:hr>
          </ns3:TrackPointExtension>
        </extensions>
      </trkpt>
      <trkpt lat="36.2356250546872615814208984375" lon="117.10866867564618587493896484375">
        <ele>-500</ele>
        <time>2026-09-05T15:44:46.000Z</time>
        <extensions>
          <ns3:TrackPointExtension>
            <ns3:atemp>26.0</ns3:atemp>
            <ns3:hr>114</ns3:hr>
          </ns3:TrackPointExtension>
        </extensions>
      </trkpt>
      <trkpt lat="36.23562790453433990478515625" lon="117.10866029374301433563232421875">
        <ele>-500</ele>
        <time>2026-09-05T15:44:47.000Z</time>
        <extensions>
          <ns3:TrackPointExtension>
            <ns3:atemp>26.0</ns3:atemp>
            <ns3:hr>114</ns3:hr>
          </ns3:TrackPointExtension>
        </extensions>
      </trkpt>
      <trkpt lat="36.2356351129710674285888671875" lon="117.1086535044014453887939453125">
        <ele>-500</ele>
        <time>2026-09-05T15:44:48.000Z</time>
        <extensions>
          <ns3:TrackPointExtension>
            <ns3:atemp>26.0</ns3:atemp>
            <ns3:hr>115</ns3:hr>
          </ns3:TrackPointExtension>
        </extensions>
      </trkpt>
      <trkpt lat="36.2356421537697315216064453125" lon="117.10864839144051074981689453125">
        <ele>-500</ele>
        <time>2026-09-05T15:44:49.000Z</time>
        <extensions>
          <ns3:TrackPointExtension>
            <ns3:atemp>26.0</ns3:atemp>
            <ns3:hr>115</ns3:hr>
          </ns3:TrackPointExtension>
        </extensions>
      </trkpt>
      <trkpt lat="36.23565145768225193023681640625" lon="117.10864772088825702667236328125">
        <ele>-500</ele>
        <time>2026-09-05T15:44:50.000Z</time>
        <extensions>
          <ns3:TrackPointExtension>
            <ns3:atemp>26.0</ns3:atemp>
            <ns3:hr>115</ns3:hr>
          </ns3:TrackPointExtension>
        </extensions>
      </trkpt>
      <trkpt lat="36.23566051013767719268798828125" lon="117.10864386521279811859130859375">
        <ele>-500</ele>
        <time>2026-09-05T15:44:51.000Z</time>
        <extensions>
          <ns3:TrackPointExtension>
            <ns3:atemp>26.0</ns3:atemp>
            <ns3:hr>114</ns3:hr>
          </ns3:TrackPointExtension>
        </extensions>
      </trkpt>
      <trkpt lat="36.23566277325153350830078125" lon="117.10864084772765636444091796875">
        <ele>-500</ele>
        <time>2026-09-05T15:44:52.000Z</time>
        <extensions>
          <ns3:TrackPointExtension>
            <ns3:atemp>26.0</ns3:atemp>
            <ns3:hr>115</ns3:hr>
          </ns3:TrackPointExtension>
        </extensions>
      </trkpt>
      <trkpt lat="36.23567081987857818603515625" lon="117.10863380692899227142333984375">
        <ele>-500</ele>
        <time>2026-09-05T15:44:55.000Z</time>
        <extensions>
          <ns3:TrackPointExtension>
            <ns3:atemp>26.0</ns3:atemp>
            <ns3:hr>116</ns3:hr>
          </ns3:TrackPointExtension>
        </extensions>
      </trkpt>
      <trkpt lat="36.23568465001881122589111328125" lon="117.108622156083583831787109375">
        <ele>-500</ele>
        <time>2026-09-05T15:45:00.000Z</time>
        <extensions>
          <ns3:TrackPointExtension>
            <ns3:atemp>26.0</ns3:atemp>
            <ns3:hr>117</ns3:hr>
          </ns3:TrackPointExtension>
        </extensions>
      </trkpt>
      <trkpt lat="36.23569018207490444183349609375" lon="117.10861955769360065460205078125">
        <ele>-500</ele>
        <time>2026-09-05T15:45:01.000Z</time>
        <extensions>
          <ns3:TrackPointExtension>
            <ns3:atemp>26.0</ns3:atemp>
            <ns3:hr>116</ns3:hr>
          </ns3:TrackPointExtension>
        </extensions>
      </trkpt>
      <trkpt lat="36.23569630086421966552734375" lon="117.10861922241747379302978515625">
        <ele>-500</ele>
        <time>2026-09-05T15:45:03.000Z</time>
        <extensions>
          <ns3:TrackPointExtension>
            <ns3:atemp>26.0</ns3:atemp>
            <ns3:hr>116</ns3:hr>
          </ns3:TrackPointExtension>
        </extensions>
      </trkpt>
      <trkpt lat="36.235702671110630035400390625" lon="117.1086176298558712005615234375">
        <ele>-500</ele>
        <time>2026-09-05T15:45:04.000Z</time>
        <extensions>
          <ns3:TrackPointExtension>
            <ns3:atemp>26.0</ns3:atemp>
            <ns3:hr>115</ns3:hr>
          </ns3:TrackPointExtension>
        </extensions>
      </trkpt>
      <trkpt lat="36.2357170879840850830078125" lon="117.10860983468592166900634765625">
        <ele>-500</ele>
        <time>2026-09-05T15:45:06.000Z</time>
        <extensions>
          <ns3:TrackPointExtension>
            <ns3:atemp>26.0</ns3:atemp>
            <ns3:hr>115</ns3:hr>
          </ns3:TrackPointExtension>
        </extensions>
      </trkpt>
      <trkpt lat="36.23573158867657184600830078125" lon="117.10859927348792552947998046875">
        <ele>-500</ele>
        <time>2026-09-05T15:45:08.000Z</time>
        <extensions>
          <ns3:TrackPointExtension>
            <ns3:atemp>26.0</ns3:atemp>
            <ns3:hr>117</ns3:hr>
          </ns3:TrackPointExtension>
        </extensions>
      </trkpt>
      <trkpt lat="36.2357390485703945159912109375" lon="117.10859659127891063690185546875">
        <ele>-500</ele>
        <time>2026-09-05T15:45:09.000Z</time>
        <extensions>
          <ns3:TrackPointExtension>
            <ns3:atemp>26.0</ns3:atemp>
            <ns3:hr>116</ns3:hr>
          </ns3:TrackPointExtension>
        </extensions>
      </trkpt>
      <trkpt lat="36.23576561920344829559326171875" lon="117.10857546888291835784912109375">
        <ele>-500</ele>
        <time>2026-09-05T15:45:13.000Z</time>
        <extensions>
          <ns3:TrackPointExtension>
            <ns3:atemp>26.0</ns3:atemp>
            <ns3:hr>119</ns3:hr>
          </ns3:TrackPointExtension>
        </extensions>
      </trkpt>
      <trkpt lat="36.235771737992763519287109375" lon="117.1085700206458568572998046875">
        <ele>-500</ele>
        <time>2026-09-05T15:45:14.000Z</time>
        <extensions>
          <ns3:TrackPointExtension>
            <ns3:atemp>26.0</ns3:atemp>
            <ns3:hr>117</ns3:hr>
          </ns3:TrackPointExtension>
        </extensions>
      </trkpt>
      <trkpt lat="36.23578707687556743621826171875" lon="117.10856608115136623382568359375">
        <ele>-500</ele>
        <time>2026-09-05T15:45:16.000Z</time>
        <extensions>
          <ns3:TrackPointExtension>
            <ns3:atemp>26.0</ns3:atemp>
            <ns3:hr>117</ns3:hr>
          </ns3:TrackPointExtension>
        </extensions>
      </trkpt>
      <trkpt lat="36.2357957102358341217041015625" lon="117.10856616497039794921875">
        <ele>-500</ele>
        <time>2026-09-05T15:45:18.000Z</time>
        <extensions>
          <ns3:TrackPointExtension>
            <ns3:atemp>26.0</ns3:atemp>
            <ns3:hr>117</ns3:hr>
          </ns3:TrackPointExtension>
        </extensions>
      </trkpt>
      <trkpt lat="36.23581674881279468536376953125" lon="117.1085592918097972869873046875">
        <ele>-500</ele>
        <time>2026-09-05T15:45:20.000Z</time>
        <extensions>
          <ns3:TrackPointExtension>
            <ns3:atemp>26.0</ns3:atemp>
            <ns3:hr>121</ns3:hr>
          </ns3:TrackPointExtension>
        </extensions>
      </trkpt>
      <trkpt lat="36.23592034913599491119384765625" lon="117.108536325395107269287109375">
        <ele>-500</ele>
        <time>2026-09-05T15:45:28.000Z</time>
        <extensions>
          <ns3:TrackPointExtension>
            <ns3:atemp>26.0</ns3:atemp>
            <ns3:hr>123</ns3:hr>
          </ns3:TrackPointExtension>
        </extensions>
      </trkpt>
      <trkpt lat="36.23592152260243892669677734375" lon="117.1085317991673946380615234375">
        <ele>-500</ele>
        <time>2026-09-05T15:45:29.000Z</time>
        <extensions>
          <ns3:TrackPointExtension>
            <ns3:atemp>26.0</ns3:atemp>
            <ns3:hr>127</ns3:hr>
          </ns3:TrackPointExtension>
        </extensions>
      </trkpt>
      <trkpt lat="36.2359264679253101348876953125" lon="117.10853456519544124603271484375">
        <ele>-500</ele>
        <time>2026-09-05T15:45:30.000Z</time>
        <extensions>
          <ns3:TrackPointExtension>
            <ns3:atemp>26.0</ns3:atemp>
            <ns3:hr>129</ns3:hr>
          </ns3:TrackPointExtension>
        </extensions>
      </trkpt>
      <trkpt lat="36.23593124561011791229248046875" lon="117.108532972633838653564453125">
        <ele>-500</ele>
        <time>2026-09-05T15:45:31.000Z</time>
        <extensions>
          <ns3:TrackPointExtension>
            <ns3:atemp>26.0</ns3:atemp>
            <ns3:hr>128</ns3:hr>
          </ns3:TrackPointExtension>
        </extensions>
      </trkpt>
      <trkpt lat="36.235931329429149627685546875" lon="117.1085321344435214996337890625">
        <ele>-500</ele>
        <time>2026-09-05T15:45:32.000Z</time>
        <extensions>
          <ns3:TrackPointExtension>
            <ns3:atemp>26.0</ns3:atemp>
            <ns3:hr>131</ns3:hr>
          </ns3:TrackPointExtension>
        </extensions>
      </trkpt>
      <trkpt lat="36.2359423935413360595703125" lon="117.10854579694569110870361328125">
        <ele>-500</ele>
        <time>2026-09-05T15:45:35.000Z</time>
        <extensions>
          <ns3:TrackPointExtension>
            <ns3:atemp>26.0</ns3:atemp>
            <ns3:hr>133</ns3:hr>
          </ns3:TrackPointExtension>
        </extensions>
      </trkpt>
      <trkpt lat="36.235943734645843505859375" lon="117.10854512639343738555908203125">
        <ele>-500</ele>
        <time>2026-09-05T15:45:36.000Z</time>
        <extensions>
          <ns3:TrackPointExtension>
            <ns3:atemp>26.0</ns3:atemp>
            <ns3:hr>133</ns3:hr>
          </ns3:TrackPointExtension>
        </extensions>
      </trkpt>
      <trkpt lat="36.23594750650227069854736328125" lon="117.10854512639343738555908203125">
        <ele>-500</ele>
        <time>2026-09-05T15:45:37.000Z</time>
        <extensions>
          <ns3:TrackPointExtension>
            <ns3:atemp>26.0</ns3:atemp>
            <ns3:hr>133</ns3:hr>
          </ns3:TrackPointExtension>
        </extensions>
      </trkpt>
      <trkpt lat="36.2359516136348247528076171875" lon="117.1085401810705661773681640625">
        <ele>-500</ele>
        <time>2026-09-05T15:45:38.000Z</time>
        <extensions>
          <ns3:TrackPointExtension>
            <ns3:atemp>26.0</ns3:atemp>
            <ns3:hr>133</ns3:hr>
          </ns3:TrackPointExtension>
        </extensions>
      </trkpt>
      <trkpt lat="36.23595773242413997650146484375" lon="117.10853406228125095367431640625">
        <ele>-500</ele>
        <time>2026-09-05T15:45:39.000Z</time>
        <extensions>
          <ns3:TrackPointExtension>
            <ns3:atemp>26.0</ns3:atemp>
            <ns3:hr>134</ns3:hr>
          </ns3:TrackPointExtension>
        </extensions>
      </trkpt>
      <trkpt lat="36.2359653599560260772705078125" lon="117.108527608215808868408203125">
        <ele>-500</ele>
        <time>2026-09-05T15:45:40.000Z</time>
        <extensions>
          <ns3:TrackPointExtension>
            <ns3:atemp>26.0</ns3:atemp>
            <ns3:hr>134</ns3:hr>
          </ns3:TrackPointExtension>
        </extensions>
      </trkpt>
      <trkpt lat="36.2359744124114513397216796875" lon="117.1085244230926036834716796875">
        <ele>-500</ele>
        <time>2026-09-05T15:45:41.000Z</time>
        <extensions>
          <ns3:TrackPointExtension>
            <ns3:atemp>26.0</ns3:atemp>
            <ns3:hr>134</ns3:hr>
          </ns3:TrackPointExtension>
        </extensions>
      </trkpt>
      <trkpt lat="36.2359827943146228790283203125" lon="117.10852417163550853729248046875">
        <ele>-500</ele>
        <time>2026-09-05T15:45:42.000Z</time>
        <extensions>
          <ns3:TrackPointExtension>
            <ns3:atemp>26.0</ns3:atemp>
            <ns3:hr>135</ns3:hr>
          </ns3:TrackPointExtension>
        </extensions>
      </trkpt>
      <trkpt lat="36.2359868176281452178955078125" lon="117.10852148942649364471435546875">
        <ele>-500</ele>
        <time>2026-09-05T15:45:43.000Z</time>
        <extensions>
          <ns3:TrackPointExtension>
            <ns3:atemp>26.0</ns3:atemp>
            <ns3:hr>135</ns3:hr>
          </ns3:TrackPointExtension>
        </extensions>
      </trkpt>
      <trkpt lat="36.2359901703894138336181640625" lon="117.10851444862782955169677734375">
        <ele>-500</ele>
        <time>2026-09-05T15:45:44.000Z</time>
        <extensions>
          <ns3:TrackPointExtension>
            <ns3:atemp>26.0</ns3:atemp>
            <ns3:hr>134</ns3:hr>
          </ns3:TrackPointExtension>
        </extensions>
      </trkpt>
      <trkpt lat="36.23599628917872905731201171875" lon="117.1085066534578800201416015625">
        <ele>-500</ele>
        <time>2026-09-05T15:45:45.000Z</time>
        <extensions>
          <ns3:TrackPointExtension>
            <ns3:atemp>26.0</ns3:atemp>
            <ns3:hr>134</ns3:hr>
          </ns3:TrackPointExtension>
        </extensions>
      </trkpt>
      <trkpt lat="36.23600877821445465087890625" lon="117.10848829708993434906005859375">
        <ele>-500</ele>
        <time>2026-09-05T15:45:47.000Z</time>
        <extensions>
          <ns3:TrackPointExtension>
            <ns3:atemp>26.0</ns3:atemp>
            <ns3:hr>133</ns3:hr>
          </ns3:TrackPointExtension>
        </extensions>
      </trkpt>
      <trkpt lat="36.236017160117626190185546875" lon="117.108475305140018463134765625">
        <ele>-500</ele>
        <time>2026-09-05T15:45:48.000Z</time>
        <extensions>
          <ns3:TrackPointExtension>
            <ns3:atemp>26.0</ns3:atemp>
            <ns3:hr>133</ns3:hr>
          </ns3:TrackPointExtension>
        </extensions>
      </trkpt>
      <trkpt lat="36.23602109961211681365966796875" lon="117.1084709465503692626953125">
        <ele>-500</ele>
        <time>2026-09-05T15:45:50.000Z</time>
        <extensions>
          <ns3:TrackPointExtension>
            <ns3:atemp>26.0</ns3:atemp>
            <ns3:hr>132</ns3:hr>
          </ns3:TrackPointExtension>
        </extensions>
      </trkpt>
      <trkpt lat="36.2360283918678760528564453125" lon="117.108471281826496124267578125">
        <ele>-500</ele>
        <time>2026-09-05T15:45:51.000Z</time>
        <extensions>
          <ns3:TrackPointExtension>
            <ns3:atemp>26.0</ns3:atemp>
            <ns3:hr>131</ns3:hr>
          </ns3:TrackPointExtension>
        </extensions>
      </trkpt>
      <trkpt lat="36.23603333719074726104736328125" lon="117.10846893489360809326171875">
        <ele>-500</ele>
        <time>2026-09-05T15:45:52.000Z</time>
        <extensions>
          <ns3:TrackPointExtension>
            <ns3:atemp>26.0</ns3:atemp>
            <ns3:hr>131</ns3:hr>
          </ns3:TrackPointExtension>
        </extensions>
      </trkpt>
      <trkpt lat="36.23603534884750843048095703125" lon="117.1084650792181491851806640625">
        <ele>-500</ele>
        <time>2026-09-05T15:45:53.000Z</time>
        <extensions>
          <ns3:TrackPointExtension>
            <ns3:atemp>26.0</ns3:atemp>
            <ns3:hr>130</ns3:hr>
          </ns3:TrackPointExtension>
        </extensions>
      </trkpt>
      <trkpt lat="36.23604230582714080810546875" lon="117.10846499539911746978759765625">
        <ele>-500</ele>
        <time>2026-09-05T15:45:54.000Z</time>
        <extensions>
          <ns3:TrackPointExtension>
            <ns3:atemp>26.0</ns3:atemp>
            <ns3:hr>128</ns3:hr>
          </ns3:TrackPointExtension>
        </extensions>
      </trkpt>
      <trkpt lat="36.236043982207775115966796875" lon="117.10847069509327411651611328125">
        <ele>-500</ele>
        <time>2026-09-05T15:45:55.000Z</time>
        <extensions>
          <ns3:TrackPointExtension>
            <ns3:atemp>26.0</ns3:atemp>
            <ns3:hr>127</ns3:hr>
          </ns3:TrackPointExtension>
        </extensions>
      </trkpt>
      <trkpt lat="36.23604389838874340057373046875" lon="117.10847689770162105560302734375">
        <ele>-500</ele>
        <time>2026-09-05T15:45:56.000Z</time>
        <extensions>
          <ns3:TrackPointExtension>
            <ns3:atemp>26.0</ns3:atemp>
            <ns3:hr>126</ns3:hr>
          </ns3:TrackPointExtension>
        </extensions>
      </trkpt>
      <trkpt lat="36.2360384501516819000244140625" lon="117.1084816753864288330078125">
        <ele>-500</ele>
        <time>2026-09-05T15:45:57.000Z</time>
        <extensions>
          <ns3:TrackPointExtension>
            <ns3:atemp>26.0</ns3:atemp>
            <ns3:hr>125</ns3:hr>
          </ns3:TrackPointExtension>
        </extensions>
      </trkpt>
      <trkpt lat="36.23603484593331813812255859375" lon="117.1084835194051265716552734375">
        <ele>-500</ele>
        <time>2026-09-05T15:45:58.000Z</time>
        <extensions>
          <ns3:TrackPointExtension>
            <ns3:atemp>26.0</ns3:atemp>
            <ns3:hr>124</ns3:hr>
          </ns3:TrackPointExtension>
        </extensions>
      </trkpt>
      <trkpt lat="36.23603015206754207611083984375" lon="117.10848544724285602569580078125">
        <ele>-500</ele>
        <time>2026-09-05T15:45:59.000Z</time>
        <extensions>
          <ns3:TrackPointExtension>
            <ns3:atemp>26.0</ns3:atemp>
            <ns3:hr>124</ns3:hr>
          </ns3:TrackPointExtension>
        </extensions>
      </trkpt>
      <trkpt lat="36.236025206744670867919921875" lon="117.108485698699951171875">
        <ele>-500</ele>
        <time>2026-09-05T15:46:00.000Z</time>
        <extensions>
          <ns3:TrackPointExtension>
            <ns3:atemp>26.0</ns3:atemp>
            <ns3:hr>123</ns3:hr>
          </ns3:TrackPointExtension>
        </extensions>
      </trkpt>
      <trkpt lat="36.23601070605218410491943359375" lon="117.1084845252335071563720703125">
        <ele>-500</ele>
        <time>2026-09-05T15:46:01.000Z</time>
        <extensions>
          <ns3:TrackPointExtension>
            <ns3:atemp>26.0</ns3:atemp>
            <ns3:hr>123</ns3:hr>
          </ns3:TrackPointExtension>
        </extensions>
      </trkpt>
      <trkpt lat="36.2360119633376598358154296875" lon="117.10848595015704631805419921875">
        <ele>-500</ele>
        <time>2026-09-05T15:46:03.000Z</time>
        <extensions>
          <ns3:TrackPointExtension>
            <ns3:atemp>26.0</ns3:atemp>
            <ns3:hr>124</ns3:hr>
          </ns3:TrackPointExtension>
        </extensions>
      </trkpt>
      <trkpt lat="36.2360153160989284515380859375" lon="117.1084885485470294952392578125">
        <ele>-500</ele>
        <time>2026-09-05T15:46:04.000Z</time>
        <extensions>
          <ns3:TrackPointExtension>
            <ns3:atemp>26.0</ns3:atemp>
            <ns3:hr>124</ns3:hr>
          </ns3:TrackPointExtension>
        </extensions>
      </trkpt>
      <trkpt lat="36.2360213510692119598388671875" lon="117.10849232040345668792724609375">
        <ele>-500</ele>
        <time>2026-09-05T15:46:05.000Z</time>
        <extensions>
          <ns3:TrackPointExtension>
            <ns3:atemp>26.0</ns3:atemp>
            <ns3:hr>124</ns3:hr>
          </ns3:TrackPointExtension>
        </extensions>
      </trkpt>
      <trkpt lat="36.2360250391066074371337890625" lon="117.1084962598979473114013671875">
        <ele>-500</ele>
        <time>2026-09-05T15:46:06.000Z</time>
        <extensions>
          <ns3:TrackPointExtension>
            <ns3:atemp>26.0</ns3:atemp>
            <ns3:hr>124</ns3:hr>
          </ns3:TrackPointExtension>
        </extensions>
      </trkpt>
      <trkpt lat="36.2360200099647045135498046875" lon="117.108502797782421112060546875">
        <ele>-500</ele>
        <time>2026-09-05T15:46:07.000Z</time>
        <extensions>
          <ns3:TrackPointExtension>
            <ns3:atemp>26.0</ns3:atemp>
            <ns3:hr>124</ns3:hr>
          </ns3:TrackPointExtension>
        </extensions>
      </trkpt>
      <trkpt lat="36.23601640574634075164794921875" lon="117.10850179195404052734375">
        <ele>-500</ele>
        <time>2026-09-05T15:46:08.000Z</time>
        <extensions>
          <ns3:TrackPointExtension>
            <ns3:atemp>26.0</ns3:atemp>
            <ns3:hr>123</ns3:hr>
          </ns3:TrackPointExtension>
        </extensions>
      </trkpt>
      <trkpt lat="36.23601640574634075164794921875" lon="117.10850179195404052734375">
        <ele>-500</ele>
        <time>2026-09-05T15:46:09.000Z</time>
        <extensions>
          <ns3:TrackPointExtension>
            <ns3:atemp>26.0</ns3:atemp>
            <ns3:hr>125</ns3:hr>
          </ns3:TrackPointExtension>
        </extensions>
      </trkpt>
      <trkpt lat="36.23601640574634075164794921875" lon="117.10850179195404052734375">
        <ele>-500</ele>
        <time>2026-09-05T15:46:10.000Z</time>
        <extensions>
          <ns3:TrackPointExtension>
            <ns3:atemp>26.0</ns3:atemp>
            <ns3:hr>123</ns3:hr>
          </ns3:TrackPointExtension>
        </extensions>
      </trkpt>
      <trkpt lat="36.23601640574634075164794921875" lon="117.10850179195404052734375">
        <ele>-500</ele>
        <time>2026-09-05T15:46:11.000Z</time>
        <extensions>
          <ns3:TrackPointExtension>
            <ns3:atemp>26.0</ns3:atemp>
            <ns3:hr>122</ns3:hr>
          </ns3:TrackPointExtension>
        </extensions>
      </trkpt>
      <trkpt lat="36.23601640574634075164794921875" lon="117.10850179195404052734375">
        <ele>-500</ele>
        <time>2026-09-05T15:46:12.000Z</time>
        <extensions>
          <ns3:TrackPointExtension>
            <ns3:atemp>26.0</ns3:atemp>
            <ns3:hr>122</ns3:hr>
          </ns3:TrackPointExtension>
        </extensions>
      </trkpt>
      <trkpt lat="36.23601640574634075164794921875" lon="117.10850179195404052734375">
        <ele>-500</ele>
        <time>2026-09-05T15:46:13.000Z</time>
        <extensions>
          <ns3:TrackPointExtension>
            <ns3:atemp>26.0</ns3:atemp>
            <ns3:hr>121</ns3:hr>
          </ns3:TrackPointExtension>
        </extensions>
      </trkpt>
      <trkpt lat="36.23601640574634075164794921875" lon="117.10850179195404052734375">
        <ele>-500</ele>
        <time>2026-09-05T15:46:14.000Z</time>
        <extensions>
          <ns3:TrackPointExtension>
            <ns3:atemp>26.0</ns3:atemp>
            <ns3:hr>121</ns3:hr>
          </ns3:TrackPointExtension>
        </extensions>
      </trkpt>
      <trkpt lat="36.23601640574634075164794921875" lon="117.10850179195404052734375">
        <ele>-500</ele>
        <time>2026-09-05T15:46:15.000Z</time>
        <extensions>
          <ns3:TrackPointExtension>
            <ns3:atemp>26.0</ns3:atemp>
            <ns3:hr>120</ns3:hr>
          </ns3:TrackPointExtension>
        </extensions>
      </trkpt>
      <trkpt lat="36.23601640574634075164794921875" lon="117.10850179195404052734375">
        <ele>-500</ele>
        <time>2026-09-05T15:46:16.000Z</time>
        <extensions>
          <ns3:TrackPointExtension>
            <ns3:atemp>26.0</ns3:atemp>
            <ns3:hr>121</ns3:hr>
          </ns3:TrackPointExtension>
        </extensions>
      </trkpt>
      <trkpt lat="36.23601640574634075164794921875" lon="117.10850179195404052734375">
        <ele>-500</ele>
        <time>2026-09-05T15:46:17.000Z</time>
        <extensions>
          <ns3:TrackPointExtension>
            <ns3:atemp>26.0</ns3:atemp>
            <ns3:hr>120</ns3:hr>
          </ns3:TrackPointExtension>
        </extensions>
      </trkpt>
      <trkpt lat="36.23601640574634075164794921875" lon="117.10850103758275508880615234375">
        <ele>-500</ele>
        <time>2026-09-05T15:46:18.000Z</time>
        <extensions>
          <ns3:TrackPointExtension>
            <ns3:atemp>26.0</ns3:atemp>
            <ns3:hr>120</ns3:hr>
          </ns3:TrackPointExtension>
        </extensions>
      </trkpt>
      <trkpt lat="36.23601640574634075164794921875" lon="117.108500786125659942626953125">
        <ele>-500</ele>
        <time>2026-09-05T15:46:19.000Z</time>
        <extensions>
          <ns3:TrackPointExtension>
            <ns3:atemp>26.0</ns3:atemp>
            <ns3:hr>120</ns3:hr>
          </ns3:TrackPointExtension>
        </extensions>
      </trkpt>
      <trkpt lat="36.236019842326641082763671875" lon="117.10849952884018421173095703125">
        <ele>-500</ele>
        <time>2026-09-05T15:46:20.000Z</time>
        <extensions>
          <ns3:TrackPointExtension>
            <ns3:atemp>26.0</ns3:atemp>
            <ns3:hr>120</ns3:hr>
          </ns3:TrackPointExtension>
        </extensions>
      </trkpt>
      <trkpt lat="36.2360200099647045135498046875" lon="117.10849651135504245758056640625">
        <ele>-500</ele>
        <time>2026-09-05T15:46:21.000Z</time>
        <extensions>
          <ns3:TrackPointExtension>
            <ns3:atemp>26.0</ns3:atemp>
            <ns3:hr>119</ns3:hr>
          </ns3:TrackPointExtension>
        </extensions>
      </trkpt>
      <trkpt lat="36.2360200099647045135498046875" lon="117.1084962598979473114013671875">
        <ele>-500</ele>
        <time>2026-09-05T15:46:22.000Z</time>
        <extensions>
          <ns3:TrackPointExtension>
            <ns3:atemp>26.0</ns3:atemp>
            <ns3:hr>119</ns3:hr>
          </ns3:TrackPointExtension>
        </extensions>
      </trkpt>
      <trkpt lat="36.2360200099647045135498046875" lon="117.108494080603122711181640625">
        <ele>-500</ele>
        <time>2026-09-05T15:46:23.000Z</time>
        <extensions>
          <ns3:TrackPointExtension>
            <ns3:atemp>26.0</ns3:atemp>
            <ns3:hr>119</ns3:hr>
          </ns3:TrackPointExtension>
        </extensions>
      </trkpt>
      <trkpt lat="36.2360200099647045135498046875" lon="117.1084935776889324188232421875">
        <ele>-500</ele>
        <time>2026-09-05T15:46:24.000Z</time>
        <extensions>
          <ns3:TrackPointExtension>
            <ns3:atemp>26.0</ns3:atemp>
            <ns3:hr>118</ns3:hr>
          </ns3:TrackPointExtension>
        </extensions>
      </trkpt>
      <trkpt lat="36.2360200099647045135498046875" lon="117.108493410050868988037109375">
        <ele>-500</ele>
        <time>2026-09-05T15:46:25.000Z</time>
        <extensions>
          <ns3:TrackPointExtension>
            <ns3:atemp>26.0</ns3:atemp>
            <ns3:hr>118</ns3:hr>
          </ns3:TrackPointExtension>
        </extensions>
      </trkpt>
      <trkpt lat="36.2360200099647045135498046875" lon="117.10849198512732982635498046875">
        <ele>-500</ele>
        <time>2026-09-05T15:46:27.000Z</time>
        <extensions>
          <ns3:TrackPointExtension>
            <ns3:atemp>26.0</ns3:atemp>
            <ns3:hr>118</ns3:hr>
          </ns3:TrackPointExtension>
        </extensions>
      </trkpt>
      <trkpt lat="36.2360200099647045135498046875" lon="117.10849173367023468017578125">
        <ele>-500</ele>
        <time>2026-09-05T15:46:28.000Z</time>
        <extensions>
          <ns3:TrackPointExtension>
            <ns3:atemp>26.0</ns3:atemp>
            <ns3:hr>118</ns3:hr>
          </ns3:TrackPointExtension>
        </extensions>
      </trkpt>
      <trkpt lat="36.2360200099647045135498046875" lon="117.108491398394107818603515625">
        <ele>-500</ele>
        <time>2026-09-05T15:46:29.000Z</time>
        <extensions>
          <ns3:TrackPointExtension>
            <ns3:atemp>26.0</ns3:atemp>
            <ns3:hr>117</ns3:hr>
          </ns3:TrackPointExtension>
        </extensions>
      </trkpt>
      <trkpt lat="36.23601875267922878265380859375" lon="117.108491398394107818603515625">
        <ele>-500</ele>
        <time>2026-09-05T15:46:30.000Z</time>
        <extensions>
          <ns3:TrackPointExtension>
            <ns3:atemp>26.0</ns3:atemp>
            <ns3:hr>114</ns3:hr>
          </ns3:TrackPointExtension>
        </extensions>
      </trkpt>
      <trkpt lat="36.23601858504116535186767578125" lon="117.10849131457507610321044921875">
        <ele>-500</ele>
        <time>2026-09-05T15:46:31.000Z</time>
        <extensions>
          <ns3:TrackPointExtension>
            <ns3:atemp>26.0</ns3:atemp>
            <ns3:hr>117</ns3:hr>
          </ns3:TrackPointExtension>
        </extensions>
      </trkpt>
      <trkpt lat="36.23601858504116535186767578125" lon="117.10849164985120296478271484375">
        <ele>-500</ele>
        <time>2026-09-05T15:46:32.000Z</time>
        <extensions>
          <ns3:TrackPointExtension>
            <ns3:atemp>26.0</ns3:atemp>
            <ns3:hr>117</ns3:hr>
          </ns3:TrackPointExtension>
        </extensions>
      </trkpt>
      <trkpt lat="36.23601858504116535186767578125" lon="117.1084919013082981109619140625">
        <ele>-500</ele>
        <time>2026-09-05T15:46:33.000Z</time>
        <extensions>
          <ns3:TrackPointExtension>
            <ns3:atemp>26.0</ns3:atemp>
            <ns3:hr>118</ns3:hr>
          </ns3:TrackPointExtension>
        </extensions>
      </trkpt>
      <trkpt lat="36.23601858504116535186767578125" lon="117.1084919013082981109619140625">
        <ele>-500</ele>
        <time>2026-09-05T15:46:34.000Z</time>
        <extensions>
          <ns3:TrackPointExtension>
            <ns3:atemp>26.0</ns3:atemp>
            <ns3:hr>118</ns3:hr>
          </ns3:TrackPointExtension>
        </extensions>
      </trkpt>
      <trkpt lat="36.23601824976503849029541015625" lon="117.10849173367023468017578125">
        <ele>-500</ele>
        <time>2026-09-05T15:46:35.000Z</time>
        <extensions>
          <ns3:TrackPointExtension>
            <ns3:atemp>26.0</ns3:atemp>
            <ns3:hr>119</ns3:hr>
          </ns3:TrackPointExtension>
        </extensions>
      </trkpt>
      <trkpt lat="36.2360166572034358978271484375" lon="117.108491398394107818603515625">
        <ele>-500</ele>
        <time>2026-09-05T15:46:36.000Z</time>
        <extensions>
          <ns3:TrackPointExtension>
            <ns3:atemp>26.0</ns3:atemp>
            <ns3:hr>119</ns3:hr>
          </ns3:TrackPointExtension>
        </extensions>
      </trkpt>
      <trkpt lat="36.23601607047021389007568359375" lon="117.10849106311798095703125">
        <ele>-500</ele>
        <time>2026-09-05T15:46:37.000Z</time>
        <extensions>
          <ns3:TrackPointExtension>
            <ns3:atemp>26.0</ns3:atemp>
            <ns3:hr>119</ns3:hr>
          </ns3:TrackPointExtension>
        </extensions>
      </trkpt>
      <trkpt lat="36.23601573519408702850341796875" lon="117.10849097929894924163818359375">
        <ele>-500</ele>
        <time>2026-09-05T15:46:38.000Z</time>
        <extensions>
          <ns3:TrackPointExtension>
            <ns3:atemp>26.0</ns3:atemp>
            <ns3:hr>119</ns3:hr>
          </ns3:TrackPointExtension>
        </extensions>
      </trkpt>
      <trkpt lat="36.23601539991796016693115234375" lon="117.1084905602037906646728515625">
        <ele>-500</ele>
        <time>2026-09-05T15:46:40.000Z</time>
        <extensions>
          <ns3:TrackPointExtension>
            <ns3:atemp>26.0</ns3:atemp>
            <ns3:hr>119</ns3:hr>
          </ns3:TrackPointExtension>
        </extensions>
      </trkpt>
      <trkpt lat="36.2360143102705478668212890625" lon="117.1084905602037906646728515625">
        <ele>-500</ele>
        <time>2026-09-05T15:46:41.000Z</time>
        <extensions>
          <ns3:TrackPointExtension>
            <ns3:atemp>26.0</ns3:atemp>
            <ns3:hr>119</ns3:hr>
          </ns3:TrackPointExtension>
        </extensions>
      </trkpt>
      <trkpt lat="36.2360126338899135589599609375" lon="117.1084905602037906646728515625">
        <ele>-500</ele>
        <time>2026-09-05T15:46:42.000Z</time>
        <extensions>
          <ns3:TrackPointExtension>
            <ns3:atemp>26.0</ns3:atemp>
            <ns3:hr>119</ns3:hr>
          </ns3:TrackPointExtension>
        </extensions>
      </trkpt>
      <trkpt lat="36.2360106222331523895263671875" lon="117.1084905602037906646728515625">
        <ele>-500</ele>
        <time>2026-09-05T15:46:46.000Z</time>
        <extensions>
          <ns3:TrackPointExtension>
            <ns3:atemp>26.0</ns3:atemp>
            <ns3:hr>116</ns3:hr>
          </ns3:TrackPointExtension>
        </extensions>
      </trkpt>
      <trkpt lat="36.23601053841412067413330078125" lon="117.1084905602037906646728515625">
        <ele>-500</ele>
        <time>2026-09-05T15:46:47.000Z</time>
        <extensions>
          <ns3:TrackPointExtension>
            <ns3:atemp>26.0</ns3:atemp>
            <ns3:hr>116</ns3:hr>
          </ns3:TrackPointExtension>
        </extensions>
      </trkpt>
      <trkpt lat="36.2360102869570255279541015625" lon="117.1084905602037906646728515625">
        <ele>-500</ele>
        <time>2026-09-05T15:46:48.000Z</time>
        <extensions>
          <ns3:TrackPointExtension>
            <ns3:atemp>26.0</ns3:atemp>
            <ns3:hr>116</ns3:hr>
          </ns3:TrackPointExtension>
        </extensions>
      </trkpt>
      <trkpt lat="36.23601020313799381256103515625" lon="117.1084905602037906646728515625">
        <ele>-500</ele>
        <time>2026-09-05T15:46:50.000Z</time>
        <extensions>
          <ns3:TrackPointExtension>
            <ns3:atemp>26.0</ns3:atemp>
            <ns3:hr>116</ns3:hr>
          </ns3:TrackPointExtension>
        </extensions>
      </trkpt>
      <trkpt lat="36.2360109575092792510986328125" lon="117.1084952540695667266845703125">
        <ele>-500</ele>
        <time>2026-09-05T15:46:55.000Z</time>
        <extensions>
          <ns3:TrackPointExtension>
            <ns3:atemp>26.0</ns3:atemp>
            <ns3:hr>116</ns3:hr>
          </ns3:TrackPointExtension>
        </extensions>
      </trkpt>
      <trkpt lat="36.23601154424250125885009765625" lon="117.108495421707630157470703125">
        <ele>-500</ele>
        <time>2026-09-05T15:46:57.000Z</time>
        <extensions>
          <ns3:TrackPointExtension>
            <ns3:atemp>26.0</ns3:atemp>
            <ns3:hr>115</ns3:hr>
          </ns3:TrackPointExtension>
        </extensions>
      </trkpt>
      <trkpt lat="36.2360116280615329742431640625" lon="117.10849575698375701904296875">
        <ele>-500</ele>
        <time>2026-09-05T15:46:58.000Z</time>
        <extensions>
          <ns3:TrackPointExtension>
            <ns3:atemp>26.0</ns3:atemp>
            <ns3:hr>114</ns3:hr>
          </ns3:TrackPointExtension>
        </extensions>
      </trkpt>
      <trkpt lat="36.2360116280615329742431640625" lon="117.1084959246218204498291015625">
        <ele>-500</ele>
        <time>2026-09-05T15:46:59.000Z</time>
        <extensions>
          <ns3:TrackPointExtension>
            <ns3:atemp>26.0</ns3:atemp>
            <ns3:hr>116</ns3:hr>
          </ns3:TrackPointExtension>
        </extensions>
      </trkpt>
      <trkpt lat="36.2360116280615329742431640625" lon="117.1084959246218204498291015625">
        <ele>-500</ele>
        <time>2026-09-05T15:47:00.000Z</time>
        <extensions>
          <ns3:TrackPointExtension>
            <ns3:atemp>26.0</ns3:atemp>
            <ns3:hr>116</ns3:hr>
          </ns3:TrackPointExtension>
        </extensions>
      </trkpt>
      <trkpt lat="36.2360116280615329742431640625" lon="117.10849617607891559600830078125">
        <ele>-500</ele>
        <time>2026-09-05T15:47:02.000Z</time>
        <extensions>
          <ns3:TrackPointExtension>
            <ns3:atemp>26.0</ns3:atemp>
            <ns3:hr>115</ns3:hr>
          </ns3:TrackPointExtension>
        </extensions>
      </trkpt>
      <trkpt lat="36.2360116280615329742431640625" lon="117.1084964275360107421875">
        <ele>-500</ele>
        <time>2026-09-05T15:47:04.000Z</time>
        <extensions>
          <ns3:TrackPointExtension>
            <ns3:atemp>26.0</ns3:atemp>
            <ns3:hr>114</ns3:hr>
          </ns3:TrackPointExtension>
        </extensions>
      </trkpt>
      <trkpt lat="36.2360116280615329742431640625" lon="117.10849869064986705780029296875">
        <ele>-500</ele>
        <time>2026-09-05T15:47:06.000Z</time>
        <extensions>
          <ns3:TrackPointExtension>
            <ns3:atemp>26.0</ns3:atemp>
            <ns3:hr>113</ns3:hr>
          </ns3:TrackPointExtension>
        </extensions>
      </trkpt>
      <trkpt lat="36.2360116280615329742431640625" lon="117.108500786125659942626953125">
        <ele>-500</ele>
        <time>2026-09-05T15:47:12.000Z</time>
        <extensions>
          <ns3:TrackPointExtension>
            <ns3:atemp>26.0</ns3:atemp>
            <ns3:hr>110</ns3:hr>
          </ns3:TrackPointExtension>
        </extensions>
      </trkpt>
      <trkpt lat="36.2360116280615329742431640625" lon="117.108500786125659942626953125">
        <ele>-500</ele>
        <time>2026-09-05T15:47:16.000Z</time>
        <extensions>
          <ns3:TrackPointExtension>
            <ns3:atemp>26.0</ns3:atemp>
            <ns3:hr>107</ns3:hr>
          </ns3:TrackPointExtension>
        </extensions>
      </trkpt>
      <trkpt lat="36.2360116280615329742431640625" lon="117.1085016243159770965576171875">
        <ele>-500</ele>
        <time>2026-09-05T15:47:21.000Z</time>
        <extensions>
          <ns3:TrackPointExtension>
            <ns3:atemp>26.0</ns3:atemp>
            <ns3:hr>106</ns3:hr>
          </ns3:TrackPointExtension>
        </extensions>
      </trkpt>
      <trkpt lat="36.2360116280615329742431640625" lon="117.10850237868726253509521484375">
        <ele>-500</ele>
        <time>2026-09-05T15:47:23.000Z</time>
        <extensions>
          <ns3:TrackPointExtension>
            <ns3:atemp>26.0</ns3:atemp>
            <ns3:hr>105</ns3:hr>
          </ns3:TrackPointExtension>
        </extensions>
      </trkpt>
      <trkpt lat="36.236011795699596405029296875" lon="117.10850304923951625823974609375">
        <ele>-500</ele>
        <time>2026-09-05T15:47:25.000Z</time>
        <extensions>
          <ns3:TrackPointExtension>
            <ns3:atemp>26.0</ns3:atemp>
            <ns3:hr>105</ns3:hr>
          </ns3:TrackPointExtension>
        </extensions>
      </trkpt>
      <trkpt lat="36.2360121309757232666015625" lon="117.108504809439182281494140625">
        <ele>-500</ele>
        <time>2026-09-05T15:47:27.000Z</time>
        <extensions>
          <ns3:TrackPointExtension>
            <ns3:atemp>26.0</ns3:atemp>
            <ns3:hr>104</ns3:hr>
          </ns3:TrackPointExtension>
        </extensions>
      </trkpt>
      <trkpt lat="36.2360122986137866973876953125" lon="117.108507491648197174072265625">
        <ele>-500</ele>
        <time>2026-09-05T15:47:29.000Z</time>
        <extensions>
          <ns3:TrackPointExtension>
            <ns3:atemp>26.0</ns3:atemp>
            <ns3:hr>103</ns3:hr>
          </ns3:TrackPointExtension>
        </extensions>
      </trkpt>
      <trkpt lat="36.2360122986137866973876953125" lon="117.10851109586656093597412109375">
        <ele>-500</ele>
        <time>2026-09-05T15:47:30.000Z</time>
        <extensions>
          <ns3:TrackPointExtension>
            <ns3:atemp>26.0</ns3:atemp>
            <ns3:hr>103</ns3:hr>
          </ns3:TrackPointExtension>
        </extensions>
      </trkpt>
      <trkpt lat="36.23601305298507213592529296875" lon="117.10851411335170269012451171875">
        <ele>-500</ele>
        <time>2026-09-05T15:47:31.000Z</time>
        <extensions>
          <ns3:TrackPointExtension>
            <ns3:atemp>26.0</ns3:atemp>
            <ns3:hr>103</ns3:hr>
          </ns3:TrackPointExtension>
        </extensions>
      </trkpt>
      <trkpt lat="36.23601682484149932861328125" lon="117.1085160411894321441650390625">
        <ele>-500</ele>
        <time>2026-09-05T15:47:33.000Z</time>
        <extensions>
          <ns3:TrackPointExtension>
            <ns3:atemp>26.0</ns3:atemp>
            <ns3:hr>103</ns3:hr>
          </ns3:TrackPointExtension>
        </extensions>
      </trkpt>
      <trkpt lat="36.2360186688601970672607421875" lon="117.10851629264652729034423828125">
        <ele>-500</ele>
        <time>2026-09-05T15:47:34.000Z</time>
        <extensions>
          <ns3:TrackPointExtension>
            <ns3:atemp>26.0</ns3:atemp>
            <ns3:hr>103</ns3:hr>
          </ns3:TrackPointExtension>
        </extensions>
      </trkpt>
      <trkpt lat="36.23601950705051422119140625" lon="117.1085163764655590057373046875">
        <ele>-500</ele>
        <time>2026-09-05T15:47:35.000Z</time>
        <extensions>
          <ns3:TrackPointExtension>
            <ns3:atemp>26.0</ns3:atemp>
            <ns3:hr>104</ns3:hr>
          </ns3:TrackPointExtension>
        </extensions>
      </trkpt>
      <trkpt lat="36.236019842326641082763671875" lon="117.1085163764655590057373046875">
        <ele>-500</ele>
        <time>2026-09-05T15:47:36.000Z</time>
        <extensions>
          <ns3:TrackPointExtension>
            <ns3:atemp>26.0</ns3:atemp>
            <ns3:hr>103</ns3:hr>
          </ns3:TrackPointExtension>
        </extensions>
      </trkpt>
      <trkpt lat="36.2360200099647045135498046875" lon="117.10851646028459072113037109375">
        <ele>-500</ele>
        <time>2026-09-05T15:47:37.000Z</time>
        <extensions>
          <ns3:TrackPointExtension>
            <ns3:atemp>26.0</ns3:atemp>
            <ns3:hr>102</ns3:hr>
          </ns3:TrackPointExtension>
        </extensions>
      </trkpt>
      <trkpt lat="36.23602009378373622894287109375" lon="117.10851646028459072113037109375">
        <ele>-500</ele>
        <time>2026-09-05T15:47:38.000Z</time>
        <extensions>
          <ns3:TrackPointExtension>
            <ns3:atemp>26.0</ns3:atemp>
            <ns3:hr>103</ns3:hr>
          </ns3:TrackPointExtension>
        </extensions>
      </trkpt>
      <trkpt lat="36.23602009378373622894287109375" lon="117.10851646028459072113037109375">
        <ele>-500</ele>
        <time>2026-09-05T15:47:39.000Z</time>
        <extensions>
          <ns3:TrackPointExtension>
            <ns3:atemp>26.0</ns3:atemp>
            <ns3:hr>103</ns3:hr>
          </ns3:TrackPointExtension>
        </extensions>
      </trkpt>
      <trkpt lat="36.23602009378373622894287109375" lon="117.10851646028459072113037109375">
        <ele>-500</ele>
        <time>2026-09-05T15:47:41.000Z</time>
        <extensions>
          <ns3:TrackPointExtension>
            <ns3:atemp>26.0</ns3:atemp>
            <ns3:hr>105</ns3:hr>
          </ns3:TrackPointExtension>
        </extensions>
      </trkpt>
      <trkpt lat="36.23602009378373622894287109375" lon="117.10851646028459072113037109375">
        <ele>-500</ele>
        <time>2026-09-05T15:47:42.000Z</time>
        <extensions>
          <ns3:TrackPointExtension>
            <ns3:atemp>26.0</ns3:atemp>
            <ns3:hr>104</ns3:hr>
          </ns3:TrackPointExtension>
        </extensions>
      </trkpt>
      <trkpt lat="36.23602009378373622894287109375" lon="117.10851646028459072113037109375">
        <ele>-500</ele>
        <time>2026-09-05T15:47:43.000Z</time>
        <extensions>
          <ns3:TrackPointExtension>
            <ns3:atemp>26.0</ns3:atemp>
            <ns3:hr>104</ns3:hr>
          </ns3:TrackPointExtension>
        </extensions>
      </trkpt>
      <trkpt lat="36.23602009378373622894287109375" lon="117.10851646028459072113037109375">
        <ele>-500</ele>
        <time>2026-09-05T15:47:44.000Z</time>
        <extensions>
          <ns3:TrackPointExtension>
            <ns3:atemp>26.0</ns3:atemp>
            <ns3:hr>104</ns3:hr>
          </ns3:TrackPointExtension>
        </extensions>
      </trkpt>
      <trkpt lat="36.23602009378373622894287109375" lon="117.10851646028459072113037109375">
        <ele>-500</ele>
        <time>2026-09-05T15:47:45.000Z</time>
        <extensions>
          <ns3:TrackPointExtension>
            <ns3:atemp>26.0</ns3:atemp>
            <ns3:hr>105</ns3:hr>
          </ns3:TrackPointExtension>
        </extensions>
      </trkpt>
      <trkpt lat="36.23602009378373622894287109375" lon="117.10851646028459072113037109375">
        <ele>-500</ele>
        <time>2026-09-05T15:47:46.000Z</time>
        <extensions>
          <ns3:TrackPointExtension>
            <ns3:atemp>26.0</ns3:atemp>
            <ns3:hr>104</ns3:hr>
          </ns3:TrackPointExtension>
        </extensions>
      </trkpt>
      <trkpt lat="36.23602009378373622894287109375" lon="117.10851587355136871337890625">
        <ele>-500</ele>
        <time>2026-09-05T15:47:47.000Z</time>
        <extensions>
          <ns3:TrackPointExtension>
            <ns3:atemp>26.0</ns3:atemp>
            <ns3:hr>105</ns3:hr>
          </ns3:TrackPointExtension>
        </extensions>
      </trkpt>
      <trkpt lat="36.2360201776027679443359375" lon="117.108514867722988128662109375">
        <ele>-500</ele>
        <time>2026-09-05T15:47:48.000Z</time>
        <extensions>
          <ns3:TrackPointExtension>
            <ns3:atemp>26.0</ns3:atemp>
            <ns3:hr>105</ns3:hr>
          </ns3:TrackPointExtension>
        </extensions>
      </trkpt>
      <trkpt lat="36.2360201776027679443359375" lon="117.1085143648087978363037109375">
        <ele>-500</ele>
        <time>2026-09-05T15:47:49.000Z</time>
        <extensions>
          <ns3:TrackPointExtension>
            <ns3:atemp>26.0</ns3:atemp>
            <ns3:hr>106</ns3:hr>
          </ns3:TrackPointExtension>
        </extensions>
      </trkpt>
      <trkpt lat="36.2360201776027679443359375" lon="117.10851394571363925933837890625">
        <ele>-500</ele>
        <time>2026-09-05T15:47:50.000Z</time>
        <extensions>
          <ns3:TrackPointExtension>
            <ns3:atemp>26.0</ns3:atemp>
            <ns3:hr>106</ns3:hr>
          </ns3:TrackPointExtension>
        </extensions>
      </trkpt>
      <trkpt lat="36.2360201776027679443359375" lon="117.10851377807557582855224609375">
        <ele>-500</ele>
        <time>2026-09-05T15:47:51.000Z</time>
        <extensions>
          <ns3:TrackPointExtension>
            <ns3:atemp>26.0</ns3:atemp>
            <ns3:hr>104</ns3:hr>
          </ns3:TrackPointExtension>
        </extensions>
      </trkpt>
      <trkpt lat="36.2360201776027679443359375" lon="117.10851361043751239776611328125">
        <ele>-500</ele>
        <time>2026-09-05T15:47:52.000Z</time>
        <extensions>
          <ns3:TrackPointExtension>
            <ns3:atemp>26.0</ns3:atemp>
            <ns3:hr>106</ns3:hr>
          </ns3:TrackPointExtension>
        </extensions>
      </trkpt>
      <trkpt lat="36.2360201776027679443359375" lon="117.10851327516138553619384765625">
        <ele>-500</ele>
        <time>2026-09-05T15:47:53.000Z</time>
        <extensions>
          <ns3:TrackPointExtension>
            <ns3:atemp>26.0</ns3:atemp>
            <ns3:hr>104</ns3:hr>
          </ns3:TrackPointExtension>
        </extensions>
      </trkpt>
      <trkpt lat="36.2360201776027679443359375" lon="117.10851310752332210540771484375">
        <ele>-500</ele>
        <time>2026-09-05T15:47:54.000Z</time>
        <extensions>
          <ns3:TrackPointExtension>
            <ns3:atemp>26.0</ns3:atemp>
            <ns3:hr>107</ns3:hr>
          </ns3:TrackPointExtension>
        </extensions>
      </trkpt>
      <trkpt lat="36.2360233627259731292724609375" lon="117.10851319134235382080078125">
        <ele>-500</ele>
        <time>2026-09-05T15:47:55.000Z</time>
        <extensions>
          <ns3:TrackPointExtension>
            <ns3:atemp>26.0</ns3:atemp>
            <ns3:hr>108</ns3:hr>
          </ns3:TrackPointExtension>
        </extensions>
      </trkpt>
      <trkpt lat="36.236033923923969268798828125" lon="117.1085066534578800201416015625">
        <ele>-500</ele>
        <time>2026-09-05T15:47:56.000Z</time>
        <extensions>
          <ns3:TrackPointExtension>
            <ns3:atemp>26.0</ns3:atemp>
            <ns3:hr>108</ns3:hr>
          </ns3:TrackPointExtension>
        </extensions>
      </trkpt>
      <trkpt lat="36.23604456894099712371826171875" lon="117.10850036703050136566162109375">
        <ele>-500</ele>
        <time>2026-09-05T15:47:57.000Z</time>
        <extensions>
          <ns3:TrackPointExtension>
            <ns3:atemp>26.0</ns3:atemp>
            <ns3:hr>109</ns3:hr>
          </ns3:TrackPointExtension>
        </extensions>
      </trkpt>
      <trkpt lat="36.23605445958673954010009765625" lon="117.10849617607891559600830078125">
        <ele>-500</ele>
        <time>2026-09-05T15:47:58.000Z</time>
        <extensions>
          <ns3:TrackPointExtension>
            <ns3:atemp>26.0</ns3:atemp>
            <ns3:hr>108</ns3:hr>
          </ns3:TrackPointExtension>
        </extensions>
      </trkpt>
      <trkpt lat="36.2360622547566890716552734375" lon="117.10849416442215442657470703125">
        <ele>-500</ele>
        <time>2026-09-05T15:47:59.000Z</time>
        <extensions>
          <ns3:TrackPointExtension>
            <ns3:atemp>26.0</ns3:atemp>
            <ns3:hr>108</ns3:hr>
          </ns3:TrackPointExtension>
        </extensions>
      </trkpt>
      <trkpt lat="36.23608161695301532745361328125" lon="117.108481340110301971435546875">
        <ele>-500</ele>
        <time>2026-09-05T15:48:02.000Z</time>
        <extensions>
          <ns3:TrackPointExtension>
            <ns3:atemp>26.0</ns3:atemp>
            <ns3:hr>109</ns3:hr>
          </ns3:TrackPointExtension>
        </extensions>
      </trkpt>
      <trkpt lat="36.23608496971428394317626953125" lon="117.108473293483257293701171875">
        <ele>-500</ele>
        <time>2026-09-05T15:48:04.000Z</time>
        <extensions>
          <ns3:TrackPointExtension>
            <ns3:atemp>26.0</ns3:atemp>
            <ns3:hr>112</ns3:hr>
          </ns3:TrackPointExtension>
        </extensions>
      </trkpt>
      <trkpt lat="36.2360840477049350738525390625" lon="117.10846197791397571563720703125">
        <ele>-500</ele>
        <time>2026-09-05T15:48:05.000Z</time>
        <extensions>
          <ns3:TrackPointExtension>
            <ns3:atemp>26.0</ns3:atemp>
            <ns3:hr>114</ns3:hr>
          </ns3:TrackPointExtension>
        </extensions>
      </trkpt>
      <trkpt lat="36.23608765192329883575439453125" lon="117.10845225490629673004150390625">
        <ele>-500</ele>
        <time>2026-09-05T15:48:06.000Z</time>
        <extensions>
          <ns3:TrackPointExtension>
            <ns3:atemp>26.0</ns3:atemp>
            <ns3:hr>114</ns3:hr>
          </ns3:TrackPointExtension>
        </extensions>
      </trkpt>
      <trkpt lat="36.236088909208774566650390625" lon="117.10844370536506175994873046875">
        <ele>-500</ele>
        <time>2026-09-05T15:48:07.000Z</time>
        <extensions>
          <ns3:TrackPointExtension>
            <ns3:atemp>26.0</ns3:atemp>
            <ns3:hr>114</ns3:hr>
          </ns3:TrackPointExtension>
        </extensions>
      </trkpt>
      <trkpt lat="36.23608714900910854339599609375" lon="117.108434736728668212890625">
        <ele>-500</ele>
        <time>2026-09-05T15:48:08.000Z</time>
        <extensions>
          <ns3:TrackPointExtension>
            <ns3:atemp>26.0</ns3:atemp>
            <ns3:hr>115</ns3:hr>
          </ns3:TrackPointExtension>
        </extensions>
      </trkpt>
      <trkpt lat="36.236082203686237335205078125" lon="117.10842744447290897369384765625">
        <ele>-500</ele>
        <time>2026-09-05T15:48:09.000Z</time>
        <extensions>
          <ns3:TrackPointExtension>
            <ns3:atemp>26.0</ns3:atemp>
            <ns3:hr>115</ns3:hr>
          </ns3:TrackPointExtension>
        </extensions>
      </trkpt>
      <trkpt lat="36.23607826419174671173095703125" lon="117.10841436870396137237548828125">
        <ele>-500</ele>
        <time>2026-09-05T15:48:10.000Z</time>
        <extensions>
          <ns3:TrackPointExtension>
            <ns3:atemp>26.0</ns3:atemp>
            <ns3:hr>115</ns3:hr>
          </ns3:TrackPointExtension>
        </extensions>
      </trkpt>
      <trkpt lat="36.2360800243914127349853515625" lon="117.10840045474469661712646484375">
        <ele>-500</ele>
        <time>2026-09-05T15:48:12.000Z</time>
        <extensions>
          <ns3:TrackPointExtension>
            <ns3:atemp>26.0</ns3:atemp>
            <ns3:hr>117</ns3:hr>
          </ns3:TrackPointExtension>
        </extensions>
      </trkpt>
      <trkpt lat="36.2360874004662036895751953125" lon="117.10838712751865386962890625">
        <ele>-500</ele>
        <time>2026-09-05T15:48:14.000Z</time>
        <extensions>
          <ns3:TrackPointExtension>
            <ns3:atemp>26.0</ns3:atemp>
            <ns3:hr>118</ns3:hr>
          </ns3:TrackPointExtension>
        </extensions>
      </trkpt>
      <trkpt lat="36.23609938658773899078369140625" lon="117.10836541838943958282470703125">
        <ele>-500</ele>
        <time>2026-09-05T15:48:17.000Z</time>
        <extensions>
          <ns3:TrackPointExtension>
            <ns3:atemp>26.0</ns3:atemp>
            <ns3:hr>118</ns3:hr>
          </ns3:TrackPointExtension>
        </extensions>
      </trkpt>
      <trkpt lat="36.236111037433147430419921875" lon="117.1083443798124790191650390625">
        <ele>-500</ele>
        <time>2026-09-05T15:48:22.000Z</time>
        <extensions>
          <ns3:TrackPointExtension>
            <ns3:atemp>26.0</ns3:atemp>
            <ns3:hr>120</ns3:hr>
          </ns3:TrackPointExtension>
        </extensions>
      </trkpt>
      <trkpt lat="36.2361031584441661834716796875" lon="117.108350582420825958251953125">
        <ele>-500</ele>
        <time>2026-09-05T15:48:23.000Z</time>
        <extensions>
          <ns3:TrackPointExtension>
            <ns3:atemp>26.0</ns3:atemp>
            <ns3:hr>120</ns3:hr>
          </ns3:TrackPointExtension>
        </extensions>
      </trkpt>
      <trkpt lat="36.2361095286905765533447265625" lon="117.10835586301982402801513671875">
        <ele>-500</ele>
        <time>2026-09-05T15:48:25.000Z</time>
        <extensions>
          <ns3:TrackPointExtension>
            <ns3:atemp>26.0</ns3:atemp>
            <ns3:hr>121</ns3:hr>
          </ns3:TrackPointExtension>
        </extensions>
      </trkpt>
      <trkpt lat="36.23612822033464908599853515625" lon="117.108354605734348297119140625">
        <ele>-500</ele>
        <time>2026-09-05T15:48:28.000Z</time>
        <extensions>
          <ns3:TrackPointExtension>
            <ns3:atemp>26.0</ns3:atemp>
            <ns3:hr>120</ns3:hr>
          </ns3:TrackPointExtension>
        </extensions>
      </trkpt>
      <trkpt lat="36.23614699579775333404541015625" lon="117.10835762321949005126953125">
        <ele>-500</ele>
        <time>2026-09-05T15:48:31.000Z</time>
        <extensions>
          <ns3:TrackPointExtension>
            <ns3:atemp>26.0</ns3:atemp>
            <ns3:hr>120</ns3:hr>
          </ns3:TrackPointExtension>
        </extensions>
      </trkpt>
      <trkpt lat="36.23615722171962261199951171875" lon="117.108361311256885528564453125">
        <ele>-500</ele>
        <time>2026-09-05T15:48:33.000Z</time>
        <extensions>
          <ns3:TrackPointExtension>
            <ns3:atemp>26.0</ns3:atemp>
            <ns3:hr>120</ns3:hr>
          </ns3:TrackPointExtension>
        </extensions>
      </trkpt>
      <trkpt lat="36.23616275377571582794189453125" lon="117.10836055688560009002685546875">
        <ele>-500</ele>
        <time>2026-09-05T15:48:34.000Z</time>
        <extensions>
          <ns3:TrackPointExtension>
            <ns3:atemp>26.0</ns3:atemp>
            <ns3:hr>120</ns3:hr>
          </ns3:TrackPointExtension>
        </extensions>
      </trkpt>
      <trkpt lat="36.236164011061191558837890625" lon="117.1083609759807586669921875">
        <ele>-500</ele>
        <time>2026-09-05T15:48:35.000Z</time>
        <extensions>
          <ns3:TrackPointExtension>
            <ns3:atemp>26.0</ns3:atemp>
            <ns3:hr>120</ns3:hr>
          </ns3:TrackPointExtension>
        </extensions>
      </trkpt>
      <trkpt lat="36.23616560362279415130615234375" lon="117.108361311256885528564453125">
        <ele>-500</ele>
        <time>2026-09-05T15:48:36.000Z</time>
        <extensions>
          <ns3:TrackPointExtension>
            <ns3:atemp>26.0</ns3:atemp>
            <ns3:hr>121</ns3:hr>
          </ns3:TrackPointExtension>
        </extensions>
      </trkpt>
      <trkpt lat="36.23617080040276050567626953125" lon="117.10835787467658519744873046875">
        <ele>-500</ele>
        <time>2026-09-05T15:48:37.000Z</time>
        <extensions>
          <ns3:TrackPointExtension>
            <ns3:atemp>26.0</ns3:atemp>
            <ns3:hr>121</ns3:hr>
          </ns3:TrackPointExtension>
        </extensions>
      </trkpt>
      <trkpt lat="36.2361859716475009918212890625" lon="117.1083473972976207733154296875">
        <ele>-500</ele>
        <time>2026-09-05T15:48:38.000Z</time>
        <extensions>
          <ns3:TrackPointExtension>
            <ns3:atemp>26.0</ns3:atemp>
            <ns3:hr>121</ns3:hr>
          </ns3:TrackPointExtension>
        </extensions>
      </trkpt>
      <trkpt lat="36.2361859716475009918212890625" lon="117.1083473972976207733154296875">
        <ele>-500</ele>
        <time>2026-09-05T15:48:39.000Z</time>
        <extensions>
          <ns3:TrackPointExtension>
            <ns3:atemp>26.0</ns3:atemp>
            <ns3:hr>120</ns3:hr>
          </ns3:TrackPointExtension>
        </extensions>
      </trkpt>
      <trkpt lat="36.236190162599086761474609375" lon="117.10834714584052562713623046875">
        <ele>-500</ele>
        <time>2026-09-05T15:48:40.000Z</time>
        <extensions>
          <ns3:TrackPointExtension>
            <ns3:atemp>26.0</ns3:atemp>
            <ns3:hr>120</ns3:hr>
          </ns3:TrackPointExtension>
        </extensions>
      </trkpt>
      <trkpt lat="36.23619209043681621551513671875" lon="117.108346559107303619384765625">
        <ele>-500</ele>
        <time>2026-09-05T15:48:41.000Z</time>
        <extensions>
          <ns3:TrackPointExtension>
            <ns3:atemp>26.0</ns3:atemp>
            <ns3:hr>120</ns3:hr>
          </ns3:TrackPointExtension>
        </extensions>
      </trkpt>
      <trkpt lat="36.2361953593790531158447265625" lon="117.1083427034318447113037109375">
        <ele>-500</ele>
        <time>2026-09-05T15:48:42.000Z</time>
        <extensions>
          <ns3:TrackPointExtension>
            <ns3:atemp>26.0</ns3:atemp>
            <ns3:hr>120</ns3:hr>
          </ns3:TrackPointExtension>
        </extensions>
      </trkpt>
      <trkpt lat="36.2361990474164485931396484375" lon="117.10833859629929065704345703125">
        <ele>-500</ele>
        <time>2026-09-05T15:48:43.000Z</time>
        <extensions>
          <ns3:TrackPointExtension>
            <ns3:atemp>26.0</ns3:atemp>
            <ns3:hr>119</ns3:hr>
          </ns3:TrackPointExtension>
        </extensions>
      </trkpt>
      <trkpt lat="36.23620483092963695526123046875" lon="117.10833490826189517974853515625">
        <ele>-500</ele>
        <time>2026-09-05T15:48:44.000Z</time>
        <extensions>
          <ns3:TrackPointExtension>
            <ns3:atemp>26.0</ns3:atemp>
            <ns3:hr>119</ns3:hr>
          </ns3:TrackPointExtension>
        </extensions>
      </trkpt>
      <trkpt lat="36.2362101115286350250244140625" lon="117.1083363331854343414306640625">
        <ele>-500</ele>
        <time>2026-09-05T15:48:45.000Z</time>
        <extensions>
          <ns3:TrackPointExtension>
            <ns3:atemp>26.0</ns3:atemp>
            <ns3:hr>120</ns3:hr>
          </ns3:TrackPointExtension>
        </extensions>
      </trkpt>
      <trkpt lat="36.2362087704241275787353515625" lon="117.1083416976034641265869140625">
        <ele>-500</ele>
        <time>2026-09-05T15:48:46.000Z</time>
        <extensions>
          <ns3:TrackPointExtension>
            <ns3:atemp>26.0</ns3:atemp>
            <ns3:hr>120</ns3:hr>
          </ns3:TrackPointExtension>
        </extensions>
      </trkpt>
      <trkpt lat="36.2362087704241275787353515625" lon="117.108347900211811065673828125">
        <ele>-500</ele>
        <time>2026-09-05T15:48:47.000Z</time>
        <extensions>
          <ns3:TrackPointExtension>
            <ns3:atemp>26.0</ns3:atemp>
            <ns3:hr>119</ns3:hr>
          </ns3:TrackPointExtension>
        </extensions>
      </trkpt>
      <trkpt lat="36.2362039089202880859375" lon="117.1083494089543819427490234375">
        <ele>-500</ele>
        <time>2026-09-05T15:48:48.000Z</time>
        <extensions>
          <ns3:TrackPointExtension>
            <ns3:atemp>26.0</ns3:atemp>
            <ns3:hr>119</ns3:hr>
          </ns3:TrackPointExtension>
        </extensions>
      </trkpt>
      <trkpt lat="36.2362025678157806396484375" lon="117.1083462238311767578125">
        <ele>-500</ele>
        <time>2026-09-05T15:48:49.000Z</time>
        <extensions>
          <ns3:TrackPointExtension>
            <ns3:atemp>26.0</ns3:atemp>
            <ns3:hr>120</ns3:hr>
          </ns3:TrackPointExtension>
        </extensions>
      </trkpt>
      <trkpt lat="36.2362074293196201324462890625" lon="117.10834261961281299591064453125">
        <ele>-500</ele>
        <time>2026-09-05T15:48:50.000Z</time>
        <extensions>
          <ns3:TrackPointExtension>
            <ns3:atemp>26.0</ns3:atemp>
            <ns3:hr>118</ns3:hr>
          </ns3:TrackPointExtension>
        </extensions>
      </trkpt>
      <trkpt lat="36.2362225167453289031982421875" lon="117.1083386801183223724365234375">
        <ele>-500</ele>
        <time>2026-09-05T15:48:51.000Z</time>
        <extensions>
          <ns3:TrackPointExtension>
            <ns3:atemp>26.0</ns3:atemp>
            <ns3:hr>118</ns3:hr>
          </ns3:TrackPointExtension>
        </extensions>
      </trkpt>
      <trkpt lat="36.23623081482946872711181640625" lon="117.1083370037376880645751953125">
        <ele>-500</ele>
        <time>2026-09-05T15:48:52.000Z</time>
        <extensions>
          <ns3:TrackPointExtension>
            <ns3:atemp>26.0</ns3:atemp>
            <ns3:hr>116</ns3:hr>
          </ns3:TrackPointExtension>
        </extensions>
      </trkpt>
      <trkpt lat="36.23623852618038654327392578125" lon="117.10833407007157802581787109375">
        <ele>-500</ele>
        <time>2026-09-05T15:48:53.000Z</time>
        <extensions>
          <ns3:TrackPointExtension>
            <ns3:atemp>26.0</ns3:atemp>
            <ns3:hr>115</ns3:hr>
          </ns3:TrackPointExtension>
        </extensions>
      </trkpt>
      <trkpt lat="36.2362376041710376739501953125" lon="117.10832753218710422515869140625">
        <ele>-500</ele>
        <time>2026-09-05T15:48:54.000Z</time>
        <extensions>
          <ns3:TrackPointExtension>
            <ns3:atemp>26.0</ns3:atemp>
            <ns3:hr>114</ns3:hr>
          </ns3:TrackPointExtension>
        </extensions>
      </trkpt>
      <trkpt lat="36.236239112913608551025390625" lon="117.108326442539691925048828125">
        <ele>-500</ele>
        <time>2026-09-05T15:48:55.000Z</time>
        <extensions>
          <ns3:TrackPointExtension>
            <ns3:atemp>25.0</ns3:atemp>
            <ns3:hr>116</ns3:hr>
          </ns3:TrackPointExtension>
        </extensions>
      </trkpt>
      <trkpt lat="36.236240454018115997314453125" lon="117.1083287894725799560546875">
        <ele>-500</ele>
        <time>2026-09-05T15:48:56.000Z</time>
        <extensions>
          <ns3:TrackPointExtension>
            <ns3:atemp>25.0</ns3:atemp>
            <ns3:hr>113</ns3:hr>
          </ns3:TrackPointExtension>
        </extensions>
      </trkpt>
      <trkpt lat="36.23624154366552829742431640625" lon="117.10833155550062656402587890625">
        <ele>-500</ele>
        <time>2026-09-05T15:48:57.000Z</time>
        <extensions>
          <ns3:TrackPointExtension>
            <ns3:atemp>25.0</ns3:atemp>
            <ns3:hr>111</ns3:hr>
          </ns3:TrackPointExtension>
        </extensions>
      </trkpt>
      <trkpt lat="36.2362422980368137359619140625" lon="117.10833708755671977996826171875">
        <ele>-500</ele>
        <time>2026-09-05T15:48:58.000Z</time>
        <extensions>
          <ns3:TrackPointExtension>
            <ns3:atemp>25.0</ns3:atemp>
            <ns3:hr>111</ns3:hr>
          </ns3:TrackPointExtension>
        </extensions>
      </trkpt>
      <trkpt lat="36.23624120838940143585205078125" lon="117.108341194689273834228515625">
        <ele>-500</ele>
        <time>2026-09-05T15:48:59.000Z</time>
        <extensions>
          <ns3:TrackPointExtension>
            <ns3:atemp>25.0</ns3:atemp>
            <ns3:hr>110</ns3:hr>
          </ns3:TrackPointExtension>
        </extensions>
      </trkpt>
      <trkpt lat="36.236248500645160675048828125" lon="117.10833289660513401031494140625">
        <ele>-500</ele>
        <time>2026-09-05T15:49:00.000Z</time>
        <extensions>
          <ns3:TrackPointExtension>
            <ns3:atemp>25.0</ns3:atemp>
            <ns3:hr>109</ns3:hr>
          </ns3:TrackPointExtension>
        </extensions>
      </trkpt>
      <trkpt lat="36.2362490035593509674072265625" lon="117.108330465853214263916015625">
        <ele>-500</ele>
        <time>2026-09-05T15:49:01.000Z</time>
        <extensions>
          <ns3:TrackPointExtension>
            <ns3:atemp>25.0</ns3:atemp>
            <ns3:hr>109</ns3:hr>
          </ns3:TrackPointExtension>
        </extensions>
      </trkpt>
      <trkpt lat="36.23624145984649658203125" lon="117.10834681056439876556396484375">
        <ele>-500</ele>
        <time>2026-09-05T15:49:02.000Z</time>
        <extensions>
          <ns3:TrackPointExtension>
            <ns3:atemp>25.0</ns3:atemp>
            <ns3:hr>110</ns3:hr>
          </ns3:TrackPointExtension>
        </extensions>
      </trkpt>
      <trkpt lat="36.2362401187419891357421875" lon="117.10834781639277935028076171875">
        <ele>-500</ele>
        <time>2026-09-05T15:49:03.000Z</time>
        <extensions>
          <ns3:TrackPointExtension>
            <ns3:atemp>25.0</ns3:atemp>
            <ns3:hr>110</ns3:hr>
          </ns3:TrackPointExtension>
        </extensions>
      </trkpt>
      <trkpt lat="36.23623810708522796630859375" lon="117.10834597237408161163330078125">
        <ele>-500</ele>
        <time>2026-09-05T15:49:04.000Z</time>
        <extensions>
          <ns3:TrackPointExtension>
            <ns3:atemp>25.0</ns3:atemp>
            <ns3:hr>110</ns3:hr>
          </ns3:TrackPointExtension>
        </extensions>
      </trkpt>
      <trkpt lat="36.23623450286686420440673828125" lon="117.10834563709795475006103515625">
        <ele>-500</ele>
        <time>2026-09-05T15:49:05.000Z</time>
        <extensions>
          <ns3:TrackPointExtension>
            <ns3:atemp>25.0</ns3:atemp>
            <ns3:hr>110</ns3:hr>
          </ns3:TrackPointExtension>
        </extensions>
      </trkpt>
      <trkpt lat="36.23623500578105449676513671875" lon="117.1083443798124790191650390625">
        <ele>-500</ele>
        <time>2026-09-05T15:49:06.000Z</time>
        <extensions>
          <ns3:TrackPointExtension>
            <ns3:atemp>25.0</ns3:atemp>
            <ns3:hr>109</ns3:hr>
          </ns3:TrackPointExtension>
        </extensions>
      </trkpt>
      <trkpt lat="36.2362416274845600128173828125" lon="117.10834111087024211883544921875">
        <ele>-500</ele>
        <time>2026-09-05T15:49:07.000Z</time>
        <extensions>
          <ns3:TrackPointExtension>
            <ns3:atemp>25.0</ns3:atemp>
            <ns3:hr>109</ns3:hr>
          </ns3:TrackPointExtension>
        </extensions>
      </trkpt>
      <trkpt lat="36.2362481653690338134765625" lon="117.10833616554737091064453125">
        <ele>-500</ele>
        <time>2026-09-05T15:49:08.000Z</time>
        <extensions>
          <ns3:TrackPointExtension>
            <ns3:atemp>25.0</ns3:atemp>
            <ns3:hr>111</ns3:hr>
          </ns3:TrackPointExtension>
        </extensions>
      </trkpt>
      <trkpt lat="36.23625495471060276031494140625" lon="117.10833616554737091064453125">
        <ele>-500</ele>
        <time>2026-09-05T15:49:09.000Z</time>
        <extensions>
          <ns3:TrackPointExtension>
            <ns3:atemp>25.0</ns3:atemp>
            <ns3:hr>109</ns3:hr>
          </ns3:TrackPointExtension>
        </extensions>
      </trkpt>
      <trkpt lat="36.2362620793282985687255859375" lon="117.10833775810897350311279296875">
        <ele>-500</ele>
        <time>2026-09-05T15:49:10.000Z</time>
        <extensions>
          <ns3:TrackPointExtension>
            <ns3:atemp>25.0</ns3:atemp>
            <ns3:hr>111</ns3:hr>
          </ns3:TrackPointExtension>
        </extensions>
      </trkpt>
      <trkpt lat="36.23628077097237110137939453125" lon="117.1083306334912776947021484375">
        <ele>-500</ele>
        <time>2026-09-05T15:49:12.000Z</time>
        <extensions>
          <ns3:TrackPointExtension>
            <ns3:atemp>25.0</ns3:atemp>
            <ns3:hr>111</ns3:hr>
          </ns3:TrackPointExtension>
        </extensions>
      </trkpt>
      <trkpt lat="36.23629845678806304931640625" lon="117.108324430882930755615234375">
        <ele>-500</ele>
        <time>2026-09-05T15:49:14.000Z</time>
        <extensions>
          <ns3:TrackPointExtension>
            <ns3:atemp>25.0</ns3:atemp>
            <ns3:hr>111</ns3:hr>
          </ns3:TrackPointExtension>
        </extensions>
      </trkpt>
      <trkpt lat="36.23630784451961517333984375" lon="117.10833373479545116424560546875">
        <ele>-500</ele>
        <time>2026-09-05T15:49:16.000Z</time>
        <extensions>
          <ns3:TrackPointExtension>
            <ns3:atemp>25.0</ns3:atemp>
            <ns3:hr>112</ns3:hr>
          </ns3:TrackPointExtension>
        </extensions>
      </trkpt>
      <trkpt lat="36.23633860610425472259521484375" lon="117.1083329804241657257080078125">
        <ele>-500</ele>
        <time>2026-09-05T15:49:20.000Z</time>
        <extensions>
          <ns3:TrackPointExtension>
            <ns3:atemp>25.0</ns3:atemp>
            <ns3:hr>110</ns3:hr>
          </ns3:TrackPointExtension>
        </extensions>
      </trkpt>
      <trkpt lat="36.2363505922257900238037109375" lon="117.1083373390138149261474609375">
        <ele>-500</ele>
        <time>2026-09-05T15:49:24.000Z</time>
        <extensions>
          <ns3:TrackPointExtension>
            <ns3:atemp>25.0</ns3:atemp>
            <ns3:hr>112</ns3:hr>
          </ns3:TrackPointExtension>
        </extensions>
      </trkpt>
      <trkpt lat="36.2363666854798793792724609375" lon="117.10833591409027576446533203125">
        <ele>-500</ele>
        <time>2026-09-05T15:49:26.000Z</time>
        <extensions>
          <ns3:TrackPointExtension>
            <ns3:atemp>25.0</ns3:atemp>
            <ns3:hr>109</ns3:hr>
          </ns3:TrackPointExtension>
        </extensions>
      </trkpt>
      <trkpt lat="36.2363971956074237823486328125" lon="117.10835100151598453521728515625">
        <ele>-500</ele>
        <time>2026-09-05T15:49:34.000Z</time>
        <extensions>
          <ns3:TrackPointExtension>
            <ns3:atemp>25.0</ns3:atemp>
            <ns3:hr>112</ns3:hr>
          </ns3:TrackPointExtension>
        </extensions>
      </trkpt>
      <trkpt lat="36.23643365688621997833251953125" lon="117.1083574555814266204833984375">
        <ele>-500</ele>
        <time>2026-09-05T15:49:39.000Z</time>
        <extensions>
          <ns3:TrackPointExtension>
            <ns3:atemp>25.0</ns3:atemp>
            <ns3:hr>111</ns3:hr>
          </ns3:TrackPointExtension>
        </extensions>
      </trkpt>
      <trkpt lat="36.23644606210291385650634765625" lon="117.10838436149060726165771484375">
        <ele>-500</ele>
        <time>2026-09-05T15:49:43.000Z</time>
        <extensions>
          <ns3:TrackPointExtension>
            <ns3:atemp>25.0</ns3:atemp>
            <ns3:hr>111</ns3:hr>
          </ns3:TrackPointExtension>
        </extensions>
      </trkpt>
      <trkpt lat="36.2364614009857177734375" lon="117.10839039646089076995849609375">
        <ele>-500</ele>
        <time>2026-09-05T15:49:46.000Z</time>
        <extensions>
          <ns3:TrackPointExtension>
            <ns3:atemp>25.0</ns3:atemp>
            <ns3:hr>113</ns3:hr>
          </ns3:TrackPointExtension>
        </extensions>
      </trkpt>
      <trkpt lat="36.236469447612762451171875" lon="117.10838846862316131591796875">
        <ele>-500</ele>
        <time>2026-09-05T15:49:53.000Z</time>
        <extensions>
          <ns3:TrackPointExtension>
            <ns3:atemp>25.0</ns3:atemp>
            <ns3:hr>115</ns3:hr>
          </ns3:TrackPointExtension>
        </extensions>
      </trkpt>
      <trkpt lat="36.23649216257035732269287109375" lon="117.108391821384429931640625">
        <ele>-500</ele>
        <time>2026-09-05T15:49:58.000Z</time>
        <extensions>
          <ns3:TrackPointExtension>
            <ns3:atemp>25.0</ns3:atemp>
            <ns3:hr>114</ns3:hr>
          </ns3:TrackPointExtension>
        </extensions>
      </trkpt>
      <trkpt lat="36.236495934426784515380859375" lon="117.108390815556049346923828125">
        <ele>-500</ele>
        <time>2026-09-05T15:49:59.000Z</time>
        <extensions>
          <ns3:TrackPointExtension>
            <ns3:atemp>25.0</ns3:atemp>
            <ns3:hr>114</ns3:hr>
          </ns3:TrackPointExtension>
        </extensions>
      </trkpt>
      <trkpt lat="36.23649853281676769256591796875" lon="117.10839156992733478546142578125">
        <ele>-500</ele>
        <time>2026-09-05T15:50:00.000Z</time>
        <extensions>
          <ns3:TrackPointExtension>
            <ns3:atemp>25.0</ns3:atemp>
            <ns3:hr>113</ns3:hr>
          </ns3:TrackPointExtension>
        </extensions>
      </trkpt>
      <trkpt lat="36.23651982285082340240478515625" lon="117.10838536731898784637451171875">
        <ele>-500</ele>
        <time>2026-09-05T15:50:03.000Z</time>
        <extensions>
          <ns3:TrackPointExtension>
            <ns3:atemp>25.0</ns3:atemp>
            <ns3:hr>114</ns3:hr>
          </ns3:TrackPointExtension>
        </extensions>
      </trkpt>
      <trkpt lat="36.23654128052294254302978515625" lon="117.108372040092945098876953125">
        <ele>-500</ele>
        <time>2026-09-05T15:50:06.000Z</time>
        <extensions>
          <ns3:TrackPointExtension>
            <ns3:atemp>25.0</ns3:atemp>
            <ns3:hr>115</ns3:hr>
          </ns3:TrackPointExtension>
        </extensions>
      </trkpt>
      <trkpt lat="36.2365581281483173370361328125" lon="117.108372040092945098876953125">
        <ele>-500</ele>
        <time>2026-09-05T15:50:08.000Z</time>
        <extensions>
          <ns3:TrackPointExtension>
            <ns3:atemp>25.0</ns3:atemp>
            <ns3:hr>115</ns3:hr>
          </ns3:TrackPointExtension>
        </extensions>
      </trkpt>
      <trkpt lat="36.2366258539259433746337890625" lon="117.10837681777775287628173828125">
        <ele>-500</ele>
        <time>2026-09-05T15:50:14.000Z</time>
        <extensions>
          <ns3:TrackPointExtension>
            <ns3:atemp>25.0</ns3:atemp>
            <ns3:hr>113</ns3:hr>
          </ns3:TrackPointExtension>
        </extensions>
      </trkpt>
      <trkpt lat="36.2366509996354579925537109375" lon="117.10837732069194316864013671875">
        <ele>-500</ele>
        <time>2026-09-05T15:50:16.000Z</time>
        <extensions>
          <ns3:TrackPointExtension>
            <ns3:atemp>25.0</ns3:atemp>
            <ns3:hr>114</ns3:hr>
          </ns3:TrackPointExtension>
        </extensions>
      </trkpt>
      <trkpt lat="36.2366774864494800567626953125" lon="117.10837128572165966033935546875">
        <ele>-500</ele>
        <time>2026-09-05T15:50:19.000Z</time>
        <extensions>
          <ns3:TrackPointExtension>
            <ns3:atemp>25.0</ns3:atemp>
            <ns3:hr>115</ns3:hr>
          </ns3:TrackPointExtension>
        </extensions>
      </trkpt>
      <trkpt lat="36.2366821803152561187744140625" lon="117.10837237536907196044921875">
        <ele>-500</ele>
        <time>2026-09-05T15:50:21.000Z</time>
        <extensions>
          <ns3:TrackPointExtension>
            <ns3:atemp>25.0</ns3:atemp>
            <ns3:hr>116</ns3:hr>
          </ns3:TrackPointExtension>
        </extensions>
      </trkpt>
      <trkpt lat="36.2366875447332859039306640625" lon="117.10837447084486484527587890625">
        <ele>-500</ele>
        <time>2026-09-05T15:50:22.000Z</time>
        <extensions>
          <ns3:TrackPointExtension>
            <ns3:atemp>25.0</ns3:atemp>
            <ns3:hr>117</ns3:hr>
          </ns3:TrackPointExtension>
        </extensions>
      </trkpt>
      <trkpt lat="36.23668980784714221954345703125" lon="117.108370698988437652587890625">
        <ele>-500</ele>
        <time>2026-09-05T15:50:23.000Z</time>
        <extensions>
          <ns3:TrackPointExtension>
            <ns3:atemp>25.0</ns3:atemp>
            <ns3:hr>116</ns3:hr>
          </ns3:TrackPointExtension>
        </extensions>
      </trkpt>
      <trkpt lat="36.2366905622184276580810546875" lon="117.10837380029261112213134765625">
        <ele>-500</ele>
        <time>2026-09-05T15:50:24.000Z</time>
        <extensions>
          <ns3:TrackPointExtension>
            <ns3:atemp>25.0</ns3:atemp>
            <ns3:hr>115</ns3:hr>
          </ns3:TrackPointExtension>
        </extensions>
      </trkpt>
      <trkpt lat="36.23670271597802639007568359375" lon="117.1083805896341800689697265625">
        <ele>-500</ele>
        <time>2026-09-05T15:50:26.000Z</time>
        <extensions>
          <ns3:TrackPointExtension>
            <ns3:atemp>25.0</ns3:atemp>
            <ns3:hr>116</ns3:hr>
          </ns3:TrackPointExtension>
        </extensions>
      </trkpt>
      <trkpt lat="36.23670690692961215972900390625" lon="117.10837237536907196044921875">
        <ele>-500</ele>
        <time>2026-09-05T15:50:27.000Z</time>
        <extensions>
          <ns3:TrackPointExtension>
            <ns3:atemp>25.0</ns3:atemp>
            <ns3:hr>116</ns3:hr>
          </ns3:TrackPointExtension>
        </extensions>
      </trkpt>
      <trkpt lat="36.23669869266450405120849609375" lon="117.10834982804954051971435546875">
        <ele>-500</ele>
        <time>2026-09-05T15:50:31.000Z</time>
        <extensions>
          <ns3:TrackPointExtension>
            <ns3:atemp>25.0</ns3:atemp>
            <ns3:hr>115</ns3:hr>
          </ns3:TrackPointExtension>
        </extensions>
      </trkpt>
      <trkpt lat="36.236689724028110504150390625" lon="117.10835502482950687408447265625">
        <ele>-500</ele>
        <time>2026-09-05T15:50:32.000Z</time>
        <extensions>
          <ns3:TrackPointExtension>
            <ns3:atemp>25.0</ns3:atemp>
            <ns3:hr>116</ns3:hr>
          </ns3:TrackPointExtension>
        </extensions>
      </trkpt>
      <trkpt lat="36.236683018505573272705078125" lon="117.10835603065788745880126953125">
        <ele>-500</ele>
        <time>2026-09-05T15:50:33.000Z</time>
        <extensions>
          <ns3:TrackPointExtension>
            <ns3:atemp>25.0</ns3:atemp>
            <ns3:hr>116</ns3:hr>
          </ns3:TrackPointExtension>
        </extensions>
      </trkpt>
      <trkpt lat="36.23667455278337001800537109375" lon="117.1083594672381877899169921875">
        <ele>-500</ele>
        <time>2026-09-05T15:50:34.000Z</time>
        <extensions>
          <ns3:TrackPointExtension>
            <ns3:atemp>25.0</ns3:atemp>
            <ns3:hr>117</ns3:hr>
          </ns3:TrackPointExtension>
        </extensions>
      </trkpt>
      <trkpt lat="36.23666902072727680206298828125" lon="117.10836038924753665924072265625">
        <ele>-500</ele>
        <time>2026-09-05T15:50:35.000Z</time>
        <extensions>
          <ns3:TrackPointExtension>
            <ns3:atemp>25.0</ns3:atemp>
            <ns3:hr>117</ns3:hr>
          </ns3:TrackPointExtension>
        </extensions>
      </trkpt>
      <trkpt lat="36.23665787279605865478515625" lon="117.108362652361392974853515625">
        <ele>-500</ele>
        <time>2026-09-05T15:50:36.000Z</time>
        <extensions>
          <ns3:TrackPointExtension>
            <ns3:atemp>25.0</ns3:atemp>
            <ns3:hr>117</ns3:hr>
          </ns3:TrackPointExtension>
        </extensions>
      </trkpt>
      <trkpt lat="36.2366553582251071929931640625" lon="117.1083582937717437744140625">
        <ele>-500</ele>
        <time>2026-09-05T15:50:38.000Z</time>
        <extensions>
          <ns3:TrackPointExtension>
            <ns3:atemp>25.0</ns3:atemp>
            <ns3:hr>118</ns3:hr>
          </ns3:TrackPointExtension>
        </extensions>
      </trkpt>
      <trkpt lat="36.236654184758663177490234375" lon="117.10835904814302921295166015625">
        <ele>-500</ele>
        <time>2026-09-05T15:50:40.000Z</time>
        <extensions>
          <ns3:TrackPointExtension>
            <ns3:atemp>25.0</ns3:atemp>
            <ns3:hr>118</ns3:hr>
          </ns3:TrackPointExtension>
        </extensions>
      </trkpt>
      <trkpt lat="36.236654184758663177490234375" lon="117.10835904814302921295166015625">
        <ele>-500</ele>
        <time>2026-09-05T15:50:41.000Z</time>
        <extensions>
          <ns3:TrackPointExtension>
            <ns3:atemp>25.0</ns3:atemp>
            <ns3:hr>118</ns3:hr>
          </ns3:TrackPointExtension>
        </extensions>
      </trkpt>
      <trkpt lat="36.236654184758663177490234375" lon="117.10835904814302921295166015625">
        <ele>-500</ele>
        <time>2026-09-05T15:50:43.000Z</time>
        <extensions>
          <ns3:TrackPointExtension>
            <ns3:atemp>25.0</ns3:atemp>
            <ns3:hr>118</ns3:hr>
          </ns3:TrackPointExtension>
        </extensions>
      </trkpt>
      <trkpt lat="36.23665913008153438568115234375" lon="117.108359634876251220703125">
        <ele>-500</ele>
        <time>2026-09-05T15:50:45.000Z</time>
        <extensions>
          <ns3:TrackPointExtension>
            <ns3:atemp>25.0</ns3:atemp>
            <ns3:hr>118</ns3:hr>
          </ns3:TrackPointExtension>
        </extensions>
      </trkpt>
      <trkpt lat="36.23666935600340366363525390625" lon="117.10835401900112628936767578125">
        <ele>-500</ele>
        <time>2026-09-05T15:50:46.000Z</time>
        <extensions>
          <ns3:TrackPointExtension>
            <ns3:atemp>25.0</ns3:atemp>
            <ns3:hr>118</ns3:hr>
          </ns3:TrackPointExtension>
        </extensions>
      </trkpt>
      <trkpt lat="36.236683018505573272705078125" lon="117.108356617391109466552734375">
        <ele>-500</ele>
        <time>2026-09-05T15:50:48.000Z</time>
        <extensions>
          <ns3:TrackPointExtension>
            <ns3:atemp>25.0</ns3:atemp>
            <ns3:hr>117</ns3:hr>
          </ns3:TrackPointExtension>
        </extensions>
      </trkpt>
      <trkpt lat="36.23670481145381927490234375" lon="117.10835971869528293609619140625">
        <ele>-500</ele>
        <time>2026-09-05T15:50:50.000Z</time>
        <extensions>
          <ns3:TrackPointExtension>
            <ns3:atemp>25.0</ns3:atemp>
            <ns3:hr>118</ns3:hr>
          </ns3:TrackPointExtension>
        </extensions>
      </trkpt>
      <trkpt lat="36.2367257662117481231689453125" lon="117.108359970152378082275390625">
        <ele>-500</ele>
        <time>2026-09-05T15:50:52.000Z</time>
        <extensions>
          <ns3:TrackPointExtension>
            <ns3:atemp>25.0</ns3:atemp>
            <ns3:hr>118</ns3:hr>
          </ns3:TrackPointExtension>
        </extensions>
      </trkpt>
      <trkpt lat="36.236732639372348785400390625" lon="117.10835670121014118194580078125">
        <ele>-500</ele>
        <time>2026-09-05T15:50:54.000Z</time>
        <extensions>
          <ns3:TrackPointExtension>
            <ns3:atemp>25.0</ns3:atemp>
            <ns3:hr>118</ns3:hr>
          </ns3:TrackPointExtension>
        </extensions>
      </trkpt>
      <trkpt lat="36.236764825880527496337890625" lon="117.10834228433668613433837890625">
        <ele>-500</ele>
        <time>2026-09-05T15:51:01.000Z</time>
        <extensions>
          <ns3:TrackPointExtension>
            <ns3:atemp>25.0</ns3:atemp>
            <ns3:hr>117</ns3:hr>
          </ns3:TrackPointExtension>
        </extensions>
      </trkpt>
      <trkpt lat="36.23679139651358127593994140625" lon="117.1083386801183223724365234375">
        <ele>-500</ele>
        <time>2026-09-05T15:51:04.000Z</time>
        <extensions>
          <ns3:TrackPointExtension>
            <ns3:atemp>25.0</ns3:atemp>
            <ns3:hr>117</ns3:hr>
          </ns3:TrackPointExtension>
        </extensions>
      </trkpt>
      <trkpt lat="36.2367926537990570068359375" lon="117.10833658464252948760986328125">
        <ele>-500</ele>
        <time>2026-09-05T15:51:07.000Z</time>
        <extensions>
          <ns3:TrackPointExtension>
            <ns3:atemp>25.0</ns3:atemp>
            <ns3:hr>116</ns3:hr>
          </ns3:TrackPointExtension>
        </extensions>
      </trkpt>
      <trkpt lat="36.2368136085569858551025390625" lon="117.10834329016506671905517578125">
        <ele>-500</ele>
        <time>2026-09-05T15:51:13.000Z</time>
        <extensions>
          <ns3:TrackPointExtension>
            <ns3:atemp>25.0</ns3:atemp>
            <ns3:hr>115</ns3:hr>
          </ns3:TrackPointExtension>
        </extensions>
      </trkpt>
      <trkpt lat="36.23682542704045772552490234375" lon="117.1083698607981204986572265625">
        <ele>-500</ele>
        <time>2026-09-05T15:51:16.000Z</time>
        <extensions>
          <ns3:TrackPointExtension>
            <ns3:atemp>25.0</ns3:atemp>
            <ns3:hr>115</ns3:hr>
          </ns3:TrackPointExtension>
        </extensions>
      </trkpt>
      <trkpt lat="36.23681302182376384735107421875" lon="117.1083819307386875152587890625">
        <ele>-500</ele>
        <time>2026-09-05T15:51:18.000Z</time>
        <extensions>
          <ns3:TrackPointExtension>
            <ns3:atemp>25.0</ns3:atemp>
            <ns3:hr>115</ns3:hr>
          </ns3:TrackPointExtension>
        </extensions>
      </trkpt>
      <trkpt lat="36.23681218363344669342041015625" lon="117.10838821716606616973876953125">
        <ele>-500</ele>
        <time>2026-09-05T15:51:20.000Z</time>
        <extensions>
          <ns3:TrackPointExtension>
            <ns3:atemp>25.0</ns3:atemp>
            <ns3:hr>115</ns3:hr>
          </ns3:TrackPointExtension>
        </extensions>
      </trkpt>
      <trkpt lat="36.23681738041341304779052734375" lon="117.10838469676673412322998046875">
        <ele>-500</ele>
        <time>2026-09-05T15:51:21.000Z</time>
        <extensions>
          <ns3:TrackPointExtension>
            <ns3:atemp>25.0</ns3:atemp>
            <ns3:hr>115</ns3:hr>
          </ns3:TrackPointExtension>
        </extensions>
      </trkpt>
      <trkpt lat="36.236822493374347686767578125" lon="117.10838335566222667694091796875">
        <ele>-500</ele>
        <time>2026-09-05T15:51:22.000Z</time>
        <extensions>
          <ns3:TrackPointExtension>
            <ns3:atemp>25.0</ns3:atemp>
            <ns3:hr>114</ns3:hr>
          </ns3:TrackPointExtension>
        </extensions>
      </trkpt>
      <trkpt lat="36.2368233315646648406982421875" lon="117.10837748833000659942626953125">
        <ele>-500</ele>
        <time>2026-09-05T15:51:23.000Z</time>
        <extensions>
          <ns3:TrackPointExtension>
            <ns3:atemp>25.0</ns3:atemp>
            <ns3:hr>115</ns3:hr>
          </ns3:TrackPointExtension>
        </extensions>
      </trkpt>
      <trkpt lat="36.236821822822093963623046875" lon="117.10839307866990566253662109375">
        <ele>-500</ele>
        <time>2026-09-05T15:51:24.000Z</time>
        <extensions>
          <ns3:TrackPointExtension>
            <ns3:atemp>25.0</ns3:atemp>
            <ns3:hr>115</ns3:hr>
          </ns3:TrackPointExtension>
        </extensions>
      </trkpt>
      <trkpt lat="36.23681972734630107879638671875" lon="117.10840565152466297149658203125">
        <ele>-500</ele>
        <time>2026-09-05T15:51:25.000Z</time>
        <extensions>
          <ns3:TrackPointExtension>
            <ns3:atemp>25.0</ns3:atemp>
            <ns3:hr>115</ns3:hr>
          </ns3:TrackPointExtension>
        </extensions>
      </trkpt>
      <trkpt lat="36.23682559467852115631103515625" lon="117.1084007062017917633056640625">
        <ele>-500</ele>
        <time>2026-09-05T15:51:26.000Z</time>
        <extensions>
          <ns3:TrackPointExtension>
            <ns3:atemp>25.0</ns3:atemp>
            <ns3:hr>116</ns3:hr>
          </ns3:TrackPointExtension>
        </extensions>
      </trkpt>
      <trkpt lat="36.23684235848486423492431640625" lon="117.1083950065076351165771484375">
        <ele>-500</ele>
        <time>2026-09-05T15:51:27.000Z</time>
        <extensions>
          <ns3:TrackPointExtension>
            <ns3:atemp>25.0</ns3:atemp>
            <ns3:hr>115</ns3:hr>
          </ns3:TrackPointExtension>
        </extensions>
      </trkpt>
      <trkpt lat="36.23685593716800212860107421875" lon="117.10838486440479755401611328125">
        <ele>-500</ele>
        <time>2026-09-05T15:51:28.000Z</time>
        <extensions>
          <ns3:TrackPointExtension>
            <ns3:atemp>25.0</ns3:atemp>
            <ns3:hr>115</ns3:hr>
          </ns3:TrackPointExtension>
        </extensions>
      </trkpt>
      <trkpt lat="36.23686130158603191375732421875" lon="117.10837773978710174560546875">
        <ele>-500</ele>
        <time>2026-09-05T15:51:30.000Z</time>
        <extensions>
          <ns3:TrackPointExtension>
            <ns3:atemp>25.0</ns3:atemp>
            <ns3:hr>115</ns3:hr>
          </ns3:TrackPointExtension>
        </extensions>
      </trkpt>
      <trkpt lat="36.2368612177670001983642578125" lon="117.10837773978710174560546875">
        <ele>-500</ele>
        <time>2026-09-05T15:51:32.000Z</time>
        <extensions>
          <ns3:TrackPointExtension>
            <ns3:atemp>25.0</ns3:atemp>
            <ns3:hr>115</ns3:hr>
          </ns3:TrackPointExtension>
        </extensions>
      </trkpt>
      <trkpt lat="36.23686700128018856048583984375" lon="117.1083997003734111785888671875">
        <ele>-500</ele>
        <time>2026-09-05T15:51:38.000Z</time>
        <extensions>
          <ns3:TrackPointExtension>
            <ns3:atemp>25.0</ns3:atemp>
            <ns3:hr>116</ns3:hr>
          </ns3:TrackPointExtension>
        </extensions>
      </trkpt>
      <trkpt lat="36.2368729524314403533935546875" lon="117.10841336287558078765869140625">
        <ele>-500</ele>
        <time>2026-09-05T15:51:42.000Z</time>
        <extensions>
          <ns3:TrackPointExtension>
            <ns3:atemp>25.0</ns3:atemp>
            <ns3:hr>118</ns3:hr>
          </ns3:TrackPointExtension>
        </extensions>
      </trkpt>
      <trkpt lat="36.23687781393527984619140625" lon="117.10841939784586429595947265625">
        <ele>-500</ele>
        <time>2026-09-05T15:51:43.000Z</time>
        <extensions>
          <ns3:TrackPointExtension>
            <ns3:atemp>25.0</ns3:atemp>
            <ns3:hr>118</ns3:hr>
          </ns3:TrackPointExtension>
        </extensions>
      </trkpt>
      <trkpt lat="36.23688183724880218505859375" lon="117.108424343168735504150390625">
        <ele>-500</ele>
        <time>2026-09-05T15:51:44.000Z</time>
        <extensions>
          <ns3:TrackPointExtension>
            <ns3:atemp>25.0</ns3:atemp>
            <ns3:hr>118</ns3:hr>
          </ns3:TrackPointExtension>
        </extensions>
      </trkpt>
      <trkpt lat="36.2368870340287685394287109375" lon="117.10842199623584747314453125">
        <ele>-500</ele>
        <time>2026-09-05T15:51:46.000Z</time>
        <extensions>
          <ns3:TrackPointExtension>
            <ns3:atemp>25.0</ns3:atemp>
            <ns3:hr>119</ns3:hr>
          </ns3:TrackPointExtension>
        </extensions>
      </trkpt>
      <trkpt lat="36.23689248226583003997802734375" lon="117.1084131114184856414794921875">
        <ele>-500</ele>
        <time>2026-09-05T15:51:48.000Z</time>
        <extensions>
          <ns3:TrackPointExtension>
            <ns3:atemp>25.0</ns3:atemp>
            <ns3:hr>118</ns3:hr>
          </ns3:TrackPointExtension>
        </extensions>
      </trkpt>
      <trkpt lat="36.2369004450738430023193359375" lon="117.10840590298175811767578125">
        <ele>-500</ele>
        <time>2026-09-05T15:51:49.000Z</time>
        <extensions>
          <ns3:TrackPointExtension>
            <ns3:atemp>25.0</ns3:atemp>
            <ns3:hr>119</ns3:hr>
          </ns3:TrackPointExtension>
        </extensions>
      </trkpt>
      <trkpt lat="36.23690790496766567230224609375" lon="117.10841671563684940338134765625">
        <ele>-500</ele>
        <time>2026-09-05T15:51:51.000Z</time>
        <extensions>
          <ns3:TrackPointExtension>
            <ns3:atemp>25.0</ns3:atemp>
            <ns3:hr>118</ns3:hr>
          </ns3:TrackPointExtension>
        </extensions>
      </trkpt>
      <trkpt lat="36.23692114837467670440673828125" lon="117.108439765870571136474609375">
        <ele>-500</ele>
        <time>2026-09-05T15:51:54.000Z</time>
        <extensions>
          <ns3:TrackPointExtension>
            <ns3:atemp>25.0</ns3:atemp>
            <ns3:hr>119</ns3:hr>
          </ns3:TrackPointExtension>
        </extensions>
      </trkpt>
      <trkpt lat="36.236937157809734344482421875" lon="117.1084308810532093048095703125">
        <ele>-500</ele>
        <time>2026-09-05T15:51:59.000Z</time>
        <extensions>
          <ns3:TrackPointExtension>
            <ns3:atemp>25.0</ns3:atemp>
            <ns3:hr>116</ns3:hr>
          </ns3:TrackPointExtension>
        </extensions>
      </trkpt>
      <trkpt lat="36.2369373254477977752685546875" lon="117.1084526740014553070068359375">
        <ele>-500</ele>
        <time>2026-09-05T15:52:01.000Z</time>
        <extensions>
          <ns3:TrackPointExtension>
            <ns3:atemp>25.0</ns3:atemp>
            <ns3:hr>116</ns3:hr>
          </ns3:TrackPointExtension>
        </extensions>
      </trkpt>
      <trkpt lat="36.23695450834929943084716796875" lon="117.10844806395471096038818359375">
        <ele>-500</ele>
        <time>2026-09-05T15:52:03.000Z</time>
        <extensions>
          <ns3:TrackPointExtension>
            <ns3:atemp>25.0</ns3:atemp>
            <ns3:hr>115</ns3:hr>
          </ns3:TrackPointExtension>
        </extensions>
      </trkpt>
      <trkpt lat="36.237021982669830322265625" lon="117.10843683220446109771728515625">
        <ele>-500</ele>
        <time>2026-09-05T15:52:08.000Z</time>
        <extensions>
          <ns3:TrackPointExtension>
            <ns3:atemp>25.0</ns3:atemp>
            <ns3:hr>115</ns3:hr>
          </ns3:TrackPointExtension>
        </extensions>
      </trkpt>
      <trkpt lat="36.2370271794497966766357421875" lon="117.10844211280345916748046875">
        <ele>-500</ele>
        <time>2026-09-05T15:52:09.000Z</time>
        <extensions>
          <ns3:TrackPointExtension>
            <ns3:atemp>25.0</ns3:atemp>
            <ns3:hr>115</ns3:hr>
          </ns3:TrackPointExtension>
        </extensions>
      </trkpt>
      <trkpt lat="36.237037740647792816162109375" lon="117.10844504646956920623779296875">
        <ele>-500</ele>
        <time>2026-09-05T15:52:10.000Z</time>
        <extensions>
          <ns3:TrackPointExtension>
            <ns3:atemp>25.0</ns3:atemp>
            <ns3:hr>114</ns3:hr>
          </ns3:TrackPointExtension>
        </extensions>
      </trkpt>
      <trkpt lat="36.23706632293760776519775390625" lon="117.10845761932432651519775390625">
        <ele>-500</ele>
        <time>2026-09-05T15:52:12.000Z</time>
        <extensions>
          <ns3:TrackPointExtension>
            <ns3:atemp>25.0</ns3:atemp>
            <ns3:hr>115</ns3:hr>
          </ns3:TrackPointExtension>
        </extensions>
      </trkpt>
      <trkpt lat="36.2371019460260868072509765625" lon="117.10847404785454273223876953125">
        <ele>-500</ele>
        <time>2026-09-05T15:52:14.000Z</time>
        <extensions>
          <ns3:TrackPointExtension>
            <ns3:atemp>25.0</ns3:atemp>
            <ns3:hr>116</ns3:hr>
          </ns3:TrackPointExtension>
        </extensions>
      </trkpt>
      <trkpt lat="36.2371093221008777618408203125" lon="117.108506150543689727783203125">
        <ele>-500</ele>
        <time>2026-09-05T15:52:16.000Z</time>
        <extensions>
          <ns3:TrackPointExtension>
            <ns3:atemp>25.0</ns3:atemp>
            <ns3:hr>115</ns3:hr>
          </ns3:TrackPointExtension>
        </extensions>
      </trkpt>
      <trkpt lat="36.23712499625980854034423828125" lon="117.10851914249360561370849609375">
        <ele>-500</ele>
        <time>2026-09-05T15:52:18.000Z</time>
        <extensions>
          <ns3:TrackPointExtension>
            <ns3:atemp>25.0</ns3:atemp>
            <ns3:hr>115</ns3:hr>
          </ns3:TrackPointExtension>
        </extensions>
      </trkpt>
      <trkpt lat="36.23713740147650241851806640625" lon="117.1085170470178127288818359375">
        <ele>-500</ele>
        <time>2026-09-05T15:52:19.000Z</time>
        <extensions>
          <ns3:TrackPointExtension>
            <ns3:atemp>25.0</ns3:atemp>
            <ns3:hr>112</ns3:hr>
          </ns3:TrackPointExtension>
        </extensions>
      </trkpt>
      <trkpt lat="36.2371455319225788116455078125" lon="117.10851830430328845977783203125">
        <ele>-500</ele>
        <time>2026-09-05T15:52:20.000Z</time>
        <extensions>
          <ns3:TrackPointExtension>
            <ns3:atemp>25.0</ns3:atemp>
            <ns3:hr>115</ns3:hr>
          </ns3:TrackPointExtension>
        </extensions>
      </trkpt>
      <trkpt lat="36.2371562607586383819580078125" lon="117.10851830430328845977783203125">
        <ele>-500</ele>
        <time>2026-09-05T15:52:21.000Z</time>
        <extensions>
          <ns3:TrackPointExtension>
            <ns3:atemp>25.0</ns3:atemp>
            <ns3:hr>114</ns3:hr>
          </ns3:TrackPointExtension>
        </extensions>
      </trkpt>
      <trkpt lat="36.23715885914862155914306640625" lon="117.10852735675871372222900390625">
        <ele>-500</ele>
        <time>2026-09-05T15:52:23.000Z</time>
        <extensions>
          <ns3:TrackPointExtension>
            <ns3:atemp>25.0</ns3:atemp>
            <ns3:hr>115</ns3:hr>
          </ns3:TrackPointExtension>
        </extensions>
      </trkpt>
      <trkpt lat="36.23716221190989017486572265625" lon="117.1085314638912677764892578125">
        <ele>-500</ele>
        <time>2026-09-05T15:52:24.000Z</time>
        <extensions>
          <ns3:TrackPointExtension>
            <ns3:atemp>25.0</ns3:atemp>
            <ns3:hr>116</ns3:hr>
          </ns3:TrackPointExtension>
        </extensions>
      </trkpt>
      <trkpt lat="36.23717981390655040740966796875" lon="117.108529619872570037841796875">
        <ele>-500</ele>
        <time>2026-09-05T15:52:27.000Z</time>
        <extensions>
          <ns3:TrackPointExtension>
            <ns3:atemp>25.0</ns3:atemp>
            <ns3:hr>118</ns3:hr>
          </ns3:TrackPointExtension>
        </extensions>
      </trkpt>
      <trkpt lat="36.2371827475726604461669921875" lon="117.1085297875106334686279296875">
        <ele>-500</ele>
        <time>2026-09-05T15:52:28.000Z</time>
        <extensions>
          <ns3:TrackPointExtension>
            <ns3:atemp>25.0</ns3:atemp>
            <ns3:hr>118</ns3:hr>
          </ns3:TrackPointExtension>
        </extensions>
      </trkpt>
      <trkpt lat="36.23719490133225917816162109375" lon="117.108537666499614715576171875">
        <ele>-500</ele>
        <time>2026-09-05T15:52:31.000Z</time>
        <extensions>
          <ns3:TrackPointExtension>
            <ns3:atemp>25.0</ns3:atemp>
            <ns3:hr>119</ns3:hr>
          </ns3:TrackPointExtension>
        </extensions>
      </trkpt>
      <trkpt lat="36.23720546253025531768798828125" lon="117.10854764096438884735107421875">
        <ele>-500</ele>
        <time>2026-09-05T15:52:34.000Z</time>
        <extensions>
          <ns3:TrackPointExtension>
            <ns3:atemp>25.0</ns3:atemp>
            <ns3:hr>120</ns3:hr>
          </ns3:TrackPointExtension>
        </extensions>
      </trkpt>
      <trkpt lat="36.237202696502208709716796875" lon="117.10854210890829563140869140625">
        <ele>-500</ele>
        <time>2026-09-05T15:52:38.000Z</time>
        <extensions>
          <ns3:TrackPointExtension>
            <ns3:atemp>25.0</ns3:atemp>
            <ns3:hr>120</ns3:hr>
          </ns3:TrackPointExtension>
        </extensions>
      </trkpt>
      <trkpt lat="36.23720579780638217926025390625" lon="117.10853733122348785400390625">
        <ele>-500</ele>
        <time>2026-09-05T15:52:39.000Z</time>
        <extensions>
          <ns3:TrackPointExtension>
            <ns3:atemp>25.0</ns3:atemp>
            <ns3:hr>119</ns3:hr>
          </ns3:TrackPointExtension>
        </extensions>
      </trkpt>
      <trkpt lat="36.237204037606716156005859375" lon="117.10852869786322116851806640625">
        <ele>-500</ele>
        <time>2026-09-05T15:52:44.000Z</time>
        <extensions>
          <ns3:TrackPointExtension>
            <ns3:atemp>25.0</ns3:atemp>
            <ns3:hr>122</ns3:hr>
          </ns3:TrackPointExtension>
        </extensions>
      </trkpt>
      <trkpt lat="36.23720294795930385589599609375" lon="117.108524926006793975830078125">
        <ele>-500</ele>
        <time>2026-09-05T15:52:46.000Z</time>
        <extensions>
          <ns3:TrackPointExtension>
            <ns3:atemp>25.0</ns3:atemp>
            <ns3:hr>121</ns3:hr>
          </ns3:TrackPointExtension>
        </extensions>
      </trkpt>
      <trkpt lat="36.23719875700771808624267578125" lon="117.1084965951740741729736328125">
        <ele>-500</ele>
        <time>2026-09-05T15:52:52.000Z</time>
        <extensions>
          <ns3:TrackPointExtension>
            <ns3:atemp>25.0</ns3:atemp>
            <ns3:hr>121</ns3:hr>
          </ns3:TrackPointExtension>
        </extensions>
      </trkpt>
      <trkpt lat="36.237222813069820404052734375" lon="117.10845896042883396148681640625">
        <ele>-500</ele>
        <time>2026-09-05T15:52:56.000Z</time>
        <extensions>
          <ns3:TrackPointExtension>
            <ns3:atemp>25.0</ns3:atemp>
            <ns3:hr>120</ns3:hr>
          </ns3:TrackPointExtension>
        </extensions>
      </trkpt>
      <trkpt lat="36.23722826130688190460205078125" lon="117.1084607206284999847412109375">
        <ele>-500</ele>
        <time>2026-09-05T15:52:57.000Z</time>
        <extensions>
          <ns3:TrackPointExtension>
            <ns3:atemp>25.0</ns3:atemp>
            <ns3:hr>116</ns3:hr>
          </ns3:TrackPointExtension>
        </extensions>
      </trkpt>
      <trkpt lat="36.2372484616935253143310546875" lon="117.10844320245087146759033203125">
        <ele>-500</ele>
        <time>2026-09-05T15:52:59.000Z</time>
        <extensions>
          <ns3:TrackPointExtension>
            <ns3:atemp>25.0</ns3:atemp>
            <ns3:hr>119</ns3:hr>
          </ns3:TrackPointExtension>
        </extensions>
      </trkpt>
      <trkpt lat="36.23726564459502696990966796875" lon="117.10843699984252452850341796875">
        <ele>-500</ele>
        <time>2026-09-05T15:53:00.000Z</time>
        <extensions>
          <ns3:TrackPointExtension>
            <ns3:atemp>25.0</ns3:atemp>
            <ns3:hr>118</ns3:hr>
          </ns3:TrackPointExtension>
        </extensions>
      </trkpt>
      <trkpt lat="36.23728039674460887908935546875" lon="117.1084342338144779205322265625">
        <ele>-500</ele>
        <time>2026-09-05T15:53:01.000Z</time>
        <extensions>
          <ns3:TrackPointExtension>
            <ns3:atemp>25.0</ns3:atemp>
            <ns3:hr>117</ns3:hr>
          </ns3:TrackPointExtension>
        </extensions>
      </trkpt>
      <trkpt lat="36.237286515533924102783203125" lon="117.10844152607023715972900390625">
        <ele>-500</ele>
        <time>2026-09-05T15:53:02.000Z</time>
        <extensions>
          <ns3:TrackPointExtension>
            <ns3:atemp>25.0</ns3:atemp>
            <ns3:hr>119</ns3:hr>
          </ns3:TrackPointExtension>
        </extensions>
      </trkpt>
      <trkpt lat="36.23731710948050022125244140625" lon="117.10844353772699832916259765625">
        <ele>-500</ele>
        <time>2026-09-05T15:53:05.000Z</time>
        <extensions>
          <ns3:TrackPointExtension>
            <ns3:atemp>25.0</ns3:atemp>
            <ns3:hr>117</ns3:hr>
          </ns3:TrackPointExtension>
        </extensions>
      </trkpt>
      <trkpt lat="36.237318702042102813720703125" lon="117.10844454355537891387939453125">
        <ele>-500</ele>
        <time>2026-09-05T15:53:06.000Z</time>
        <extensions>
          <ns3:TrackPointExtension>
            <ns3:atemp>25.0</ns3:atemp>
            <ns3:hr>117</ns3:hr>
          </ns3:TrackPointExtension>
        </extensions>
      </trkpt>
      <trkpt lat="36.23736958019435405731201171875" lon="117.10844202898442745208740234375">
        <ele>-500</ele>
        <time>2026-09-05T15:53:13.000Z</time>
        <extensions>
          <ns3:TrackPointExtension>
            <ns3:atemp>25.0</ns3:atemp>
            <ns3:hr>120</ns3:hr>
          </ns3:TrackPointExtension>
        </extensions>
      </trkpt>
      <trkpt lat="36.23739019967615604400634765625" lon="117.10843767039477825164794921875">
        <ele>-500</ele>
        <time>2026-09-05T15:53:15.000Z</time>
        <extensions>
          <ns3:TrackPointExtension>
            <ns3:atemp>25.0</ns3:atemp>
            <ns3:hr>117</ns3:hr>
          </ns3:TrackPointExtension>
        </extensions>
      </trkpt>
      <trkpt lat="36.23740847222506999969482421875" lon="117.10845057852566242218017578125">
        <ele>-500</ele>
        <time>2026-09-05T15:53:16.000Z</time>
        <extensions>
          <ns3:TrackPointExtension>
            <ns3:atemp>25.0</ns3:atemp>
            <ns3:hr>118</ns3:hr>
          </ns3:TrackPointExtension>
        </extensions>
      </trkpt>
      <trkpt lat="36.23741903342306613922119140625" lon="117.1084630675613880157470703125">
        <ele>-500</ele>
        <time>2026-09-05T15:53:18.000Z</time>
        <extensions>
          <ns3:TrackPointExtension>
            <ns3:atemp>25.0</ns3:atemp>
            <ns3:hr>116</ns3:hr>
          </ns3:TrackPointExtension>
        </extensions>
      </trkpt>
      <trkpt lat="36.23742104507982730865478515625" lon="117.1084704436361789703369140625">
        <ele>-500</ele>
        <time>2026-09-05T15:53:20.000Z</time>
        <extensions>
          <ns3:TrackPointExtension>
            <ns3:atemp>25.0</ns3:atemp>
            <ns3:hr>117</ns3:hr>
          </ns3:TrackPointExtension>
        </extensions>
      </trkpt>
      <trkpt lat="36.23742842115461826324462890625" lon="117.1084709465503692626953125">
        <ele>-500</ele>
        <time>2026-09-05T15:53:21.000Z</time>
        <extensions>
          <ns3:TrackPointExtension>
            <ns3:atemp>25.0</ns3:atemp>
            <ns3:hr>117</ns3:hr>
          </ns3:TrackPointExtension>
        </extensions>
      </trkpt>
      <trkpt lat="36.23743596486747264862060546875" lon="117.1084697730839252471923828125">
        <ele>-500</ele>
        <time>2026-09-05T15:53:22.000Z</time>
        <extensions>
          <ns3:TrackPointExtension>
            <ns3:atemp>25.0</ns3:atemp>
            <ns3:hr>118</ns3:hr>
          </ns3:TrackPointExtension>
        </extensions>
      </trkpt>
      <trkpt lat="36.237434707581996917724609375" lon="117.1084895543754100799560546875">
        <ele>-500</ele>
        <time>2026-09-05T15:53:25.000Z</time>
        <extensions>
          <ns3:TrackPointExtension>
            <ns3:atemp>25.0</ns3:atemp>
            <ns3:hr>122</ns3:hr>
          </ns3:TrackPointExtension>
        </extensions>
      </trkpt>
      <trkpt lat="36.237437389791011810302734375" lon="117.1084835194051265716552734375">
        <ele>-500</ele>
        <time>2026-09-05T15:53:26.000Z</time>
        <extensions>
          <ns3:TrackPointExtension>
            <ns3:atemp>25.0</ns3:atemp>
            <ns3:hr>122</ns3:hr>
          </ns3:TrackPointExtension>
        </extensions>
      </trkpt>
      <trkpt lat="36.237438060343265533447265625" lon="117.10847857408225536346435546875">
        <ele>-500</ele>
        <time>2026-09-05T15:53:27.000Z</time>
        <extensions>
          <ns3:TrackPointExtension>
            <ns3:atemp>25.0</ns3:atemp>
            <ns3:hr>122</ns3:hr>
          </ns3:TrackPointExtension>
        </extensions>
      </trkpt>
      <trkpt lat="36.2374650500714778900146484375" lon="117.10848997347056865692138671875">
        <ele>-500</ele>
        <time>2026-09-05T15:53:29.000Z</time>
        <extensions>
          <ns3:TrackPointExtension>
            <ns3:atemp>25.0</ns3:atemp>
            <ns3:hr>121</ns3:hr>
          </ns3:TrackPointExtension>
        </extensions>
      </trkpt>
      <trkpt lat="36.2375036068260669708251953125" lon="117.108522914350032806396484375">
        <ele>-500</ele>
        <time>2026-09-05T15:53:31.000Z</time>
        <extensions>
          <ns3:TrackPointExtension>
            <ns3:atemp>25.0</ns3:atemp>
            <ns3:hr>121</ns3:hr>
          </ns3:TrackPointExtension>
        </extensions>
      </trkpt>
      <trkpt lat="36.23750436119735240936279296875" lon="117.10853154771029949188232421875">
        <ele>-500</ele>
        <time>2026-09-05T15:53:33.000Z</time>
        <extensions>
          <ns3:TrackPointExtension>
            <ns3:atemp>25.0</ns3:atemp>
            <ns3:hr>119</ns3:hr>
          </ns3:TrackPointExtension>
        </extensions>
      </trkpt>
      <trkpt lat="36.23750184662640094757080078125" lon="117.1085338108241558074951171875">
        <ele>-500</ele>
        <time>2026-09-05T15:53:34.000Z</time>
        <extensions>
          <ns3:TrackPointExtension>
            <ns3:atemp>25.0</ns3:atemp>
            <ns3:hr>121</ns3:hr>
          </ns3:TrackPointExtension>
        </extensions>
      </trkpt>
      <trkpt lat="36.23750788159668445587158203125" lon="117.10853858850896358489990234375">
        <ele>-500</ele>
        <time>2026-09-05T15:53:35.000Z</time>
        <extensions>
          <ns3:TrackPointExtension>
            <ns3:atemp>25.0</ns3:atemp>
            <ns3:hr>120</ns3:hr>
          </ns3:TrackPointExtension>
        </extensions>
      </trkpt>
      <trkpt lat="36.2375176884233951568603515625" lon="117.108551748096942901611328125">
        <ele>-500</ele>
        <time>2026-09-05T15:53:37.000Z</time>
        <extensions>
          <ns3:TrackPointExtension>
            <ns3:atemp>25.0</ns3:atemp>
            <ns3:hr>120</ns3:hr>
          </ns3:TrackPointExtension>
        </extensions>
      </trkpt>
      <trkpt lat="36.23752933926880359649658203125" lon="117.10854680277407169342041015625">
        <ele>-500</ele>
        <time>2026-09-05T15:53:38.000Z</time>
        <extensions>
          <ns3:TrackPointExtension>
            <ns3:atemp>25.0</ns3:atemp>
            <ns3:hr>121</ns3:hr>
          </ns3:TrackPointExtension>
        </extensions>
      </trkpt>
      <trkpt lat="36.23753822408616542816162109375" lon="117.10853925906121730804443359375">
        <ele>-500</ele>
        <time>2026-09-05T15:53:39.000Z</time>
        <extensions>
          <ns3:TrackPointExtension>
            <ns3:atemp>25.0</ns3:atemp>
            <ns3:hr>121</ns3:hr>
          </ns3:TrackPointExtension>
        </extensions>
      </trkpt>
      <trkpt lat="36.23754040338099002838134765625" lon="117.108524926006793975830078125">
        <ele>-500</ele>
        <time>2026-09-05T15:53:40.000Z</time>
        <extensions>
          <ns3:TrackPointExtension>
            <ns3:atemp>25.0</ns3:atemp>
            <ns3:hr>121</ns3:hr>
          </ns3:TrackPointExtension>
        </extensions>
      </trkpt>
      <trkpt lat="36.23753855936229228973388671875" lon="117.10851277224719524383544921875">
        <ele>-500</ele>
        <time>2026-09-05T15:53:41.000Z</time>
        <extensions>
          <ns3:TrackPointExtension>
            <ns3:atemp>25.0</ns3:atemp>
            <ns3:hr>121</ns3:hr>
          </ns3:TrackPointExtension>
        </extensions>
      </trkpt>
      <trkpt lat="36.23754224739968776702880859375" lon="117.10851394571363925933837890625">
        <ele>-500</ele>
        <time>2026-09-05T15:53:44.000Z</time>
        <extensions>
          <ns3:TrackPointExtension>
            <ns3:atemp>25.0</ns3:atemp>
            <ns3:hr>119</ns3:hr>
          </ns3:TrackPointExtension>
        </extensions>
      </trkpt>
      <trkpt lat="36.2375431694090366363525390625" lon="117.108512185513973236083984375">
        <ele>-500</ele>
        <time>2026-09-05T15:53:46.000Z</time>
        <extensions>
          <ns3:TrackPointExtension>
            <ns3:atemp>25.0</ns3:atemp>
            <ns3:hr>114</ns3:hr>
          </ns3:TrackPointExtension>
        </extensions>
      </trkpt>
      <trkpt lat="36.23755515553057193756103515625" lon="117.108508832752704620361328125">
        <ele>-500</ele>
        <time>2026-09-05T15:53:47.000Z</time>
        <extensions>
          <ns3:TrackPointExtension>
            <ns3:atemp>25.0</ns3:atemp>
            <ns3:hr>114</ns3:hr>
          </ns3:TrackPointExtension>
        </extensions>
      </trkpt>
      <trkpt lat="36.23756621964275836944580078125" lon="117.10850707255303859710693359375">
        <ele>-500</ele>
        <time>2026-09-05T15:53:48.000Z</time>
        <extensions>
          <ns3:TrackPointExtension>
            <ns3:atemp>25.0</ns3:atemp>
            <ns3:hr>115</ns3:hr>
          </ns3:TrackPointExtension>
        </extensions>
      </trkpt>
      <trkpt lat="36.2375663034617900848388671875" lon="117.10851964540779590606689453125">
        <ele>-500</ele>
        <time>2026-09-05T15:53:50.000Z</time>
        <extensions>
          <ns3:TrackPointExtension>
            <ns3:atemp>25.0</ns3:atemp>
            <ns3:hr>118</ns3:hr>
          </ns3:TrackPointExtension>
        </extensions>
      </trkpt>
      <trkpt lat="36.23755884356796741485595703125" lon="117.10853892378509044647216796875">
        <ele>-500</ele>
        <time>2026-09-05T15:53:52.000Z</time>
        <extensions>
          <ns3:TrackPointExtension>
            <ns3:atemp>25.0</ns3:atemp>
            <ns3:hr>117</ns3:hr>
          </ns3:TrackPointExtension>
        </extensions>
      </trkpt>
      <trkpt lat="36.23757393099367618560791015625" lon="117.10856239311397075653076171875">
        <ele>-500</ele>
        <time>2026-09-05T15:53:54.000Z</time>
        <extensions>
          <ns3:TrackPointExtension>
            <ns3:atemp>25.0</ns3:atemp>
            <ns3:hr>117</ns3:hr>
          </ns3:TrackPointExtension>
        </extensions>
      </trkpt>
      <trkpt lat="36.23759857378900051116943359375" lon="117.108542360365390777587890625">
        <ele>-500</ele>
        <time>2026-09-05T15:53:58.000Z</time>
        <extensions>
          <ns3:TrackPointExtension>
            <ns3:atemp>25.0</ns3:atemp>
            <ns3:hr>118</ns3:hr>
          </ns3:TrackPointExtension>
        </extensions>
      </trkpt>
      <trkpt lat="36.23760963790118694305419921875" lon="117.10853473283350467681884765625">
        <ele>-500</ele>
        <time>2026-09-05T15:54:04.000Z</time>
        <extensions>
          <ns3:TrackPointExtension>
            <ns3:atemp>25.0</ns3:atemp>
            <ns3:hr>118</ns3:hr>
          </ns3:TrackPointExtension>
        </extensions>
      </trkpt>
      <trkpt lat="36.23761232011020183563232421875" lon="117.10852324962615966796875">
        <ele>-500</ele>
        <time>2026-09-05T15:54:07.000Z</time>
        <extensions>
          <ns3:TrackPointExtension>
            <ns3:atemp>25.0</ns3:atemp>
            <ns3:hr>120</ns3:hr>
          </ns3:TrackPointExtension>
        </extensions>
      </trkpt>
      <trkpt lat="36.2376214563846588134765625" lon="117.1085058152675628662109375">
        <ele>-500</ele>
        <time>2026-09-05T15:54:09.000Z</time>
        <extensions>
          <ns3:TrackPointExtension>
            <ns3:atemp>25.0</ns3:atemp>
            <ns3:hr>121</ns3:hr>
          </ns3:TrackPointExtension>
        </extensions>
      </trkpt>
      <trkpt lat="36.23762221075594425201416015625" lon="117.108502127230167388916015625">
        <ele>-500</ele>
        <time>2026-09-05T15:54:11.000Z</time>
        <extensions>
          <ns3:TrackPointExtension>
            <ns3:atemp>25.0</ns3:atemp>
            <ns3:hr>120</ns3:hr>
          </ns3:TrackPointExtension>
        </extensions>
      </trkpt>
      <trkpt lat="36.237633861601352691650390625" lon="117.10848695598542690277099609375">
        <ele>-500</ele>
        <time>2026-09-05T15:54:13.000Z</time>
        <extensions>
          <ns3:TrackPointExtension>
            <ns3:atemp>25.0</ns3:atemp>
            <ns3:hr>117</ns3:hr>
          </ns3:TrackPointExtension>
        </extensions>
      </trkpt>
      <trkpt lat="36.23764350078999996185302734375" lon="117.10848393850028514862060546875">
        <ele>-500</ele>
        <time>2026-09-05T15:54:14.000Z</time>
        <extensions>
          <ns3:TrackPointExtension>
            <ns3:atemp>25.0</ns3:atemp>
            <ns3:hr>118</ns3:hr>
          </ns3:TrackPointExtension>
        </extensions>
      </trkpt>
      <trkpt lat="36.23764869756996631622314453125" lon="117.10848058573901653289794921875">
        <ele>-500</ele>
        <time>2026-09-05T15:54:15.000Z</time>
        <extensions>
          <ns3:TrackPointExtension>
            <ns3:atemp>25.0</ns3:atemp>
            <ns3:hr>117</ns3:hr>
          </ns3:TrackPointExtension>
        </extensions>
      </trkpt>
      <trkpt lat="36.23765163123607635498046875" lon="117.10847924463450908660888671875">
        <ele>-500</ele>
        <time>2026-09-05T15:54:16.000Z</time>
        <extensions>
          <ns3:TrackPointExtension>
            <ns3:atemp>25.0</ns3:atemp>
            <ns3:hr>118</ns3:hr>
          </ns3:TrackPointExtension>
        </extensions>
      </trkpt>
      <trkpt lat="36.23764626681804656982421875" lon="117.10848846472799777984619140625">
        <ele>-500</ele>
        <time>2026-09-05T15:54:18.000Z</time>
        <extensions>
          <ns3:TrackPointExtension>
            <ns3:atemp>25.0</ns3:atemp>
            <ns3:hr>119</ns3:hr>
          </ns3:TrackPointExtension>
        </extensions>
      </trkpt>
      <trkpt lat="36.2376390583813190460205078125" lon="117.10849785245954990386962890625">
        <ele>-500</ele>
        <time>2026-09-05T15:54:20.000Z</time>
        <extensions>
          <ns3:TrackPointExtension>
            <ns3:atemp>25.0</ns3:atemp>
            <ns3:hr>119</ns3:hr>
          </ns3:TrackPointExtension>
        </extensions>
      </trkpt>
      <trkpt lat="36.2376360408961772918701171875" lon="117.1084897220134735107421875">
        <ele>-500</ele>
        <time>2026-09-05T15:54:22.000Z</time>
        <extensions>
          <ns3:TrackPointExtension>
            <ns3:atemp>25.0</ns3:atemp>
            <ns3:hr>118</ns3:hr>
          </ns3:TrackPointExtension>
        </extensions>
      </trkpt>
      <trkpt lat="36.2376501224935054779052734375" lon="117.10847572423517704010009765625">
        <ele>-500</ele>
        <time>2026-09-05T15:54:24.000Z</time>
        <extensions>
          <ns3:TrackPointExtension>
            <ns3:atemp>25.0</ns3:atemp>
            <ns3:hr>118</ns3:hr>
          </ns3:TrackPointExtension>
        </extensions>
      </trkpt>
      <trkpt lat="36.23765976168215274810791015625" lon="117.10847186855971813201904296875">
        <ele>-500</ele>
        <time>2026-09-05T15:54:25.000Z</time>
        <extensions>
          <ns3:TrackPointExtension>
            <ns3:atemp>25.0</ns3:atemp>
            <ns3:hr>117</ns3:hr>
          </ns3:TrackPointExtension>
        </extensions>
      </trkpt>
      <trkpt lat="36.237670071423053741455078125" lon="117.10846834816038608551025390625">
        <ele>-500</ele>
        <time>2026-09-05T15:54:26.000Z</time>
        <extensions>
          <ns3:TrackPointExtension>
            <ns3:atemp>25.0</ns3:atemp>
            <ns3:hr>116</ns3:hr>
          </ns3:TrackPointExtension>
        </extensions>
      </trkpt>
      <trkpt lat="36.2376779504120349884033203125" lon="117.10849567316472530364990234375">
        <ele>-500</ele>
        <time>2026-09-05T15:54:30.000Z</time>
        <extensions>
          <ns3:TrackPointExtension>
            <ns3:atemp>25.0</ns3:atemp>
            <ns3:hr>116</ns3:hr>
          </ns3:TrackPointExtension>
        </extensions>
      </trkpt>
      <trkpt lat="36.2377041019499301910400390625" lon="117.1084771491587162017822265625">
        <ele>-500</ele>
        <time>2026-09-05T15:54:35.000Z</time>
        <extensions>
          <ns3:TrackPointExtension>
            <ns3:atemp>25.0</ns3:atemp>
            <ns3:hr>115</ns3:hr>
          </ns3:TrackPointExtension>
        </extensions>
      </trkpt>
      <trkpt lat="36.2376802973449230194091796875" lon="117.10850514471530914306640625">
        <ele>-500</ele>
        <time>2026-09-05T15:54:38.000Z</time>
        <extensions>
          <ns3:TrackPointExtension>
            <ns3:atemp>25.0</ns3:atemp>
            <ns3:hr>115</ns3:hr>
          </ns3:TrackPointExtension>
        </extensions>
      </trkpt>
      <trkpt lat="36.23769228346645832061767578125" lon="117.1085113473236560821533203125">
        <ele>-500</ele>
        <time>2026-09-05T15:54:40.000Z</time>
        <extensions>
          <ns3:TrackPointExtension>
            <ns3:atemp>25.0</ns3:atemp>
            <ns3:hr>113</ns3:hr>
          </ns3:TrackPointExtension>
        </extensions>
      </trkpt>
      <trkpt lat="36.23769898898899555206298828125" lon="117.10850070230662822723388671875">
        <ele>-500</ele>
        <time>2026-09-05T15:54:41.000Z</time>
        <extensions>
          <ns3:TrackPointExtension>
            <ns3:atemp>25.0</ns3:atemp>
            <ns3:hr>115</ns3:hr>
          </ns3:TrackPointExtension>
        </extensions>
      </trkpt>
      <trkpt lat="36.2377275712788105010986328125" lon="117.10848712362349033355712890625">
        <ele>-500</ele>
        <time>2026-09-05T15:54:43.000Z</time>
        <extensions>
          <ns3:TrackPointExtension>
            <ns3:atemp>25.0</ns3:atemp>
            <ns3:hr>115</ns3:hr>
          </ns3:TrackPointExtension>
        </extensions>
      </trkpt>
      <trkpt lat="36.23773955740034580230712890625" lon="117.10849709808826446533203125">
        <ele>-500</ele>
        <time>2026-09-05T15:54:44.000Z</time>
        <extensions>
          <ns3:TrackPointExtension>
            <ns3:atemp>25.0</ns3:atemp>
            <ns3:hr>115</ns3:hr>
          </ns3:TrackPointExtension>
        </extensions>
      </trkpt>
      <trkpt lat="36.23775280080735683441162109375" lon="117.10848863236606121063232421875">
        <ele>-500</ele>
        <time>2026-09-05T15:54:45.000Z</time>
        <extensions>
          <ns3:TrackPointExtension>
            <ns3:atemp>25.0</ns3:atemp>
            <ns3:hr>115</ns3:hr>
          </ns3:TrackPointExtension>
        </extensions>
      </trkpt>
      <trkpt lat="36.23776202090084552764892578125" lon="117.10848905146121978759765625">
        <ele>-500</ele>
        <time>2026-09-05T15:54:46.000Z</time>
        <extensions>
          <ns3:TrackPointExtension>
            <ns3:atemp>25.0</ns3:atemp>
            <ns3:hr>115</ns3:hr>
          </ns3:TrackPointExtension>
        </extensions>
      </trkpt>
      <trkpt lat="36.2377716600894927978515625" lon="117.10849106311798095703125">
        <ele>-500</ele>
        <time>2026-09-05T15:54:47.000Z</time>
        <extensions>
          <ns3:TrackPointExtension>
            <ns3:atemp>25.0</ns3:atemp>
            <ns3:hr>114</ns3:hr>
          </ns3:TrackPointExtension>
        </extensions>
      </trkpt>
      <trkpt lat="36.23778079636394977569580078125" lon="117.10849500261247158050537109375">
        <ele>-500</ele>
        <time>2026-09-05T15:54:50.000Z</time>
        <extensions>
          <ns3:TrackPointExtension>
            <ns3:atemp>25.0</ns3:atemp>
            <ns3:hr>114</ns3:hr>
          </ns3:TrackPointExtension>
        </extensions>
      </trkpt>
      <trkpt lat="36.2377815507352352142333984375" lon="117.10849449969828128814697265625">
        <ele>-500</ele>
        <time>2026-09-05T15:54:51.000Z</time>
        <extensions>
          <ns3:TrackPointExtension>
            <ns3:atemp>25.0</ns3:atemp>
            <ns3:hr>113</ns3:hr>
          </ns3:TrackPointExtension>
        </extensions>
      </trkpt>
      <trkpt lat="36.2377823889255523681640625" lon="117.10849164985120296478271484375">
        <ele>-500</ele>
        <time>2026-09-05T15:54:52.000Z</time>
        <extensions>
          <ns3:TrackPointExtension>
            <ns3:atemp>25.0</ns3:atemp>
            <ns3:hr>113</ns3:hr>
          </ns3:TrackPointExtension>
        </extensions>
      </trkpt>
      <trkpt lat="36.2377889268100261688232421875" lon="117.1084932424128055572509765625">
        <ele>-500</ele>
        <time>2026-09-05T15:54:54.000Z</time>
        <extensions>
          <ns3:TrackPointExtension>
            <ns3:atemp>25.0</ns3:atemp>
            <ns3:hr>115</ns3:hr>
          </ns3:TrackPointExtension>
        </extensions>
      </trkpt>
      <trkpt lat="36.23779454268515110015869140625" lon="117.10849382914602756500244140625">
        <ele>-500</ele>
        <time>2026-09-05T15:54:55.000Z</time>
        <extensions>
          <ns3:TrackPointExtension>
            <ns3:atemp>25.0</ns3:atemp>
            <ns3:hr>115</ns3:hr>
          </ns3:TrackPointExtension>
        </extensions>
      </trkpt>
      <trkpt lat="36.23781315051019191741943359375" lon="117.108515202999114990234375">
        <ele>-500</ele>
        <time>2026-09-05T15:55:00.000Z</time>
        <extensions>
          <ns3:TrackPointExtension>
            <ns3:atemp>25.0</ns3:atemp>
            <ns3:hr>114</ns3:hr>
          </ns3:TrackPointExtension>
        </extensions>
      </trkpt>
      <trkpt lat="36.237832345068454742431640625" lon="117.10852601565420627593994140625">
        <ele>-500</ele>
        <time>2026-09-05T15:55:02.000Z</time>
        <extensions>
          <ns3:TrackPointExtension>
            <ns3:atemp>25.0</ns3:atemp>
            <ns3:hr>115</ns3:hr>
          </ns3:TrackPointExtension>
        </extensions>
      </trkpt>
      <trkpt lat="36.23787232674658298492431640625" lon="117.10851914249360561370849609375">
        <ele>-500</ele>
        <time>2026-09-05T15:55:05.000Z</time>
        <extensions>
          <ns3:TrackPointExtension>
            <ns3:atemp>25.0</ns3:atemp>
            <ns3:hr>116</ns3:hr>
          </ns3:TrackPointExtension>
        </extensions>
      </trkpt>
      <trkpt lat="36.23787970282137393951416015625" lon="117.108516208827495574951171875">
        <ele>-500</ele>
        <time>2026-09-05T15:55:06.000Z</time>
        <extensions>
          <ns3:TrackPointExtension>
            <ns3:atemp>25.0</ns3:atemp>
            <ns3:hr>118</ns3:hr>
          </ns3:TrackPointExtension>
        </extensions>
      </trkpt>
      <trkpt lat="36.23788498342037200927734375" lon="117.10851411335170269012451171875">
        <ele>-500</ele>
        <time>2026-09-05T15:55:07.000Z</time>
        <extensions>
          <ns3:TrackPointExtension>
            <ns3:atemp>25.0</ns3:atemp>
            <ns3:hr>115</ns3:hr>
          </ns3:TrackPointExtension>
        </extensions>
      </trkpt>
      <trkpt lat="36.23789168894290924072265625" lon="117.1085462160408496856689453125">
        <ele>-500</ele>
        <time>2026-09-05T15:55:12.000Z</time>
        <extensions>
          <ns3:TrackPointExtension>
            <ns3:atemp>25.0</ns3:atemp>
            <ns3:hr>115</ns3:hr>
          </ns3:TrackPointExtension>
        </extensions>
      </trkpt>
      <trkpt lat="36.2378921918570995330810546875" lon="117.10854780860245227813720703125">
        <ele>-500</ele>
        <time>2026-09-05T15:55:13.000Z</time>
        <extensions>
          <ns3:TrackPointExtension>
            <ns3:atemp>25.0</ns3:atemp>
            <ns3:hr>114</ns3:hr>
          </ns3:TrackPointExtension>
        </extensions>
      </trkpt>
      <trkpt lat="36.237890012562274932861328125" lon="117.10854127071797847747802734375">
        <ele>-500</ele>
        <time>2026-09-05T15:55:15.000Z</time>
        <extensions>
          <ns3:TrackPointExtension>
            <ns3:atemp>25.0</ns3:atemp>
            <ns3:hr>112</ns3:hr>
          </ns3:TrackPointExtension>
        </extensions>
      </trkpt>
      <trkpt lat="36.23791071586310863494873046875" lon="117.1085556037724018096923828125">
        <ele>-500</ele>
        <time>2026-09-05T15:55:17.000Z</time>
        <extensions>
          <ns3:TrackPointExtension>
            <ns3:atemp>25.0</ns3:atemp>
            <ns3:hr>108</ns3:hr>
          </ns3:TrackPointExtension>
        </extensions>
      </trkpt>
      <trkpt lat="36.23793049715459346771240234375" lon="117.10856775753200054168701171875">
        <ele>-500</ele>
        <time>2026-09-05T15:55:19.000Z</time>
        <extensions>
          <ns3:TrackPointExtension>
            <ns3:atemp>25.0</ns3:atemp>
            <ns3:hr>111</ns3:hr>
          </ns3:TrackPointExtension>
        </extensions>
      </trkpt>
      <trkpt lat="36.23794424347579479217529296875" lon="117.10860765539109706878662109375">
        <ele>-500</ele>
        <time>2026-09-05T15:55:22.000Z</time>
        <extensions>
          <ns3:TrackPointExtension>
            <ns3:atemp>25.0</ns3:atemp>
            <ns3:hr>110</ns3:hr>
          </ns3:TrackPointExtension>
        </extensions>
      </trkpt>
      <trkpt lat="36.2379488535225391387939453125" lon="117.1086157858371734619140625">
        <ele>-500</ele>
        <time>2026-09-05T15:55:23.000Z</time>
        <extensions>
          <ns3:TrackPointExtension>
            <ns3:atemp>25.0</ns3:atemp>
            <ns3:hr>113</ns3:hr>
          </ns3:TrackPointExtension>
        </extensions>
      </trkpt>
      <trkpt lat="36.23795195482671260833740234375" lon="117.108617462217807769775390625">
        <ele>-500</ele>
        <time>2026-09-05T15:55:24.000Z</time>
        <extensions>
          <ns3:TrackPointExtension>
            <ns3:atemp>25.0</ns3:atemp>
            <ns3:hr>112</ns3:hr>
          </ns3:TrackPointExtension>
        </extensions>
      </trkpt>
      <trkpt lat="36.23798917047679424285888671875" lon="117.1086077392101287841796875">
        <ele>-500</ele>
        <time>2026-09-05T15:55:29.000Z</time>
        <extensions>
          <ns3:TrackPointExtension>
            <ns3:atemp>25.0</ns3:atemp>
            <ns3:hr>115</ns3:hr>
          </ns3:TrackPointExtension>
        </extensions>
      </trkpt>
      <trkpt lat="36.2379843927919864654541015625" lon="117.10862592794001102447509765625">
        <ele>-500</ele>
        <time>2026-09-05T15:55:34.000Z</time>
        <extensions>
          <ns3:TrackPointExtension>
            <ns3:atemp>25.0</ns3:atemp>
            <ns3:hr>114</ns3:hr>
          </ns3:TrackPointExtension>
        </extensions>
      </trkpt>
      <trkpt lat="36.237992607057094573974609375" lon="117.108622491359710693359375">
        <ele>-500</ele>
        <time>2026-09-05T15:55:36.000Z</time>
        <extensions>
          <ns3:TrackPointExtension>
            <ns3:atemp>25.0</ns3:atemp>
            <ns3:hr>114</ns3:hr>
          </ns3:TrackPointExtension>
        </extensions>
      </trkpt>
      <trkpt lat="36.23799026012420654296875" lon="117.1086364053189754486083984375">
        <ele>-500</ele>
        <time>2026-09-05T15:55:38.000Z</time>
        <extensions>
          <ns3:TrackPointExtension>
            <ns3:atemp>25.0</ns3:atemp>
            <ns3:hr>116</ns3:hr>
          </ns3:TrackPointExtension>
        </extensions>
      </trkpt>
      <trkpt lat="36.23800107277929782867431640625" lon="117.1086350642144680023193359375">
        <ele>-500</ele>
        <time>2026-09-05T15:55:39.000Z</time>
        <extensions>
          <ns3:TrackPointExtension>
            <ns3:atemp>25.0</ns3:atemp>
            <ns3:hr>116</ns3:hr>
          </ns3:TrackPointExtension>
        </extensions>
      </trkpt>
      <trkpt lat="36.2380095385015010833740234375" lon="117.10863657295703887939453125">
        <ele>-500</ele>
        <time>2026-09-05T15:55:40.000Z</time>
        <extensions>
          <ns3:TrackPointExtension>
            <ns3:atemp>25.0</ns3:atemp>
            <ns3:hr>117</ns3:hr>
          </ns3:TrackPointExtension>
        </extensions>
      </trkpt>
      <trkpt lat="36.23802387155592441558837890625" lon="117.10863447748124599456787109375">
        <ele>-500</ele>
        <time>2026-09-05T15:55:42.000Z</time>
        <extensions>
          <ns3:TrackPointExtension>
            <ns3:atemp>25.0</ns3:atemp>
            <ns3:hr>119</ns3:hr>
          </ns3:TrackPointExtension>
        </extensions>
      </trkpt>
      <trkpt lat="36.23803862370550632476806640625" lon="117.10863347165286540985107421875">
        <ele>-500</ele>
        <time>2026-09-05T15:55:45.000Z</time>
        <extensions>
          <ns3:TrackPointExtension>
            <ns3:atemp>25.0</ns3:atemp>
            <ns3:hr>120</ns3:hr>
          </ns3:TrackPointExtension>
        </extensions>
      </trkpt>
      <trkpt lat="36.2380497716367244720458984375" lon="117.1086265146732330322265625">
        <ele>-500</ele>
        <time>2026-09-05T15:55:48.000Z</time>
        <extensions>
          <ns3:TrackPointExtension>
            <ns3:atemp>25.0</ns3:atemp>
            <ns3:hr>120</ns3:hr>
          </ns3:TrackPointExtension>
        </extensions>
      </trkpt>
      <trkpt lat="36.238052956759929656982421875" lon="117.108620814979076385498046875">
        <ele>-500</ele>
        <time>2026-09-05T15:55:50.000Z</time>
        <extensions>
          <ns3:TrackPointExtension>
            <ns3:atemp>25.0</ns3:atemp>
            <ns3:hr>120</ns3:hr>
          </ns3:TrackPointExtension>
        </extensions>
      </trkpt>
      <trkpt lat="36.23807349242269992828369140625" lon="117.10861251689493656158447265625">
        <ele>-500</ele>
        <time>2026-09-05T15:55:55.000Z</time>
        <extensions>
          <ns3:TrackPointExtension>
            <ns3:atemp>25.0</ns3:atemp>
            <ns3:hr>119</ns3:hr>
          </ns3:TrackPointExtension>
        </extensions>
      </trkpt>
      <trkpt lat="36.23810450546443462371826171875" lon="117.10860304534435272216796875">
        <ele>-500</ele>
        <time>2026-09-05T15:56:00.000Z</time>
        <extensions>
          <ns3:TrackPointExtension>
            <ns3:atemp>25.0</ns3:atemp>
            <ns3:hr>118</ns3:hr>
          </ns3:TrackPointExtension>
        </extensions>
      </trkpt>
      <trkpt lat="36.23811137862503528594970703125" lon="117.10861645638942718505859375">
        <ele>-500</ele>
        <time>2026-09-05T15:56:02.000Z</time>
        <extensions>
          <ns3:TrackPointExtension>
            <ns3:atemp>25.0</ns3:atemp>
            <ns3:hr>117</ns3:hr>
          </ns3:TrackPointExtension>
        </extensions>
      </trkpt>
      <trkpt lat="36.23812998645007610321044921875" lon="117.1086199767887592315673828125">
        <ele>-500</ele>
        <time>2026-09-05T15:56:05.000Z</time>
        <extensions>
          <ns3:TrackPointExtension>
            <ns3:atemp>25.0</ns3:atemp>
            <ns3:hr>117</ns3:hr>
          </ns3:TrackPointExtension>
        </extensions>
      </trkpt>
      <trkpt lat="36.23813115991652011871337890625" lon="117.1086421050131320953369140625">
        <ele>-500</ele>
        <time>2026-09-05T15:56:09.000Z</time>
        <extensions>
          <ns3:TrackPointExtension>
            <ns3:atemp>25.0</ns3:atemp>
            <ns3:hr>118</ns3:hr>
          </ns3:TrackPointExtension>
        </extensions>
      </trkpt>
      <trkpt lat="36.2381362728774547576904296875" lon="117.10864788852632045745849609375">
        <ele>-500</ele>
        <time>2026-09-05T15:56:11.000Z</time>
        <extensions>
          <ns3:TrackPointExtension>
            <ns3:atemp>25.0</ns3:atemp>
            <ns3:hr>119</ns3:hr>
          </ns3:TrackPointExtension>
        </extensions>
      </trkpt>
      <trkpt lat="36.23813903890550136566162109375" lon="117.10864352993667125701904296875">
        <ele>-500</ele>
        <time>2026-09-05T15:56:14.000Z</time>
        <extensions>
          <ns3:TrackPointExtension>
            <ns3:atemp>25.0</ns3:atemp>
            <ns3:hr>121</ns3:hr>
          </ns3:TrackPointExtension>
        </extensions>
      </trkpt>
      <trkpt lat="36.23814809136092662811279296875" lon="117.108642943203449249267578125">
        <ele>-500</ele>
        <time>2026-09-05T15:56:17.000Z</time>
        <extensions>
          <ns3:TrackPointExtension>
            <ns3:atemp>25.0</ns3:atemp>
            <ns3:hr>123</ns3:hr>
          </ns3:TrackPointExtension>
        </extensions>
      </trkpt>
      <trkpt lat="36.23815563507378101348876953125" lon="117.10864889435470104217529296875">
        <ele>-500</ele>
        <time>2026-09-05T15:56:18.000Z</time>
        <extensions>
          <ns3:TrackPointExtension>
            <ns3:atemp>25.0</ns3:atemp>
            <ns3:hr>123</ns3:hr>
          </ns3:TrackPointExtension>
        </extensions>
      </trkpt>
      <trkpt lat="36.2381768412888050079345703125" lon="117.10864805616438388824462890625">
        <ele>-500</ele>
        <time>2026-09-05T15:56:20.000Z</time>
        <extensions>
          <ns3:TrackPointExtension>
            <ns3:atemp>25.0</ns3:atemp>
            <ns3:hr>123</ns3:hr>
          </ns3:TrackPointExtension>
        </extensions>
      </trkpt>
      <trkpt lat="36.23820072971284389495849609375" lon="117.1086320467293262481689453125">
        <ele>-500</ele>
        <time>2026-09-05T15:56:24.000Z</time>
        <extensions>
          <ns3:TrackPointExtension>
            <ns3:atemp>25.0</ns3:atemp>
            <ns3:hr>122</ns3:hr>
          </ns3:TrackPointExtension>
        </extensions>
      </trkpt>
      <trkpt lat="36.238202154636383056640625" lon="117.1086296997964382171630859375">
        <ele>-500</ele>
        <time>2026-09-05T15:56:25.000Z</time>
        <extensions>
          <ns3:TrackPointExtension>
            <ns3:atemp>25.0</ns3:atemp>
            <ns3:hr>122</ns3:hr>
          </ns3:TrackPointExtension>
        </extensions>
      </trkpt>
      <trkpt lat="36.2382276356220245361328125" lon="117.108617462217807769775390625">
        <ele>-500</ele>
        <time>2026-09-05T15:56:28.000Z</time>
        <extensions>
          <ns3:TrackPointExtension>
            <ns3:atemp>25.0</ns3:atemp>
            <ns3:hr>122</ns3:hr>
          </ns3:TrackPointExtension>
        </extensions>
      </trkpt>
      <trkpt lat="36.23823501169681549072265625" lon="117.10860715247690677642822265625">
        <ele>-500</ele>
        <time>2026-09-05T15:56:32.000Z</time>
        <extensions>
          <ns3:TrackPointExtension>
            <ns3:atemp>25.0</ns3:atemp>
            <ns3:hr>122</ns3:hr>
          </ns3:TrackPointExtension>
        </extensions>
      </trkpt>
      <trkpt lat="36.23823660425841808319091796875" lon="117.1086065657436847686767578125">
        <ele>-500</ele>
        <time>2026-09-05T15:56:33.000Z</time>
        <extensions>
          <ns3:TrackPointExtension>
            <ns3:atemp>25.0</ns3:atemp>
            <ns3:hr>121</ns3:hr>
          </ns3:TrackPointExtension>
        </extensions>
      </trkpt>
      <trkpt lat="36.23823928646743297576904296875" lon="117.10861000232398509979248046875">
        <ele>-500</ele>
        <time>2026-09-05T15:56:34.000Z</time>
        <extensions>
          <ns3:TrackPointExtension>
            <ns3:atemp>25.0</ns3:atemp>
            <ns3:hr>121</ns3:hr>
          </ns3:TrackPointExtension>
        </extensions>
      </trkpt>
      <trkpt lat="36.23823559843003749847412109375" lon="117.10861687548458576202392578125">
        <ele>-500</ele>
        <time>2026-09-05T15:56:35.000Z</time>
        <extensions>
          <ns3:TrackPointExtension>
            <ns3:atemp>25.0</ns3:atemp>
            <ns3:hr>121</ns3:hr>
          </ns3:TrackPointExtension>
        </extensions>
      </trkpt>
      <trkpt lat="36.2382410466670989990234375" lon="117.1086172945797443389892578125">
        <ele>-500</ele>
        <time>2026-09-05T15:56:36.000Z</time>
        <extensions>
          <ns3:TrackPointExtension>
            <ns3:atemp>25.0</ns3:atemp>
            <ns3:hr>121</ns3:hr>
          </ns3:TrackPointExtension>
        </extensions>
      </trkpt>
      <trkpt lat="36.23824632726609706878662109375" lon="117.10861503146588802337646484375">
        <ele>-500</ele>
        <time>2026-09-05T15:56:37.000Z</time>
        <extensions>
          <ns3:TrackPointExtension>
            <ns3:atemp>25.0</ns3:atemp>
            <ns3:hr>121</ns3:hr>
          </ns3:TrackPointExtension>
        </extensions>
      </trkpt>
      <trkpt lat="36.23824884183704853057861328125" lon="117.1086146123707294464111328125">
        <ele>-500</ele>
        <time>2026-09-05T15:56:38.000Z</time>
        <extensions>
          <ns3:TrackPointExtension>
            <ns3:atemp>25.0</ns3:atemp>
            <ns3:hr>121</ns3:hr>
          </ns3:TrackPointExtension>
        </extensions>
      </trkpt>
      <trkpt lat="36.23824574053287506103515625" lon="117.10861234925687313079833984375">
        <ele>-500</ele>
        <time>2026-09-05T15:56:39.000Z</time>
        <extensions>
          <ns3:TrackPointExtension>
            <ns3:atemp>25.0</ns3:atemp>
            <ns3:hr>121</ns3:hr>
          </ns3:TrackPointExtension>
        </extensions>
      </trkpt>
      <trkpt lat="36.238246075809001922607421875" lon="117.108614444732666015625">
        <ele>-500</ele>
        <time>2026-09-05T15:56:42.000Z</time>
        <extensions>
          <ns3:TrackPointExtension>
            <ns3:atemp>25.0</ns3:atemp>
            <ns3:hr>120</ns3:hr>
          </ns3:TrackPointExtension>
        </extensions>
      </trkpt>
      <trkpt lat="36.23826258815824985504150390625" lon="117.10857580415904521942138671875">
        <ele>-500</ele>
        <time>2026-09-05T15:56:44.000Z</time>
        <extensions>
          <ns3:TrackPointExtension>
            <ns3:atemp>25.0</ns3:atemp>
            <ns3:hr>120</ns3:hr>
          </ns3:TrackPointExtension>
        </extensions>
      </trkpt>
      <trkpt lat="36.23828019015491008758544921875" lon="117.10857295431196689605712890625">
        <ele>-500</ele>
        <time>2026-09-05T15:56:45.000Z</time>
        <extensions>
          <ns3:TrackPointExtension>
            <ns3:atemp>25.0</ns3:atemp>
            <ns3:hr>120</ns3:hr>
          </ns3:TrackPointExtension>
        </extensions>
      </trkpt>
      <trkpt lat="36.23828689567744731903076171875" lon="117.108569182455539703369140625">
        <ele>-500</ele>
        <time>2026-09-05T15:56:46.000Z</time>
        <extensions>
          <ns3:TrackPointExtension>
            <ns3:atemp>25.0</ns3:atemp>
            <ns3:hr>120</ns3:hr>
          </ns3:TrackPointExtension>
        </extensions>
      </trkpt>
      <trkpt lat="36.23829209245741367340087890625" lon="117.10857043974101543426513671875">
        <ele>-500</ele>
        <time>2026-09-05T15:56:47.000Z</time>
        <extensions>
          <ns3:TrackPointExtension>
            <ns3:atemp>25.0</ns3:atemp>
            <ns3:hr>120</ns3:hr>
          </ns3:TrackPointExtension>
        </extensions>
      </trkpt>
      <trkpt lat="36.23830265365540981292724609375" lon="117.108577229082584381103515625">
        <ele>-500</ele>
        <time>2026-09-05T15:56:48.000Z</time>
        <extensions>
          <ns3:TrackPointExtension>
            <ns3:atemp>25.0</ns3:atemp>
            <ns3:hr>119</ns3:hr>
          </ns3:TrackPointExtension>
        </extensions>
      </trkpt>
      <trkpt lat="36.23830935917794704437255859375" lon="117.1085817553102970123291015625">
        <ele>-500</ele>
        <time>2026-09-05T15:56:49.000Z</time>
        <extensions>
          <ns3:TrackPointExtension>
            <ns3:atemp>25.0</ns3:atemp>
            <ns3:hr>119</ns3:hr>
          </ns3:TrackPointExtension>
        </extensions>
      </trkpt>
      <trkpt lat="36.23832486569881439208984375" lon="117.10858904756605625152587890625">
        <ele>-500</ele>
        <time>2026-09-05T15:56:51.000Z</time>
        <extensions>
          <ns3:TrackPointExtension>
            <ns3:atemp>25.0</ns3:atemp>
            <ns3:hr>119</ns3:hr>
          </ns3:TrackPointExtension>
        </extensions>
      </trkpt>
      <trkpt lat="36.2383243627846240997314453125" lon="117.1085988543927669525146484375">
        <ele>-500</ele>
        <time>2026-09-05T15:56:53.000Z</time>
        <extensions>
          <ns3:TrackPointExtension>
            <ns3:atemp>25.0</ns3:atemp>
            <ns3:hr>120</ns3:hr>
          </ns3:TrackPointExtension>
        </extensions>
      </trkpt>
      <trkpt lat="36.2383203394711017608642578125" lon="117.10860547609627246856689453125">
        <ele>-500</ele>
        <time>2026-09-05T15:56:54.000Z</time>
        <extensions>
          <ns3:TrackPointExtension>
            <ns3:atemp>25.0</ns3:atemp>
            <ns3:hr>118</ns3:hr>
          </ns3:TrackPointExtension>
        </extensions>
      </trkpt>
      <trkpt lat="36.2383206747472286224365234375" lon="117.10861469618976116180419921875">
        <ele>-500</ele>
        <time>2026-09-05T15:56:55.000Z</time>
        <extensions>
          <ns3:TrackPointExtension>
            <ns3:atemp>25.0</ns3:atemp>
            <ns3:hr>118</ns3:hr>
          </ns3:TrackPointExtension>
        </extensions>
      </trkpt>
      <trkpt lat="36.23833685182034969329833984375" lon="117.108612097799777984619140625">
        <ele>-500</ele>
        <time>2026-09-05T15:56:58.000Z</time>
        <extensions>
          <ns3:TrackPointExtension>
            <ns3:atemp>25.0</ns3:atemp>
            <ns3:hr>120</ns3:hr>
          </ns3:TrackPointExtension>
        </extensions>
      </trkpt>
      <trkpt lat="36.23834020458161830902099609375" lon="117.108620814979076385498046875">
        <ele>-500</ele>
        <time>2026-09-05T15:56:59.000Z</time>
        <extensions>
          <ns3:TrackPointExtension>
            <ns3:atemp>25.0</ns3:atemp>
            <ns3:hr>119</ns3:hr>
          </ns3:TrackPointExtension>
        </extensions>
      </trkpt>
      <trkpt lat="36.2383283860981464385986328125" lon="117.108642272651195526123046875">
        <ele>-500</ele>
        <time>2026-09-05T15:57:01.000Z</time>
        <extensions>
          <ns3:TrackPointExtension>
            <ns3:atemp>25.0</ns3:atemp>
            <ns3:hr>118</ns3:hr>
          </ns3:TrackPointExtension>
        </extensions>
      </trkpt>
      <trkpt lat="36.238334588706493377685546875" lon="117.10862944833934307098388671875">
        <ele>-500</ele>
        <time>2026-09-05T15:57:02.000Z</time>
        <extensions>
          <ns3:TrackPointExtension>
            <ns3:atemp>25.0</ns3:atemp>
            <ns3:hr>119</ns3:hr>
          </ns3:TrackPointExtension>
        </extensions>
      </trkpt>
      <trkpt lat="36.23834137804806232452392578125" lon="117.10861419327557086944580078125">
        <ele>-500</ele>
        <time>2026-09-05T15:57:03.000Z</time>
        <extensions>
          <ns3:TrackPointExtension>
            <ns3:atemp>25.0</ns3:atemp>
            <ns3:hr>118</ns3:hr>
          </ns3:TrackPointExtension>
        </extensions>
      </trkpt>
      <trkpt lat="36.2383451499044895172119140625" lon="117.108632214367389678955078125">
        <ele>-500</ele>
        <time>2026-09-05T15:57:05.000Z</time>
        <extensions>
          <ns3:TrackPointExtension>
            <ns3:atemp>25.0</ns3:atemp>
            <ns3:hr>118</ns3:hr>
          </ns3:TrackPointExtension>
        </extensions>
      </trkpt>
      <trkpt lat="36.2383387796580791473388671875" lon="117.10863598622381687164306640625">
        <ele>-500</ele>
        <time>2026-09-05T15:57:07.000Z</time>
        <extensions>
          <ns3:TrackPointExtension>
            <ns3:atemp>25.0</ns3:atemp>
            <ns3:hr>117</ns3:hr>
          </ns3:TrackPointExtension>
        </extensions>
      </trkpt>
      <trkpt lat="36.2383387796580791473388671875" lon="117.10863598622381687164306640625">
        <ele>-500</ele>
        <time>2026-09-05T15:57:08.000Z</time>
        <extensions>
          <ns3:TrackPointExtension>
            <ns3:atemp>25.0</ns3:atemp>
            <ns3:hr>117</ns3:hr>
          </ns3:TrackPointExtension>
        </extensions>
      </trkpt>
      <trkpt lat="36.2383387796580791473388671875" lon="117.10863598622381687164306640625">
        <ele>-500</ele>
        <time>2026-09-05T15:57:10.000Z</time>
        <extensions>
          <ns3:TrackPointExtension>
            <ns3:atemp>25.0</ns3:atemp>
            <ns3:hr>115</ns3:hr>
          </ns3:TrackPointExtension>
        </extensions>
      </trkpt>
      <trkpt lat="36.2383387796580791473388671875" lon="117.10863598622381687164306640625">
        <ele>-500</ele>
        <time>2026-09-05T15:57:11.000Z</time>
        <extensions>
          <ns3:TrackPointExtension>
            <ns3:atemp>25.0</ns3:atemp>
            <ns3:hr>115</ns3:hr>
          </ns3:TrackPointExtension>
        </extensions>
      </trkpt>
      <trkpt lat="36.2383387796580791473388671875" lon="117.10863598622381687164306640625">
        <ele>-500</ele>
        <time>2026-09-05T15:57:14.000Z</time>
        <extensions>
          <ns3:TrackPointExtension>
            <ns3:atemp>25.0</ns3:atemp>
            <ns3:hr>115</ns3:hr>
          </ns3:TrackPointExtension>
        </extensions>
      </trkpt>
      <trkpt lat="36.238341294229030609130859375" lon="117.1086317114531993865966796875">
        <ele>-500</ele>
        <time>2026-09-05T15:57:20.000Z</time>
        <extensions>
          <ns3:TrackPointExtension>
            <ns3:atemp>25.0</ns3:atemp>
            <ns3:hr>114</ns3:hr>
          </ns3:TrackPointExtension>
        </extensions>
      </trkpt>
      <trkpt lat="36.23834288679063320159912109375" lon="117.10862961597740650177001953125">
        <ele>-500</ele>
        <time>2026-09-05T15:57:21.000Z</time>
        <extensions>
          <ns3:TrackPointExtension>
            <ns3:atemp>25.0</ns3:atemp>
            <ns3:hr>114</ns3:hr>
          </ns3:TrackPointExtension>
        </extensions>
      </trkpt>
      <trkpt lat="36.23834322206676006317138671875" lon="117.10862718522548675537109375">
        <ele>-500</ele>
        <time>2026-09-05T15:57:22.000Z</time>
        <extensions>
          <ns3:TrackPointExtension>
            <ns3:atemp>25.0</ns3:atemp>
            <ns3:hr>117</ns3:hr>
          </ns3:TrackPointExtension>
        </extensions>
      </trkpt>
      <trkpt lat="36.2383438087999820709228515625" lon="117.10862173698842525482177734375">
        <ele>-500</ele>
        <time>2026-09-05T15:57:24.000Z</time>
        <extensions>
          <ns3:TrackPointExtension>
            <ns3:atemp>25.0</ns3:atemp>
            <ns3:hr>118</ns3:hr>
          </ns3:TrackPointExtension>
        </extensions>
      </trkpt>
      <trkpt lat="36.2383468262851238250732421875" lon="117.10861980915069580078125">
        <ele>-500</ele>
        <time>2026-09-05T15:57:27.000Z</time>
        <extensions>
          <ns3:TrackPointExtension>
            <ns3:atemp>25.0</ns3:atemp>
            <ns3:hr>118</ns3:hr>
          </ns3:TrackPointExtension>
        </extensions>
      </trkpt>
      <trkpt lat="36.238353364169597625732421875" lon="117.10861905477941036224365234375">
        <ele>-500</ele>
        <time>2026-09-05T15:57:34.000Z</time>
        <extensions>
          <ns3:TrackPointExtension>
            <ns3:atemp>25.0</ns3:atemp>
            <ns3:hr>117</ns3:hr>
          </ns3:TrackPointExtension>
        </extensions>
      </trkpt>
      <trkpt lat="36.23836233280599117279052734375" lon="117.10861905477941036224365234375">
        <ele>-500</ele>
        <time>2026-09-05T15:57:36.000Z</time>
        <extensions>
          <ns3:TrackPointExtension>
            <ns3:atemp>25.0</ns3:atemp>
            <ns3:hr>116</ns3:hr>
          </ns3:TrackPointExtension>
        </extensions>
      </trkpt>
      <trkpt lat="36.2383639253675937652587890625" lon="117.10861905477941036224365234375">
        <ele>-500</ele>
        <time>2026-09-05T15:57:37.000Z</time>
        <extensions>
          <ns3:TrackPointExtension>
            <ns3:atemp>25.0</ns3:atemp>
            <ns3:hr>116</ns3:hr>
          </ns3:TrackPointExtension>
        </extensions>
      </trkpt>
      <trkpt lat="36.23836509883403778076171875" lon="117.1086186356842517852783203125">
        <ele>-500</ele>
        <time>2026-09-05T15:57:38.000Z</time>
        <extensions>
          <ns3:TrackPointExtension>
            <ns3:atemp>25.0</ns3:atemp>
            <ns3:hr>117</ns3:hr>
          </ns3:TrackPointExtension>
        </extensions>
      </trkpt>
      <trkpt lat="36.2383746542036533355712890625" lon="117.10861821658909320831298828125">
        <ele>-500</ele>
        <time>2026-09-05T15:57:40.000Z</time>
        <extensions>
          <ns3:TrackPointExtension>
            <ns3:atemp>25.0</ns3:atemp>
            <ns3:hr>115</ns3:hr>
          </ns3:TrackPointExtension>
        </extensions>
      </trkpt>
      <trkpt lat="36.238386221230030059814453125" lon="117.10861855186522006988525390625">
        <ele>-500</ele>
        <time>2026-09-05T15:57:43.000Z</time>
        <extensions>
          <ns3:TrackPointExtension>
            <ns3:atemp>25.0</ns3:atemp>
            <ns3:hr>113</ns3:hr>
          </ns3:TrackPointExtension>
        </extensions>
      </trkpt>
      <trkpt lat="36.2383907474577426910400390625" lon="117.1086189709603786468505859375">
        <ele>-500</ele>
        <time>2026-09-05T15:57:44.000Z</time>
        <extensions>
          <ns3:TrackPointExtension>
            <ns3:atemp>25.0</ns3:atemp>
            <ns3:hr>114</ns3:hr>
          </ns3:TrackPointExtension>
        </extensions>
      </trkpt>
      <trkpt lat="36.23839552514255046844482421875" lon="117.108619473874568939208984375">
        <ele>-500</ele>
        <time>2026-09-05T15:57:45.000Z</time>
        <extensions>
          <ns3:TrackPointExtension>
            <ns3:atemp>25.0</ns3:atemp>
            <ns3:hr>114</ns3:hr>
          </ns3:TrackPointExtension>
        </extensions>
      </trkpt>
      <trkpt lat="36.23839653097093105316162109375" lon="117.1086196415126323699951171875">
        <ele>-500</ele>
        <time>2026-09-05T15:57:46.000Z</time>
        <extensions>
          <ns3:TrackPointExtension>
            <ns3:atemp>25.0</ns3:atemp>
            <ns3:hr>115</ns3:hr>
          </ns3:TrackPointExtension>
        </extensions>
      </trkpt>
      <trkpt lat="36.23839736916124820709228515625" lon="117.10861980915069580078125">
        <ele>-500</ele>
        <time>2026-09-05T15:57:47.000Z</time>
        <extensions>
          <ns3:TrackPointExtension>
            <ns3:atemp>25.0</ns3:atemp>
            <ns3:hr>115</ns3:hr>
          </ns3:TrackPointExtension>
        </extensions>
      </trkpt>
      <trkpt lat="36.23839854262769222259521484375" lon="117.10861980915069580078125">
        <ele>-500</ele>
        <time>2026-09-05T15:57:48.000Z</time>
        <extensions>
          <ns3:TrackPointExtension>
            <ns3:atemp>25.0</ns3:atemp>
            <ns3:hr>115</ns3:hr>
          </ns3:TrackPointExtension>
        </extensions>
      </trkpt>
      <trkpt lat="36.238411702215671539306640625" lon="117.10862156935036182403564453125">
        <ele>-500</ele>
        <time>2026-09-05T15:57:51.000Z</time>
        <extensions>
          <ns3:TrackPointExtension>
            <ns3:atemp>25.0</ns3:atemp>
            <ns3:hr>115</ns3:hr>
          </ns3:TrackPointExtension>
        </extensions>
      </trkpt>
      <trkpt lat="36.2384403683245182037353515625" lon="117.10862106643617153167724609375">
        <ele>-500</ele>
        <time>2026-09-05T15:58:01.000Z</time>
        <extensions>
          <ns3:TrackPointExtension>
            <ns3:atemp>25.0</ns3:atemp>
            <ns3:hr>114</ns3:hr>
          </ns3:TrackPointExtension>
        </extensions>
      </trkpt>
      <trkpt lat="36.23846392147243022918701171875" lon="117.10862626321613788604736328125">
        <ele>-500</ele>
        <time>2026-09-05T15:58:03.000Z</time>
        <extensions>
          <ns3:TrackPointExtension>
            <ns3:atemp>25.0</ns3:atemp>
            <ns3:hr>114</ns3:hr>
          </ns3:TrackPointExtension>
        </extensions>
      </trkpt>
      <trkpt lat="36.23847548849880695343017578125" lon="117.10862810723483562469482421875">
        <ele>-500</ele>
        <time>2026-09-05T15:58:04.000Z</time>
        <extensions>
          <ns3:TrackPointExtension>
            <ns3:atemp>25.0</ns3:atemp>
            <ns3:hr>115</ns3:hr>
          </ns3:TrackPointExtension>
        </extensions>
      </trkpt>
      <trkpt lat="36.23848571442067623138427734375" lon="117.10862643085420131683349609375">
        <ele>-500</ele>
        <time>2026-09-05T15:58:05.000Z</time>
        <extensions>
          <ns3:TrackPointExtension>
            <ns3:atemp>25.0</ns3:atemp>
            <ns3:hr>116</ns3:hr>
          </ns3:TrackPointExtension>
        </extensions>
      </trkpt>
      <trkpt lat="36.238496191799640655517578125" lon="117.108622826635837554931640625">
        <ele>-500</ele>
        <time>2026-09-05T15:58:06.000Z</time>
        <extensions>
          <ns3:TrackPointExtension>
            <ns3:atemp>25.0</ns3:atemp>
            <ns3:hr>116</ns3:hr>
          </ns3:TrackPointExtension>
        </extensions>
      </trkpt>
      <trkpt lat="36.2385067529976367950439453125" lon="117.10861704312264919281005859375">
        <ele>-500</ele>
        <time>2026-09-05T15:58:07.000Z</time>
        <extensions>
          <ns3:TrackPointExtension>
            <ns3:atemp>25.0</ns3:atemp>
            <ns3:hr>116</ns3:hr>
          </ns3:TrackPointExtension>
        </extensions>
      </trkpt>
      <trkpt lat="36.23852008022367954254150390625" lon="117.10861436091363430023193359375">
        <ele>-500</ele>
        <time>2026-09-05T15:58:08.000Z</time>
        <extensions>
          <ns3:TrackPointExtension>
            <ns3:atemp>25.0</ns3:atemp>
            <ns3:hr>116</ns3:hr>
          </ns3:TrackPointExtension>
        </extensions>
      </trkpt>
      <trkpt lat="36.23853466473519802093505859375" lon="117.10862358100712299346923828125">
        <ele>-500</ele>
        <time>2026-09-05T15:58:10.000Z</time>
        <extensions>
          <ns3:TrackPointExtension>
            <ns3:atemp>25.0</ns3:atemp>
            <ns3:hr>116</ns3:hr>
          </ns3:TrackPointExtension>
        </extensions>
      </trkpt>
      <trkpt lat="36.2385463155806064605712890625" lon="117.10862793959677219390869140625">
        <ele>-500</ele>
        <time>2026-09-05T15:58:12.000Z</time>
        <extensions>
          <ns3:TrackPointExtension>
            <ns3:atemp>25.0</ns3:atemp>
            <ns3:hr>116</ns3:hr>
          </ns3:TrackPointExtension>
        </extensions>
      </trkpt>
      <trkpt lat="36.23854606412351131439208984375" lon="117.108630202710628509521484375">
        <ele>-500</ele>
        <time>2026-09-05T15:58:14.000Z</time>
        <extensions>
          <ns3:TrackPointExtension>
            <ns3:atemp>25.0</ns3:atemp>
            <ns3:hr>116</ns3:hr>
          </ns3:TrackPointExtension>
        </extensions>
      </trkpt>
      <trkpt lat="36.23854673467576503753662109375" lon="117.10863732732832431793212890625">
        <ele>-500</ele>
        <time>2026-09-05T15:58:16.000Z</time>
        <extensions>
          <ns3:TrackPointExtension>
            <ns3:atemp>25.0</ns3:atemp>
            <ns3:hr>116</ns3:hr>
          </ns3:TrackPointExtension>
        </extensions>
      </trkpt>
      <trkpt lat="36.23854606412351131439208984375" lon="117.10864126682281494140625">
        <ele>-500</ele>
        <time>2026-09-05T15:58:19.000Z</time>
        <extensions>
          <ns3:TrackPointExtension>
            <ns3:atemp>25.0</ns3:atemp>
            <ns3:hr>117</ns3:hr>
          </ns3:TrackPointExtension>
        </extensions>
      </trkpt>
      <trkpt lat="36.23855427838861942291259765625" lon="117.1086370758712291717529296875">
        <ele>-500</ele>
        <time>2026-09-05T15:58:21.000Z</time>
        <extensions>
          <ns3:TrackPointExtension>
            <ns3:atemp>25.0</ns3:atemp>
            <ns3:hr>116</ns3:hr>
          </ns3:TrackPointExtension>
        </extensions>
      </trkpt>
      <trkpt lat="36.2385751493275165557861328125" lon="117.10865291766822338104248046875">
        <ele>-500</ele>
        <time>2026-09-05T15:58:29.000Z</time>
        <extensions>
          <ns3:TrackPointExtension>
            <ns3:atemp>25.0</ns3:atemp>
            <ns3:hr>117</ns3:hr>
          </ns3:TrackPointExtension>
        </extensions>
      </trkpt>
      <trkpt lat="36.23857942409813404083251953125" lon="117.10865358822047710418701171875">
        <ele>-500</ele>
        <time>2026-09-05T15:58:31.000Z</time>
        <extensions>
          <ns3:TrackPointExtension>
            <ns3:atemp>25.0</ns3:atemp>
            <ns3:hr>116</ns3:hr>
          </ns3:TrackPointExtension>
        </extensions>
      </trkpt>
      <trkpt lat="36.23858797363936901092529296875" lon="117.1086575277149677276611328125">
        <ele>-500</ele>
        <time>2026-09-05T15:58:34.000Z</time>
        <extensions>
          <ns3:TrackPointExtension>
            <ns3:atemp>25.0</ns3:atemp>
            <ns3:hr>115</ns3:hr>
          </ns3:TrackPointExtension>
        </extensions>
      </trkpt>
      <trkpt lat="36.238586716353893280029296875" lon="117.1086587011814117431640625">
        <ele>-500</ele>
        <time>2026-09-05T15:58:35.000Z</time>
        <extensions>
          <ns3:TrackPointExtension>
            <ns3:atemp>25.0</ns3:atemp>
            <ns3:hr>115</ns3:hr>
          </ns3:TrackPointExtension>
        </extensions>
      </trkpt>
      <trkpt lat="36.238586716353893280029296875" lon="117.1086587011814117431640625">
        <ele>-500</ele>
        <time>2026-09-05T15:58:36.000Z</time>
        <extensions>
          <ns3:TrackPointExtension>
            <ns3:atemp>25.0</ns3:atemp>
            <ns3:hr>116</ns3:hr>
          </ns3:TrackPointExtension>
        </extensions>
      </trkpt>
      <trkpt lat="36.238586716353893280029296875" lon="117.1086587011814117431640625">
        <ele>-500</ele>
        <time>2026-09-05T15:58:37.000Z</time>
        <extensions>
          <ns3:TrackPointExtension>
            <ns3:atemp>25.0</ns3:atemp>
            <ns3:hr>116</ns3:hr>
          </ns3:TrackPointExtension>
        </extensions>
      </trkpt>
      <trkpt lat="36.238586716353893280029296875" lon="117.1086587011814117431640625">
        <ele>-500</ele>
        <time>2026-09-05T15:58:38.000Z</time>
        <extensions>
          <ns3:TrackPointExtension>
            <ns3:atemp>25.0</ns3:atemp>
            <ns3:hr>116</ns3:hr>
          </ns3:TrackPointExtension>
        </extensions>
      </trkpt>
      <trkpt lat="36.238586716353893280029296875" lon="117.1086587011814117431640625">
        <ele>-500</ele>
        <time>2026-09-05T15:58:39.000Z</time>
        <extensions>
          <ns3:TrackPointExtension>
            <ns3:atemp>25.0</ns3:atemp>
            <ns3:hr>116</ns3:hr>
          </ns3:TrackPointExtension>
        </extensions>
      </trkpt>
      <trkpt lat="36.238586716353893280029296875" lon="117.1086587011814117431640625">
        <ele>-500</ele>
        <time>2026-09-05T15:58:40.000Z</time>
        <extensions>
          <ns3:TrackPointExtension>
            <ns3:atemp>25.0</ns3:atemp>
            <ns3:hr>116</ns3:hr>
          </ns3:TrackPointExtension>
        </extensions>
      </trkpt>
      <trkpt lat="36.238586716353893280029296875" lon="117.1086587011814117431640625">
        <ele>-500</ele>
        <time>2026-09-05T15:58:41.000Z</time>
        <extensions>
          <ns3:TrackPointExtension>
            <ns3:atemp>25.0</ns3:atemp>
            <ns3:hr>117</ns3:hr>
          </ns3:TrackPointExtension>
        </extensions>
      </trkpt>
      <trkpt lat="36.238586716353893280029296875" lon="117.1086587011814117431640625">
        <ele>-500</ele>
        <time>2026-09-05T15:58:43.000Z</time>
        <extensions>
          <ns3:TrackPointExtension>
            <ns3:atemp>25.0</ns3:atemp>
            <ns3:hr>120</ns3:hr>
          </ns3:TrackPointExtension>
        </extensions>
      </trkpt>
      <trkpt lat="36.238586716353893280029296875" lon="117.1086587011814117431640625">
        <ele>-500</ele>
        <time>2026-09-05T15:58:45.000Z</time>
        <extensions>
          <ns3:TrackPointExtension>
            <ns3:atemp>25.0</ns3:atemp>
            <ns3:hr>121</ns3:hr>
          </ns3:TrackPointExtension>
        </extensions>
      </trkpt>
      <trkpt lat="36.238586716353893280029296875" lon="117.1086587011814117431640625">
        <ele>-500</ele>
        <time>2026-09-05T15:58:47.000Z</time>
        <extensions>
          <ns3:TrackPointExtension>
            <ns3:atemp>25.0</ns3:atemp>
            <ns3:hr>120</ns3:hr>
          </ns3:TrackPointExtension>
        </extensions>
      </trkpt>
      <trkpt lat="36.23859903775155544281005859375" lon="117.108659707009792327880859375">
        <ele>-500</ele>
        <time>2026-09-05T15:58:52.000Z</time>
        <extensions>
          <ns3:TrackPointExtension>
            <ns3:atemp>25.0</ns3:atemp>
            <ns3:hr>116</ns3:hr>
          </ns3:TrackPointExtension>
        </extensions>
      </trkpt>
      <trkpt lat="36.2386049889028072357177734375" lon="117.10866213776171207427978515625">
        <ele>-500</ele>
        <time>2026-09-05T15:58:53.000Z</time>
        <extensions>
          <ns3:TrackPointExtension>
            <ns3:atemp>25.0</ns3:atemp>
            <ns3:hr>116</ns3:hr>
          </ns3:TrackPointExtension>
        </extensions>
      </trkpt>
      <trkpt lat="36.23862150125205516815185546875" lon="117.1086749620735645294189453125">
        <ele>-500</ele>
        <time>2026-09-05T15:59:00.000Z</time>
        <extensions>
          <ns3:TrackPointExtension>
            <ns3:atemp>25.0</ns3:atemp>
            <ns3:hr>114</ns3:hr>
          </ns3:TrackPointExtension>
        </extensions>
      </trkpt>
      <trkpt lat="36.2386324815452098846435546875" lon="117.108680494129657745361328125">
        <ele>-500</ele>
        <time>2026-09-05T15:59:02.000Z</time>
        <extensions>
          <ns3:TrackPointExtension>
            <ns3:atemp>25.0</ns3:atemp>
            <ns3:hr>113</ns3:hr>
          </ns3:TrackPointExtension>
        </extensions>
      </trkpt>
      <trkpt lat="36.23864782042801380157470703125" lon="117.1086833439767360687255859375">
        <ele>-500</ele>
        <time>2026-09-05T15:59:06.000Z</time>
        <extensions>
          <ns3:TrackPointExtension>
            <ns3:atemp>25.0</ns3:atemp>
            <ns3:hr>113</ns3:hr>
          </ns3:TrackPointExtension>
        </extensions>
      </trkpt>
      <trkpt lat="36.23866743408143520355224609375" lon="117.10868443362414836883544921875">
        <ele>-500</ele>
        <time>2026-09-05T15:59:08.000Z</time>
        <extensions>
          <ns3:TrackPointExtension>
            <ns3:atemp>25.0</ns3:atemp>
            <ns3:hr>114</ns3:hr>
          </ns3:TrackPointExtension>
        </extensions>
      </trkpt>
      <trkpt lat="36.23868000693619251251220703125" lon="117.10868560709059238433837890625">
        <ele>-500</ele>
        <time>2026-09-05T15:59:10.000Z</time>
        <extensions>
          <ns3:TrackPointExtension>
            <ns3:atemp>25.0</ns3:atemp>
            <ns3:hr>114</ns3:hr>
          </ns3:TrackPointExtension>
        </extensions>
      </trkpt>
      <trkpt lat="36.23868922702968120574951171875" lon="117.10868627764284610748291015625">
        <ele>-500</ele>
        <time>2026-09-05T15:59:12.000Z</time>
        <extensions>
          <ns3:TrackPointExtension>
            <ns3:atemp>25.0</ns3:atemp>
            <ns3:hr>114</ns3:hr>
          </ns3:TrackPointExtension>
        </extensions>
      </trkpt>
      <trkpt lat="36.238703392446041107177734375" lon="117.10868887603282928466796875">
        <ele>-500</ele>
        <time>2026-09-05T15:59:17.000Z</time>
        <extensions>
          <ns3:TrackPointExtension>
            <ns3:atemp>25.0</ns3:atemp>
            <ns3:hr>115</ns3:hr>
          </ns3:TrackPointExtension>
        </extensions>
      </trkpt>
      <trkpt lat="36.23871923424303531646728515625" lon="117.108685858547687530517578125">
        <ele>-500</ele>
        <time>2026-09-05T15:59:22.000Z</time>
        <extensions>
          <ns3:TrackPointExtension>
            <ns3:atemp>25.0</ns3:atemp>
            <ns3:hr>114</ns3:hr>
          </ns3:TrackPointExtension>
        </extensions>
      </trkpt>
      <trkpt lat="36.23871940188109874725341796875" lon="117.1086833439767360687255859375">
        <ele>-500</ele>
        <time>2026-09-05T15:59:23.000Z</time>
        <extensions>
          <ns3:TrackPointExtension>
            <ns3:atemp>25.0</ns3:atemp>
            <ns3:hr>116</ns3:hr>
          </ns3:TrackPointExtension>
        </extensions>
      </trkpt>
      <trkpt lat="36.23871437273919582366943359375" lon="117.10868225432932376861572265625">
        <ele>-500</ele>
        <time>2026-09-05T15:59:24.000Z</time>
        <extensions>
          <ns3:TrackPointExtension>
            <ns3:atemp>25.0</ns3:atemp>
            <ns3:hr>116</ns3:hr>
          </ns3:TrackPointExtension>
        </extensions>
      </trkpt>
      <trkpt lat="36.23871152289211750030517578125" lon="117.10868225432932376861572265625">
        <ele>-500</ele>
        <time>2026-09-05T15:59:25.000Z</time>
        <extensions>
          <ns3:TrackPointExtension>
            <ns3:atemp>25.0</ns3:atemp>
            <ns3:hr>116</ns3:hr>
          </ns3:TrackPointExtension>
        </extensions>
      </trkpt>
      <trkpt lat="36.23871537856757640838623046875" lon="117.1086836792528629302978515625">
        <ele>-500</ele>
        <time>2026-09-05T15:59:26.000Z</time>
        <extensions>
          <ns3:TrackPointExtension>
            <ns3:atemp>25.0</ns3:atemp>
            <ns3:hr>115</ns3:hr>
          </ns3:TrackPointExtension>
        </extensions>
      </trkpt>
      <trkpt lat="36.238719485700130462646484375" lon="117.1086828410625457763671875">
        <ele>-500</ele>
        <time>2026-09-05T15:59:27.000Z</time>
        <extensions>
          <ns3:TrackPointExtension>
            <ns3:atemp>25.0</ns3:atemp>
            <ns3:hr>114</ns3:hr>
          </ns3:TrackPointExtension>
        </extensions>
      </trkpt>
      <trkpt lat="36.2387179769575595855712890625" lon="117.10868124850094318389892578125">
        <ele>-500</ele>
        <time>2026-09-05T15:59:28.000Z</time>
        <extensions>
          <ns3:TrackPointExtension>
            <ns3:atemp>25.0</ns3:atemp>
            <ns3:hr>115</ns3:hr>
          </ns3:TrackPointExtension>
        </extensions>
      </trkpt>
      <trkpt lat="36.2387152947485446929931640625" lon="117.108682505786418914794921875">
        <ele>-500</ele>
        <time>2026-09-05T15:59:29.000Z</time>
        <extensions>
          <ns3:TrackPointExtension>
            <ns3:atemp>25.0</ns3:atemp>
            <ns3:hr>116</ns3:hr>
          </ns3:TrackPointExtension>
        </extensions>
      </trkpt>
      <trkpt lat="36.238722503185272216796875" lon="117.10867739282548427581787109375">
        <ele>-500</ele>
        <time>2026-09-05T15:59:41.000Z</time>
        <extensions>
          <ns3:TrackPointExtension>
            <ns3:atemp>25.0</ns3:atemp>
            <ns3:hr>116</ns3:hr>
          </ns3:TrackPointExtension>
        </extensions>
      </trkpt>
      <trkpt lat="36.238722503185272216796875" lon="117.10867739282548427581787109375">
        <ele>-500</ele>
        <time>2026-09-05T15:59:43.000Z</time>
        <extensions>
          <ns3:TrackPointExtension>
            <ns3:atemp>25.0</ns3:atemp>
            <ns3:hr>115</ns3:hr>
          </ns3:TrackPointExtension>
        </extensions>
      </trkpt>
      <trkpt lat="36.238722503185272216796875" lon="117.10867739282548427581787109375">
        <ele>-500</ele>
        <time>2026-09-05T15:59:46.000Z</time>
        <extensions>
          <ns3:TrackPointExtension>
            <ns3:atemp>25.0</ns3:atemp>
            <ns3:hr>116</ns3:hr>
          </ns3:TrackPointExtension>
        </extensions>
      </trkpt>
      <trkpt lat="36.238722503185272216796875" lon="117.10867739282548427581787109375">
        <ele>-500</ele>
        <time>2026-09-05T15:59:50.000Z</time>
        <extensions>
          <ns3:TrackPointExtension>
            <ns3:atemp>25.0</ns3:atemp>
            <ns3:hr>116</ns3:hr>
          </ns3:TrackPointExtension>
        </extensions>
      </trkpt>
      <trkpt lat="36.238722503185272216796875" lon="117.10867739282548427581787109375">
        <ele>-500</ele>
        <time>2026-09-05T15:59:55.000Z</time>
        <extensions>
          <ns3:TrackPointExtension>
            <ns3:atemp>25.0</ns3:atemp>
            <ns3:hr>116</ns3:hr>
          </ns3:TrackPointExtension>
        </extensions>
      </trkpt>
      <trkpt lat="36.23872543685138225555419921875" lon="117.1086426079273223876953125">
        <ele>-500</ele>
        <time>2026-09-05T16:00:03.000Z</time>
        <extensions>
          <ns3:TrackPointExtension>
            <ns3:atemp>25.0</ns3:atemp>
            <ns3:hr>116</ns3:hr>
          </ns3:TrackPointExtension>
        </extensions>
      </trkpt>
      <trkpt lat="36.238727532327175140380859375" lon="117.108595333993434906005859375">
        <ele>-500</ele>
        <time>2026-09-05T16:00:15.000Z</time>
        <extensions>
          <ns3:TrackPointExtension>
            <ns3:atemp>25.0</ns3:atemp>
            <ns3:hr>114</ns3:hr>
          </ns3:TrackPointExtension>
        </extensions>
      </trkpt>
      <trkpt lat="36.2387276999652385711669921875" lon="117.1085804142057895660400390625">
        <ele>-500</ele>
        <time>2026-09-05T16:00:18.000Z</time>
        <extensions>
          <ns3:TrackPointExtension>
            <ns3:atemp>25.0</ns3:atemp>
            <ns3:hr>113</ns3:hr>
          </ns3:TrackPointExtension>
        </extensions>
      </trkpt>
      <trkpt lat="36.2387266941368579864501953125" lon="117.10857211612164974212646484375">
        <ele>-500</ele>
        <time>2026-09-05T16:00:19.000Z</time>
        <extensions>
          <ns3:TrackPointExtension>
            <ns3:atemp>25.0</ns3:atemp>
            <ns3:hr>114</ns3:hr>
          </ns3:TrackPointExtension>
        </extensions>
      </trkpt>
      <trkpt lat="36.238723509013652801513671875" lon="117.1085405163466930389404296875">
        <ele>-500</ele>
        <time>2026-09-05T16:00:23.000Z</time>
        <extensions>
          <ns3:TrackPointExtension>
            <ns3:atemp>25.0</ns3:atemp>
            <ns3:hr>115</ns3:hr>
          </ns3:TrackPointExtension>
        </extensions>
      </trkpt>
      <trkpt lat="36.238722503185272216796875" lon="117.1085348166525363922119140625">
        <ele>-500</ele>
        <time>2026-09-05T16:00:24.000Z</time>
        <extensions>
          <ns3:TrackPointExtension>
            <ns3:atemp>25.0</ns3:atemp>
            <ns3:hr>115</ns3:hr>
          </ns3:TrackPointExtension>
        </extensions>
      </trkpt>
      <trkpt lat="36.2387226708233356475830078125" lon="117.1085271053016185760498046875">
        <ele>-500</ele>
        <time>2026-09-05T16:00:25.000Z</time>
        <extensions>
          <ns3:TrackPointExtension>
            <ns3:atemp>25.0</ns3:atemp>
            <ns3:hr>115</ns3:hr>
          </ns3:TrackPointExtension>
        </extensions>
      </trkpt>
      <trkpt lat="36.23872308991849422454833984375" lon="117.10850103758275508880615234375">
        <ele>-500</ele>
        <time>2026-09-05T16:00:27.000Z</time>
        <extensions>
          <ns3:TrackPointExtension>
            <ns3:atemp>25.0</ns3:atemp>
            <ns3:hr>115</ns3:hr>
          </ns3:TrackPointExtension>
        </extensions>
      </trkpt>
      <trkpt lat="36.23871990479528903961181640625" lon="117.10846851579844951629638671875">
        <ele>-500</ele>
        <time>2026-09-05T16:00:31.000Z</time>
        <extensions>
          <ns3:TrackPointExtension>
            <ns3:atemp>25.0</ns3:atemp>
            <ns3:hr>112</ns3:hr>
          </ns3:TrackPointExtension>
        </extensions>
      </trkpt>
      <trkpt lat="36.23872057534754276275634765625" lon="117.1084655821323394775390625">
        <ele>-500</ele>
        <time>2026-09-05T16:00:32.000Z</time>
        <extensions>
          <ns3:TrackPointExtension>
            <ns3:atemp>25.0</ns3:atemp>
            <ns3:hr>115</ns3:hr>
          </ns3:TrackPointExtension>
        </extensions>
      </trkpt>
      <trkpt lat="36.238720156252384185791015625" lon="117.1084593795239925384521484375">
        <ele>-500</ele>
        <time>2026-09-05T16:00:33.000Z</time>
        <extensions>
          <ns3:TrackPointExtension>
            <ns3:atemp>25.0</ns3:atemp>
            <ns3:hr>115</ns3:hr>
          </ns3:TrackPointExtension>
        </extensions>
      </trkpt>
      <trkpt lat="36.23872585594654083251953125" lon="117.10844370536506175994873046875">
        <ele>-500</ele>
        <time>2026-09-05T16:00:36.000Z</time>
        <extensions>
          <ns3:TrackPointExtension>
            <ns3:atemp>25.0</ns3:atemp>
            <ns3:hr>112</ns3:hr>
          </ns3:TrackPointExtension>
        </extensions>
      </trkpt>
      <trkpt lat="36.23873063363134860992431640625" lon="117.10844152607023715972900390625">
        <ele>-500</ele>
        <time>2026-09-05T16:00:37.000Z</time>
        <extensions>
          <ns3:TrackPointExtension>
            <ns3:atemp>25.0</ns3:atemp>
            <ns3:hr>113</ns3:hr>
          </ns3:TrackPointExtension>
        </extensions>
      </trkpt>
      <trkpt lat="36.23873314820230007171630859375" lon="117.1084369160234928131103515625">
        <ele>-500</ele>
        <time>2026-09-05T16:00:38.000Z</time>
        <extensions>
          <ns3:TrackPointExtension>
            <ns3:atemp>25.0</ns3:atemp>
            <ns3:hr>114</ns3:hr>
          </ns3:TrackPointExtension>
        </extensions>
      </trkpt>
      <trkpt lat="36.23873800970613956451416015625" lon="117.10843431763350963592529296875">
        <ele>-500</ele>
        <time>2026-09-05T16:00:39.000Z</time>
        <extensions>
          <ns3:TrackPointExtension>
            <ns3:atemp>25.0</ns3:atemp>
            <ns3:hr>114</ns3:hr>
          </ns3:TrackPointExtension>
        </extensions>
      </trkpt>
      <trkpt lat="36.23874354176223278045654296875" lon="117.10843297652900218963623046875">
        <ele>-500</ele>
        <time>2026-09-05T16:00:40.000Z</time>
        <extensions>
          <ns3:TrackPointExtension>
            <ns3:atemp>25.0</ns3:atemp>
            <ns3:hr>114</ns3:hr>
          </ns3:TrackPointExtension>
        </extensions>
      </trkpt>
      <trkpt lat="36.2387494929134845733642578125" lon="117.1084320545196533203125">
        <ele>-500</ele>
        <time>2026-09-05T16:00:41.000Z</time>
        <extensions>
          <ns3:TrackPointExtension>
            <ns3:atemp>25.0</ns3:atemp>
            <ns3:hr>114</ns3:hr>
          </ns3:TrackPointExtension>
        </extensions>
      </trkpt>
      <trkpt lat="36.23875678516924381256103515625" lon="117.10842643864452838897705078125">
        <ele>-500</ele>
        <time>2026-09-05T16:00:42.000Z</time>
        <extensions>
          <ns3:TrackPointExtension>
            <ns3:atemp>25.0</ns3:atemp>
            <ns3:hr>114</ns3:hr>
          </ns3:TrackPointExtension>
        </extensions>
      </trkpt>
      <trkpt lat="36.23876566998660564422607421875" lon="117.10842442698776721954345703125">
        <ele>-500</ele>
        <time>2026-09-05T16:00:43.000Z</time>
        <extensions>
          <ns3:TrackPointExtension>
            <ns3:atemp>25.0</ns3:atemp>
            <ns3:hr>115</ns3:hr>
          </ns3:TrackPointExtension>
        </extensions>
      </trkpt>
      <trkpt lat="36.238773129880428314208984375" lon="117.108422331511974334716796875">
        <ele>-500</ele>
        <time>2026-09-05T16:00:44.000Z</time>
        <extensions>
          <ns3:TrackPointExtension>
            <ns3:atemp>25.0</ns3:atemp>
            <ns3:hr>115</ns3:hr>
          </ns3:TrackPointExtension>
        </extensions>
      </trkpt>
      <trkpt lat="36.2387756444513797760009765625" lon="117.1084188111126422882080078125">
        <ele>-500</ele>
        <time>2026-09-05T16:00:45.000Z</time>
        <extensions>
          <ns3:TrackPointExtension>
            <ns3:atemp>25.0</ns3:atemp>
            <ns3:hr>115</ns3:hr>
          </ns3:TrackPointExtension>
        </extensions>
      </trkpt>
      <trkpt lat="36.2387739680707454681396484375" lon="117.1084141172468662261962890625">
        <ele>-500</ele>
        <time>2026-09-05T16:00:46.000Z</time>
        <extensions>
          <ns3:TrackPointExtension>
            <ns3:atemp>25.0</ns3:atemp>
            <ns3:hr>115</ns3:hr>
          </ns3:TrackPointExtension>
        </extensions>
      </trkpt>
      <trkpt lat="36.23876885510981082916259765625" lon="117.10841570980846881866455078125">
        <ele>-500</ele>
        <time>2026-09-05T16:00:47.000Z</time>
        <extensions>
          <ns3:TrackPointExtension>
            <ns3:atemp>25.0</ns3:atemp>
            <ns3:hr>115</ns3:hr>
          </ns3:TrackPointExtension>
        </extensions>
      </trkpt>
      <trkpt lat="36.2387598864734172821044921875" lon="117.10841671563684940338134765625">
        <ele>-500</ele>
        <time>2026-09-05T16:00:48.000Z</time>
        <extensions>
          <ns3:TrackPointExtension>
            <ns3:atemp>25.0</ns3:atemp>
            <ns3:hr>114</ns3:hr>
          </ns3:TrackPointExtension>
        </extensions>
      </trkpt>
      <trkpt lat="36.238752342760562896728515625" lon="117.10841336287558078765869140625">
        <ele>-500</ele>
        <time>2026-09-05T16:00:49.000Z</time>
        <extensions>
          <ns3:TrackPointExtension>
            <ns3:atemp>25.0</ns3:atemp>
            <ns3:hr>114</ns3:hr>
          </ns3:TrackPointExtension>
        </extensions>
      </trkpt>
      <trkpt lat="36.2387394346296787261962890625" lon="117.10840246640145778656005859375">
        <ele>-500</ele>
        <time>2026-09-05T16:00:50.000Z</time>
        <extensions>
          <ns3:TrackPointExtension>
            <ns3:atemp>25.0</ns3:atemp>
            <ns3:hr>114</ns3:hr>
          </ns3:TrackPointExtension>
        </extensions>
      </trkpt>
      <trkpt lat="36.23874194920063018798828125" lon="117.108394168317317962646484375">
        <ele>-500</ele>
        <time>2026-09-05T16:00:51.000Z</time>
        <extensions>
          <ns3:TrackPointExtension>
            <ns3:atemp>25.0</ns3:atemp>
            <ns3:hr>114</ns3:hr>
          </ns3:TrackPointExtension>
        </extensions>
      </trkpt>
      <trkpt lat="36.23874303884804248809814453125" lon="117.108389474451541900634765625">
        <ele>-500</ele>
        <time>2026-09-05T16:00:52.000Z</time>
        <extensions>
          <ns3:TrackPointExtension>
            <ns3:atemp>25.0</ns3:atemp>
            <ns3:hr>114</ns3:hr>
          </ns3:TrackPointExtension>
        </extensions>
      </trkpt>
      <trkpt lat="36.238743625581264495849609375" lon="117.1083849482238292694091796875">
        <ele>-500</ele>
        <time>2026-09-05T16:00:53.000Z</time>
        <extensions>
          <ns3:TrackPointExtension>
            <ns3:atemp>26.0</ns3:atemp>
            <ns3:hr>114</ns3:hr>
          </ns3:TrackPointExtension>
        </extensions>
      </trkpt>
      <trkpt lat="36.238749660551548004150390625" lon="117.1083802543580532073974609375">
        <ele>-500</ele>
        <time>2026-09-05T16:00:54.000Z</time>
        <extensions>
          <ns3:TrackPointExtension>
            <ns3:atemp>26.0</ns3:atemp>
            <ns3:hr>114</ns3:hr>
          </ns3:TrackPointExtension>
        </extensions>
      </trkpt>
      <trkpt lat="36.2387525103986263275146484375" lon="117.1083779074251651763916015625">
        <ele>-500</ele>
        <time>2026-09-05T16:00:55.000Z</time>
        <extensions>
          <ns3:TrackPointExtension>
            <ns3:atemp>26.0</ns3:atemp>
            <ns3:hr>114</ns3:hr>
          </ns3:TrackPointExtension>
        </extensions>
      </trkpt>
      <trkpt lat="36.2387518398463726043701171875" lon="117.10837447084486484527587890625">
        <ele>-500</ele>
        <time>2026-09-05T16:00:56.000Z</time>
        <extensions>
          <ns3:TrackPointExtension>
            <ns3:atemp>26.0</ns3:atemp>
            <ns3:hr>114</ns3:hr>
          </ns3:TrackPointExtension>
        </extensions>
      </trkpt>
      <trkpt lat="36.23875200748443603515625" lon="117.10837480612099170684814453125">
        <ele>-500</ele>
        <time>2026-09-05T16:00:57.000Z</time>
        <extensions>
          <ns3:TrackPointExtension>
            <ns3:atemp>26.0</ns3:atemp>
            <ns3:hr>114</ns3:hr>
          </ns3:TrackPointExtension>
        </extensions>
      </trkpt>
      <trkpt lat="36.23875259421765804290771484375" lon="117.1083752252161502838134765625">
        <ele>-500</ele>
        <time>2026-09-05T16:00:58.000Z</time>
        <extensions>
          <ns3:TrackPointExtension>
            <ns3:atemp>26.0</ns3:atemp>
            <ns3:hr>114</ns3:hr>
          </ns3:TrackPointExtension>
        </extensions>
      </trkpt>
      <trkpt lat="36.238757036626338958740234375" lon="117.108360640704631805419921875">
        <ele>-500</ele>
        <time>2026-09-05T16:01:01.000Z</time>
        <extensions>
          <ns3:TrackPointExtension>
            <ns3:atemp>26.0</ns3:atemp>
            <ns3:hr>113</ns3:hr>
          </ns3:TrackPointExtension>
        </extensions>
      </trkpt>
      <trkpt lat="36.23875577934086322784423828125" lon="117.10835468955338001251220703125">
        <ele>-500</ele>
        <time>2026-09-05T16:01:02.000Z</time>
        <extensions>
          <ns3:TrackPointExtension>
            <ns3:atemp>26.0</ns3:atemp>
            <ns3:hr>114</ns3:hr>
          </ns3:TrackPointExtension>
        </extensions>
      </trkpt>
      <trkpt lat="36.23875242657959461212158203125" lon="117.108353935182094573974609375">
        <ele>-500</ele>
        <time>2026-09-05T16:01:03.000Z</time>
        <extensions>
          <ns3:TrackPointExtension>
            <ns3:atemp>26.0</ns3:atemp>
            <ns3:hr>113</ns3:hr>
          </ns3:TrackPointExtension>
        </extensions>
      </trkpt>
      <trkpt lat="36.23875175602734088897705078125" lon="117.108355946838855743408203125">
        <ele>-500</ele>
        <time>2026-09-05T16:01:04.000Z</time>
        <extensions>
          <ns3:TrackPointExtension>
            <ns3:atemp>26.0</ns3:atemp>
            <ns3:hr>114</ns3:hr>
          </ns3:TrackPointExtension>
        </extensions>
      </trkpt>
      <trkpt lat="36.23875376768410205841064453125" lon="117.1083571203052997589111328125">
        <ele>-500</ele>
        <time>2026-09-05T16:01:05.000Z</time>
        <extensions>
          <ns3:TrackPointExtension>
            <ns3:atemp>25.0</ns3:atemp>
            <ns3:hr>112</ns3:hr>
          </ns3:TrackPointExtension>
        </extensions>
      </trkpt>
      <trkpt lat="36.23875376768410205841064453125" lon="117.1083571203052997589111328125">
        <ele>-500</ele>
        <time>2026-09-05T16:01:06.000Z</time>
        <extensions>
          <ns3:TrackPointExtension>
            <ns3:atemp>25.0</ns3:atemp>
            <ns3:hr>112</ns3:hr>
          </ns3:TrackPointExtension>
        </extensions>
      </trkpt>
      <trkpt lat="36.23875376768410205841064453125" lon="117.1083571203052997589111328125">
        <ele>-500</ele>
        <time>2026-09-05T16:01:08.000Z</time>
        <extensions>
          <ns3:TrackPointExtension>
            <ns3:atemp>25.0</ns3:atemp>
            <ns3:hr>111</ns3:hr>
          </ns3:TrackPointExtension>
        </extensions>
      </trkpt>
      <trkpt lat="36.23875376768410205841064453125" lon="117.1083571203052997589111328125">
        <ele>-500</ele>
        <time>2026-09-05T16:01:09.000Z</time>
        <extensions>
          <ns3:TrackPointExtension>
            <ns3:atemp>25.0</ns3:atemp>
            <ns3:hr>112</ns3:hr>
          </ns3:TrackPointExtension>
        </extensions>
      </trkpt>
      <trkpt lat="36.23875376768410205841064453125" lon="117.1083571203052997589111328125">
        <ele>-500</ele>
        <time>2026-09-05T16:01:11.000Z</time>
        <extensions>
          <ns3:TrackPointExtension>
            <ns3:atemp>25.0</ns3:atemp>
            <ns3:hr>111</ns3:hr>
          </ns3:TrackPointExtension>
        </extensions>
      </trkpt>
      <trkpt lat="36.23875376768410205841064453125" lon="117.1083571203052997589111328125">
        <ele>-500</ele>
        <time>2026-09-05T16:01:13.000Z</time>
        <extensions>
          <ns3:TrackPointExtension>
            <ns3:atemp>25.0</ns3:atemp>
            <ns3:hr>111</ns3:hr>
          </ns3:TrackPointExtension>
        </extensions>
      </trkpt>
      <trkpt lat="36.23875376768410205841064453125" lon="117.1083571203052997589111328125">
        <ele>-500</ele>
        <time>2026-09-05T16:01:17.000Z</time>
        <extensions>
          <ns3:TrackPointExtension>
            <ns3:atemp>25.0</ns3:atemp>
            <ns3:hr>112</ns3:hr>
          </ns3:TrackPointExtension>
        </extensions>
      </trkpt>
      <trkpt lat="36.23875561170279979705810546875" lon="117.10835603065788745880126953125">
        <ele>-500</ele>
        <time>2026-09-05T16:01:20.000Z</time>
        <extensions>
          <ns3:TrackPointExtension>
            <ns3:atemp>25.0</ns3:atemp>
            <ns3:hr>111</ns3:hr>
          </ns3:TrackPointExtension>
        </extensions>
      </trkpt>
      <trkpt lat="36.23875678516924381256103515625" lon="117.10835536010563373565673828125">
        <ele>-500</ele>
        <time>2026-09-05T16:01:21.000Z</time>
        <extensions>
          <ns3:TrackPointExtension>
            <ns3:atemp>25.0</ns3:atemp>
            <ns3:hr>112</ns3:hr>
          </ns3:TrackPointExtension>
        </extensions>
      </trkpt>
      <trkpt lat="36.238757036626338958740234375" lon="117.1083547733724117279052734375">
        <ele>-500</ele>
        <time>2026-09-05T16:01:22.000Z</time>
        <extensions>
          <ns3:TrackPointExtension>
            <ns3:atemp>25.0</ns3:atemp>
            <ns3:hr>111</ns3:hr>
          </ns3:TrackPointExtension>
        </extensions>
      </trkpt>
      <trkpt lat="36.23875846154987812042236328125" lon="117.10835452191531658172607421875">
        <ele>-500</ele>
        <time>2026-09-05T16:01:23.000Z</time>
        <extensions>
          <ns3:TrackPointExtension>
            <ns3:atemp>25.0</ns3:atemp>
            <ns3:hr>111</ns3:hr>
          </ns3:TrackPointExtension>
        </extensions>
      </trkpt>
      <trkpt lat="36.23875946737825870513916015625" lon="117.10835401900112628936767578125">
        <ele>-500</ele>
        <time>2026-09-05T16:01:24.000Z</time>
        <extensions>
          <ns3:TrackPointExtension>
            <ns3:atemp>25.0</ns3:atemp>
            <ns3:hr>110</ns3:hr>
          </ns3:TrackPointExtension>
        </extensions>
      </trkpt>
      <trkpt lat="36.2387595511972904205322265625" lon="117.10835385136306285858154296875">
        <ele>-500</ele>
        <time>2026-09-05T16:01:25.000Z</time>
        <extensions>
          <ns3:TrackPointExtension>
            <ns3:atemp>25.0</ns3:atemp>
            <ns3:hr>109</ns3:hr>
          </ns3:TrackPointExtension>
        </extensions>
      </trkpt>
      <trkpt lat="36.2387595511972904205322265625" lon="117.1083537675440311431884765625">
        <ele>-500</ele>
        <time>2026-09-05T16:01:26.000Z</time>
        <extensions>
          <ns3:TrackPointExtension>
            <ns3:atemp>25.0</ns3:atemp>
            <ns3:hr>110</ns3:hr>
          </ns3:TrackPointExtension>
        </extensions>
      </trkpt>
      <trkpt lat="36.2387595511972904205322265625" lon="117.1083500795066356658935546875">
        <ele>-500</ele>
        <time>2026-09-05T16:01:32.000Z</time>
        <extensions>
          <ns3:TrackPointExtension>
            <ns3:atemp>25.0</ns3:atemp>
            <ns3:hr>110</ns3:hr>
          </ns3:TrackPointExtension>
        </extensions>
      </trkpt>
      <trkpt lat="36.2387595511972904205322265625" lon="117.10834630765020847320556640625">
        <ele>-500</ele>
        <time>2026-09-05T16:01:33.000Z</time>
        <extensions>
          <ns3:TrackPointExtension>
            <ns3:atemp>25.0</ns3:atemp>
            <ns3:hr>111</ns3:hr>
          </ns3:TrackPointExtension>
        </extensions>
      </trkpt>
      <trkpt lat="36.2387595511972904205322265625" lon="117.10833775810897350311279296875">
        <ele>-500</ele>
        <time>2026-09-05T16:01:35.000Z</time>
        <extensions>
          <ns3:TrackPointExtension>
            <ns3:atemp>25.0</ns3:atemp>
            <ns3:hr>109</ns3:hr>
          </ns3:TrackPointExtension>
        </extensions>
      </trkpt>
      <trkpt lat="36.2387595511972904205322265625" lon="117.1083356626331806182861328125">
        <ele>-500</ele>
        <time>2026-09-05T16:01:37.000Z</time>
        <extensions>
          <ns3:TrackPointExtension>
            <ns3:atemp>25.0</ns3:atemp>
            <ns3:hr>112</ns3:hr>
          </ns3:TrackPointExtension>
        </extensions>
      </trkpt>
      <trkpt lat="36.2387595511972904205322265625" lon="117.10833306424319744110107421875">
        <ele>-500</ele>
        <time>2026-09-05T16:01:40.000Z</time>
        <extensions>
          <ns3:TrackPointExtension>
            <ns3:atemp>26.0</ns3:atemp>
            <ns3:hr>112</ns3:hr>
          </ns3:TrackPointExtension>
        </extensions>
      </trkpt>
      <trkpt lat="36.2387595511972904205322265625" lon="117.108325101435184478759765625">
        <ele>-500</ele>
        <time>2026-09-05T16:01:42.000Z</time>
        <extensions>
          <ns3:TrackPointExtension>
            <ns3:atemp>26.0</ns3:atemp>
            <ns3:hr>114</ns3:hr>
          </ns3:TrackPointExtension>
        </extensions>
      </trkpt>
      <trkpt lat="36.2387595511972904205322265625" lon="117.10831336677074432373046875">
        <ele>-500</ele>
        <time>2026-09-05T16:01:44.000Z</time>
        <extensions>
          <ns3:TrackPointExtension>
            <ns3:atemp>26.0</ns3:atemp>
            <ns3:hr>114</ns3:hr>
          </ns3:TrackPointExtension>
        </extensions>
      </trkpt>
      <trkpt lat="36.2387595511972904205322265625" lon="117.1082967706024646759033203125">
        <ele>-500</ele>
        <time>2026-09-05T16:01:47.000Z</time>
        <extensions>
          <ns3:TrackPointExtension>
            <ns3:atemp>26.0</ns3:atemp>
            <ns3:hr>113</ns3:hr>
          </ns3:TrackPointExtension>
        </extensions>
      </trkpt>
      <trkpt lat="36.2387595511972904205322265625" lon="117.108290232717990875244140625">
        <ele>-500</ele>
        <time>2026-09-05T16:01:49.000Z</time>
        <extensions>
          <ns3:TrackPointExtension>
            <ns3:atemp>26.0</ns3:atemp>
            <ns3:hr>115</ns3:hr>
          </ns3:TrackPointExtension>
        </extensions>
      </trkpt>
      <trkpt lat="36.238760389387607574462890625" lon="117.10828746668994426727294921875">
        <ele>-500</ele>
        <time>2026-09-05T16:01:50.000Z</time>
        <extensions>
          <ns3:TrackPointExtension>
            <ns3:atemp>26.0</ns3:atemp>
            <ns3:hr>114</ns3:hr>
          </ns3:TrackPointExtension>
        </extensions>
      </trkpt>
      <trkpt lat="36.238761059939861297607421875" lon="117.10828428156673908233642578125">
        <ele>-500</ele>
        <time>2026-09-05T16:01:51.000Z</time>
        <extensions>
          <ns3:TrackPointExtension>
            <ns3:atemp>26.0</ns3:atemp>
            <ns3:hr>115</ns3:hr>
          </ns3:TrackPointExtension>
        </extensions>
      </trkpt>
      <trkpt lat="36.238763742148876190185546875" lon="117.1082778275012969970703125">
        <ele>-500</ele>
        <time>2026-09-05T16:01:53.000Z</time>
        <extensions>
          <ns3:TrackPointExtension>
            <ns3:atemp>26.0</ns3:atemp>
            <ns3:hr>116</ns3:hr>
          </ns3:TrackPointExtension>
        </extensions>
      </trkpt>
      <trkpt lat="36.23877237550914287567138671875" lon="117.10826785303652286529541015625">
        <ele>-500</ele>
        <time>2026-09-05T16:01:56.000Z</time>
        <extensions>
          <ns3:TrackPointExtension>
            <ns3:atemp>26.0</ns3:atemp>
            <ns3:hr>120</ns3:hr>
          </ns3:TrackPointExtension>
        </extensions>
      </trkpt>
      <trkpt lat="36.23878008686006069183349609375" lon="117.108255364000797271728515625">
        <ele>-500</ele>
        <time>2026-09-05T16:02:00.000Z</time>
        <extensions>
          <ns3:TrackPointExtension>
            <ns3:atemp>26.0</ns3:atemp>
            <ns3:hr>121</ns3:hr>
          </ns3:TrackPointExtension>
        </extensions>
      </trkpt>
      <trkpt lat="36.2387857027351856231689453125" lon="117.10825276561081409454345703125">
        <ele>-500</ele>
        <time>2026-09-05T16:02:03.000Z</time>
        <extensions>
          <ns3:TrackPointExtension>
            <ns3:atemp>26.0</ns3:atemp>
            <ns3:hr>119</ns3:hr>
          </ns3:TrackPointExtension>
        </extensions>
      </trkpt>
      <trkpt lat="36.23878846876323223114013671875" lon="117.10825192742049694061279296875">
        <ele>-500</ele>
        <time>2026-09-05T16:02:04.000Z</time>
        <extensions>
          <ns3:TrackPointExtension>
            <ns3:atemp>26.0</ns3:atemp>
            <ns3:hr>120</ns3:hr>
          </ns3:TrackPointExtension>
        </extensions>
      </trkpt>
      <trkpt lat="36.2387987785041332244873046875" lon="117.1082510054111480712890625">
        <ele>-500</ele>
        <time>2026-09-05T16:02:06.000Z</time>
        <extensions>
          <ns3:TrackPointExtension>
            <ns3:atemp>26.0</ns3:atemp>
            <ns3:hr>121</ns3:hr>
          </ns3:TrackPointExtension>
        </extensions>
      </trkpt>
      <trkpt lat="36.23880975879728794097900390625" lon="117.1082491613924503326416015625">
        <ele>-500</ele>
        <time>2026-09-05T16:02:10.000Z</time>
        <extensions>
          <ns3:TrackPointExtension>
            <ns3:atemp>26.0</ns3:atemp>
            <ns3:hr>118</ns3:hr>
          </ns3:TrackPointExtension>
        </extensions>
      </trkpt>
      <trkpt lat="36.23881713487207889556884765625" lon="117.1082488261163234710693359375">
        <ele>-500</ele>
        <time>2026-09-05T16:02:14.000Z</time>
        <extensions>
          <ns3:TrackPointExtension>
            <ns3:atemp>26.0</ns3:atemp>
            <ns3:hr>115</ns3:hr>
          </ns3:TrackPointExtension>
        </extensions>
      </trkpt>
      <trkpt lat="36.23883071355521678924560546875" lon="117.10825108923017978668212890625">
        <ele>-500</ele>
        <time>2026-09-05T16:02:18.000Z</time>
        <extensions>
          <ns3:TrackPointExtension>
            <ns3:atemp>26.0</ns3:atemp>
            <ns3:hr>115</ns3:hr>
          </ns3:TrackPointExtension>
        </extensions>
      </trkpt>
      <trkpt lat="36.23885049484670162200927734375" lon="117.10825276561081409454345703125">
        <ele>-500</ele>
        <time>2026-09-05T16:02:22.000Z</time>
        <extensions>
          <ns3:TrackPointExtension>
            <ns3:atemp>26.0</ns3:atemp>
            <ns3:hr>115</ns3:hr>
          </ns3:TrackPointExtension>
        </extensions>
      </trkpt>
      <trkpt lat="36.23885460197925567626953125" lon="117.10825343616306781768798828125">
        <ele>-500</ele>
        <time>2026-09-05T16:02:23.000Z</time>
        <extensions>
          <ns3:TrackPointExtension>
            <ns3:atemp>26.0</ns3:atemp>
            <ns3:hr>115</ns3:hr>
          </ns3:TrackPointExtension>
        </extensions>
      </trkpt>
      <trkpt lat="36.2388577871024608612060546875" lon="117.1082538552582263946533203125">
        <ele>-500</ele>
        <time>2026-09-05T16:02:24.000Z</time>
        <extensions>
          <ns3:TrackPointExtension>
            <ns3:atemp>26.0</ns3:atemp>
            <ns3:hr>115</ns3:hr>
          </ns3:TrackPointExtension>
        </extensions>
      </trkpt>
      <trkpt lat="36.23886055313050746917724609375" lon="117.108254022896289825439453125">
        <ele>-500</ele>
        <time>2026-09-05T16:02:25.000Z</time>
        <extensions>
          <ns3:TrackPointExtension>
            <ns3:atemp>26.0</ns3:atemp>
            <ns3:hr>115</ns3:hr>
          </ns3:TrackPointExtension>
        </extensions>
      </trkpt>
      <trkpt lat="36.238861642777919769287109375" lon="117.10825410671532154083251953125">
        <ele>-500</ele>
        <time>2026-09-05T16:02:26.000Z</time>
        <extensions>
          <ns3:TrackPointExtension>
            <ns3:atemp>26.0</ns3:atemp>
            <ns3:hr>115</ns3:hr>
          </ns3:TrackPointExtension>
        </extensions>
      </trkpt>
      <trkpt lat="36.2388651631772518157958984375" lon="117.10825410671532154083251953125">
        <ele>-500</ele>
        <time>2026-09-05T16:02:27.000Z</time>
        <extensions>
          <ns3:TrackPointExtension>
            <ns3:atemp>26.0</ns3:atemp>
            <ns3:hr>115</ns3:hr>
          </ns3:TrackPointExtension>
        </extensions>
      </trkpt>
      <trkpt lat="36.238869018852710723876953125" lon="117.1082545258104801177978515625">
        <ele>-500</ele>
        <time>2026-09-05T16:02:28.000Z</time>
        <extensions>
          <ns3:TrackPointExtension>
            <ns3:atemp>26.0</ns3:atemp>
            <ns3:hr>118</ns3:hr>
          </ns3:TrackPointExtension>
        </extensions>
      </trkpt>
      <trkpt lat="36.238871030509471893310546875" lon="117.1082551963627338409423828125">
        <ele>-500</ele>
        <time>2026-09-05T16:02:29.000Z</time>
        <extensions>
          <ns3:TrackPointExtension>
            <ns3:atemp>26.0</ns3:atemp>
            <ns3:hr>117</ns3:hr>
          </ns3:TrackPointExtension>
        </extensions>
      </trkpt>
      <trkpt lat="36.23887480236589908599853515625" lon="117.10825729183852672576904296875">
        <ele>-500</ele>
        <time>2026-09-05T16:02:32.000Z</time>
        <extensions>
          <ns3:TrackPointExtension>
            <ns3:atemp>26.0</ns3:atemp>
            <ns3:hr>117</ns3:hr>
          </ns3:TrackPointExtension>
        </extensions>
      </trkpt>
      <trkpt lat="36.23887832276523113250732421875" lon="117.10825963877141475677490234375">
        <ele>-500</ele>
        <time>2026-09-05T16:02:35.000Z</time>
        <extensions>
          <ns3:TrackPointExtension>
            <ns3:atemp>26.0</ns3:atemp>
            <ns3:hr>118</ns3:hr>
          </ns3:TrackPointExtension>
        </extensions>
      </trkpt>
      <trkpt lat="36.23887966386973857879638671875" lon="117.10825980640947818756103515625">
        <ele>-500</ele>
        <time>2026-09-05T16:02:36.000Z</time>
        <extensions>
          <ns3:TrackPointExtension>
            <ns3:atemp>26.0</ns3:atemp>
            <ns3:hr>116</ns3:hr>
          </ns3:TrackPointExtension>
        </extensions>
      </trkpt>
      <trkpt lat="36.23888117261230945587158203125" lon="117.10825980640947818756103515625">
        <ele>-500</ele>
        <time>2026-09-05T16:02:37.000Z</time>
        <extensions>
          <ns3:TrackPointExtension>
            <ns3:atemp>26.0</ns3:atemp>
            <ns3:hr>120</ns3:hr>
          </ns3:TrackPointExtension>
        </extensions>
      </trkpt>
      <trkpt lat="36.238883435726165771484375" lon="117.1082598902285099029541015625">
        <ele>-500</ele>
        <time>2026-09-05T16:02:38.000Z</time>
        <extensions>
          <ns3:TrackPointExtension>
            <ns3:atemp>26.0</ns3:atemp>
            <ns3:hr>121</ns3:hr>
          </ns3:TrackPointExtension>
        </extensions>
      </trkpt>
      <trkpt lat="36.23889005742967128753662109375" lon="117.1082598902285099029541015625">
        <ele>-500</ele>
        <time>2026-09-05T16:02:40.000Z</time>
        <extensions>
          <ns3:TrackPointExtension>
            <ns3:atemp>26.0</ns3:atemp>
            <ns3:hr>121</ns3:hr>
          </ns3:TrackPointExtension>
        </extensions>
      </trkpt>
      <trkpt lat="36.23889760114252567291259765625" lon="117.1082598902285099029541015625">
        <ele>-500</ele>
        <time>2026-09-05T16:02:42.000Z</time>
        <extensions>
          <ns3:TrackPointExtension>
            <ns3:atemp>25.0</ns3:atemp>
            <ns3:hr>120</ns3:hr>
          </ns3:TrackPointExtension>
        </extensions>
      </trkpt>
      <trkpt lat="36.23890179209411144256591796875" lon="117.1082598902285099029541015625">
        <ele>-500</ele>
        <time>2026-09-05T16:02:43.000Z</time>
        <extensions>
          <ns3:TrackPointExtension>
            <ns3:atemp>25.0</ns3:atemp>
            <ns3:hr>120</ns3:hr>
          </ns3:TrackPointExtension>
        </extensions>
      </trkpt>
      <trkpt lat="36.23891319148242473602294921875" lon="117.1082592196762561798095703125">
        <ele>-500</ele>
        <time>2026-09-05T16:02:45.000Z</time>
        <extensions>
          <ns3:TrackPointExtension>
            <ns3:atemp>25.0</ns3:atemp>
            <ns3:hr>119</ns3:hr>
          </ns3:TrackPointExtension>
        </extensions>
      </trkpt>
      <trkpt lat="36.23893196694552898406982421875" lon="117.1082655899226665496826171875">
        <ele>-500</ele>
        <time>2026-09-05T16:02:46.000Z</time>
        <extensions>
          <ns3:TrackPointExtension>
            <ns3:atemp>25.0</ns3:atemp>
            <ns3:hr>118</ns3:hr>
          </ns3:TrackPointExtension>
        </extensions>
      </trkpt>
      <trkpt lat="36.23896046541631221771240234375" lon="117.10826776921749114990234375">
        <ele>-500</ele>
        <time>2026-09-05T16:02:48.000Z</time>
        <extensions>
          <ns3:TrackPointExtension>
            <ns3:atemp>26.0</ns3:atemp>
            <ns3:hr>118</ns3:hr>
          </ns3:TrackPointExtension>
        </extensions>
      </trkpt>
      <trkpt lat="36.2389835156500339508056640625" lon="117.1082689426839351654052734375">
        <ele>-500</ele>
        <time>2026-09-05T16:02:50.000Z</time>
        <extensions>
          <ns3:TrackPointExtension>
            <ns3:atemp>26.0</ns3:atemp>
            <ns3:hr>119</ns3:hr>
          </ns3:TrackPointExtension>
        </extensions>
      </trkpt>
      <trkpt lat="36.238994412124156951904296875" lon="117.1082709543406963348388671875">
        <ele>-500</ele>
        <time>2026-09-05T16:02:51.000Z</time>
        <extensions>
          <ns3:TrackPointExtension>
            <ns3:atemp>26.0</ns3:atemp>
            <ns3:hr>120</ns3:hr>
          </ns3:TrackPointExtension>
        </extensions>
      </trkpt>
      <trkpt lat="36.23901025392115116119384765625" lon="117.1082749776542186737060546875">
        <ele>-500</ele>
        <time>2026-09-05T16:02:52.000Z</time>
        <extensions>
          <ns3:TrackPointExtension>
            <ns3:atemp>26.0</ns3:atemp>
            <ns3:hr>120</ns3:hr>
          </ns3:TrackPointExtension>
        </extensions>
      </trkpt>
      <trkpt lat="36.23902752064168453216552734375" lon="117.10827657021582126617431640625">
        <ele>-500</ele>
        <time>2026-09-05T16:02:53.000Z</time>
        <extensions>
          <ns3:TrackPointExtension>
            <ns3:atemp>26.0</ns3:atemp>
            <ns3:hr>120</ns3:hr>
          </ns3:TrackPointExtension>
        </extensions>
      </trkpt>
      <trkpt lat="36.23904311098158359527587890625" lon="117.1082751452922821044921875">
        <ele>-500</ele>
        <time>2026-09-05T16:02:54.000Z</time>
        <extensions>
          <ns3:TrackPointExtension>
            <ns3:atemp>26.0</ns3:atemp>
            <ns3:hr>120</ns3:hr>
          </ns3:TrackPointExtension>
        </extensions>
      </trkpt>
      <trkpt lat="36.23904679901897907257080078125" lon="117.108274139463901519775390625">
        <ele>-500</ele>
        <time>2026-09-05T16:02:55.000Z</time>
        <extensions>
          <ns3:TrackPointExtension>
            <ns3:atemp>26.0</ns3:atemp>
            <ns3:hr>120</ns3:hr>
          </ns3:TrackPointExtension>
        </extensions>
      </trkpt>
      <trkpt lat="36.23905241489410400390625" lon="117.10827313363552093505859375">
        <ele>-500</ele>
        <time>2026-09-05T16:02:56.000Z</time>
        <extensions>
          <ns3:TrackPointExtension>
            <ns3:atemp>26.0</ns3:atemp>
            <ns3:hr>120</ns3:hr>
          </ns3:TrackPointExtension>
        </extensions>
      </trkpt>
      <trkpt lat="36.23905736021697521209716796875" lon="117.108275480568408966064453125">
        <ele>-500</ele>
        <time>2026-09-05T16:02:57.000Z</time>
        <extensions>
          <ns3:TrackPointExtension>
            <ns3:atemp>26.0</ns3:atemp>
            <ns3:hr>121</ns3:hr>
          </ns3:TrackPointExtension>
        </extensions>
      </trkpt>
      <trkpt lat="36.23906523920595645904541015625" lon="117.10827849805355072021484375">
        <ele>-500</ele>
        <time>2026-09-05T16:02:58.000Z</time>
        <extensions>
          <ns3:TrackPointExtension>
            <ns3:atemp>26.0</ns3:atemp>
            <ns3:hr>122</ns3:hr>
          </ns3:TrackPointExtension>
        </extensions>
      </trkpt>
      <trkpt lat="36.23907328583300113677978515625" lon="117.1082843653857707977294921875">
        <ele>-500</ele>
        <time>2026-09-05T16:02:59.000Z</time>
        <extensions>
          <ns3:TrackPointExtension>
            <ns3:atemp>26.0</ns3:atemp>
            <ns3:hr>122</ns3:hr>
          </ns3:TrackPointExtension>
        </extensions>
      </trkpt>
      <trkpt lat="36.2390767224133014678955078125" lon="117.108290232717990875244140625">
        <ele>-500</ele>
        <time>2026-09-05T16:03:00.000Z</time>
        <extensions>
          <ns3:TrackPointExtension>
            <ns3:atemp>26.0</ns3:atemp>
            <ns3:hr>123</ns3:hr>
          </ns3:TrackPointExtension>
        </extensions>
      </trkpt>
      <trkpt lat="36.2390770576894283294677734375" lon="117.10829266346991062164306640625">
        <ele>-500</ele>
        <time>2026-09-05T16:03:01.000Z</time>
        <extensions>
          <ns3:TrackPointExtension>
            <ns3:atemp>26.0</ns3:atemp>
            <ns3:hr>124</ns3:hr>
          </ns3:TrackPointExtension>
        </extensions>
      </trkpt>
      <trkpt lat="36.23907730914652347564697265625" lon="117.10830020718276500701904296875">
        <ele>-500</ele>
        <time>2026-09-05T16:03:02.000Z</time>
        <extensions>
          <ns3:TrackPointExtension>
            <ns3:atemp>26.0</ns3:atemp>
            <ns3:hr>124</ns3:hr>
          </ns3:TrackPointExtension>
        </extensions>
      </trkpt>
      <trkpt lat="36.23907730914652347564697265625" lon="117.10830020718276500701904296875">
        <ele>-500</ele>
        <time>2026-09-05T16:03:03.000Z</time>
        <extensions>
          <ns3:TrackPointExtension>
            <ns3:atemp>26.0</ns3:atemp>
            <ns3:hr>124</ns3:hr>
          </ns3:TrackPointExtension>
        </extensions>
      </trkpt>
      <trkpt lat="36.23907915316522121429443359375" lon="117.108301632106304168701171875">
        <ele>-500</ele>
        <time>2026-09-05T16:03:04.000Z</time>
        <extensions>
          <ns3:TrackPointExtension>
            <ns3:atemp>26.0</ns3:atemp>
            <ns3:hr>124</ns3:hr>
          </ns3:TrackPointExtension>
        </extensions>
      </trkpt>
      <trkpt lat="36.2390827573835849761962890625" lon="117.10830272175371646881103515625">
        <ele>-500</ele>
        <time>2026-09-05T16:03:05.000Z</time>
        <extensions>
          <ns3:TrackPointExtension>
            <ns3:atemp>26.0</ns3:atemp>
            <ns3:hr>124</ns3:hr>
          </ns3:TrackPointExtension>
        </extensions>
      </trkpt>
      <trkpt lat="36.23908434994518756866455078125" lon="117.108305655419826507568359375">
        <ele>-500</ele>
        <time>2026-09-05T16:03:06.000Z</time>
        <extensions>
          <ns3:TrackPointExtension>
            <ns3:atemp>26.0</ns3:atemp>
            <ns3:hr>125</ns3:hr>
          </ns3:TrackPointExtension>
        </extensions>
      </trkpt>
      <trkpt lat="36.2390894629061222076416015625" lon="117.1083068288862705230712890625">
        <ele>-500</ele>
        <time>2026-09-05T16:03:07.000Z</time>
        <extensions>
          <ns3:TrackPointExtension>
            <ns3:atemp>26.0</ns3:atemp>
            <ns3:hr>125</ns3:hr>
          </ns3:TrackPointExtension>
        </extensions>
      </trkpt>
      <trkpt lat="36.23908787034451961517333984375" lon="117.10830221883952617645263671875">
        <ele>-500</ele>
        <time>2026-09-05T16:03:08.000Z</time>
        <extensions>
          <ns3:TrackPointExtension>
            <ns3:atemp>26.0</ns3:atemp>
            <ns3:hr>125</ns3:hr>
          </ns3:TrackPointExtension>
        </extensions>
      </trkpt>
      <trkpt lat="36.23908569104969501495361328125" lon="117.10829517804086208343505859375">
        <ele>-500</ele>
        <time>2026-09-05T16:03:09.000Z</time>
        <extensions>
          <ns3:TrackPointExtension>
            <ns3:atemp>26.0</ns3:atemp>
            <ns3:hr>125</ns3:hr>
          </ns3:TrackPointExtension>
        </extensions>
      </trkpt>
      <trkpt lat="36.2390867806971073150634765625" lon="117.10828981362283229827880859375">
        <ele>-500</ele>
        <time>2026-09-05T16:03:10.000Z</time>
        <extensions>
          <ns3:TrackPointExtension>
            <ns3:atemp>26.0</ns3:atemp>
            <ns3:hr>125</ns3:hr>
          </ns3:TrackPointExtension>
        </extensions>
      </trkpt>
      <trkpt lat="36.2391162849962711334228515625" lon="117.10827254690229892730712890625">
        <ele>-500</ele>
        <time>2026-09-05T16:03:14.000Z</time>
        <extensions>
          <ns3:TrackPointExtension>
            <ns3:atemp>26.0</ns3:atemp>
            <ns3:hr>126</ns3:hr>
          </ns3:TrackPointExtension>
        </extensions>
      </trkpt>
      <trkpt lat="36.23913313262164592742919921875" lon="117.10825963877141475677490234375">
        <ele>-500</ele>
        <time>2026-09-05T16:03:16.000Z</time>
        <extensions>
          <ns3:TrackPointExtension>
            <ns3:atemp>26.0</ns3:atemp>
            <ns3:hr>126</ns3:hr>
          </ns3:TrackPointExtension>
        </extensions>
      </trkpt>
      <trkpt lat="36.23913313262164592742919921875" lon="117.10825963877141475677490234375">
        <ele>-500</ele>
        <time>2026-09-05T16:03:18.000Z</time>
        <extensions>
          <ns3:TrackPointExtension>
            <ns3:atemp>26.0</ns3:atemp>
            <ns3:hr>126</ns3:hr>
          </ns3:TrackPointExtension>
        </extensions>
      </trkpt>
      <trkpt lat="36.23913313262164592742919921875" lon="117.10825963877141475677490234375">
        <ele>-500</ele>
        <time>2026-09-05T16:03:19.000Z</time>
        <extensions>
          <ns3:TrackPointExtension>
            <ns3:atemp>26.0</ns3:atemp>
            <ns3:hr>126</ns3:hr>
          </ns3:TrackPointExtension>
        </extensions>
      </trkpt>
      <trkpt lat="36.23913313262164592742919921875" lon="117.10825963877141475677490234375">
        <ele>-500</ele>
        <time>2026-09-05T16:03:21.000Z</time>
        <extensions>
          <ns3:TrackPointExtension>
            <ns3:atemp>26.0</ns3:atemp>
            <ns3:hr>127</ns3:hr>
          </ns3:TrackPointExtension>
        </extensions>
      </trkpt>
      <trkpt lat="36.23913313262164592742919921875" lon="117.10825963877141475677490234375">
        <ele>-500</ele>
        <time>2026-09-05T16:03:23.000Z</time>
        <extensions>
          <ns3:TrackPointExtension>
            <ns3:atemp>26.0</ns3:atemp>
            <ns3:hr>128</ns3:hr>
          </ns3:TrackPointExtension>
        </extensions>
      </trkpt>
      <trkpt lat="36.23913313262164592742919921875" lon="117.10825963877141475677490234375">
        <ele>-500</ele>
        <time>2026-09-05T16:03:25.000Z</time>
        <extensions>
          <ns3:TrackPointExtension>
            <ns3:atemp>26.0</ns3:atemp>
            <ns3:hr>129</ns3:hr>
          </ns3:TrackPointExtension>
        </extensions>
      </trkpt>
      <trkpt lat="36.23913866467773914337158203125" lon="117.10825779475271701812744140625">
        <ele>-500</ele>
        <time>2026-09-05T16:03:27.000Z</time>
        <extensions>
          <ns3:TrackPointExtension>
            <ns3:atemp>26.0</ns3:atemp>
            <ns3:hr>129</ns3:hr>
          </ns3:TrackPointExtension>
        </extensions>
      </trkpt>
      <trkpt lat="36.23916045762598514556884765625" lon="117.10824522189795970916748046875">
        <ele>-500</ele>
        <time>2026-09-05T16:03:29.000Z</time>
        <extensions>
          <ns3:TrackPointExtension>
            <ns3:atemp>26.0</ns3:atemp>
            <ns3:hr>129</ns3:hr>
          </ns3:TrackPointExtension>
        </extensions>
      </trkpt>
      <trkpt lat="36.23916984535753726959228515625" lon="117.10824153386056423187255859375">
        <ele>-500</ele>
        <time>2026-09-05T16:03:30.000Z</time>
        <extensions>
          <ns3:TrackPointExtension>
            <ns3:atemp>26.0</ns3:atemp>
            <ns3:hr>129</ns3:hr>
          </ns3:TrackPointExtension>
        </extensions>
      </trkpt>
      <trkpt lat="36.23918107710778713226318359375" lon="117.1082367561757564544677734375">
        <ele>-500</ele>
        <time>2026-09-05T16:03:31.000Z</time>
        <extensions>
          <ns3:TrackPointExtension>
            <ns3:atemp>26.0</ns3:atemp>
            <ns3:hr>129</ns3:hr>
          </ns3:TrackPointExtension>
        </extensions>
      </trkpt>
      <trkpt lat="36.23922784812748432159423828125" lon="117.1082149632275104522705078125">
        <ele>-500</ele>
        <time>2026-09-05T16:03:36.000Z</time>
        <extensions>
          <ns3:TrackPointExtension>
            <ns3:atemp>26.0</ns3:atemp>
            <ns3:hr>128</ns3:hr>
          </ns3:TrackPointExtension>
        </extensions>
      </trkpt>
      <trkpt lat="36.23922851867973804473876953125" lon="117.1082082577049732208251953125">
        <ele>-500</ele>
        <time>2026-09-05T16:03:37.000Z</time>
        <extensions>
          <ns3:TrackPointExtension>
            <ns3:atemp>26.0</ns3:atemp>
            <ns3:hr>128</ns3:hr>
          </ns3:TrackPointExtension>
        </extensions>
      </trkpt>
      <trkpt lat="36.23922751285135746002197265625" lon="117.1082055754959583282470703125">
        <ele>-500</ele>
        <time>2026-09-05T16:03:38.000Z</time>
        <extensions>
          <ns3:TrackPointExtension>
            <ns3:atemp>26.0</ns3:atemp>
            <ns3:hr>127</ns3:hr>
          </ns3:TrackPointExtension>
        </extensions>
      </trkpt>
      <trkpt lat="36.23923623003065586090087890625" lon="117.10820616222918033599853515625">
        <ele>-500</ele>
        <time>2026-09-05T16:03:42.000Z</time>
        <extensions>
          <ns3:TrackPointExtension>
            <ns3:atemp>26.0</ns3:atemp>
            <ns3:hr>126</ns3:hr>
          </ns3:TrackPointExtension>
        </extensions>
      </trkpt>
      <trkpt lat="36.23923757113516330718994140625" lon="117.10820348002016544342041015625">
        <ele>-500</ele>
        <time>2026-09-05T16:03:43.000Z</time>
        <extensions>
          <ns3:TrackPointExtension>
            <ns3:atemp>26.0</ns3:atemp>
            <ns3:hr>126</ns3:hr>
          </ns3:TrackPointExtension>
        </extensions>
      </trkpt>
      <trkpt lat="36.2392430193722248077392578125" lon="117.108200378715991973876953125">
        <ele>-500</ele>
        <time>2026-09-05T16:03:44.000Z</time>
        <extensions>
          <ns3:TrackPointExtension>
            <ns3:atemp>26.0</ns3:atemp>
            <ns3:hr>126</ns3:hr>
          </ns3:TrackPointExtension>
        </extensions>
      </trkpt>
      <trkpt lat="36.2392547540366649627685546875" lon="117.10819057188928127288818359375">
        <ele>-500</ele>
        <time>2026-09-05T16:03:46.000Z</time>
        <extensions>
          <ns3:TrackPointExtension>
            <ns3:atemp>26.0</ns3:atemp>
            <ns3:hr>123</ns3:hr>
          </ns3:TrackPointExtension>
        </extensions>
      </trkpt>
      <trkpt lat="36.23926975764334201812744140625" lon="117.10817833431065082550048828125">
        <ele>-500</ele>
        <time>2026-09-05T16:03:48.000Z</time>
        <extensions>
          <ns3:TrackPointExtension>
            <ns3:atemp>26.0</ns3:atemp>
            <ns3:hr>124</ns3:hr>
          </ns3:TrackPointExtension>
        </extensions>
      </trkpt>
      <trkpt lat="36.2392819114029407501220703125" lon="117.1081921644508838653564453125">
        <ele>-500</ele>
        <time>2026-09-05T16:03:53.000Z</time>
        <extensions>
          <ns3:TrackPointExtension>
            <ns3:atemp>26.0</ns3:atemp>
            <ns3:hr>123</ns3:hr>
          </ns3:TrackPointExtension>
        </extensions>
      </trkpt>
      <trkpt lat="36.23928853310644626617431640625" lon="117.108198702335357666015625">
        <ele>-500</ele>
        <time>2026-09-05T16:03:55.000Z</time>
        <extensions>
          <ns3:TrackPointExtension>
            <ns3:atemp>26.0</ns3:atemp>
            <ns3:hr>124</ns3:hr>
          </ns3:TrackPointExtension>
        </extensions>
      </trkpt>
      <trkpt lat="36.2393137626349925994873046875" lon="117.10820079781115055084228515625">
        <ele>-500</ele>
        <time>2026-09-05T16:04:01.000Z</time>
        <extensions>
          <ns3:TrackPointExtension>
            <ns3:atemp>26.0</ns3:atemp>
            <ns3:hr>122</ns3:hr>
          </ns3:TrackPointExtension>
        </extensions>
      </trkpt>
      <trkpt lat="36.239301860332489013671875" lon="117.10821571759879589080810546875">
        <ele>-500</ele>
        <time>2026-09-05T16:04:08.000Z</time>
        <extensions>
          <ns3:TrackPointExtension>
            <ns3:atemp>26.0</ns3:atemp>
            <ns3:hr>123</ns3:hr>
          </ns3:TrackPointExtension>
        </extensions>
      </trkpt>
      <trkpt lat="36.239301860332489013671875" lon="117.10821571759879589080810546875">
        <ele>-500</ele>
        <time>2026-09-05T16:04:12.000Z</time>
        <extensions>
          <ns3:TrackPointExtension>
            <ns3:atemp>26.0</ns3:atemp>
            <ns3:hr>122</ns3:hr>
          </ns3:TrackPointExtension>
        </extensions>
      </trkpt>
      <trkpt lat="36.239301860332489013671875" lon="117.10820674896240234375">
        <ele>-500</ele>
        <time>2026-09-05T16:04:15.000Z</time>
        <extensions>
          <ns3:TrackPointExtension>
            <ns3:atemp>26.0</ns3:atemp>
            <ns3:hr>122</ns3:hr>
          </ns3:TrackPointExtension>
        </extensions>
      </trkpt>
      <trkpt lat="36.2393053807318210601806640625" lon="117.10820331238210201263427734375">
        <ele>-500</ele>
        <time>2026-09-05T16:04:17.000Z</time>
        <extensions>
          <ns3:TrackPointExtension>
            <ns3:atemp>26.0</ns3:atemp>
            <ns3:hr>121</ns3:hr>
          </ns3:TrackPointExtension>
        </extensions>
      </trkpt>
      <trkpt lat="36.23931015841662883758544921875" lon="117.108189649879932403564453125">
        <ele>-500</ele>
        <time>2026-09-05T16:04:29.000Z</time>
        <extensions>
          <ns3:TrackPointExtension>
            <ns3:atemp>26.0</ns3:atemp>
            <ns3:hr>120</ns3:hr>
          </ns3:TrackPointExtension>
        </extensions>
      </trkpt>
      <trkpt lat="36.2393117509782314300537109375" lon="117.1081785857677459716796875">
        <ele>-500</ele>
        <time>2026-09-05T16:04:36.000Z</time>
        <extensions>
          <ns3:TrackPointExtension>
            <ns3:atemp>26.0</ns3:atemp>
            <ns3:hr>117</ns3:hr>
          </ns3:TrackPointExtension>
        </extensions>
      </trkpt>
      <trkpt lat="36.2393117509782314300537109375" lon="117.10816559381783008575439453125">
        <ele>-500</ele>
        <time>2026-09-05T16:04:40.000Z</time>
        <extensions>
          <ns3:TrackPointExtension>
            <ns3:atemp>26.0</ns3:atemp>
            <ns3:hr>116</ns3:hr>
          </ns3:TrackPointExtension>
        </extensions>
      </trkpt>
      <trkpt lat="36.23931485228240489959716796875" lon="117.108162827789783477783203125">
        <ele>-500</ele>
        <time>2026-09-05T16:04:45.000Z</time>
        <extensions>
          <ns3:TrackPointExtension>
            <ns3:atemp>26.0</ns3:atemp>
            <ns3:hr>119</ns3:hr>
          </ns3:TrackPointExtension>
        </extensions>
      </trkpt>
      <trkpt lat="36.239318288862705230712890625" lon="117.10816207341849803924560546875">
        <ele>-500</ele>
        <time>2026-09-05T16:04:48.000Z</time>
        <extensions>
          <ns3:TrackPointExtension>
            <ns3:atemp>26.0</ns3:atemp>
            <ns3:hr>122</ns3:hr>
          </ns3:TrackPointExtension>
        </extensions>
      </trkpt>
      <trkpt lat="36.23932457529008388519287109375" lon="117.10816182196140289306640625">
        <ele>-500</ele>
        <time>2026-09-05T16:04:50.000Z</time>
        <extensions>
          <ns3:TrackPointExtension>
            <ns3:atemp>26.0</ns3:atemp>
            <ns3:hr>119</ns3:hr>
          </ns3:TrackPointExtension>
        </extensions>
      </trkpt>
      <trkpt lat="36.239329017698764801025390625" lon="117.1081606484949588775634765625">
        <ele>-500</ele>
        <time>2026-09-05T16:04:57.000Z</time>
        <extensions>
          <ns3:TrackPointExtension>
            <ns3:atemp>26.0</ns3:atemp>
            <ns3:hr>119</ns3:hr>
          </ns3:TrackPointExtension>
        </extensions>
      </trkpt>
      <trkpt lat="36.239330358803272247314453125" lon="117.1081569604575634002685546875">
        <ele>-500</ele>
        <time>2026-09-05T16:05:01.000Z</time>
        <extensions>
          <ns3:TrackPointExtension>
            <ns3:atemp>26.0</ns3:atemp>
            <ns3:hr>116</ns3:hr>
          </ns3:TrackPointExtension>
        </extensions>
      </trkpt>
      <trkpt lat="36.23933077789843082427978515625" lon="117.1081562899053096771240234375">
        <ele>-500</ele>
        <time>2026-09-05T16:05:02.000Z</time>
        <extensions>
          <ns3:TrackPointExtension>
            <ns3:atemp>26.0</ns3:atemp>
            <ns3:hr>119</ns3:hr>
          </ns3:TrackPointExtension>
        </extensions>
      </trkpt>
      <trkpt lat="36.23933094553649425506591796875" lon="117.108156122267246246337890625">
        <ele>-500</ele>
        <time>2026-09-05T16:05:04.000Z</time>
        <extensions>
          <ns3:TrackPointExtension>
            <ns3:atemp>26.0</ns3:atemp>
            <ns3:hr>117</ns3:hr>
          </ns3:TrackPointExtension>
        </extensions>
      </trkpt>
      <trkpt lat="36.23933094553649425506591796875" lon="117.108156122267246246337890625">
        <ele>-500</ele>
        <time>2026-09-05T16:05:06.000Z</time>
        <extensions>
          <ns3:TrackPointExtension>
            <ns3:atemp>26.0</ns3:atemp>
            <ns3:hr>117</ns3:hr>
          </ns3:TrackPointExtension>
        </extensions>
      </trkpt>
      <trkpt lat="36.23933094553649425506591796875" lon="117.108156122267246246337890625">
        <ele>-500</ele>
        <time>2026-09-05T16:05:08.000Z</time>
        <extensions>
          <ns3:TrackPointExtension>
            <ns3:atemp>26.0</ns3:atemp>
            <ns3:hr>115</ns3:hr>
          </ns3:TrackPointExtension>
        </extensions>
      </trkpt>
      <trkpt lat="36.23933094553649425506591796875" lon="117.108156122267246246337890625">
        <ele>-500</ele>
        <time>2026-09-05T16:05:09.000Z</time>
        <extensions>
          <ns3:TrackPointExtension>
            <ns3:atemp>26.0</ns3:atemp>
            <ns3:hr>115</ns3:hr>
          </ns3:TrackPointExtension>
        </extensions>
      </trkpt>
      <trkpt lat="36.23933094553649425506591796875" lon="117.108156122267246246337890625">
        <ele>-500</ele>
        <time>2026-09-05T16:05:10.000Z</time>
        <extensions>
          <ns3:TrackPointExtension>
            <ns3:atemp>26.0</ns3:atemp>
            <ns3:hr>115</ns3:hr>
          </ns3:TrackPointExtension>
        </extensions>
      </trkpt>
      <trkpt lat="36.23933094553649425506591796875" lon="117.108156122267246246337890625">
        <ele>-500</ele>
        <time>2026-09-05T16:05:11.000Z</time>
        <extensions>
          <ns3:TrackPointExtension>
            <ns3:atemp>26.0</ns3:atemp>
            <ns3:hr>115</ns3:hr>
          </ns3:TrackPointExtension>
        </extensions>
      </trkpt>
      <trkpt lat="36.23933094553649425506591796875" lon="117.108156122267246246337890625">
        <ele>-500</ele>
        <time>2026-09-05T16:05:12.000Z</time>
        <extensions>
          <ns3:TrackPointExtension>
            <ns3:atemp>26.0</ns3:atemp>
            <ns3:hr>114</ns3:hr>
          </ns3:TrackPointExtension>
        </extensions>
      </trkpt>
      <trkpt lat="36.23933094553649425506591796875" lon="117.108156122267246246337890625">
        <ele>-500</ele>
        <time>2026-09-05T16:05:13.000Z</time>
        <extensions>
          <ns3:TrackPointExtension>
            <ns3:atemp>26.0</ns3:atemp>
            <ns3:hr>114</ns3:hr>
          </ns3:TrackPointExtension>
        </extensions>
      </trkpt>
      <trkpt lat="36.23933094553649425506591796875" lon="117.108156122267246246337890625">
        <ele>-500</ele>
        <time>2026-09-05T16:05:14.000Z</time>
        <extensions>
          <ns3:TrackPointExtension>
            <ns3:atemp>26.0</ns3:atemp>
            <ns3:hr>115</ns3:hr>
          </ns3:TrackPointExtension>
        </extensions>
      </trkpt>
      <trkpt lat="36.23933094553649425506591796875" lon="117.108156122267246246337890625">
        <ele>-500</ele>
        <time>2026-09-05T16:05:15.000Z</time>
        <extensions>
          <ns3:TrackPointExtension>
            <ns3:atemp>26.0</ns3:atemp>
            <ns3:hr>115</ns3:hr>
          </ns3:TrackPointExtension>
        </extensions>
      </trkpt>
      <trkpt lat="36.23933069407939910888671875" lon="117.1081559546291828155517578125">
        <ele>-500</ele>
        <time>2026-09-05T16:05:16.000Z</time>
        <extensions>
          <ns3:TrackPointExtension>
            <ns3:atemp>26.0</ns3:atemp>
            <ns3:hr>114</ns3:hr>
          </ns3:TrackPointExtension>
        </extensions>
      </trkpt>
      <trkpt lat="36.23933027498424053192138671875" lon="117.108156122267246246337890625">
        <ele>-500</ele>
        <time>2026-09-05T16:05:17.000Z</time>
        <extensions>
          <ns3:TrackPointExtension>
            <ns3:atemp>26.0</ns3:atemp>
            <ns3:hr>117</ns3:hr>
          </ns3:TrackPointExtension>
        </extensions>
      </trkpt>
      <trkpt lat="36.2393300235271453857421875" lon="117.1081566251814365386962890625">
        <ele>-500</ele>
        <time>2026-09-05T16:05:18.000Z</time>
        <extensions>
          <ns3:TrackPointExtension>
            <ns3:atemp>26.0</ns3:atemp>
            <ns3:hr>117</ns3:hr>
          </ns3:TrackPointExtension>
        </extensions>
      </trkpt>
      <trkpt lat="36.2393273413181304931640625" lon="117.1081571280956268310546875">
        <ele>-500</ele>
        <time>2026-09-05T16:05:19.000Z</time>
        <extensions>
          <ns3:TrackPointExtension>
            <ns3:atemp>26.0</ns3:atemp>
            <ns3:hr>115</ns3:hr>
          </ns3:TrackPointExtension>
        </extensions>
      </trkpt>
      <trkpt lat="36.23932440765202045440673828125" lon="117.1081576310098171234130859375">
        <ele>-500</ele>
        <time>2026-09-05T16:05:20.000Z</time>
        <extensions>
          <ns3:TrackPointExtension>
            <ns3:atemp>26.0</ns3:atemp>
            <ns3:hr>116</ns3:hr>
          </ns3:TrackPointExtension>
        </extensions>
      </trkpt>
      <trkpt lat="36.23932189308106899261474609375" lon="117.1081586368381977081298828125">
        <ele>-500</ele>
        <time>2026-09-05T16:05:21.000Z</time>
        <extensions>
          <ns3:TrackPointExtension>
            <ns3:atemp>25.0</ns3:atemp>
            <ns3:hr>114</ns3:hr>
          </ns3:TrackPointExtension>
        </extensions>
      </trkpt>
      <trkpt lat="36.2393204681575298309326171875" lon="117.10815913975238800048828125">
        <ele>-500</ele>
        <time>2026-09-05T16:05:22.000Z</time>
        <extensions>
          <ns3:TrackPointExtension>
            <ns3:atemp>25.0</ns3:atemp>
            <ns3:hr>115</ns3:hr>
          </ns3:TrackPointExtension>
        </extensions>
      </trkpt>
      <trkpt lat="36.239319629967212677001953125" lon="117.10815939120948314666748046875">
        <ele>-500</ele>
        <time>2026-09-05T16:05:23.000Z</time>
        <extensions>
          <ns3:TrackPointExtension>
            <ns3:atemp>25.0</ns3:atemp>
            <ns3:hr>114</ns3:hr>
          </ns3:TrackPointExtension>
        </extensions>
      </trkpt>
      <trkpt lat="36.23931887559592723846435546875" lon="117.108159475028514862060546875">
        <ele>-500</ele>
        <time>2026-09-05T16:05:24.000Z</time>
        <extensions>
          <ns3:TrackPointExtension>
            <ns3:atemp>25.0</ns3:atemp>
            <ns3:hr>114</ns3:hr>
          </ns3:TrackPointExtension>
        </extensions>
      </trkpt>
      <trkpt lat="36.23931854031980037689208984375" lon="117.10815972648561000823974609375">
        <ele>-500</ele>
        <time>2026-09-05T16:05:25.000Z</time>
        <extensions>
          <ns3:TrackPointExtension>
            <ns3:atemp>25.0</ns3:atemp>
            <ns3:hr>113</ns3:hr>
          </ns3:TrackPointExtension>
        </extensions>
      </trkpt>
      <trkpt lat="36.23931770212948322296142578125" lon="117.10815972648561000823974609375">
        <ele>-500</ele>
        <time>2026-09-05T16:05:26.000Z</time>
        <extensions>
          <ns3:TrackPointExtension>
            <ns3:atemp>25.0</ns3:atemp>
            <ns3:hr>111</ns3:hr>
          </ns3:TrackPointExtension>
        </extensions>
      </trkpt>
      <trkpt lat="36.23931719921529293060302734375" lon="117.10815972648561000823974609375">
        <ele>-500</ele>
        <time>2026-09-05T16:05:27.000Z</time>
        <extensions>
          <ns3:TrackPointExtension>
            <ns3:atemp>25.0</ns3:atemp>
            <ns3:hr>113</ns3:hr>
          </ns3:TrackPointExtension>
        </extensions>
      </trkpt>
      <trkpt lat="36.2393167801201343536376953125" lon="117.10815972648561000823974609375">
        <ele>-500</ele>
        <time>2026-09-05T16:05:28.000Z</time>
        <extensions>
          <ns3:TrackPointExtension>
            <ns3:atemp>25.0</ns3:atemp>
            <ns3:hr>112</ns3:hr>
          </ns3:TrackPointExtension>
        </extensions>
      </trkpt>
      <trkpt lat="36.23931652866303920745849609375" lon="117.10815972648561000823974609375">
        <ele>-500</ele>
        <time>2026-09-05T16:05:29.000Z</time>
        <extensions>
          <ns3:TrackPointExtension>
            <ns3:atemp>25.0</ns3:atemp>
            <ns3:hr>110</ns3:hr>
          </ns3:TrackPointExtension>
        </extensions>
      </trkpt>
      <trkpt lat="36.2393164448440074920654296875" lon="117.10815972648561000823974609375">
        <ele>-500</ele>
        <time>2026-09-05T16:05:30.000Z</time>
        <extensions>
          <ns3:TrackPointExtension>
            <ns3:atemp>26.0</ns3:atemp>
            <ns3:hr>111</ns3:hr>
          </ns3:TrackPointExtension>
        </extensions>
      </trkpt>
      <trkpt lat="36.2393164448440074920654296875" lon="117.10815972648561000823974609375">
        <ele>-500</ele>
        <time>2026-09-05T16:05:31.000Z</time>
        <extensions>
          <ns3:TrackPointExtension>
            <ns3:atemp>26.0</ns3:atemp>
            <ns3:hr>112</ns3:hr>
          </ns3:TrackPointExtension>
        </extensions>
      </trkpt>
      <trkpt lat="36.239319629967212677001953125" lon="117.10815503261983394622802734375">
        <ele>-500</ele>
        <time>2026-09-05T16:05:33.000Z</time>
        <extensions>
          <ns3:TrackPointExtension>
            <ns3:atemp>26.0</ns3:atemp>
            <ns3:hr>112</ns3:hr>
          </ns3:TrackPointExtension>
        </extensions>
      </trkpt>
      <trkpt lat="36.23934485949575901031494140625" lon="117.10813290439546108245849609375">
        <ele>-500</ele>
        <time>2026-09-05T16:05:35.000Z</time>
        <extensions>
          <ns3:TrackPointExtension>
            <ns3:atemp>26.0</ns3:atemp>
            <ns3:hr>112</ns3:hr>
          </ns3:TrackPointExtension>
        </extensions>
      </trkpt>
      <trkpt lat="36.239355504512786865234375" lon="117.10813407786190509796142578125">
        <ele>-500</ele>
        <time>2026-09-05T16:05:36.000Z</time>
        <extensions>
          <ns3:TrackPointExtension>
            <ns3:atemp>26.0</ns3:atemp>
            <ns3:hr>111</ns3:hr>
          </ns3:TrackPointExtension>
        </extensions>
      </trkpt>
      <trkpt lat="36.2393630482256412506103515625" lon="117.10813089273869991302490234375">
        <ele>-500</ele>
        <time>2026-09-05T16:05:37.000Z</time>
        <extensions>
          <ns3:TrackPointExtension>
            <ns3:atemp>26.0</ns3:atemp>
            <ns3:hr>112</ns3:hr>
          </ns3:TrackPointExtension>
        </extensions>
      </trkpt>
      <trkpt lat="36.23938492499291896820068359375" lon="117.10812184028327465057373046875">
        <ele>-500</ele>
        <time>2026-09-05T16:05:40.000Z</time>
        <extensions>
          <ns3:TrackPointExtension>
            <ns3:atemp>26.0</ns3:atemp>
            <ns3:hr>113</ns3:hr>
          </ns3:TrackPointExtension>
        </extensions>
      </trkpt>
      <trkpt lat="36.2393995933234691619873046875" lon="117.1081115305423736572265625">
        <ele>-500</ele>
        <time>2026-09-05T16:05:43.000Z</time>
        <extensions>
          <ns3:TrackPointExtension>
            <ns3:atemp>26.0</ns3:atemp>
            <ns3:hr>114</ns3:hr>
          </ns3:TrackPointExtension>
        </extensions>
      </trkpt>
      <trkpt lat="36.239398084580898284912109375" lon="117.10811228491365909576416015625">
        <ele>-500</ele>
        <time>2026-09-05T16:05:45.000Z</time>
        <extensions>
          <ns3:TrackPointExtension>
            <ns3:atemp>26.0</ns3:atemp>
            <ns3:hr>110</ns3:hr>
          </ns3:TrackPointExtension>
        </extensions>
      </trkpt>
      <trkpt lat="36.2393918819725513458251953125" lon="117.1081049926578998565673828125">
        <ele>-500</ele>
        <time>2026-09-05T16:05:47.000Z</time>
        <extensions>
          <ns3:TrackPointExtension>
            <ns3:atemp>26.0</ns3:atemp>
            <ns3:hr>111</ns3:hr>
          </ns3:TrackPointExtension>
        </extensions>
      </trkpt>
      <trkpt lat="36.23938878066837787628173828125" lon="117.10810557939112186431884765625">
        <ele>-500</ele>
        <time>2026-09-05T16:05:48.000Z</time>
        <extensions>
          <ns3:TrackPointExtension>
            <ns3:atemp>26.0</ns3:atemp>
            <ns3:hr>112</ns3:hr>
          </ns3:TrackPointExtension>
        </extensions>
      </trkpt>
      <trkpt lat="36.23938693664968013763427734375" lon="117.10810708813369274139404296875">
        <ele>-500</ele>
        <time>2026-09-05T16:05:49.000Z</time>
        <extensions>
          <ns3:TrackPointExtension>
            <ns3:atemp>26.0</ns3:atemp>
            <ns3:hr>113</ns3:hr>
          </ns3:TrackPointExtension>
        </extensions>
      </trkpt>
      <trkpt lat="36.2393863499164581298828125" lon="117.10811027325689792633056640625">
        <ele>-500</ele>
        <time>2026-09-05T16:05:50.000Z</time>
        <extensions>
          <ns3:TrackPointExtension>
            <ns3:atemp>26.0</ns3:atemp>
            <ns3:hr>113</ns3:hr>
          </ns3:TrackPointExtension>
        </extensions>
      </trkpt>
      <trkpt lat="36.2393845058977603912353515625" lon="117.10811161436140537261962890625">
        <ele>-500</ele>
        <time>2026-09-05T16:05:51.000Z</time>
        <extensions>
          <ns3:TrackPointExtension>
            <ns3:atemp>26.0</ns3:atemp>
            <ns3:hr>111</ns3:hr>
          </ns3:TrackPointExtension>
        </extensions>
      </trkpt>
      <trkpt lat="36.2393845058977603912353515625" lon="117.10811161436140537261962890625">
        <ele>-500</ele>
        <time>2026-09-05T16:05:52.000Z</time>
        <extensions>
          <ns3:TrackPointExtension>
            <ns3:atemp>26.0</ns3:atemp>
            <ns3:hr>112</ns3:hr>
          </ns3:TrackPointExtension>
        </extensions>
      </trkpt>
      <trkpt lat="36.2393845058977603912353515625" lon="117.10811161436140537261962890625">
        <ele>-500</ele>
        <time>2026-09-05T16:05:53.000Z</time>
        <extensions>
          <ns3:TrackPointExtension>
            <ns3:atemp>26.0</ns3:atemp>
            <ns3:hr>113</ns3:hr>
          </ns3:TrackPointExtension>
        </extensions>
      </trkpt>
      <trkpt lat="36.2393845058977603912353515625" lon="117.10811161436140537261962890625">
        <ele>-500</ele>
        <time>2026-09-05T16:05:54.000Z</time>
        <extensions>
          <ns3:TrackPointExtension>
            <ns3:atemp>26.0</ns3:atemp>
            <ns3:hr>111</ns3:hr>
          </ns3:TrackPointExtension>
        </extensions>
      </trkpt>
      <trkpt lat="36.2393845058977603912353515625" lon="117.10811161436140537261962890625">
        <ele>-500</ele>
        <time>2026-09-05T16:05:55.000Z</time>
        <extensions>
          <ns3:TrackPointExtension>
            <ns3:atemp>26.0</ns3:atemp>
            <ns3:hr>112</ns3:hr>
          </ns3:TrackPointExtension>
        </extensions>
      </trkpt>
      <trkpt lat="36.2393845058977603912353515625" lon="117.10811161436140537261962890625">
        <ele>-500</ele>
        <time>2026-09-05T16:05:56.000Z</time>
        <extensions>
          <ns3:TrackPointExtension>
            <ns3:atemp>26.0</ns3:atemp>
            <ns3:hr>111</ns3:hr>
          </ns3:TrackPointExtension>
        </extensions>
      </trkpt>
      <trkpt lat="36.2393845058977603912353515625" lon="117.10811161436140537261962890625">
        <ele>-500</ele>
        <time>2026-09-05T16:05:57.000Z</time>
        <extensions>
          <ns3:TrackPointExtension>
            <ns3:atemp>26.0</ns3:atemp>
            <ns3:hr>112</ns3:hr>
          </ns3:TrackPointExtension>
        </extensions>
      </trkpt>
      <trkpt lat="36.2393845058977603912353515625" lon="117.10811161436140537261962890625">
        <ele>-500</ele>
        <time>2026-09-05T16:05:58.000Z</time>
        <extensions>
          <ns3:TrackPointExtension>
            <ns3:atemp>26.0</ns3:atemp>
            <ns3:hr>113</ns3:hr>
          </ns3:TrackPointExtension>
        </extensions>
      </trkpt>
      <trkpt lat="36.2393845058977603912353515625" lon="117.10811161436140537261962890625">
        <ele>-500</ele>
        <time>2026-09-05T16:05:59.000Z</time>
        <extensions>
          <ns3:TrackPointExtension>
            <ns3:atemp>26.0</ns3:atemp>
            <ns3:hr>113</ns3:hr>
          </ns3:TrackPointExtension>
        </extensions>
      </trkpt>
      <trkpt lat="36.2393845058977603912353515625" lon="117.10811161436140537261962890625">
        <ele>-500</ele>
        <time>2026-09-05T16:06:00.000Z</time>
        <extensions>
          <ns3:TrackPointExtension>
            <ns3:atemp>26.0</ns3:atemp>
            <ns3:hr>114</ns3:hr>
          </ns3:TrackPointExtension>
        </extensions>
      </trkpt>
      <trkpt lat="36.2393845058977603912353515625" lon="117.10811161436140537261962890625">
        <ele>-500</ele>
        <time>2026-09-05T16:06:01.000Z</time>
        <extensions>
          <ns3:TrackPointExtension>
            <ns3:atemp>26.0</ns3:atemp>
            <ns3:hr>111</ns3:hr>
          </ns3:TrackPointExtension>
        </extensions>
      </trkpt>
      <trkpt lat="36.2393845058977603912353515625" lon="117.10811161436140537261962890625">
        <ele>-500</ele>
        <time>2026-09-05T16:06:02.000Z</time>
        <extensions>
          <ns3:TrackPointExtension>
            <ns3:atemp>26.0</ns3:atemp>
            <ns3:hr>112</ns3:hr>
          </ns3:TrackPointExtension>
        </extensions>
      </trkpt>
      <trkpt lat="36.2393845058977603912353515625" lon="117.10811161436140537261962890625">
        <ele>-500</ele>
        <time>2026-09-05T16:06:03.000Z</time>
        <extensions>
          <ns3:TrackPointExtension>
            <ns3:atemp>26.0</ns3:atemp>
            <ns3:hr>113</ns3:hr>
          </ns3:TrackPointExtension>
        </extensions>
      </trkpt>
      <trkpt lat="36.2393845058977603912353515625" lon="117.10811161436140537261962890625">
        <ele>-500</ele>
        <time>2026-09-05T16:06:04.000Z</time>
        <extensions>
          <ns3:TrackPointExtension>
            <ns3:atemp>26.0</ns3:atemp>
            <ns3:hr>110</ns3:hr>
          </ns3:TrackPointExtension>
        </extensions>
      </trkpt>
      <trkpt lat="36.2393845058977603912353515625" lon="117.10811161436140537261962890625">
        <ele>-500</ele>
        <time>2026-09-05T16:06:06.000Z</time>
        <extensions>
          <ns3:TrackPointExtension>
            <ns3:atemp>26.0</ns3:atemp>
            <ns3:hr>110</ns3:hr>
          </ns3:TrackPointExtension>
        </extensions>
      </trkpt>
      <trkpt lat="36.23938173986971378326416015625" lon="117.10811178199946880340576171875">
        <ele>-500</ele>
        <time>2026-09-05T16:06:08.000Z</time>
        <extensions>
          <ns3:TrackPointExtension>
            <ns3:atemp>26.0</ns3:atemp>
            <ns3:hr>108</ns3:hr>
          </ns3:TrackPointExtension>
        </extensions>
      </trkpt>
      <trkpt lat="36.2393801473081111907958984375" lon="117.10811278782784938812255859375">
        <ele>-500</ele>
        <time>2026-09-05T16:06:10.000Z</time>
        <extensions>
          <ns3:TrackPointExtension>
            <ns3:atemp>26.0</ns3:atemp>
            <ns3:hr>110</ns3:hr>
          </ns3:TrackPointExtension>
        </extensions>
      </trkpt>
      <trkpt lat="36.23937872238457202911376953125" lon="117.108115218579769134521484375">
        <ele>-500</ele>
        <time>2026-09-05T16:06:13.000Z</time>
        <extensions>
          <ns3:TrackPointExtension>
            <ns3:atemp>26.0</ns3:atemp>
            <ns3:hr>109</ns3:hr>
          </ns3:TrackPointExtension>
        </extensions>
      </trkpt>
      <trkpt lat="36.23937687836587429046630859375" lon="117.1081204153597354888916015625">
        <ele>-500</ele>
        <time>2026-09-05T16:06:17.000Z</time>
        <extensions>
          <ns3:TrackPointExtension>
            <ns3:atemp>26.0</ns3:atemp>
            <ns3:hr>109</ns3:hr>
          </ns3:TrackPointExtension>
        </extensions>
      </trkpt>
      <trkpt lat="36.23937570489943027496337890625" lon="117.10812133736908435821533203125">
        <ele>-500</ele>
        <time>2026-09-05T16:06:21.000Z</time>
        <extensions>
          <ns3:TrackPointExtension>
            <ns3:atemp>26.0</ns3:atemp>
            <ns3:hr>107</ns3:hr>
          </ns3:TrackPointExtension>
        </extensions>
      </trkpt>
      <trkpt lat="36.23937486670911312103271484375" lon="117.10812251083552837371826171875">
        <ele>-500</ele>
        <time>2026-09-05T16:06:24.000Z</time>
        <extensions>
          <ns3:TrackPointExtension>
            <ns3:atemp>26.0</ns3:atemp>
            <ns3:hr>107</ns3:hr>
          </ns3:TrackPointExtension>
        </extensions>
      </trkpt>
      <trkpt lat="36.239374615252017974853515625" lon="117.10812267847359180450439453125">
        <ele>-500</ele>
        <time>2026-09-05T16:06:25.000Z</time>
        <extensions>
          <ns3:TrackPointExtension>
            <ns3:atemp>26.0</ns3:atemp>
            <ns3:hr>108</ns3:hr>
          </ns3:TrackPointExtension>
        </extensions>
      </trkpt>
      <trkpt lat="36.23937427997589111328125" lon="117.10812267847359180450439453125">
        <ele>-500</ele>
        <time>2026-09-05T16:06:26.000Z</time>
        <extensions>
          <ns3:TrackPointExtension>
            <ns3:atemp>26.0</ns3:atemp>
            <ns3:hr>109</ns3:hr>
          </ns3:TrackPointExtension>
        </extensions>
      </trkpt>
      <trkpt lat="36.23937402851879596710205078125" lon="117.10812301374971866607666015625">
        <ele>-500</ele>
        <time>2026-09-05T16:06:27.000Z</time>
        <extensions>
          <ns3:TrackPointExtension>
            <ns3:atemp>26.0</ns3:atemp>
            <ns3:hr>109</ns3:hr>
          </ns3:TrackPointExtension>
        </extensions>
      </trkpt>
      <trkpt lat="36.23937386088073253631591796875" lon="117.10812334902584552764892578125">
        <ele>-500</ele>
        <time>2026-09-05T16:06:28.000Z</time>
        <extensions>
          <ns3:TrackPointExtension>
            <ns3:atemp>26.0</ns3:atemp>
            <ns3:hr>110</ns3:hr>
          </ns3:TrackPointExtension>
        </extensions>
      </trkpt>
      <trkpt lat="36.2393737770617008209228515625" lon="117.1081244386732578277587890625">
        <ele>-500</ele>
        <time>2026-09-05T16:06:29.000Z</time>
        <extensions>
          <ns3:TrackPointExtension>
            <ns3:atemp>26.0</ns3:atemp>
            <ns3:hr>110</ns3:hr>
          </ns3:TrackPointExtension>
        </extensions>
      </trkpt>
      <trkpt lat="36.23937369324266910552978515625" lon="117.10812586359679698944091796875">
        <ele>-500</ele>
        <time>2026-09-05T16:06:30.000Z</time>
        <extensions>
          <ns3:TrackPointExtension>
            <ns3:atemp>26.0</ns3:atemp>
            <ns3:hr>111</ns3:hr>
          </ns3:TrackPointExtension>
        </extensions>
      </trkpt>
      <trkpt lat="36.23937352560460567474365234375" lon="117.10812770761549472808837890625">
        <ele>-500</ele>
        <time>2026-09-05T16:06:31.000Z</time>
        <extensions>
          <ns3:TrackPointExtension>
            <ns3:atemp>26.0</ns3:atemp>
            <ns3:hr>111</ns3:hr>
          </ns3:TrackPointExtension>
        </extensions>
      </trkpt>
      <trkpt lat="36.239373274147510528564453125" lon="117.10813173092901706695556640625">
        <ele>-500</ele>
        <time>2026-09-05T16:06:33.000Z</time>
        <extensions>
          <ns3:TrackPointExtension>
            <ns3:atemp>26.0</ns3:atemp>
            <ns3:hr>112</ns3:hr>
          </ns3:TrackPointExtension>
        </extensions>
      </trkpt>
      <trkpt lat="36.2393731065094470977783203125" lon="117.10813240148127079010009765625">
        <ele>-500</ele>
        <time>2026-09-05T16:06:35.000Z</time>
        <extensions>
          <ns3:TrackPointExtension>
            <ns3:atemp>26.0</ns3:atemp>
            <ns3:hr>113</ns3:hr>
          </ns3:TrackPointExtension>
        </extensions>
      </trkpt>
      <trkpt lat="36.2393729388713836669921875" lon="117.1081329882144927978515625">
        <ele>-500</ele>
        <time>2026-09-05T16:06:37.000Z</time>
        <extensions>
          <ns3:TrackPointExtension>
            <ns3:atemp>26.0</ns3:atemp>
            <ns3:hr>114</ns3:hr>
          </ns3:TrackPointExtension>
        </extensions>
      </trkpt>
      <trkpt lat="36.23937251977622509002685546875" lon="117.10813391022384166717529296875">
        <ele>-500</ele>
        <time>2026-09-05T16:06:39.000Z</time>
        <extensions>
          <ns3:TrackPointExtension>
            <ns3:atemp>26.0</ns3:atemp>
            <ns3:hr>116</ns3:hr>
          </ns3:TrackPointExtension>
        </extensions>
      </trkpt>
      <trkpt lat="36.23937235213816165924072265625" lon="117.108133994042873382568359375">
        <ele>-500</ele>
        <time>2026-09-05T16:06:40.000Z</time>
        <extensions>
          <ns3:TrackPointExtension>
            <ns3:atemp>26.0</ns3:atemp>
            <ns3:hr>116</ns3:hr>
          </ns3:TrackPointExtension>
        </extensions>
      </trkpt>
      <trkpt lat="36.23937235213816165924072265625" lon="117.108133994042873382568359375">
        <ele>-500</ele>
        <time>2026-09-05T16:06:41.000Z</time>
        <extensions>
          <ns3:TrackPointExtension>
            <ns3:atemp>26.0</ns3:atemp>
            <ns3:hr>116</ns3:hr>
          </ns3:TrackPointExtension>
        </extensions>
      </trkpt>
      <trkpt lat="36.23937201686203479766845703125" lon="117.108133994042873382568359375">
        <ele>-500</ele>
        <time>2026-09-05T16:06:42.000Z</time>
        <extensions>
          <ns3:TrackPointExtension>
            <ns3:atemp>26.0</ns3:atemp>
            <ns3:hr>116</ns3:hr>
          </ns3:TrackPointExtension>
        </extensions>
      </trkpt>
      <trkpt lat="36.2393714301288127899169921875" lon="117.108133994042873382568359375">
        <ele>-500</ele>
        <time>2026-09-05T16:06:44.000Z</time>
        <extensions>
          <ns3:TrackPointExtension>
            <ns3:atemp>27.0</ns3:atemp>
            <ns3:hr>116</ns3:hr>
          </ns3:TrackPointExtension>
        </extensions>
      </trkpt>
      <trkpt lat="36.23937000520527362823486328125" lon="117.108133994042873382568359375">
        <ele>-500</ele>
        <time>2026-09-05T16:06:46.000Z</time>
        <extensions>
          <ns3:TrackPointExtension>
            <ns3:atemp>27.0</ns3:atemp>
            <ns3:hr>117</ns3:hr>
          </ns3:TrackPointExtension>
        </extensions>
      </trkpt>
      <trkpt lat="36.23936514370143413543701171875" lon="117.108133994042873382568359375">
        <ele>-500</ele>
        <time>2026-09-05T16:06:48.000Z</time>
        <extensions>
          <ns3:TrackPointExtension>
            <ns3:atemp>27.0</ns3:atemp>
            <ns3:hr>117</ns3:hr>
          </ns3:TrackPointExtension>
        </extensions>
      </trkpt>
      <trkpt lat="36.2393620423972606658935546875" lon="117.1081331558525562286376953125">
        <ele>-500</ele>
        <time>2026-09-05T16:06:50.000Z</time>
        <extensions>
          <ns3:TrackPointExtension>
            <ns3:atemp>27.0</ns3:atemp>
            <ns3:hr>118</ns3:hr>
          </ns3:TrackPointExtension>
        </extensions>
      </trkpt>
      <trkpt lat="36.23936011455953121185302734375" lon="117.10813273675739765167236328125">
        <ele>-500</ele>
        <time>2026-09-05T16:06:53.000Z</time>
        <extensions>
          <ns3:TrackPointExtension>
            <ns3:atemp>27.0</ns3:atemp>
            <ns3:hr>119</ns3:hr>
          </ns3:TrackPointExtension>
        </extensions>
      </trkpt>
      <trkpt lat="36.23935994692146778106689453125" lon="117.10813173092901706695556640625">
        <ele>-500</ele>
        <time>2026-09-05T16:06:54.000Z</time>
        <extensions>
          <ns3:TrackPointExtension>
            <ns3:atemp>27.0</ns3:atemp>
            <ns3:hr>121</ns3:hr>
          </ns3:TrackPointExtension>
        </extensions>
      </trkpt>
      <trkpt lat="36.239359863102436065673828125" lon="117.1081298030912876129150390625">
        <ele>-500</ele>
        <time>2026-09-05T16:06:55.000Z</time>
        <extensions>
          <ns3:TrackPointExtension>
            <ns3:atemp>27.0</ns3:atemp>
            <ns3:hr>119</ns3:hr>
          </ns3:TrackPointExtension>
        </extensions>
      </trkpt>
      <trkpt lat="36.239359863102436065673828125" lon="117.10812921635806560516357421875">
        <ele>-500</ele>
        <time>2026-09-05T16:06:56.000Z</time>
        <extensions>
          <ns3:TrackPointExtension>
            <ns3:atemp>27.0</ns3:atemp>
            <ns3:hr>119</ns3:hr>
          </ns3:TrackPointExtension>
        </extensions>
      </trkpt>
      <trkpt lat="36.239359863102436065673828125" lon="117.10812871344387531280517578125">
        <ele>-500</ele>
        <time>2026-09-05T16:06:57.000Z</time>
        <extensions>
          <ns3:TrackPointExtension>
            <ns3:atemp>27.0</ns3:atemp>
            <ns3:hr>120</ns3:hr>
          </ns3:TrackPointExtension>
        </extensions>
      </trkpt>
      <trkpt lat="36.239359863102436065673828125" lon="117.10812737233936786651611328125">
        <ele>-500</ele>
        <time>2026-09-05T16:07:00.000Z</time>
        <extensions>
          <ns3:TrackPointExtension>
            <ns3:atemp>27.0</ns3:atemp>
            <ns3:hr>120</ns3:hr>
          </ns3:TrackPointExtension>
        </extensions>
      </trkpt>
      <trkpt lat="36.23936011455953121185302734375" lon="117.1081115305423736572265625">
        <ele>-500</ele>
        <time>2026-09-05T16:07:08.000Z</time>
        <extensions>
          <ns3:TrackPointExtension>
            <ns3:atemp>27.0</ns3:atemp>
            <ns3:hr>120</ns3:hr>
          </ns3:TrackPointExtension>
        </extensions>
      </trkpt>
      <trkpt lat="36.23936011455953121185302734375" lon="117.1081093512475490570068359375">
        <ele>-500</ele>
        <time>2026-09-05T16:07:10.000Z</time>
        <extensions>
          <ns3:TrackPointExtension>
            <ns3:atemp>27.0</ns3:atemp>
            <ns3:hr>118</ns3:hr>
          </ns3:TrackPointExtension>
        </extensions>
      </trkpt>
      <trkpt lat="36.23935961164534091949462890625" lon="117.10810809396207332611083984375">
        <ele>-500</ele>
        <time>2026-09-05T16:07:12.000Z</time>
        <extensions>
          <ns3:TrackPointExtension>
            <ns3:atemp>27.0</ns3:atemp>
            <ns3:hr>120</ns3:hr>
          </ns3:TrackPointExtension>
        </extensions>
      </trkpt>
      <trkpt lat="36.23935944400727748870849609375" lon="117.10810775868594646453857421875">
        <ele>-500</ele>
        <time>2026-09-05T16:07:13.000Z</time>
        <extensions>
          <ns3:TrackPointExtension>
            <ns3:atemp>27.0</ns3:atemp>
            <ns3:hr>120</ns3:hr>
          </ns3:TrackPointExtension>
        </extensions>
      </trkpt>
      <trkpt lat="36.2393586896359920501708984375" lon="117.10810742340981960296630859375">
        <ele>-500</ele>
        <time>2026-09-05T16:07:14.000Z</time>
        <extensions>
          <ns3:TrackPointExtension>
            <ns3:atemp>27.0</ns3:atemp>
            <ns3:hr>120</ns3:hr>
          </ns3:TrackPointExtension>
        </extensions>
      </trkpt>
      <trkpt lat="36.23935810290277004241943359375" lon="117.10810683667659759521484375">
        <ele>-500</ele>
        <time>2026-09-05T16:07:15.000Z</time>
        <extensions>
          <ns3:TrackPointExtension>
            <ns3:atemp>27.0</ns3:atemp>
            <ns3:hr>121</ns3:hr>
          </ns3:TrackPointExtension>
        </extensions>
      </trkpt>
      <trkpt lat="36.23935776762664318084716796875" lon="117.108106501400470733642578125">
        <ele>-500</ele>
        <time>2026-09-05T16:07:16.000Z</time>
        <extensions>
          <ns3:TrackPointExtension>
            <ns3:atemp>27.0</ns3:atemp>
            <ns3:hr>120</ns3:hr>
          </ns3:TrackPointExtension>
        </extensions>
      </trkpt>
      <trkpt lat="36.23935759998857975006103515625" lon="117.10810541175305843353271484375">
        <ele>-500</ele>
        <time>2026-09-05T16:07:18.000Z</time>
        <extensions>
          <ns3:TrackPointExtension>
            <ns3:atemp>26.0</ns3:atemp>
            <ns3:hr>120</ns3:hr>
          </ns3:TrackPointExtension>
        </extensions>
      </trkpt>
      <trkpt lat="36.23935759998857975006103515625" lon="117.1081049926578998565673828125">
        <ele>-500</ele>
        <time>2026-09-05T16:07:19.000Z</time>
        <extensions>
          <ns3:TrackPointExtension>
            <ns3:atemp>26.0</ns3:atemp>
            <ns3:hr>120</ns3:hr>
          </ns3:TrackPointExtension>
        </extensions>
      </trkpt>
      <trkpt lat="36.23935751616954803466796875" lon="117.10810474120080471038818359375">
        <ele>-500</ele>
        <time>2026-09-05T16:07:20.000Z</time>
        <extensions>
          <ns3:TrackPointExtension>
            <ns3:atemp>26.0</ns3:atemp>
            <ns3:hr>120</ns3:hr>
          </ns3:TrackPointExtension>
        </extensions>
      </trkpt>
      <trkpt lat="36.23935751616954803466796875" lon="117.10810457356274127960205078125">
        <ele>-500</ele>
        <time>2026-09-05T16:07:21.000Z</time>
        <extensions>
          <ns3:TrackPointExtension>
            <ns3:atemp>26.0</ns3:atemp>
            <ns3:hr>120</ns3:hr>
          </ns3:TrackPointExtension>
        </extensions>
      </trkpt>
      <trkpt lat="36.23935751616954803466796875" lon="117.10810407064855098724365234375">
        <ele>-500</ele>
        <time>2026-09-05T16:07:22.000Z</time>
        <extensions>
          <ns3:TrackPointExtension>
            <ns3:atemp>26.0</ns3:atemp>
            <ns3:hr>120</ns3:hr>
          </ns3:TrackPointExtension>
        </extensions>
      </trkpt>
      <trkpt lat="36.23935751616954803466796875" lon="117.108103819191455841064453125">
        <ele>-500</ele>
        <time>2026-09-05T16:07:23.000Z</time>
        <extensions>
          <ns3:TrackPointExtension>
            <ns3:atemp>26.0</ns3:atemp>
            <ns3:hr>119</ns3:hr>
          </ns3:TrackPointExtension>
        </extensions>
      </trkpt>
      <trkpt lat="36.2393568456172943115234375" lon="117.108103148639202117919921875">
        <ele>-500</ele>
        <time>2026-09-05T16:07:24.000Z</time>
        <extensions>
          <ns3:TrackPointExtension>
            <ns3:atemp>26.0</ns3:atemp>
            <ns3:hr>119</ns3:hr>
          </ns3:TrackPointExtension>
        </extensions>
      </trkpt>
      <trkpt lat="36.23935625888407230377197265625" lon="117.10810155607759952545166015625">
        <ele>-500</ele>
        <time>2026-09-05T16:07:25.000Z</time>
        <extensions>
          <ns3:TrackPointExtension>
            <ns3:atemp>26.0</ns3:atemp>
            <ns3:hr>120</ns3:hr>
          </ns3:TrackPointExtension>
        </extensions>
      </trkpt>
      <trkpt lat="36.2393556721508502960205078125" lon="117.10810055024921894073486328125">
        <ele>-500</ele>
        <time>2026-09-05T16:07:26.000Z</time>
        <extensions>
          <ns3:TrackPointExtension>
            <ns3:atemp>26.0</ns3:atemp>
            <ns3:hr>119</ns3:hr>
          </ns3:TrackPointExtension>
        </extensions>
      </trkpt>
      <trkpt lat="36.23935525305569171905517578125" lon="117.10809971205890178680419921875">
        <ele>-500</ele>
        <time>2026-09-05T16:07:27.000Z</time>
        <extensions>
          <ns3:TrackPointExtension>
            <ns3:atemp>26.0</ns3:atemp>
            <ns3:hr>120</ns3:hr>
          </ns3:TrackPointExtension>
        </extensions>
      </trkpt>
      <trkpt lat="36.2393543310463428497314453125" lon="117.108099125325679779052734375">
        <ele>-500</ele>
        <time>2026-09-05T16:07:28.000Z</time>
        <extensions>
          <ns3:TrackPointExtension>
            <ns3:atemp>26.0</ns3:atemp>
            <ns3:hr>119</ns3:hr>
          </ns3:TrackPointExtension>
        </extensions>
      </trkpt>
      <trkpt lat="36.239353828132152557373046875" lon="117.10809887386858463287353515625">
        <ele>-500</ele>
        <time>2026-09-05T16:07:29.000Z</time>
        <extensions>
          <ns3:TrackPointExtension>
            <ns3:atemp>26.0</ns3:atemp>
            <ns3:hr>120</ns3:hr>
          </ns3:TrackPointExtension>
        </extensions>
      </trkpt>
      <trkpt lat="36.2393513135612010955810546875" lon="117.10809870623052120208740234375">
        <ele>-500</ele>
        <time>2026-09-05T16:07:31.000Z</time>
        <extensions>
          <ns3:TrackPointExtension>
            <ns3:atemp>26.0</ns3:atemp>
            <ns3:hr>120</ns3:hr>
          </ns3:TrackPointExtension>
        </extensions>
      </trkpt>
      <trkpt lat="36.23934938572347164154052734375" lon="117.1080986224114894866943359375">
        <ele>-500</ele>
        <time>2026-09-05T16:07:35.000Z</time>
        <extensions>
          <ns3:TrackPointExtension>
            <ns3:atemp>26.0</ns3:atemp>
            <ns3:hr>119</ns3:hr>
          </ns3:TrackPointExtension>
        </extensions>
      </trkpt>
      <trkpt lat="36.23934888280928134918212890625" lon="117.1080986224114894866943359375">
        <ele>-500</ele>
        <time>2026-09-05T16:07:37.000Z</time>
        <extensions>
          <ns3:TrackPointExtension>
            <ns3:atemp>26.0</ns3:atemp>
            <ns3:hr>119</ns3:hr>
          </ns3:TrackPointExtension>
        </extensions>
      </trkpt>
      <trkpt lat="36.2393486313521862030029296875" lon="117.1080986224114894866943359375">
        <ele>-500</ele>
        <time>2026-09-05T16:07:38.000Z</time>
        <extensions>
          <ns3:TrackPointExtension>
            <ns3:atemp>26.0</ns3:atemp>
            <ns3:hr>118</ns3:hr>
          </ns3:TrackPointExtension>
        </extensions>
      </trkpt>
      <trkpt lat="36.239348463714122772216796875" lon="117.1080986224114894866943359375">
        <ele>-500</ele>
        <time>2026-09-05T16:07:39.000Z</time>
        <extensions>
          <ns3:TrackPointExtension>
            <ns3:atemp>26.0</ns3:atemp>
            <ns3:hr>119</ns3:hr>
          </ns3:TrackPointExtension>
        </extensions>
      </trkpt>
      <trkpt lat="36.23934837989509105682373046875" lon="117.1080986224114894866943359375">
        <ele>-500</ele>
        <time>2026-09-05T16:07:40.000Z</time>
        <extensions>
          <ns3:TrackPointExtension>
            <ns3:atemp>26.0</ns3:atemp>
            <ns3:hr>118</ns3:hr>
          </ns3:TrackPointExtension>
        </extensions>
      </trkpt>
      <trkpt lat="36.23934837989509105682373046875" lon="117.1080986224114894866943359375">
        <ele>-500</ele>
        <time>2026-09-05T16:07:41.000Z</time>
        <extensions>
          <ns3:TrackPointExtension>
            <ns3:atemp>26.0</ns3:atemp>
            <ns3:hr>118</ns3:hr>
          </ns3:TrackPointExtension>
        </extensions>
      </trkpt>
      <trkpt lat="36.2393482960760593414306640625" lon="117.1080986224114894866943359375">
        <ele>-500</ele>
        <time>2026-09-05T16:07:42.000Z</time>
        <extensions>
          <ns3:TrackPointExtension>
            <ns3:atemp>26.0</ns3:atemp>
            <ns3:hr>118</ns3:hr>
          </ns3:TrackPointExtension>
        </extensions>
      </trkpt>
      <trkpt lat="36.2393482960760593414306640625" lon="117.10809870623052120208740234375">
        <ele>-500</ele>
        <time>2026-09-05T16:07:43.000Z</time>
        <extensions>
          <ns3:TrackPointExtension>
            <ns3:atemp>26.0</ns3:atemp>
            <ns3:hr>118</ns3:hr>
          </ns3:TrackPointExtension>
        </extensions>
      </trkpt>
      <trkpt lat="36.2393482960760593414306640625" lon="117.1080992929637432098388671875">
        <ele>-500</ele>
        <time>2026-09-05T16:07:44.000Z</time>
        <extensions>
          <ns3:TrackPointExtension>
            <ns3:atemp>26.0</ns3:atemp>
            <ns3:hr>117</ns3:hr>
          </ns3:TrackPointExtension>
        </extensions>
      </trkpt>
      <trkpt lat="36.2393482960760593414306640625" lon="117.10809971205890178680419921875">
        <ele>-500</ele>
        <time>2026-09-05T16:07:45.000Z</time>
        <extensions>
          <ns3:TrackPointExtension>
            <ns3:atemp>26.0</ns3:atemp>
            <ns3:hr>117</ns3:hr>
          </ns3:TrackPointExtension>
        </extensions>
      </trkpt>
      <trkpt lat="36.2393482960760593414306640625" lon="117.10810306482017040252685546875">
        <ele>-500</ele>
        <time>2026-09-05T16:07:47.000Z</time>
        <extensions>
          <ns3:TrackPointExtension>
            <ns3:atemp>26.0</ns3:atemp>
            <ns3:hr>117</ns3:hr>
          </ns3:TrackPointExtension>
        </extensions>
      </trkpt>
      <trkpt lat="36.2393482960760593414306640625" lon="117.1081160567700862884521484375">
        <ele>-500</ele>
        <time>2026-09-05T16:07:50.000Z</time>
        <extensions>
          <ns3:TrackPointExtension>
            <ns3:atemp>26.0</ns3:atemp>
            <ns3:hr>117</ns3:hr>
          </ns3:TrackPointExtension>
        </extensions>
      </trkpt>
      <trkpt lat="36.2393482960760593414306640625" lon="117.10812083445489406585693359375">
        <ele>-500</ele>
        <time>2026-09-05T16:07:51.000Z</time>
        <extensions>
          <ns3:TrackPointExtension>
            <ns3:atemp>26.0</ns3:atemp>
            <ns3:hr>117</ns3:hr>
          </ns3:TrackPointExtension>
        </extensions>
      </trkpt>
      <trkpt lat="36.23935055918991565704345703125" lon="117.1081331558525562286376953125">
        <ele>-500</ele>
        <time>2026-09-05T16:07:53.000Z</time>
        <extensions>
          <ns3:TrackPointExtension>
            <ns3:atemp>26.0</ns3:atemp>
            <ns3:hr>117</ns3:hr>
          </ns3:TrackPointExtension>
        </extensions>
      </trkpt>
      <trkpt lat="36.23935190029442310333251953125" lon="117.10813709534704685211181640625">
        <ele>-500</ele>
        <time>2026-09-05T16:07:54.000Z</time>
        <extensions>
          <ns3:TrackPointExtension>
            <ns3:atemp>27.0</ns3:atemp>
            <ns3:hr>117</ns3:hr>
          </ns3:TrackPointExtension>
        </extensions>
      </trkpt>
      <trkpt lat="36.2393533252179622650146484375" lon="117.10814195685088634490966796875">
        <ele>-500</ele>
        <time>2026-09-05T16:07:56.000Z</time>
        <extensions>
          <ns3:TrackPointExtension>
            <ns3:atemp>27.0</ns3:atemp>
            <ns3:hr>117</ns3:hr>
          </ns3:TrackPointExtension>
        </extensions>
      </trkpt>
      <trkpt lat="36.2393539957702159881591796875" lon="117.1081435494124889373779296875">
        <ele>-500</ele>
        <time>2026-09-05T16:07:57.000Z</time>
        <extensions>
          <ns3:TrackPointExtension>
            <ns3:atemp>27.0</ns3:atemp>
            <ns3:hr>117</ns3:hr>
          </ns3:TrackPointExtension>
        </extensions>
      </trkpt>
      <trkpt lat="36.2393543310463428497314453125" lon="117.1081445552408695220947265625">
        <ele>-500</ele>
        <time>2026-09-05T16:07:58.000Z</time>
        <extensions>
          <ns3:TrackPointExtension>
            <ns3:atemp>27.0</ns3:atemp>
            <ns3:hr>117</ns3:hr>
          </ns3:TrackPointExtension>
        </extensions>
      </trkpt>
      <trkpt lat="36.2393533252179622650146484375" lon="117.1081418730318546295166015625">
        <ele>-500</ele>
        <time>2026-09-05T16:07:59.000Z</time>
        <extensions>
          <ns3:TrackPointExtension>
            <ns3:atemp>27.0</ns3:atemp>
            <ns3:hr>116</ns3:hr>
          </ns3:TrackPointExtension>
        </extensions>
      </trkpt>
      <trkpt lat="36.23934687115252017974853515625" lon="117.10813977755606174468994140625">
        <ele>-500</ele>
        <time>2026-09-05T16:08:00.000Z</time>
        <extensions>
          <ns3:TrackPointExtension>
            <ns3:atemp>27.0</ns3:atemp>
            <ns3:hr>116</ns3:hr>
          </ns3:TrackPointExtension>
        </extensions>
      </trkpt>
      <trkpt lat="36.239340417087078094482421875" lon="117.1081425435841083526611328125">
        <ele>-500</ele>
        <time>2026-09-05T16:08:01.000Z</time>
        <extensions>
          <ns3:TrackPointExtension>
            <ns3:atemp>27.0</ns3:atemp>
            <ns3:hr>116</ns3:hr>
          </ns3:TrackPointExtension>
        </extensions>
      </trkpt>
      <trkpt lat="36.239332370460033416748046875" lon="117.1081341616809368133544921875">
        <ele>-500</ele>
        <time>2026-09-05T16:08:03.000Z</time>
        <extensions>
          <ns3:TrackPointExtension>
            <ns3:atemp>27.0</ns3:atemp>
            <ns3:hr>116</ns3:hr>
          </ns3:TrackPointExtension>
        </extensions>
      </trkpt>
      <trkpt lat="36.2393275089561939239501953125" lon="117.1081276237964630126953125">
        <ele>-500</ele>
        <time>2026-09-05T16:08:04.000Z</time>
        <extensions>
          <ns3:TrackPointExtension>
            <ns3:atemp>27.0</ns3:atemp>
            <ns3:hr>116</ns3:hr>
          </ns3:TrackPointExtension>
        </extensions>
      </trkpt>
      <trkpt lat="36.23931786976754665374755859375" lon="117.10815377533435821533203125">
        <ele>-500</ele>
        <time>2026-09-05T16:08:08.000Z</time>
        <extensions>
          <ns3:TrackPointExtension>
            <ns3:atemp>27.0</ns3:atemp>
            <ns3:hr>117</ns3:hr>
          </ns3:TrackPointExtension>
        </extensions>
      </trkpt>
      <trkpt lat="36.23930864967405796051025390625" lon="117.10816425271332263946533203125">
        <ele>-500</ele>
        <time>2026-09-05T16:08:09.000Z</time>
        <extensions>
          <ns3:TrackPointExtension>
            <ns3:atemp>27.0</ns3:atemp>
            <ns3:hr>118</ns3:hr>
          </ns3:TrackPointExtension>
        </extensions>
      </trkpt>
      <trkpt lat="36.23929046094417572021484375" lon="117.1081660129129886627197265625">
        <ele>-500</ele>
        <time>2026-09-05T16:08:10.000Z</time>
        <extensions>
          <ns3:TrackPointExtension>
            <ns3:atemp>27.0</ns3:atemp>
            <ns3:hr>118</ns3:hr>
          </ns3:TrackPointExtension>
        </extensions>
      </trkpt>
      <trkpt lat="36.2392587773501873016357421875" lon="117.10812603123486042022705078125">
        <ele>-500</ele>
        <time>2026-09-05T16:08:13.000Z</time>
        <extensions>
          <ns3:TrackPointExtension>
            <ns3:atemp>27.0</ns3:atemp>
            <ns3:hr>117</ns3:hr>
          </ns3:TrackPointExtension>
        </extensions>
      </trkpt>
      <trkpt lat="36.23925936408340930938720703125" lon="117.10810943506658077239990234375">
        <ele>-500</ele>
        <time>2026-09-05T16:08:14.000Z</time>
        <extensions>
          <ns3:TrackPointExtension>
            <ns3:atemp>27.0</ns3:atemp>
            <ns3:hr>117</ns3:hr>
          </ns3:TrackPointExtension>
        </extensions>
      </trkpt>
      <trkpt lat="36.23926623724400997161865234375" lon="117.108083702623844146728515625">
        <ele>-500</ele>
        <time>2026-09-05T16:08:16.000Z</time>
        <extensions>
          <ns3:TrackPointExtension>
            <ns3:atemp>27.0</ns3:atemp>
            <ns3:hr>118</ns3:hr>
          </ns3:TrackPointExtension>
        </extensions>
      </trkpt>
      <trkpt lat="36.23926137574017047882080078125" lon="117.10806333459913730621337890625">
        <ele>-500</ele>
        <time>2026-09-05T16:08:18.000Z</time>
        <extensions>
          <ns3:TrackPointExtension>
            <ns3:atemp>27.0</ns3:atemp>
            <ns3:hr>118</ns3:hr>
          </ns3:TrackPointExtension>
        </extensions>
      </trkpt>
      <trkpt lat="36.239261627197265625" lon="117.10801773704588413238525390625">
        <ele>-500</ele>
        <time>2026-09-05T16:08:22.000Z</time>
        <extensions>
          <ns3:TrackPointExtension>
            <ns3:atemp>27.0</ns3:atemp>
            <ns3:hr>118</ns3:hr>
          </ns3:TrackPointExtension>
        </extensions>
      </trkpt>
      <trkpt lat="36.2392624653875827789306640625" lon="117.10798471234738826751708984375">
        <ele>-500</ele>
        <time>2026-09-05T16:08:24.000Z</time>
        <extensions>
          <ns3:TrackPointExtension>
            <ns3:atemp>27.0</ns3:atemp>
            <ns3:hr>117</ns3:hr>
          </ns3:TrackPointExtension>
        </extensions>
      </trkpt>
      <trkpt lat="36.23926640488207340240478515625" lon="117.10797138512134552001953125">
        <ele>-500</ele>
        <time>2026-09-05T16:08:25.000Z</time>
        <extensions>
          <ns3:TrackPointExtension>
            <ns3:atemp>27.0</ns3:atemp>
            <ns3:hr>117</ns3:hr>
          </ns3:TrackPointExtension>
        </extensions>
      </trkpt>
      <trkpt lat="36.23927545733749866485595703125" lon="117.10796174593269824981689453125">
        <ele>-500</ele>
        <time>2026-09-05T16:08:26.000Z</time>
        <extensions>
          <ns3:TrackPointExtension>
            <ns3:atemp>27.0</ns3:atemp>
            <ns3:hr>116</ns3:hr>
          </ns3:TrackPointExtension>
        </extensions>
      </trkpt>
      <trkpt lat="36.2393026985228061676025390625" lon="117.1079604886472225189208984375">
        <ele>-500</ele>
        <time>2026-09-05T16:08:29.000Z</time>
        <extensions>
          <ns3:TrackPointExtension>
            <ns3:atemp>27.0</ns3:atemp>
            <ns3:hr>114</ns3:hr>
          </ns3:TrackPointExtension>
        </extensions>
      </trkpt>
      <trkpt lat="36.23931652866303920745849609375" lon="117.1079373545944690704345703125">
        <ele>-500</ele>
        <time>2026-09-05T16:08:31.000Z</time>
        <extensions>
          <ns3:TrackPointExtension>
            <ns3:atemp>27.0</ns3:atemp>
            <ns3:hr>114</ns3:hr>
          </ns3:TrackPointExtension>
        </extensions>
      </trkpt>
      <trkpt lat="36.239327006042003631591796875" lon="117.1079313196241855621337890625">
        <ele>-500</ele>
        <time>2026-09-05T16:08:32.000Z</time>
        <extensions>
          <ns3:TrackPointExtension>
            <ns3:atemp>27.0</ns3:atemp>
            <ns3:hr>114</ns3:hr>
          </ns3:TrackPointExtension>
        </extensions>
      </trkpt>
      <trkpt lat="36.2393380701541900634765625" lon="117.10792637430131435394287109375">
        <ele>-500</ele>
        <time>2026-09-05T16:08:33.000Z</time>
        <extensions>
          <ns3:TrackPointExtension>
            <ns3:atemp>27.0</ns3:atemp>
            <ns3:hr>114</ns3:hr>
          </ns3:TrackPointExtension>
        </extensions>
      </trkpt>
      <trkpt lat="36.23935139738023281097412109375" lon="117.10792151279747486114501953125">
        <ele>-500</ele>
        <time>2026-09-05T16:08:34.000Z</time>
        <extensions>
          <ns3:TrackPointExtension>
            <ns3:atemp>27.0</ns3:atemp>
            <ns3:hr>115</ns3:hr>
          </ns3:TrackPointExtension>
        </extensions>
      </trkpt>
      <trkpt lat="36.23936061747372150421142578125" lon="117.10792235098779201507568359375">
        <ele>-500</ele>
        <time>2026-09-05T16:08:35.000Z</time>
        <extensions>
          <ns3:TrackPointExtension>
            <ns3:atemp>27.0</ns3:atemp>
            <ns3:hr>115</ns3:hr>
          </ns3:TrackPointExtension>
        </extensions>
      </trkpt>
      <trkpt lat="36.239380650222301483154296875" lon="117.107918076217174530029296875">
        <ele>-500</ele>
        <time>2026-09-05T16:08:37.000Z</time>
        <extensions>
          <ns3:TrackPointExtension>
            <ns3:atemp>27.0</ns3:atemp>
            <ns3:hr>115</ns3:hr>
          </ns3:TrackPointExtension>
        </extensions>
      </trkpt>
      <trkpt lat="36.2393881939351558685302734375" lon="117.10791782476007938385009765625">
        <ele>-500</ele>
        <time>2026-09-05T16:08:38.000Z</time>
        <extensions>
          <ns3:TrackPointExtension>
            <ns3:atemp>27.0</ns3:atemp>
            <ns3:hr>115</ns3:hr>
          </ns3:TrackPointExtension>
        </extensions>
      </trkpt>
      <trkpt lat="36.2393935583531856536865234375" lon="117.10790441371500492095947265625">
        <ele>-500</ele>
        <time>2026-09-05T16:08:39.000Z</time>
        <extensions>
          <ns3:TrackPointExtension>
            <ns3:atemp>27.0</ns3:atemp>
            <ns3:hr>115</ns3:hr>
          </ns3:TrackPointExtension>
        </extensions>
      </trkpt>
      <trkpt lat="36.23939917422831058502197265625" lon="117.10788748227059841156005859375">
        <ele>-500</ele>
        <time>2026-09-05T16:08:41.000Z</time>
        <extensions>
          <ns3:TrackPointExtension>
            <ns3:atemp>27.0</ns3:atemp>
            <ns3:hr>115</ns3:hr>
          </ns3:TrackPointExtension>
        </extensions>
      </trkpt>
      <trkpt lat="36.2394099868834018707275390625" lon="117.10787641815841197967529296875">
        <ele>-500</ele>
        <time>2026-09-05T16:08:44.000Z</time>
        <extensions>
          <ns3:TrackPointExtension>
            <ns3:atemp>27.0</ns3:atemp>
            <ns3:hr>115</ns3:hr>
          </ns3:TrackPointExtension>
        </extensions>
      </trkpt>
      <trkpt lat="36.2394180335104465484619140625" lon="117.10789804346859455108642578125">
        <ele>-500</ele>
        <time>2026-09-05T16:08:46.000Z</time>
        <extensions>
          <ns3:TrackPointExtension>
            <ns3:atemp>27.0</ns3:atemp>
            <ns3:hr>114</ns3:hr>
          </ns3:TrackPointExtension>
        </extensions>
      </trkpt>
      <trkpt lat="36.239419542253017425537109375" lon="117.10790039040148258209228515625">
        <ele>-500</ele>
        <time>2026-09-05T16:08:47.000Z</time>
        <extensions>
          <ns3:TrackPointExtension>
            <ns3:atemp>27.0</ns3:atemp>
            <ns3:hr>114</ns3:hr>
          </ns3:TrackPointExtension>
        </extensions>
      </trkpt>
      <trkpt lat="36.23942767269909381866455078125" lon="117.10791698656976222991943359375">
        <ele>-500</ele>
        <time>2026-09-05T16:08:52.000Z</time>
        <extensions>
          <ns3:TrackPointExtension>
            <ns3:atemp>27.0</ns3:atemp>
            <ns3:hr>111</ns3:hr>
          </ns3:TrackPointExtension>
        </extensions>
      </trkpt>
      <trkpt lat="36.239426247775554656982421875" lon="117.107920758426189422607421875">
        <ele>-500</ele>
        <time>2026-09-05T16:08:53.000Z</time>
        <extensions>
          <ns3:TrackPointExtension>
            <ns3:atemp>27.0</ns3:atemp>
            <ns3:hr>110</ns3:hr>
          </ns3:TrackPointExtension>
        </extensions>
      </trkpt>
      <trkpt lat="36.239421553909778594970703125" lon="117.107932157814502716064453125">
        <ele>-500</ele>
        <time>2026-09-05T16:08:58.000Z</time>
        <extensions>
          <ns3:TrackPointExtension>
            <ns3:atemp>27.0</ns3:atemp>
            <ns3:hr>110</ns3:hr>
          </ns3:TrackPointExtension>
        </extensions>
      </trkpt>
      <trkpt lat="36.2394212186336517333984375" lon="117.107930146157741546630859375">
        <ele>-500</ele>
        <time>2026-09-05T16:09:01.000Z</time>
        <extensions>
          <ns3:TrackPointExtension>
            <ns3:atemp>27.0</ns3:atemp>
            <ns3:hr>110</ns3:hr>
          </ns3:TrackPointExtension>
        </extensions>
      </trkpt>
      <trkpt lat="36.23942180536687374114990234375" lon="117.1079264581203460693359375">
        <ele>-500</ele>
        <time>2026-09-05T16:09:02.000Z</time>
        <extensions>
          <ns3:TrackPointExtension>
            <ns3:atemp>27.0</ns3:atemp>
            <ns3:hr>111</ns3:hr>
          </ns3:TrackPointExtension>
        </extensions>
      </trkpt>
      <trkpt lat="36.2394239008426666259765625" lon="117.10792469792068004608154296875">
        <ele>-500</ele>
        <time>2026-09-05T16:09:03.000Z</time>
        <extensions>
          <ns3:TrackPointExtension>
            <ns3:atemp>27.0</ns3:atemp>
            <ns3:hr>111</ns3:hr>
          </ns3:TrackPointExtension>
        </extensions>
      </trkpt>
      <trkpt lat="36.23942381702363491058349609375" lon="117.1079237759113311767578125">
        <ele>-500</ele>
        <time>2026-09-05T16:09:04.000Z</time>
        <extensions>
          <ns3:TrackPointExtension>
            <ns3:atemp>27.0</ns3:atemp>
            <ns3:hr>111</ns3:hr>
          </ns3:TrackPointExtension>
        </extensions>
      </trkpt>
      <trkpt lat="36.23942264355719089508056640625" lon="117.10791774094104766845703125">
        <ele>-500</ele>
        <time>2026-09-05T16:09:06.000Z</time>
        <extensions>
          <ns3:TrackPointExtension>
            <ns3:atemp>27.0</ns3:atemp>
            <ns3:hr>112</ns3:hr>
          </ns3:TrackPointExtension>
        </extensions>
      </trkpt>
      <trkpt lat="36.23942264355719089508056640625" lon="117.10791774094104766845703125">
        <ele>-500</ele>
        <time>2026-09-05T16:09:11.000Z</time>
        <extensions>
          <ns3:TrackPointExtension>
            <ns3:atemp>27.0</ns3:atemp>
            <ns3:hr>113</ns3:hr>
          </ns3:TrackPointExtension>
        </extensions>
      </trkpt>
      <trkpt lat="36.23942264355719089508056640625" lon="117.10791774094104766845703125">
        <ele>-500</ele>
        <time>2026-09-05T16:09:12.000Z</time>
        <extensions>
          <ns3:TrackPointExtension>
            <ns3:atemp>27.0</ns3:atemp>
            <ns3:hr>111</ns3:hr>
          </ns3:TrackPointExtension>
        </extensions>
      </trkpt>
      <trkpt lat="36.23942264355719089508056640625" lon="117.10791774094104766845703125">
        <ele>-500</ele>
        <time>2026-09-05T16:09:13.000Z</time>
        <extensions>
          <ns3:TrackPointExtension>
            <ns3:atemp>27.0</ns3:atemp>
            <ns3:hr>111</ns3:hr>
          </ns3:TrackPointExtension>
        </extensions>
      </trkpt>
      <trkpt lat="36.23942264355719089508056640625" lon="117.10791774094104766845703125">
        <ele>-500</ele>
        <time>2026-09-05T16:09:14.000Z</time>
        <extensions>
          <ns3:TrackPointExtension>
            <ns3:atemp>27.0</ns3:atemp>
            <ns3:hr>111</ns3:hr>
          </ns3:TrackPointExtension>
        </extensions>
      </trkpt>
      <trkpt lat="36.23942264355719089508056640625" lon="117.10791899822652339935302734375">
        <ele>-500</ele>
        <time>2026-09-05T16:09:15.000Z</time>
        <extensions>
          <ns3:TrackPointExtension>
            <ns3:atemp>27.0</ns3:atemp>
            <ns3:hr>111</ns3:hr>
          </ns3:TrackPointExtension>
        </extensions>
      </trkpt>
      <trkpt lat="36.23942264355719089508056640625" lon="117.1079212613403797149658203125">
        <ele>-500</ele>
        <time>2026-09-05T16:09:16.000Z</time>
        <extensions>
          <ns3:TrackPointExtension>
            <ns3:atemp>27.0</ns3:atemp>
            <ns3:hr>110</ns3:hr>
          </ns3:TrackPointExtension>
        </extensions>
      </trkpt>
      <trkpt lat="36.23942264355719089508056640625" lon="117.1079237759113311767578125">
        <ele>-500</ele>
        <time>2026-09-05T16:09:19.000Z</time>
        <extensions>
          <ns3:TrackPointExtension>
            <ns3:atemp>27.0</ns3:atemp>
            <ns3:hr>110</ns3:hr>
          </ns3:TrackPointExtension>
        </extensions>
      </trkpt>
      <trkpt lat="36.23942264355719089508056640625" lon="117.107928805053234100341796875">
        <ele>-500</ele>
        <time>2026-09-05T16:09:23.000Z</time>
        <extensions>
          <ns3:TrackPointExtension>
            <ns3:atemp>27.0</ns3:atemp>
            <ns3:hr>109</ns3:hr>
          </ns3:TrackPointExtension>
        </extensions>
      </trkpt>
      <trkpt lat="36.23942264355719089508056640625" lon="117.1079299785196781158447265625">
        <ele>-500</ele>
        <time>2026-09-05T16:09:24.000Z</time>
        <extensions>
          <ns3:TrackPointExtension>
            <ns3:atemp>27.0</ns3:atemp>
            <ns3:hr>110</ns3:hr>
          </ns3:TrackPointExtension>
        </extensions>
      </trkpt>
      <trkpt lat="36.23942264355719089508056640625" lon="117.10793039761483669281005859375">
        <ele>-500</ele>
        <time>2026-09-05T16:09:25.000Z</time>
        <extensions>
          <ns3:TrackPointExtension>
            <ns3:atemp>27.0</ns3:atemp>
            <ns3:hr>108</ns3:hr>
          </ns3:TrackPointExtension>
        </extensions>
      </trkpt>
      <trkpt lat="36.2394237332046031951904296875" lon="117.1079319901764392852783203125">
        <ele>-500</ele>
        <time>2026-09-05T16:09:27.000Z</time>
        <extensions>
          <ns3:TrackPointExtension>
            <ns3:atemp>27.0</ns3:atemp>
            <ns3:hr>110</ns3:hr>
          </ns3:TrackPointExtension>
        </extensions>
      </trkpt>
      <trkpt lat="36.2394250743091106414794921875" lon="117.10793475620448589324951171875">
        <ele>-500</ele>
        <time>2026-09-05T16:09:30.000Z</time>
        <extensions>
          <ns3:TrackPointExtension>
            <ns3:atemp>27.0</ns3:atemp>
            <ns3:hr>111</ns3:hr>
          </ns3:TrackPointExtension>
        </extensions>
      </trkpt>
      <trkpt lat="36.23942649923264980316162109375" lon="117.10794364102184772491455078125">
        <ele>-500</ele>
        <time>2026-09-05T16:09:34.000Z</time>
        <extensions>
          <ns3:TrackPointExtension>
            <ns3:atemp>27.0</ns3:atemp>
            <ns3:hr>109</ns3:hr>
          </ns3:TrackPointExtension>
        </extensions>
      </trkpt>
      <trkpt lat="36.23942649923264980316162109375" lon="117.10794699378311634063720703125">
        <ele>-500</ele>
        <time>2026-09-05T16:09:36.000Z</time>
        <extensions>
          <ns3:TrackPointExtension>
            <ns3:atemp>27.0</ns3:atemp>
            <ns3:hr>109</ns3:hr>
          </ns3:TrackPointExtension>
        </extensions>
      </trkpt>
      <trkpt lat="36.23942649923264980316162109375" lon="117.107947580516338348388671875">
        <ele>-500</ele>
        <time>2026-09-05T16:09:37.000Z</time>
        <extensions>
          <ns3:TrackPointExtension>
            <ns3:atemp>27.0</ns3:atemp>
            <ns3:hr>109</ns3:hr>
          </ns3:TrackPointExtension>
        </extensions>
      </trkpt>
      <trkpt lat="36.23942666687071323394775390625" lon="117.1079490892589092254638671875">
        <ele>-500</ele>
        <time>2026-09-05T16:09:38.000Z</time>
        <extensions>
          <ns3:TrackPointExtension>
            <ns3:atemp>27.0</ns3:atemp>
            <ns3:hr>111</ns3:hr>
          </ns3:TrackPointExtension>
        </extensions>
      </trkpt>
      <trkpt lat="36.23942700214684009552001953125" lon="117.10795152001082897186279296875">
        <ele>-500</ele>
        <time>2026-09-05T16:09:39.000Z</time>
        <extensions>
          <ns3:TrackPointExtension>
            <ns3:atemp>27.0</ns3:atemp>
            <ns3:hr>109</ns3:hr>
          </ns3:TrackPointExtension>
        </extensions>
      </trkpt>
      <trkpt lat="36.23942733742296695709228515625" lon="117.1079532802104949951171875">
        <ele>-500</ele>
        <time>2026-09-05T16:09:40.000Z</time>
        <extensions>
          <ns3:TrackPointExtension>
            <ns3:atemp>27.0</ns3:atemp>
            <ns3:hr>109</ns3:hr>
          </ns3:TrackPointExtension>
        </extensions>
      </trkpt>
      <trkpt lat="36.23942750506103038787841796875" lon="117.1079537831246852874755859375">
        <ele>-500</ele>
        <time>2026-09-05T16:09:41.000Z</time>
        <extensions>
          <ns3:TrackPointExtension>
            <ns3:atemp>27.0</ns3:atemp>
            <ns3:hr>109</ns3:hr>
          </ns3:TrackPointExtension>
        </extensions>
      </trkpt>
      <trkpt lat="36.239428259432315826416015625" lon="117.10795436985790729522705078125">
        <ele>-500</ele>
        <time>2026-09-05T16:09:42.000Z</time>
        <extensions>
          <ns3:TrackPointExtension>
            <ns3:atemp>27.0</ns3:atemp>
            <ns3:hr>108</ns3:hr>
          </ns3:TrackPointExtension>
        </extensions>
      </trkpt>
      <trkpt lat="36.2394292652606964111328125" lon="117.10795487277209758758544921875">
        <ele>-500</ele>
        <time>2026-09-05T16:09:43.000Z</time>
        <extensions>
          <ns3:TrackPointExtension>
            <ns3:atemp>27.0</ns3:atemp>
            <ns3:hr>109</ns3:hr>
          </ns3:TrackPointExtension>
        </extensions>
      </trkpt>
      <trkpt lat="36.23942968435585498809814453125" lon="117.10795621387660503387451171875">
        <ele>-500</ele>
        <time>2026-09-05T16:09:45.000Z</time>
        <extensions>
          <ns3:TrackPointExtension>
            <ns3:atemp>27.0</ns3:atemp>
            <ns3:hr>109</ns3:hr>
          </ns3:TrackPointExtension>
        </extensions>
      </trkpt>
      <trkpt lat="36.2394304387271404266357421875" lon="117.10795721970498561859130859375">
        <ele>-500</ele>
        <time>2026-09-05T16:09:48.000Z</time>
        <extensions>
          <ns3:TrackPointExtension>
            <ns3:atemp>27.0</ns3:atemp>
            <ns3:hr>108</ns3:hr>
          </ns3:TrackPointExtension>
        </extensions>
      </trkpt>
      <trkpt lat="36.2394307740032672882080078125" lon="117.1079574711620807647705078125">
        <ele>-500</ele>
        <time>2026-09-05T16:09:49.000Z</time>
        <extensions>
          <ns3:TrackPointExtension>
            <ns3:atemp>27.0</ns3:atemp>
            <ns3:hr>104</ns3:hr>
          </ns3:TrackPointExtension>
        </extensions>
      </trkpt>
      <trkpt lat="36.23943136073648929595947265625" lon="117.10795755498111248016357421875">
        <ele>-500</ele>
        <time>2026-09-05T16:09:50.000Z</time>
        <extensions>
          <ns3:TrackPointExtension>
            <ns3:atemp>27.0</ns3:atemp>
            <ns3:hr>108</ns3:hr>
          </ns3:TrackPointExtension>
        </extensions>
      </trkpt>
      <trkpt lat="36.239432282745838165283203125" lon="117.10795789025723934173583984375">
        <ele>-500</ele>
        <time>2026-09-05T16:09:51.000Z</time>
        <extensions>
          <ns3:TrackPointExtension>
            <ns3:atemp>27.0</ns3:atemp>
            <ns3:hr>110</ns3:hr>
          </ns3:TrackPointExtension>
        </extensions>
      </trkpt>
      <trkpt lat="36.239433623850345611572265625" lon="117.10795856080949306488037109375">
        <ele>-500</ele>
        <time>2026-09-05T16:09:52.000Z</time>
        <extensions>
          <ns3:TrackPointExtension>
            <ns3:atemp>27.0</ns3:atemp>
            <ns3:hr>110</ns3:hr>
          </ns3:TrackPointExtension>
        </extensions>
      </trkpt>
      <trkpt lat="36.23943421058356761932373046875" lon="117.10795889608561992645263671875">
        <ele>-500</ele>
        <time>2026-09-05T16:09:54.000Z</time>
        <extensions>
          <ns3:TrackPointExtension>
            <ns3:atemp>27.0</ns3:atemp>
            <ns3:hr>109</ns3:hr>
          </ns3:TrackPointExtension>
        </extensions>
      </trkpt>
      <trkpt lat="36.23943421058356761932373046875" lon="117.1079628355801105499267578125">
        <ele>-500</ele>
        <time>2026-09-05T16:09:58.000Z</time>
        <extensions>
          <ns3:TrackPointExtension>
            <ns3:atemp>27.0</ns3:atemp>
            <ns3:hr>108</ns3:hr>
          </ns3:TrackPointExtension>
        </extensions>
      </trkpt>
      <trkpt lat="36.239434294402599334716796875" lon="117.1079628355801105499267578125">
        <ele>-500</ele>
        <time>2026-09-05T16:09:59.000Z</time>
        <extensions>
          <ns3:TrackPointExtension>
            <ns3:atemp>27.0</ns3:atemp>
            <ns3:hr>105</ns3:hr>
          </ns3:TrackPointExtension>
        </extensions>
      </trkpt>
      <trkpt lat="36.23943672515451908111572265625" lon="117.1079628355801105499267578125">
        <ele>-500</ele>
        <time>2026-09-05T16:10:01.000Z</time>
        <extensions>
          <ns3:TrackPointExtension>
            <ns3:atemp>27.0</ns3:atemp>
            <ns3:hr>107</ns3:hr>
          </ns3:TrackPointExtension>
        </extensions>
      </trkpt>
      <trkpt lat="36.23944477178156375885009765625" lon="117.1079628355801105499267578125">
        <ele>-500</ele>
        <time>2026-09-05T16:10:04.000Z</time>
        <extensions>
          <ns3:TrackPointExtension>
            <ns3:atemp>27.0</ns3:atemp>
            <ns3:hr>105</ns3:hr>
          </ns3:TrackPointExtension>
        </extensions>
      </trkpt>
      <trkpt lat="36.23945415951311588287353515625" lon="117.1079614944756031036376953125">
        <ele>-500</ele>
        <time>2026-09-05T16:10:08.000Z</time>
        <extensions>
          <ns3:TrackPointExtension>
            <ns3:atemp>27.0</ns3:atemp>
            <ns3:hr>104</ns3:hr>
          </ns3:TrackPointExtension>
        </extensions>
      </trkpt>
      <trkpt lat="36.23945516534149646759033203125" lon="117.10795973427593708038330078125">
        <ele>-500</ele>
        <time>2026-09-05T16:10:09.000Z</time>
        <extensions>
          <ns3:TrackPointExtension>
            <ns3:atemp>27.0</ns3:atemp>
            <ns3:hr>104</ns3:hr>
          </ns3:TrackPointExtension>
        </extensions>
      </trkpt>
      <trkpt lat="36.2394559197127819061279296875" lon="117.1079591475427150726318359375">
        <ele>-500</ele>
        <time>2026-09-05T16:10:10.000Z</time>
        <extensions>
          <ns3:TrackPointExtension>
            <ns3:atemp>27.0</ns3:atemp>
            <ns3:hr>105</ns3:hr>
          </ns3:TrackPointExtension>
        </extensions>
      </trkpt>
      <trkpt lat="36.23945667408406734466552734375" lon="117.10795856080949306488037109375">
        <ele>-500</ele>
        <time>2026-09-05T16:10:11.000Z</time>
        <extensions>
          <ns3:TrackPointExtension>
            <ns3:atemp>27.0</ns3:atemp>
            <ns3:hr>103</ns3:hr>
          </ns3:TrackPointExtension>
        </extensions>
      </trkpt>
      <trkpt lat="36.23945734463632106781005859375" lon="117.10795856080949306488037109375">
        <ele>-500</ele>
        <time>2026-09-05T16:10:12.000Z</time>
        <extensions>
          <ns3:TrackPointExtension>
            <ns3:atemp>27.0</ns3:atemp>
            <ns3:hr>103</ns3:hr>
          </ns3:TrackPointExtension>
        </extensions>
      </trkpt>
      <trkpt lat="36.23945809900760650634765625" lon="117.10795688442885875701904296875">
        <ele>-500</ele>
        <time>2026-09-05T16:10:13.000Z</time>
        <extensions>
          <ns3:TrackPointExtension>
            <ns3:atemp>26.0</ns3:atemp>
            <ns3:hr>102</ns3:hr>
          </ns3:TrackPointExtension>
        </extensions>
      </trkpt>
      <trkpt lat="36.23945868574082851409912109375" lon="117.10795462131500244140625">
        <ele>-500</ele>
        <time>2026-09-05T16:10:14.000Z</time>
        <extensions>
          <ns3:TrackPointExtension>
            <ns3:atemp>26.0</ns3:atemp>
            <ns3:hr>103</ns3:hr>
          </ns3:TrackPointExtension>
        </extensions>
      </trkpt>
      <trkpt lat="36.23946002684533596038818359375" lon="117.1079532802104949951171875">
        <ele>-500</ele>
        <time>2026-09-05T16:10:15.000Z</time>
        <extensions>
          <ns3:TrackPointExtension>
            <ns3:atemp>26.0</ns3:atemp>
            <ns3:hr>102</ns3:hr>
          </ns3:TrackPointExtension>
        </extensions>
      </trkpt>
      <trkpt lat="36.2394666485488414764404296875" lon="117.1079487539827823638916015625">
        <ele>-500</ele>
        <time>2026-09-05T16:10:16.000Z</time>
        <extensions>
          <ns3:TrackPointExtension>
            <ns3:atemp>26.0</ns3:atemp>
            <ns3:hr>103</ns3:hr>
          </ns3:TrackPointExtension>
        </extensions>
      </trkpt>
      <trkpt lat="36.239470504224300384521484375" lon="117.10794724524021148681640625">
        <ele>-500</ele>
        <time>2026-09-05T16:10:17.000Z</time>
        <extensions>
          <ns3:TrackPointExtension>
            <ns3:atemp>26.0</ns3:atemp>
            <ns3:hr>103</ns3:hr>
          </ns3:TrackPointExtension>
        </extensions>
      </trkpt>
      <trkpt lat="36.2394721806049346923828125" lon="117.10794665850698947906494140625">
        <ele>-500</ele>
        <time>2026-09-05T16:10:18.000Z</time>
        <extensions>
          <ns3:TrackPointExtension>
            <ns3:atemp>26.0</ns3:atemp>
            <ns3:hr>103</ns3:hr>
          </ns3:TrackPointExtension>
        </extensions>
      </trkpt>
      <trkpt lat="36.23947327025234699249267578125" lon="117.1079450659453868865966796875">
        <ele>-500</ele>
        <time>2026-09-05T16:10:19.000Z</time>
        <extensions>
          <ns3:TrackPointExtension>
            <ns3:atemp>26.0</ns3:atemp>
            <ns3:hr>102</ns3:hr>
          </ns3:TrackPointExtension>
        </extensions>
      </trkpt>
      <trkpt lat="36.2394746951758861541748046875" lon="117.10794389247894287109375">
        <ele>-500</ele>
        <time>2026-09-05T16:10:20.000Z</time>
        <extensions>
          <ns3:TrackPointExtension>
            <ns3:atemp>26.0</ns3:atemp>
            <ns3:hr>102</ns3:hr>
          </ns3:TrackPointExtension>
        </extensions>
      </trkpt>
      <trkpt lat="36.23947628773748874664306640625" lon="117.10794297046959400177001953125">
        <ele>-500</ele>
        <time>2026-09-05T16:10:21.000Z</time>
        <extensions>
          <ns3:TrackPointExtension>
            <ns3:atemp>26.0</ns3:atemp>
            <ns3:hr>104</ns3:hr>
          </ns3:TrackPointExtension>
        </extensions>
      </trkpt>
      <trkpt lat="36.23947695828974246978759765625" lon="117.10794229991734027862548828125">
        <ele>-500</ele>
        <time>2026-09-05T16:10:22.000Z</time>
        <extensions>
          <ns3:TrackPointExtension>
            <ns3:atemp>26.0</ns3:atemp>
            <ns3:hr>102</ns3:hr>
          </ns3:TrackPointExtension>
        </extensions>
      </trkpt>
      <trkpt lat="36.2394793890416622161865234375" lon="117.10794179700314998626708984375">
        <ele>-500</ele>
        <time>2026-09-05T16:10:24.000Z</time>
        <extensions>
          <ns3:TrackPointExtension>
            <ns3:atemp>26.0</ns3:atemp>
            <ns3:hr>104</ns3:hr>
          </ns3:TrackPointExtension>
        </extensions>
      </trkpt>
      <trkpt lat="36.23947980813682079315185546875" lon="117.107941545546054840087890625">
        <ele>-500</ele>
        <time>2026-09-05T16:10:26.000Z</time>
        <extensions>
          <ns3:TrackPointExtension>
            <ns3:atemp>26.0</ns3:atemp>
            <ns3:hr>105</ns3:hr>
          </ns3:TrackPointExtension>
        </extensions>
      </trkpt>
      <trkpt lat="36.23947980813682079315185546875" lon="117.10794053971767425537109375">
        <ele>-500</ele>
        <time>2026-09-05T16:10:27.000Z</time>
        <extensions>
          <ns3:TrackPointExtension>
            <ns3:atemp>26.0</ns3:atemp>
            <ns3:hr>104</ns3:hr>
          </ns3:TrackPointExtension>
        </extensions>
      </trkpt>
      <trkpt lat="36.239479891955852508544921875" lon="117.10793626494705677032470703125">
        <ele>-500</ele>
        <time>2026-09-05T16:10:28.000Z</time>
        <extensions>
          <ns3:TrackPointExtension>
            <ns3:atemp>26.0</ns3:atemp>
            <ns3:hr>103</ns3:hr>
          </ns3:TrackPointExtension>
        </extensions>
      </trkpt>
      <trkpt lat="36.239479891955852508544921875" lon="117.10793442092835903167724609375">
        <ele>-500</ele>
        <time>2026-09-05T16:10:29.000Z</time>
        <extensions>
          <ns3:TrackPointExtension>
            <ns3:atemp>26.0</ns3:atemp>
            <ns3:hr>102</ns3:hr>
          </ns3:TrackPointExtension>
        </extensions>
      </trkpt>
      <trkpt lat="36.239479891955852508544921875" lon="117.1079336665570735931396484375">
        <ele>-500</ele>
        <time>2026-09-05T16:10:30.000Z</time>
        <extensions>
          <ns3:TrackPointExtension>
            <ns3:atemp>26.0</ns3:atemp>
            <ns3:hr>102</ns3:hr>
          </ns3:TrackPointExtension>
        </extensions>
      </trkpt>
      <trkpt lat="36.239479891955852508544921875" lon="117.1079333312809467315673828125">
        <ele>-500</ele>
        <time>2026-09-05T16:10:31.000Z</time>
        <extensions>
          <ns3:TrackPointExtension>
            <ns3:atemp>26.0</ns3:atemp>
            <ns3:hr>102</ns3:hr>
          </ns3:TrackPointExtension>
        </extensions>
      </trkpt>
      <trkpt lat="36.239479891955852508544921875" lon="117.107932828366756439208984375">
        <ele>-500</ele>
        <time>2026-09-05T16:10:32.000Z</time>
        <extensions>
          <ns3:TrackPointExtension>
            <ns3:atemp>26.0</ns3:atemp>
            <ns3:hr>102</ns3:hr>
          </ns3:TrackPointExtension>
        </extensions>
      </trkpt>
      <trkpt lat="36.239479891955852508544921875" lon="117.10793240927159786224365234375">
        <ele>-500</ele>
        <time>2026-09-05T16:10:33.000Z</time>
        <extensions>
          <ns3:TrackPointExtension>
            <ns3:atemp>26.0</ns3:atemp>
            <ns3:hr>101</ns3:hr>
          </ns3:TrackPointExtension>
        </extensions>
      </trkpt>
      <trkpt lat="36.239479891955852508544921875" lon="117.1079323254525661468505859375">
        <ele>-500</ele>
        <time>2026-09-05T16:10:34.000Z</time>
        <extensions>
          <ns3:TrackPointExtension>
            <ns3:atemp>26.0</ns3:atemp>
            <ns3:hr>102</ns3:hr>
          </ns3:TrackPointExtension>
        </extensions>
      </trkpt>
      <trkpt lat="36.239479891955852508544921875" lon="117.10793224163353443145751953125">
        <ele>-500</ele>
        <time>2026-09-05T16:10:35.000Z</time>
        <extensions>
          <ns3:TrackPointExtension>
            <ns3:atemp>26.0</ns3:atemp>
            <ns3:hr>103</ns3:hr>
          </ns3:TrackPointExtension>
        </extensions>
      </trkpt>
      <trkpt lat="36.239479891955852508544921875" lon="117.10793224163353443145751953125">
        <ele>-500</ele>
        <time>2026-09-05T16:10:36.000Z</time>
        <extensions>
          <ns3:TrackPointExtension>
            <ns3:atemp>26.0</ns3:atemp>
            <ns3:hr>102</ns3:hr>
          </ns3:TrackPointExtension>
        </extensions>
      </trkpt>
      <trkpt lat="36.239479891955852508544921875" lon="117.107932157814502716064453125">
        <ele>-500</ele>
        <time>2026-09-05T16:10:37.000Z</time>
        <extensions>
          <ns3:TrackPointExtension>
            <ns3:atemp>26.0</ns3:atemp>
            <ns3:hr>102</ns3:hr>
          </ns3:TrackPointExtension>
        </extensions>
      </trkpt>
      <trkpt lat="36.239479891955852508544921875" lon="117.107932157814502716064453125">
        <ele>-500</ele>
        <time>2026-09-05T16:10:38.000Z</time>
        <extensions>
          <ns3:TrackPointExtension>
            <ns3:atemp>26.0</ns3:atemp>
            <ns3:hr>102</ns3:hr>
          </ns3:TrackPointExtension>
        </extensions>
      </trkpt>
      <trkpt lat="36.239479221403598785400390625" lon="117.107932157814502716064453125">
        <ele>-500</ele>
        <time>2026-09-05T16:10:39.000Z</time>
        <extensions>
          <ns3:TrackPointExtension>
            <ns3:atemp>26.0</ns3:atemp>
            <ns3:hr>102</ns3:hr>
          </ns3:TrackPointExtension>
        </extensions>
      </trkpt>
      <trkpt lat="36.23947846703231334686279296875" lon="117.107932157814502716064453125">
        <ele>-500</ele>
        <time>2026-09-05T16:10:40.000Z</time>
        <extensions>
          <ns3:TrackPointExtension>
            <ns3:atemp>26.0</ns3:atemp>
            <ns3:hr>101</ns3:hr>
          </ns3:TrackPointExtension>
        </extensions>
      </trkpt>
      <trkpt lat="36.23947779648005962371826171875" lon="117.107932157814502716064453125">
        <ele>-500</ele>
        <time>2026-09-05T16:10:41.000Z</time>
        <extensions>
          <ns3:TrackPointExtension>
            <ns3:atemp>26.0</ns3:atemp>
            <ns3:hr>101</ns3:hr>
          </ns3:TrackPointExtension>
        </extensions>
      </trkpt>
      <trkpt lat="36.23947712592780590057373046875" lon="117.107932157814502716064453125">
        <ele>-500</ele>
        <time>2026-09-05T16:10:42.000Z</time>
        <extensions>
          <ns3:TrackPointExtension>
            <ns3:atemp>26.0</ns3:atemp>
            <ns3:hr>102</ns3:hr>
          </ns3:TrackPointExtension>
        </extensions>
      </trkpt>
      <trkpt lat="36.2394767068326473236083984375" lon="117.1079323254525661468505859375">
        <ele>-500</ele>
        <time>2026-09-05T16:10:43.000Z</time>
        <extensions>
          <ns3:TrackPointExtension>
            <ns3:atemp>26.0</ns3:atemp>
            <ns3:hr>101</ns3:hr>
          </ns3:TrackPointExtension>
        </extensions>
      </trkpt>
      <trkpt lat="36.23947645537555217742919921875" lon="117.10793274454772472381591796875">
        <ele>-500</ele>
        <time>2026-09-05T16:10:44.000Z</time>
        <extensions>
          <ns3:TrackPointExtension>
            <ns3:atemp>26.0</ns3:atemp>
            <ns3:hr>101</ns3:hr>
          </ns3:TrackPointExtension>
        </extensions>
      </trkpt>
      <trkpt lat="36.23947620391845703125" lon="117.10793291218578815460205078125">
        <ele>-500</ele>
        <time>2026-09-05T16:10:45.000Z</time>
        <extensions>
          <ns3:TrackPointExtension>
            <ns3:atemp>26.0</ns3:atemp>
            <ns3:hr>102</ns3:hr>
          </ns3:TrackPointExtension>
        </extensions>
      </trkpt>
      <trkpt lat="36.2394760362803936004638671875" lon="117.10793316364288330078125">
        <ele>-500</ele>
        <time>2026-09-05T16:10:46.000Z</time>
        <extensions>
          <ns3:TrackPointExtension>
            <ns3:atemp>26.0</ns3:atemp>
            <ns3:hr>102</ns3:hr>
          </ns3:TrackPointExtension>
        </extensions>
      </trkpt>
      <trkpt lat="36.23947578482329845428466796875" lon="117.1079336665570735931396484375">
        <ele>-500</ele>
        <time>2026-09-05T16:10:47.000Z</time>
        <extensions>
          <ns3:TrackPointExtension>
            <ns3:atemp>26.0</ns3:atemp>
            <ns3:hr>103</ns3:hr>
          </ns3:TrackPointExtension>
        </extensions>
      </trkpt>
      <trkpt lat="36.2394750304520130157470703125" lon="117.1079376898705959320068359375">
        <ele>-500</ele>
        <time>2026-09-05T16:10:49.000Z</time>
        <extensions>
          <ns3:TrackPointExtension>
            <ns3:atemp>26.0</ns3:atemp>
            <ns3:hr>105</ns3:hr>
          </ns3:TrackPointExtension>
        </extensions>
      </trkpt>
      <trkpt lat="36.23947444371879100799560546875" lon="117.1079386956989765167236328125">
        <ele>-500</ele>
        <time>2026-09-05T16:10:51.000Z</time>
        <extensions>
          <ns3:TrackPointExtension>
            <ns3:atemp>26.0</ns3:atemp>
            <ns3:hr>105</ns3:hr>
          </ns3:TrackPointExtension>
        </extensions>
      </trkpt>
      <trkpt lat="36.2394740246236324310302734375" lon="117.10793894715607166290283203125">
        <ele>-500</ele>
        <time>2026-09-05T16:10:53.000Z</time>
        <extensions>
          <ns3:TrackPointExtension>
            <ns3:atemp>26.0</ns3:atemp>
            <ns3:hr>105</ns3:hr>
          </ns3:TrackPointExtension>
        </extensions>
      </trkpt>
      <trkpt lat="36.2394696660339832305908203125" lon="117.1079390309751033782958984375">
        <ele>-500</ele>
        <time>2026-09-05T16:10:56.000Z</time>
        <extensions>
          <ns3:TrackPointExtension>
            <ns3:atemp>26.0</ns3:atemp>
            <ns3:hr>105</ns3:hr>
          </ns3:TrackPointExtension>
        </extensions>
      </trkpt>
      <trkpt lat="36.2394575960934162139892578125" lon="117.1079390309751033782958984375">
        <ele>-500</ele>
        <time>2026-09-05T16:10:58.000Z</time>
        <extensions>
          <ns3:TrackPointExtension>
            <ns3:atemp>26.0</ns3:atemp>
            <ns3:hr>105</ns3:hr>
          </ns3:TrackPointExtension>
        </extensions>
      </trkpt>
      <trkpt lat="36.2394495494663715362548828125" lon="117.10793911479413509368896484375">
        <ele>-500</ele>
        <time>2026-09-05T16:11:02.000Z</time>
        <extensions>
          <ns3:TrackPointExtension>
            <ns3:atemp>26.0</ns3:atemp>
            <ns3:hr>104</ns3:hr>
          </ns3:TrackPointExtension>
        </extensions>
      </trkpt>
      <trkpt lat="36.23944896273314952850341796875" lon="117.1079376898705959320068359375">
        <ele>-500</ele>
        <time>2026-09-05T16:11:03.000Z</time>
        <extensions>
          <ns3:TrackPointExtension>
            <ns3:atemp>26.0</ns3:atemp>
            <ns3:hr>103</ns3:hr>
          </ns3:TrackPointExtension>
        </extensions>
      </trkpt>
      <trkpt lat="36.23944745399057865142822265625" lon="117.10793316364288330078125">
        <ele>-500</ele>
        <time>2026-09-05T16:11:06.000Z</time>
        <extensions>
          <ns3:TrackPointExtension>
            <ns3:atemp>26.0</ns3:atemp>
            <ns3:hr>103</ns3:hr>
          </ns3:TrackPointExtension>
        </extensions>
      </trkpt>
      <trkpt lat="36.23944695107638835906982421875" lon="117.10793190635740756988525390625">
        <ele>-500</ele>
        <time>2026-09-05T16:11:08.000Z</time>
        <extensions>
          <ns3:TrackPointExtension>
            <ns3:atemp>26.0</ns3:atemp>
            <ns3:hr>103</ns3:hr>
          </ns3:TrackPointExtension>
        </extensions>
      </trkpt>
      <trkpt lat="36.23944678343832492828369140625" lon="117.1079313196241855621337890625">
        <ele>-500</ele>
        <time>2026-09-05T16:11:10.000Z</time>
        <extensions>
          <ns3:TrackPointExtension>
            <ns3:atemp>26.0</ns3:atemp>
            <ns3:hr>103</ns3:hr>
          </ns3:TrackPointExtension>
        </extensions>
      </trkpt>
      <trkpt lat="36.239446699619293212890625" lon="117.10793056525290012359619140625">
        <ele>-500</ele>
        <time>2026-09-05T16:11:16.000Z</time>
        <extensions>
          <ns3:TrackPointExtension>
            <ns3:atemp>26.0</ns3:atemp>
            <ns3:hr>101</ns3:hr>
          </ns3:TrackPointExtension>
        </extensions>
      </trkpt>
      <trkpt lat="36.239448375999927520751953125" lon="117.10792168043553829193115234375">
        <ele>-500</ele>
        <time>2026-09-05T16:11:19.000Z</time>
        <extensions>
          <ns3:TrackPointExtension>
            <ns3:atemp>26.0</ns3:atemp>
            <ns3:hr>101</ns3:hr>
          </ns3:TrackPointExtension>
        </extensions>
      </trkpt>
      <trkpt lat="36.2394428439438343048095703125" lon="117.1079239435493946075439453125">
        <ele>-500</ele>
        <time>2026-09-05T16:11:20.000Z</time>
        <extensions>
          <ns3:TrackPointExtension>
            <ns3:atemp>26.0</ns3:atemp>
            <ns3:hr>101</ns3:hr>
          </ns3:TrackPointExtension>
        </extensions>
      </trkpt>
      <trkpt lat="36.2394428439438343048095703125" lon="117.1079239435493946075439453125">
        <ele>-500</ele>
        <time>2026-09-05T16:11:21.000Z</time>
        <extensions>
          <ns3:TrackPointExtension>
            <ns3:atemp>26.0</ns3:atemp>
            <ns3:hr>101</ns3:hr>
          </ns3:TrackPointExtension>
        </extensions>
      </trkpt>
      <trkpt lat="36.23944443650543689727783203125" lon="117.1079229377210140228271484375">
        <ele>-500</ele>
        <time>2026-09-05T16:11:22.000Z</time>
        <extensions>
          <ns3:TrackPointExtension>
            <ns3:atemp>26.0</ns3:atemp>
            <ns3:hr>99</ns3:hr>
          </ns3:TrackPointExtension>
        </extensions>
      </trkpt>
      <trkpt lat="36.2394465319812297821044921875" lon="117.10792352445423603057861328125">
        <ele>-500</ele>
        <time>2026-09-05T16:11:23.000Z</time>
        <extensions>
          <ns3:TrackPointExtension>
            <ns3:atemp>26.0</ns3:atemp>
            <ns3:hr>99</ns3:hr>
          </ns3:TrackPointExtension>
        </extensions>
      </trkpt>
      <trkpt lat="36.23944996856153011322021484375" lon="117.107925452291965484619140625">
        <ele>-500</ele>
        <time>2026-09-05T16:11:24.000Z</time>
        <extensions>
          <ns3:TrackPointExtension>
            <ns3:atemp>26.0</ns3:atemp>
            <ns3:hr>102</ns3:hr>
          </ns3:TrackPointExtension>
        </extensions>
      </trkpt>
      <trkpt lat="36.239452399313449859619140625" lon="117.107922770082950592041015625">
        <ele>-500</ele>
        <time>2026-09-05T16:11:25.000Z</time>
        <extensions>
          <ns3:TrackPointExtension>
            <ns3:atemp>26.0</ns3:atemp>
            <ns3:hr>100</ns3:hr>
          </ns3:TrackPointExtension>
        </extensions>
      </trkpt>
      <trkpt lat="36.239457763731479644775390625" lon="117.10791648365557193756103515625">
        <ele>-500</ele>
        <time>2026-09-05T16:11:27.000Z</time>
        <extensions>
          <ns3:TrackPointExtension>
            <ns3:atemp>26.0</ns3:atemp>
            <ns3:hr>100</ns3:hr>
          </ns3:TrackPointExtension>
        </extensions>
      </trkpt>
      <trkpt lat="36.23945969156920909881591796875" lon="117.10791195742785930633544921875">
        <ele>-500</ele>
        <time>2026-09-05T16:11:29.000Z</time>
        <extensions>
          <ns3:TrackPointExtension>
            <ns3:atemp>26.0</ns3:atemp>
            <ns3:hr>100</ns3:hr>
          </ns3:TrackPointExtension>
        </extensions>
      </trkpt>
      <trkpt lat="36.23945868574082851409912109375" lon="117.1079189144074916839599609375">
        <ele>-500</ele>
        <time>2026-09-05T16:11:30.000Z</time>
        <extensions>
          <ns3:TrackPointExtension>
            <ns3:atemp>26.0</ns3:atemp>
            <ns3:hr>100</ns3:hr>
          </ns3:TrackPointExtension>
        </extensions>
      </trkpt>
      <trkpt lat="36.23945667408406734466552734375" lon="117.1079132147133350372314453125">
        <ele>-500</ele>
        <time>2026-09-05T16:11:32.000Z</time>
        <extensions>
          <ns3:TrackPointExtension>
            <ns3:atemp>26.0</ns3:atemp>
            <ns3:hr>102</ns3:hr>
          </ns3:TrackPointExtension>
        </extensions>
      </trkpt>
      <trkpt lat="36.23945667408406734466552734375" lon="117.1079132147133350372314453125">
        <ele>-500</ele>
        <time>2026-09-05T16:11:34.000Z</time>
        <extensions>
          <ns3:TrackPointExtension>
            <ns3:atemp>26.0</ns3:atemp>
            <ns3:hr>101</ns3:hr>
          </ns3:TrackPointExtension>
        </extensions>
      </trkpt>
      <trkpt lat="36.23945667408406734466552734375" lon="117.1079132147133350372314453125">
        <ele>-500</ele>
        <time>2026-09-05T16:11:36.000Z</time>
        <extensions>
          <ns3:TrackPointExtension>
            <ns3:atemp>25.0</ns3:atemp>
            <ns3:hr>100</ns3:hr>
          </ns3:TrackPointExtension>
        </extensions>
      </trkpt>
      <trkpt lat="36.23945667408406734466552734375" lon="117.1079132147133350372314453125">
        <ele>-500</ele>
        <time>2026-09-05T16:11:37.000Z</time>
        <extensions>
          <ns3:TrackPointExtension>
            <ns3:atemp>25.0</ns3:atemp>
            <ns3:hr>99</ns3:hr>
          </ns3:TrackPointExtension>
        </extensions>
      </trkpt>
      <trkpt lat="36.23945667408406734466552734375" lon="117.1079132147133350372314453125">
        <ele>-500</ele>
        <time>2026-09-05T16:11:38.000Z</time>
        <extensions>
          <ns3:TrackPointExtension>
            <ns3:atemp>25.0</ns3:atemp>
            <ns3:hr>100</ns3:hr>
          </ns3:TrackPointExtension>
        </extensions>
      </trkpt>
      <trkpt lat="36.23945667408406734466552734375" lon="117.1079132147133350372314453125">
        <ele>-500</ele>
        <time>2026-09-05T16:11:39.000Z</time>
        <extensions>
          <ns3:TrackPointExtension>
            <ns3:atemp>25.0</ns3:atemp>
            <ns3:hr>98</ns3:hr>
          </ns3:TrackPointExtension>
        </extensions>
      </trkpt>
      <trkpt lat="36.23945667408406734466552734375" lon="117.1079132147133350372314453125">
        <ele>-500</ele>
        <time>2026-09-05T16:11:40.000Z</time>
        <extensions>
          <ns3:TrackPointExtension>
            <ns3:atemp>25.0</ns3:atemp>
            <ns3:hr>100</ns3:hr>
          </ns3:TrackPointExtension>
        </extensions>
      </trkpt>
      <trkpt lat="36.23945667408406734466552734375" lon="117.1079132147133350372314453125">
        <ele>-500</ele>
        <time>2026-09-05T16:11:41.000Z</time>
        <extensions>
          <ns3:TrackPointExtension>
            <ns3:atemp>25.0</ns3:atemp>
            <ns3:hr>101</ns3:hr>
          </ns3:TrackPointExtension>
        </extensions>
      </trkpt>
      <trkpt lat="36.23945667408406734466552734375" lon="117.10791396908462047576904296875">
        <ele>-500</ele>
        <time>2026-09-05T16:11:42.000Z</time>
        <extensions>
          <ns3:TrackPointExtension>
            <ns3:atemp>25.0</ns3:atemp>
            <ns3:hr>99</ns3:hr>
          </ns3:TrackPointExtension>
        </extensions>
      </trkpt>
      <trkpt lat="36.23945667408406734466552734375" lon="117.10791639983654022216796875">
        <ele>-500</ele>
        <time>2026-09-05T16:11:43.000Z</time>
        <extensions>
          <ns3:TrackPointExtension>
            <ns3:atemp>25.0</ns3:atemp>
            <ns3:hr>99</ns3:hr>
          </ns3:TrackPointExtension>
        </extensions>
      </trkpt>
      <trkpt lat="36.23945667408406734466552734375" lon="117.10791698656976222991943359375">
        <ele>-500</ele>
        <time>2026-09-05T16:11:44.000Z</time>
        <extensions>
          <ns3:TrackPointExtension>
            <ns3:atemp>25.0</ns3:atemp>
            <ns3:hr>100</ns3:hr>
          </ns3:TrackPointExtension>
        </extensions>
      </trkpt>
      <trkpt lat="36.23945667408406734466552734375" lon="117.1079172380268573760986328125">
        <ele>-500</ele>
        <time>2026-09-05T16:11:45.000Z</time>
        <extensions>
          <ns3:TrackPointExtension>
            <ns3:atemp>25.0</ns3:atemp>
            <ns3:hr>100</ns3:hr>
          </ns3:TrackPointExtension>
        </extensions>
      </trkpt>
      <trkpt lat="36.23945667408406734466552734375" lon="117.1079185791313648223876953125">
        <ele>-500</ele>
        <time>2026-09-05T16:11:46.000Z</time>
        <extensions>
          <ns3:TrackPointExtension>
            <ns3:atemp>25.0</ns3:atemp>
            <ns3:hr>100</ns3:hr>
          </ns3:TrackPointExtension>
        </extensions>
      </trkpt>
      <trkpt lat="36.23945667408406734466552734375" lon="117.10791883058845996856689453125">
        <ele>-500</ele>
        <time>2026-09-05T16:11:47.000Z</time>
        <extensions>
          <ns3:TrackPointExtension>
            <ns3:atemp>25.0</ns3:atemp>
            <ns3:hr>100</ns3:hr>
          </ns3:TrackPointExtension>
        </extensions>
      </trkpt>
      <trkpt lat="36.23945650644600391387939453125" lon="117.10792721249163150787353515625">
        <ele>-500</ele>
        <time>2026-09-05T16:11:49.000Z</time>
        <extensions>
          <ns3:TrackPointExtension>
            <ns3:atemp>25.0</ns3:atemp>
            <ns3:hr>99</ns3:hr>
          </ns3:TrackPointExtension>
        </extensions>
      </trkpt>
      <trkpt lat="36.2394488789141178131103515625" lon="117.10793115198612213134765625">
        <ele>-500</ele>
        <time>2026-09-05T16:11:51.000Z</time>
        <extensions>
          <ns3:TrackPointExtension>
            <ns3:atemp>25.0</ns3:atemp>
            <ns3:hr>99</ns3:hr>
          </ns3:TrackPointExtension>
        </extensions>
      </trkpt>
      <trkpt lat="36.239444352686405181884765625" lon="117.107932157814502716064453125">
        <ele>-500</ele>
        <time>2026-09-05T16:11:52.000Z</time>
        <extensions>
          <ns3:TrackPointExtension>
            <ns3:atemp>25.0</ns3:atemp>
            <ns3:hr>100</ns3:hr>
          </ns3:TrackPointExtension>
        </extensions>
      </trkpt>
      <trkpt lat="36.239440999925136566162109375" lon="117.10792771540582180023193359375">
        <ele>-500</ele>
        <time>2026-09-05T16:11:53.000Z</time>
        <extensions>
          <ns3:TrackPointExtension>
            <ns3:atemp>25.0</ns3:atemp>
            <ns3:hr>101</ns3:hr>
          </ns3:TrackPointExtension>
        </extensions>
      </trkpt>
      <trkpt lat="36.2394344620406627655029296875" lon="117.107929475605487823486328125">
        <ele>-500</ele>
        <time>2026-09-05T16:11:55.000Z</time>
        <extensions>
          <ns3:TrackPointExtension>
            <ns3:atemp>25.0</ns3:atemp>
            <ns3:hr>101</ns3:hr>
          </ns3:TrackPointExtension>
        </extensions>
      </trkpt>
      <trkpt lat="36.23942985199391841888427734375" lon="117.1079326607286930084228515625">
        <ele>-500</ele>
        <time>2026-09-05T16:11:57.000Z</time>
        <extensions>
          <ns3:TrackPointExtension>
            <ns3:atemp>25.0</ns3:atemp>
            <ns3:hr>102</ns3:hr>
          </ns3:TrackPointExtension>
        </extensions>
      </trkpt>
      <trkpt lat="36.23941258527338504791259765625" lon="117.1078994683921337127685546875">
        <ele>-500</ele>
        <time>2026-09-05T16:12:06.000Z</time>
        <extensions>
          <ns3:TrackPointExtension>
            <ns3:atemp>25.0</ns3:atemp>
            <ns3:hr>101</ns3:hr>
          </ns3:TrackPointExtension>
        </extensions>
      </trkpt>
      <trkpt lat="36.23938710428774356842041015625" lon="117.10726018063724040985107421875">
        <ele>-500</ele>
        <time>2026-09-05T16:20:44.000Z</time>
        <extensions>
          <ns3:TrackPointExtension>
            <ns3:atemp>27.0</ns3:atemp>
            <ns3:hr>106</ns3:hr>
          </ns3:TrackPointExtension>
        </extensions>
      </trkpt>
      <trkpt lat="36.23940772376954555511474609375" lon="117.10774071514606475830078125">
        <ele>-500</ele>
        <time>2026-09-05T16:20:45.000Z</time>
        <extensions>
          <ns3:TrackPointExtension>
            <ns3:atemp>27.0</ns3:atemp>
            <ns3:hr>104</ns3:hr>
          </ns3:TrackPointExtension>
        </extensions>
      </trkpt>
      <trkpt lat="36.23932424001395702362060546875" lon="117.1078384481370449066162109375">
        <ele>-500</ele>
        <time>2026-09-05T16:20:47.000Z</time>
        <extensions>
          <ns3:TrackPointExtension>
            <ns3:atemp>27.0</ns3:atemp>
            <ns3:hr>110</ns3:hr>
          </ns3:TrackPointExtension>
        </extensions>
      </trkpt>
      <trkpt lat="36.23930714093148708343505859375" lon="117.10791908204555511474609375">
        <ele>-500</ele>
        <time>2026-09-05T16:20:49.000Z</time>
        <extensions>
          <ns3:TrackPointExtension>
            <ns3:atemp>27.0</ns3:atemp>
            <ns3:hr>111</ns3:hr>
          </ns3:TrackPointExtension>
        </extensions>
      </trkpt>
      <trkpt lat="36.239286772906780242919921875" lon="117.10791916586458683013916015625">
        <ele>-500</ele>
        <time>2026-09-05T16:20:51.000Z</time>
        <extensions>
          <ns3:TrackPointExtension>
            <ns3:atemp>27.0</ns3:atemp>
            <ns3:hr>113</ns3:hr>
          </ns3:TrackPointExtension>
        </extensions>
      </trkpt>
      <trkpt lat="36.2392892874777317047119140625" lon="117.1079205907881259918212890625">
        <ele>-500</ele>
        <time>2026-09-05T16:20:53.000Z</time>
        <extensions>
          <ns3:TrackPointExtension>
            <ns3:atemp>27.0</ns3:atemp>
            <ns3:hr>111</ns3:hr>
          </ns3:TrackPointExtension>
        </extensions>
      </trkpt>
      <trkpt lat="36.23930010013282299041748046875" lon="117.10792905651032924652099609375">
        <ele>-500</ele>
        <time>2026-09-05T16:20:54.000Z</time>
        <extensions>
          <ns3:TrackPointExtension>
            <ns3:atemp>27.0</ns3:atemp>
            <ns3:hr>113</ns3:hr>
          </ns3:TrackPointExtension>
        </extensions>
      </trkpt>
      <trkpt lat="36.2393094040453433990478515625" lon="117.107935845851898193359375">
        <ele>-500</ele>
        <time>2026-09-05T16:20:55.000Z</time>
        <extensions>
          <ns3:TrackPointExtension>
            <ns3:atemp>27.0</ns3:atemp>
            <ns3:hr>110</ns3:hr>
          </ns3:TrackPointExtension>
        </extensions>
      </trkpt>
      <trkpt lat="36.2393248267471790313720703125" lon="117.107942886650562286376953125">
        <ele>-500</ele>
        <time>2026-09-05T16:20:56.000Z</time>
        <extensions>
          <ns3:TrackPointExtension>
            <ns3:atemp>27.0</ns3:atemp>
            <ns3:hr>112</ns3:hr>
          </ns3:TrackPointExtension>
        </extensions>
      </trkpt>
      <trkpt lat="36.23933312483131885528564453125" lon="117.10796778090298175811767578125">
        <ele>-500</ele>
        <time>2026-09-05T16:20:58.000Z</time>
        <extensions>
          <ns3:TrackPointExtension>
            <ns3:atemp>27.0</ns3:atemp>
            <ns3:hr>113</ns3:hr>
          </ns3:TrackPointExtension>
        </extensions>
      </trkpt>
      <trkpt lat="36.23934569768607616424560546875" lon="117.1079852990806102752685546875">
        <ele>-500</ele>
        <time>2026-09-05T16:21:00.000Z</time>
        <extensions>
          <ns3:TrackPointExtension>
            <ns3:atemp>27.0</ns3:atemp>
            <ns3:hr>115</ns3:hr>
          </ns3:TrackPointExtension>
        </extensions>
      </trkpt>
      <trkpt lat="36.23934678733348846435546875" lon="117.1079935133457183837890625">
        <ele>-500</ele>
        <time>2026-09-05T16:21:01.000Z</time>
        <extensions>
          <ns3:TrackPointExtension>
            <ns3:atemp>27.0</ns3:atemp>
            <ns3:hr>115</ns3:hr>
          </ns3:TrackPointExtension>
        </extensions>
      </trkpt>
      <trkpt lat="36.2393474578857421875" lon="117.10800491273403167724609375">
        <ele>-500</ele>
        <time>2026-09-05T16:21:02.000Z</time>
        <extensions>
          <ns3:TrackPointExtension>
            <ns3:atemp>27.0</ns3:atemp>
            <ns3:hr>117</ns3:hr>
          </ns3:TrackPointExtension>
        </extensions>
      </trkpt>
      <trkpt lat="36.23932708986103534698486328125" lon="117.10803466849029064178466796875">
        <ele>-500</ele>
        <time>2026-09-05T16:21:05.000Z</time>
        <extensions>
          <ns3:TrackPointExtension>
            <ns3:atemp>27.0</ns3:atemp>
            <ns3:hr>116</ns3:hr>
          </ns3:TrackPointExtension>
        </extensions>
      </trkpt>
      <trkpt lat="36.239336393773555755615234375" lon="117.1080567128956317901611328125">
        <ele>-500</ele>
        <time>2026-09-05T16:21:07.000Z</time>
        <extensions>
          <ns3:TrackPointExtension>
            <ns3:atemp>27.0</ns3:atemp>
            <ns3:hr>117</ns3:hr>
          </ns3:TrackPointExtension>
        </extensions>
      </trkpt>
      <trkpt lat="36.23933312483131885528564453125" lon="117.1080543659627437591552734375">
        <ele>-500</ele>
        <time>2026-09-05T16:21:08.000Z</time>
        <extensions>
          <ns3:TrackPointExtension>
            <ns3:atemp>27.0</ns3:atemp>
            <ns3:hr>117</ns3:hr>
          </ns3:TrackPointExtension>
        </extensions>
      </trkpt>
      <trkpt lat="36.23933580704033374786376953125" lon="117.10805310867726802825927734375">
        <ele>-500</ele>
        <time>2026-09-05T16:21:10.000Z</time>
        <extensions>
          <ns3:TrackPointExtension>
            <ns3:atemp>27.0</ns3:atemp>
            <ns3:hr>117</ns3:hr>
          </ns3:TrackPointExtension>
        </extensions>
      </trkpt>
      <trkpt lat="36.23933949507772922515869140625" lon="117.10805830545723438262939453125">
        <ele>-500</ele>
        <time>2026-09-05T16:21:13.000Z</time>
        <extensions>
          <ns3:TrackPointExtension>
            <ns3:atemp>27.0</ns3:atemp>
            <ns3:hr>119</ns3:hr>
          </ns3:TrackPointExtension>
        </extensions>
      </trkpt>
      <trkpt lat="36.239338405430316925048828125" lon="117.1080593951046466827392578125">
        <ele>-500</ele>
        <time>2026-09-05T16:21:14.000Z</time>
        <extensions>
          <ns3:TrackPointExtension>
            <ns3:atemp>27.0</ns3:atemp>
            <ns3:hr>117</ns3:hr>
          </ns3:TrackPointExtension>
        </extensions>
      </trkpt>
      <trkpt lat="36.2393353879451751708984375" lon="117.10806819610297679901123046875">
        <ele>-500</ele>
        <time>2026-09-05T16:21:15.000Z</time>
        <extensions>
          <ns3:TrackPointExtension>
            <ns3:atemp>27.0</ns3:atemp>
            <ns3:hr>117</ns3:hr>
          </ns3:TrackPointExtension>
        </extensions>
      </trkpt>
      <trkpt lat="36.23933228664100170135498046875" lon="117.1080768294632434844970703125">
        <ele>-500</ele>
        <time>2026-09-05T16:21:16.000Z</time>
        <extensions>
          <ns3:TrackPointExtension>
            <ns3:atemp>27.0</ns3:atemp>
            <ns3:hr>114</ns3:hr>
          </ns3:TrackPointExtension>
        </extensions>
      </trkpt>
      <trkpt lat="36.2393268384039402008056640625" lon="117.10809149779379367828369140625">
        <ele>-500</ele>
        <time>2026-09-05T16:21:17.000Z</time>
        <extensions>
          <ns3:TrackPointExtension>
            <ns3:atemp>27.0</ns3:atemp>
            <ns3:hr>118</ns3:hr>
          </ns3:TrackPointExtension>
        </extensions>
      </trkpt>
      <trkpt lat="36.23934770934283733367919921875" lon="117.10810289718210697174072265625">
        <ele>-500</ele>
        <time>2026-09-05T16:21:24.000Z</time>
        <extensions>
          <ns3:TrackPointExtension>
            <ns3:atemp>27.0</ns3:atemp>
            <ns3:hr>118</ns3:hr>
          </ns3:TrackPointExtension>
        </extensions>
      </trkpt>
      <trkpt lat="36.23935223557054996490478515625" lon="117.1080942638218402862548828125">
        <ele>-500</ele>
        <time>2026-09-05T16:21:28.000Z</time>
        <extensions>
          <ns3:TrackPointExtension>
            <ns3:atemp>27.0</ns3:atemp>
            <ns3:hr>118</ns3:hr>
          </ns3:TrackPointExtension>
        </extensions>
      </trkpt>
      <trkpt lat="36.23935617506504058837890625" lon="117.10809652693569660186767578125">
        <ele>-500</ele>
        <time>2026-09-05T16:21:30.000Z</time>
        <extensions>
          <ns3:TrackPointExtension>
            <ns3:atemp>27.0</ns3:atemp>
            <ns3:hr>118</ns3:hr>
          </ns3:TrackPointExtension>
        </extensions>
      </trkpt>
      <trkpt lat="36.2393664009869098663330078125" lon="117.108113206923007965087890625">
        <ele>-500</ele>
        <time>2026-09-05T16:21:32.000Z</time>
        <extensions>
          <ns3:TrackPointExtension>
            <ns3:atemp>27.0</ns3:atemp>
            <ns3:hr>118</ns3:hr>
          </ns3:TrackPointExtension>
        </extensions>
      </trkpt>
      <trkpt lat="36.23936950229108333587646484375" lon="117.10815855301916599273681640625">
        <ele>-500</ele>
        <time>2026-09-05T16:21:36.000Z</time>
        <extensions>
          <ns3:TrackPointExtension>
            <ns3:atemp>27.0</ns3:atemp>
            <ns3:hr>116</ns3:hr>
          </ns3:TrackPointExtension>
        </extensions>
      </trkpt>
      <trkpt lat="36.23936212621629238128662109375" lon="117.10817657411098480224609375">
        <ele>-500</ele>
        <time>2026-09-05T16:21:38.000Z</time>
        <extensions>
          <ns3:TrackPointExtension>
            <ns3:atemp>27.0</ns3:atemp>
            <ns3:hr>116</ns3:hr>
          </ns3:TrackPointExtension>
        </extensions>
      </trkpt>
      <trkpt lat="36.23935944400727748870849609375" lon="117.10817716084420680999755859375">
        <ele>-500</ele>
        <time>2026-09-05T16:21:39.000Z</time>
        <extensions>
          <ns3:TrackPointExtension>
            <ns3:atemp>27.0</ns3:atemp>
            <ns3:hr>115</ns3:hr>
          </ns3:TrackPointExtension>
        </extensions>
      </trkpt>
      <trkpt lat="36.23935793526470661163330078125" lon="117.10818168707191944122314453125">
        <ele>-500</ele>
        <time>2026-09-05T16:21:40.000Z</time>
        <extensions>
          <ns3:TrackPointExtension>
            <ns3:atemp>27.0</ns3:atemp>
            <ns3:hr>116</ns3:hr>
          </ns3:TrackPointExtension>
        </extensions>
      </trkpt>
      <trkpt lat="36.2393526546657085418701171875" lon="117.1081837825477123260498046875">
        <ele>-500</ele>
        <time>2026-09-05T16:21:41.000Z</time>
        <extensions>
          <ns3:TrackPointExtension>
            <ns3:atemp>27.0</ns3:atemp>
            <ns3:hr>115</ns3:hr>
          </ns3:TrackPointExtension>
        </extensions>
      </trkpt>
      <trkpt lat="36.23935307376086711883544921875" lon="117.10818403400480747222900390625">
        <ele>-500</ele>
        <time>2026-09-05T16:21:42.000Z</time>
        <extensions>
          <ns3:TrackPointExtension>
            <ns3:atemp>27.0</ns3:atemp>
            <ns3:hr>115</ns3:hr>
          </ns3:TrackPointExtension>
        </extensions>
      </trkpt>
      <trkpt lat="36.23935324139893054962158203125" lon="117.1081844530999660491943359375">
        <ele>-500</ele>
        <time>2026-09-05T16:21:43.000Z</time>
        <extensions>
          <ns3:TrackPointExtension>
            <ns3:atemp>27.0</ns3:atemp>
            <ns3:hr>114</ns3:hr>
          </ns3:TrackPointExtension>
        </extensions>
      </trkpt>
      <trkpt lat="36.23935483396053314208984375" lon="117.1081844530999660491943359375">
        <ele>-500</ele>
        <time>2026-09-05T16:21:44.000Z</time>
        <extensions>
          <ns3:TrackPointExtension>
            <ns3:atemp>27.0</ns3:atemp>
            <ns3:hr>114</ns3:hr>
          </ns3:TrackPointExtension>
        </extensions>
      </trkpt>
      <trkpt lat="36.23935692943632602691650390625" lon="117.10818403400480747222900390625">
        <ele>-500</ele>
        <time>2026-09-05T16:21:45.000Z</time>
        <extensions>
          <ns3:TrackPointExtension>
            <ns3:atemp>27.0</ns3:atemp>
            <ns3:hr>114</ns3:hr>
          </ns3:TrackPointExtension>
        </extensions>
      </trkpt>
      <trkpt lat="36.23935885727405548095703125" lon="117.10818235762417316436767578125">
        <ele>-500</ele>
        <time>2026-09-05T16:21:46.000Z</time>
        <extensions>
          <ns3:TrackPointExtension>
            <ns3:atemp>27.0</ns3:atemp>
            <ns3:hr>114</ns3:hr>
          </ns3:TrackPointExtension>
        </extensions>
      </trkpt>
      <trkpt lat="36.2393622100353240966796875" lon="117.10818286053836345672607421875">
        <ele>-500</ele>
        <time>2026-09-05T16:21:47.000Z</time>
        <extensions>
          <ns3:TrackPointExtension>
            <ns3:atemp>27.0</ns3:atemp>
            <ns3:hr>114</ns3:hr>
          </ns3:TrackPointExtension>
        </extensions>
      </trkpt>
      <trkpt lat="36.23936413787305355072021484375" lon="117.108180262148380279541015625">
        <ele>-500</ele>
        <time>2026-09-05T16:21:48.000Z</time>
        <extensions>
          <ns3:TrackPointExtension>
            <ns3:atemp>27.0</ns3:atemp>
            <ns3:hr>114</ns3:hr>
          </ns3:TrackPointExtension>
        </extensions>
      </trkpt>
      <trkpt lat="36.23937092721462249755859375" lon="117.1081811003386974334716796875">
        <ele>-500</ele>
        <time>2026-09-05T16:21:49.000Z</time>
        <extensions>
          <ns3:TrackPointExtension>
            <ns3:atemp>27.0</ns3:atemp>
            <ns3:hr>115</ns3:hr>
          </ns3:TrackPointExtension>
        </extensions>
      </trkpt>
      <trkpt lat="36.2393721006810665130615234375" lon="117.1081764064729213714599609375">
        <ele>-500</ele>
        <time>2026-09-05T16:21:50.000Z</time>
        <extensions>
          <ns3:TrackPointExtension>
            <ns3:atemp>27.0</ns3:atemp>
            <ns3:hr>113</ns3:hr>
          </ns3:TrackPointExtension>
        </extensions>
      </trkpt>
      <trkpt lat="36.2393714301288127899169921875" lon="117.1081740595400333404541015625">
        <ele>-500</ele>
        <time>2026-09-05T16:21:51.000Z</time>
        <extensions>
          <ns3:TrackPointExtension>
            <ns3:atemp>27.0</ns3:atemp>
            <ns3:hr>113</ns3:hr>
          </ns3:TrackPointExtension>
        </extensions>
      </trkpt>
      <trkpt lat="36.23937050811946392059326171875" lon="117.10817196406424045562744140625">
        <ele>-500</ele>
        <time>2026-09-05T16:21:52.000Z</time>
        <extensions>
          <ns3:TrackPointExtension>
            <ns3:atemp>27.0</ns3:atemp>
            <ns3:hr>113</ns3:hr>
          </ns3:TrackPointExtension>
        </extensions>
      </trkpt>
      <trkpt lat="36.23937017284333705902099609375" lon="117.10817213170230388641357421875">
        <ele>-500</ele>
        <time>2026-09-05T16:21:53.000Z</time>
        <extensions>
          <ns3:TrackPointExtension>
            <ns3:atemp>27.0</ns3:atemp>
            <ns3:hr>113</ns3:hr>
          </ns3:TrackPointExtension>
        </extensions>
      </trkpt>
      <trkpt lat="36.239368915557861328125" lon="117.1081732213497161865234375">
        <ele>-500</ele>
        <time>2026-09-05T16:21:54.000Z</time>
        <extensions>
          <ns3:TrackPointExtension>
            <ns3:atemp>27.0</ns3:atemp>
            <ns3:hr>111</ns3:hr>
          </ns3:TrackPointExtension>
        </extensions>
      </trkpt>
      <trkpt lat="36.2393622100353240966796875" lon="117.1081571280956268310546875">
        <ele>-500</ele>
        <time>2026-09-05T16:21:56.000Z</time>
        <extensions>
          <ns3:TrackPointExtension>
            <ns3:atemp>27.0</ns3:atemp>
            <ns3:hr>112</ns3:hr>
          </ns3:TrackPointExtension>
        </extensions>
      </trkpt>
      <trkpt lat="36.23936112038791179656982421875" lon="117.10815553553402423858642578125">
        <ele>-500</ele>
        <time>2026-09-05T16:21:57.000Z</time>
        <extensions>
          <ns3:TrackPointExtension>
            <ns3:atemp>27.0</ns3:atemp>
            <ns3:hr>112</ns3:hr>
          </ns3:TrackPointExtension>
        </extensions>
      </trkpt>
      <trkpt lat="36.23936112038791179656982421875" lon="117.10815553553402423858642578125">
        <ele>-500</ele>
        <time>2026-09-05T16:21:58.000Z</time>
        <extensions>
          <ns3:TrackPointExtension>
            <ns3:atemp>27.0</ns3:atemp>
            <ns3:hr>109</ns3:hr>
          </ns3:TrackPointExtension>
        </extensions>
      </trkpt>
      <trkpt lat="36.23936112038791179656982421875" lon="117.10815553553402423858642578125">
        <ele>-500</ele>
        <time>2026-09-05T16:21:59.000Z</time>
        <extensions>
          <ns3:TrackPointExtension>
            <ns3:atemp>27.0</ns3:atemp>
            <ns3:hr>112</ns3:hr>
          </ns3:TrackPointExtension>
        </extensions>
      </trkpt>
      <trkpt lat="36.23936112038791179656982421875" lon="117.10815553553402423858642578125">
        <ele>-500</ele>
        <time>2026-09-05T16:22:00.000Z</time>
        <extensions>
          <ns3:TrackPointExtension>
            <ns3:atemp>27.0</ns3:atemp>
            <ns3:hr>112</ns3:hr>
          </ns3:TrackPointExtension>
        </extensions>
      </trkpt>
      <trkpt lat="36.23936112038791179656982421875" lon="117.10815553553402423858642578125">
        <ele>-500</ele>
        <time>2026-09-05T16:22:01.000Z</time>
        <extensions>
          <ns3:TrackPointExtension>
            <ns3:atemp>27.0</ns3:atemp>
            <ns3:hr>112</ns3:hr>
          </ns3:TrackPointExtension>
        </extensions>
      </trkpt>
      <trkpt lat="36.23936112038791179656982421875" lon="117.10815553553402423858642578125">
        <ele>-500</ele>
        <time>2026-09-05T16:22:02.000Z</time>
        <extensions>
          <ns3:TrackPointExtension>
            <ns3:atemp>27.0</ns3:atemp>
            <ns3:hr>109</ns3:hr>
          </ns3:TrackPointExtension>
        </extensions>
      </trkpt>
      <trkpt lat="36.23936112038791179656982421875" lon="117.10815553553402423858642578125">
        <ele>-500</ele>
        <time>2026-09-05T16:22:04.000Z</time>
        <extensions>
          <ns3:TrackPointExtension>
            <ns3:atemp>27.0</ns3:atemp>
            <ns3:hr>112</ns3:hr>
          </ns3:TrackPointExtension>
        </extensions>
      </trkpt>
      <trkpt lat="36.23936112038791179656982421875" lon="117.10815553553402423858642578125">
        <ele>-500</ele>
        <time>2026-09-05T16:22:05.000Z</time>
        <extensions>
          <ns3:TrackPointExtension>
            <ns3:atemp>27.0</ns3:atemp>
            <ns3:hr>111</ns3:hr>
          </ns3:TrackPointExtension>
        </extensions>
      </trkpt>
      <trkpt lat="36.23936112038791179656982421875" lon="117.10815553553402423858642578125">
        <ele>-500</ele>
        <time>2026-09-05T16:22:06.000Z</time>
        <extensions>
          <ns3:TrackPointExtension>
            <ns3:atemp>27.0</ns3:atemp>
            <ns3:hr>113</ns3:hr>
          </ns3:TrackPointExtension>
        </extensions>
      </trkpt>
      <trkpt lat="36.23936112038791179656982421875" lon="117.10815553553402423858642578125">
        <ele>-500</ele>
        <time>2026-09-05T16:22:07.000Z</time>
        <extensions>
          <ns3:TrackPointExtension>
            <ns3:atemp>27.0</ns3:atemp>
            <ns3:hr>112</ns3:hr>
          </ns3:TrackPointExtension>
        </extensions>
      </trkpt>
      <trkpt lat="36.23936112038791179656982421875" lon="117.10815553553402423858642578125">
        <ele>-500</ele>
        <time>2026-09-05T16:22:08.000Z</time>
        <extensions>
          <ns3:TrackPointExtension>
            <ns3:atemp>27.0</ns3:atemp>
            <ns3:hr>111</ns3:hr>
          </ns3:TrackPointExtension>
        </extensions>
      </trkpt>
      <trkpt lat="36.23936112038791179656982421875" lon="117.10815553553402423858642578125">
        <ele>-500</ele>
        <time>2026-09-05T16:22:09.000Z</time>
        <extensions>
          <ns3:TrackPointExtension>
            <ns3:atemp>27.0</ns3:atemp>
            <ns3:hr>110</ns3:hr>
          </ns3:TrackPointExtension>
        </extensions>
      </trkpt>
      <trkpt lat="36.23936112038791179656982421875" lon="117.10815553553402423858642578125">
        <ele>-500</ele>
        <time>2026-09-05T16:22:10.000Z</time>
        <extensions>
          <ns3:TrackPointExtension>
            <ns3:atemp>27.0</ns3:atemp>
            <ns3:hr>109</ns3:hr>
          </ns3:TrackPointExtension>
        </extensions>
      </trkpt>
      <trkpt lat="36.23936112038791179656982421875" lon="117.10815553553402423858642578125">
        <ele>-500</ele>
        <time>2026-09-05T16:22:11.000Z</time>
        <extensions>
          <ns3:TrackPointExtension>
            <ns3:atemp>27.0</ns3:atemp>
            <ns3:hr>111</ns3:hr>
          </ns3:TrackPointExtension>
        </extensions>
      </trkpt>
      <trkpt lat="36.23936112038791179656982421875" lon="117.10815553553402423858642578125">
        <ele>-500</ele>
        <time>2026-09-05T16:22:12.000Z</time>
        <extensions>
          <ns3:TrackPointExtension>
            <ns3:atemp>27.0</ns3:atemp>
            <ns3:hr>109</ns3:hr>
          </ns3:TrackPointExtension>
        </extensions>
      </trkpt>
      <trkpt lat="36.239356510341167449951171875" lon="117.10815553553402423858642578125">
        <ele>-500</ele>
        <time>2026-09-05T16:22:14.000Z</time>
        <extensions>
          <ns3:TrackPointExtension>
            <ns3:atemp>27.0</ns3:atemp>
            <ns3:hr>110</ns3:hr>
          </ns3:TrackPointExtension>
        </extensions>
      </trkpt>
      <trkpt lat="36.2393563427031040191650390625" lon="117.10815553553402423858642578125">
        <ele>-500</ele>
        <time>2026-09-05T16:22:15.000Z</time>
        <extensions>
          <ns3:TrackPointExtension>
            <ns3:atemp>27.0</ns3:atemp>
            <ns3:hr>110</ns3:hr>
          </ns3:TrackPointExtension>
        </extensions>
      </trkpt>
      <trkpt lat="36.2393563427031040191650390625" lon="117.1081536076962947845458984375">
        <ele>-500</ele>
        <time>2026-09-05T16:22:17.000Z</time>
        <extensions>
          <ns3:TrackPointExtension>
            <ns3:atemp>27.0</ns3:atemp>
            <ns3:hr>109</ns3:hr>
          </ns3:TrackPointExtension>
        </extensions>
      </trkpt>
      <trkpt lat="36.2393563427031040191650390625" lon="117.10815285332500934600830078125">
        <ele>-500</ele>
        <time>2026-09-05T16:22:19.000Z</time>
        <extensions>
          <ns3:TrackPointExtension>
            <ns3:atemp>27.0</ns3:atemp>
            <ns3:hr>107</ns3:hr>
          </ns3:TrackPointExtension>
        </extensions>
      </trkpt>
      <trkpt lat="36.2393563427031040191650390625" lon="117.1081526018679141998291015625">
        <ele>-500</ele>
        <time>2026-09-05T16:22:20.000Z</time>
        <extensions>
          <ns3:TrackPointExtension>
            <ns3:atemp>27.0</ns3:atemp>
            <ns3:hr>107</ns3:hr>
          </ns3:TrackPointExtension>
        </extensions>
      </trkpt>
      <trkpt lat="36.2393563427031040191650390625" lon="117.10815243422985076904296875">
        <ele>-500</ele>
        <time>2026-09-05T16:22:21.000Z</time>
        <extensions>
          <ns3:TrackPointExtension>
            <ns3:atemp>27.0</ns3:atemp>
            <ns3:hr>106</ns3:hr>
          </ns3:TrackPointExtension>
        </extensions>
      </trkpt>
      <trkpt lat="36.2393563427031040191650390625" lon="117.10815235041081905364990234375">
        <ele>-500</ele>
        <time>2026-09-05T16:22:22.000Z</time>
        <extensions>
          <ns3:TrackPointExtension>
            <ns3:atemp>27.0</ns3:atemp>
            <ns3:hr>105</ns3:hr>
          </ns3:TrackPointExtension>
        </extensions>
      </trkpt>
      <trkpt lat="36.2393563427031040191650390625" lon="117.10815235041081905364990234375">
        <ele>-500</ele>
        <time>2026-09-05T16:22:23.000Z</time>
        <extensions>
          <ns3:TrackPointExtension>
            <ns3:atemp>27.0</ns3:atemp>
            <ns3:hr>106</ns3:hr>
          </ns3:TrackPointExtension>
        </extensions>
      </trkpt>
      <trkpt lat="36.2393560074269771575927734375" lon="117.10815235041081905364990234375">
        <ele>-500</ele>
        <time>2026-09-05T16:22:25.000Z</time>
        <extensions>
          <ns3:TrackPointExtension>
            <ns3:atemp>27.0</ns3:atemp>
            <ns3:hr>106</ns3:hr>
          </ns3:TrackPointExtension>
        </extensions>
      </trkpt>
      <trkpt lat="36.239355504512786865234375" lon="117.10815235041081905364990234375">
        <ele>-500</ele>
        <time>2026-09-05T16:22:26.000Z</time>
        <extensions>
          <ns3:TrackPointExtension>
            <ns3:atemp>27.0</ns3:atemp>
            <ns3:hr>105</ns3:hr>
          </ns3:TrackPointExtension>
        </extensions>
      </trkpt>
      <trkpt lat="36.23935542069375514984130859375" lon="117.10815235041081905364990234375">
        <ele>-500</ele>
        <time>2026-09-05T16:22:27.000Z</time>
        <extensions>
          <ns3:TrackPointExtension>
            <ns3:atemp>27.0</ns3:atemp>
            <ns3:hr>105</ns3:hr>
          </ns3:TrackPointExtension>
        </extensions>
      </trkpt>
      <trkpt lat="36.2393553368747234344482421875" lon="117.10815235041081905364990234375">
        <ele>-500</ele>
        <time>2026-09-05T16:22:28.000Z</time>
        <extensions>
          <ns3:TrackPointExtension>
            <ns3:atemp>27.0</ns3:atemp>
            <ns3:hr>104</ns3:hr>
          </ns3:TrackPointExtension>
        </extensions>
      </trkpt>
      <trkpt lat="36.2393553368747234344482421875" lon="117.10815235041081905364990234375">
        <ele>-500</ele>
        <time>2026-09-05T16:22:29.000Z</time>
        <extensions>
          <ns3:TrackPointExtension>
            <ns3:atemp>27.0</ns3:atemp>
            <ns3:hr>105</ns3:hr>
          </ns3:TrackPointExtension>
        </extensions>
      </trkpt>
      <trkpt lat="36.23935617506504058837890625" lon="117.10815235041081905364990234375">
        <ele>-500</ele>
        <time>2026-09-05T16:22:30.000Z</time>
        <extensions>
          <ns3:TrackPointExtension>
            <ns3:atemp>27.0</ns3:atemp>
            <ns3:hr>105</ns3:hr>
          </ns3:TrackPointExtension>
        </extensions>
      </trkpt>
      <trkpt lat="36.23935709707438945770263671875" lon="117.1081526018679141998291015625">
        <ele>-500</ele>
        <time>2026-09-05T16:22:31.000Z</time>
        <extensions>
          <ns3:TrackPointExtension>
            <ns3:atemp>27.0</ns3:atemp>
            <ns3:hr>105</ns3:hr>
          </ns3:TrackPointExtension>
        </extensions>
      </trkpt>
      <trkpt lat="36.23935843817889690399169921875" lon="117.10815335623919963836669921875">
        <ele>-500</ele>
        <time>2026-09-05T16:22:32.000Z</time>
        <extensions>
          <ns3:TrackPointExtension>
            <ns3:atemp>27.0</ns3:atemp>
            <ns3:hr>105</ns3:hr>
          </ns3:TrackPointExtension>
        </extensions>
      </trkpt>
      <trkpt lat="36.2393593601882457733154296875" lon="117.108153440058231353759765625">
        <ele>-500</ele>
        <time>2026-09-05T16:22:33.000Z</time>
        <extensions>
          <ns3:TrackPointExtension>
            <ns3:atemp>27.0</ns3:atemp>
            <ns3:hr>105</ns3:hr>
          </ns3:TrackPointExtension>
        </extensions>
      </trkpt>
      <trkpt lat="36.2393600307404994964599609375" lon="117.10815352387726306915283203125">
        <ele>-500</ele>
        <time>2026-09-05T16:22:34.000Z</time>
        <extensions>
          <ns3:TrackPointExtension>
            <ns3:atemp>27.0</ns3:atemp>
            <ns3:hr>105</ns3:hr>
          </ns3:TrackPointExtension>
        </extensions>
      </trkpt>
      <trkpt lat="36.23936028219759464263916015625" lon="117.10815352387726306915283203125">
        <ele>-500</ele>
        <time>2026-09-05T16:22:35.000Z</time>
        <extensions>
          <ns3:TrackPointExtension>
            <ns3:atemp>27.0</ns3:atemp>
            <ns3:hr>105</ns3:hr>
          </ns3:TrackPointExtension>
        </extensions>
      </trkpt>
      <trkpt lat="36.2393603660166263580322265625" lon="117.1081536076962947845458984375">
        <ele>-500</ele>
        <time>2026-09-05T16:22:36.000Z</time>
        <extensions>
          <ns3:TrackPointExtension>
            <ns3:atemp>27.0</ns3:atemp>
            <ns3:hr>105</ns3:hr>
          </ns3:TrackPointExtension>
        </extensions>
      </trkpt>
      <trkpt lat="36.2393603660166263580322265625" lon="117.1081546135246753692626953125">
        <ele>-500</ele>
        <time>2026-09-05T16:22:37.000Z</time>
        <extensions>
          <ns3:TrackPointExtension>
            <ns3:atemp>27.0</ns3:atemp>
            <ns3:hr>105</ns3:hr>
          </ns3:TrackPointExtension>
        </extensions>
      </trkpt>
      <trkpt lat="36.239360868930816650390625" lon="117.10815913975238800048828125">
        <ele>-500</ele>
        <time>2026-09-05T16:22:38.000Z</time>
        <extensions>
          <ns3:TrackPointExtension>
            <ns3:atemp>27.0</ns3:atemp>
            <ns3:hr>104</ns3:hr>
          </ns3:TrackPointExtension>
        </extensions>
      </trkpt>
      <trkpt lat="36.2393617071211338043212890625" lon="117.1081861294806003570556640625">
        <ele>-500</ele>
        <time>2026-09-05T16:22:41.000Z</time>
        <extensions>
          <ns3:TrackPointExtension>
            <ns3:atemp>27.0</ns3:atemp>
            <ns3:hr>104</ns3:hr>
          </ns3:TrackPointExtension>
        </extensions>
      </trkpt>
      <trkpt lat="36.2393627129495143890380859375" lon="117.1081918291747570037841796875">
        <ele>-500</ele>
        <time>2026-09-05T16:22:44.000Z</time>
        <extensions>
          <ns3:TrackPointExtension>
            <ns3:atemp>27.0</ns3:atemp>
            <ns3:hr>104</ns3:hr>
          </ns3:TrackPointExtension>
        </extensions>
      </trkpt>
      <trkpt lat="36.23936598189175128936767578125" lon="117.10819224826991558074951171875">
        <ele>-500</ele>
        <time>2026-09-05T16:22:46.000Z</time>
        <extensions>
          <ns3:TrackPointExtension>
            <ns3:atemp>27.0</ns3:atemp>
            <ns3:hr>104</ns3:hr>
          </ns3:TrackPointExtension>
        </extensions>
      </trkpt>
      <trkpt lat="36.23936749063432216644287109375" lon="117.1081945113837718963623046875">
        <ele>-500</ele>
        <time>2026-09-05T16:22:51.000Z</time>
        <extensions>
          <ns3:TrackPointExtension>
            <ns3:atemp>27.0</ns3:atemp>
            <ns3:hr>104</ns3:hr>
          </ns3:TrackPointExtension>
        </extensions>
      </trkpt>
      <trkpt lat="36.23939037322998046875" lon="117.1082266978919506072998046875">
        <ele>-500</ele>
        <time>2026-09-05T16:22:55.000Z</time>
        <extensions>
          <ns3:TrackPointExtension>
            <ns3:atemp>27.0</ns3:atemp>
            <ns3:hr>105</ns3:hr>
          </ns3:TrackPointExtension>
        </extensions>
      </trkpt>
      <trkpt lat="36.2394116632640361785888671875" lon="117.1082568727433681488037109375">
        <ele>-500</ele>
        <time>2026-09-05T16:22:57.000Z</time>
        <extensions>
          <ns3:TrackPointExtension>
            <ns3:atemp>27.0</ns3:atemp>
            <ns3:hr>106</ns3:hr>
          </ns3:TrackPointExtension>
        </extensions>
      </trkpt>
      <trkpt lat="36.23942767269909381866455078125" lon="117.10829366929829120635986328125">
        <ele>-500</ele>
        <time>2026-09-05T16:23:00.000Z</time>
        <extensions>
          <ns3:TrackPointExtension>
            <ns3:atemp>27.0</ns3:atemp>
            <ns3:hr>109</ns3:hr>
          </ns3:TrackPointExtension>
        </extensions>
      </trkpt>
      <trkpt lat="36.23943664133548736572265625" lon="117.10831143893301486968994140625">
        <ele>-500</ele>
        <time>2026-09-05T16:23:02.000Z</time>
        <extensions>
          <ns3:TrackPointExtension>
            <ns3:atemp>27.0</ns3:atemp>
            <ns3:hr>109</ns3:hr>
          </ns3:TrackPointExtension>
        </extensions>
      </trkpt>
      <trkpt lat="36.239437647163867950439453125" lon="117.10831646807491779327392578125">
        <ele>-500</ele>
        <time>2026-09-05T16:23:03.000Z</time>
        <extensions>
          <ns3:TrackPointExtension>
            <ns3:atemp>27.0</ns3:atemp>
            <ns3:hr>108</ns3:hr>
          </ns3:TrackPointExtension>
        </extensions>
      </trkpt>
      <trkpt lat="36.2394451908767223358154296875" lon="117.108336500823497772216796875">
        <ele>-500</ele>
        <time>2026-09-05T16:23:06.000Z</time>
        <extensions>
          <ns3:TrackPointExtension>
            <ns3:atemp>27.0</ns3:atemp>
            <ns3:hr>108</ns3:hr>
          </ns3:TrackPointExtension>
        </extensions>
      </trkpt>
      <trkpt lat="36.2394441850483417510986328125" lon="117.10833792574703693389892578125">
        <ele>-500</ele>
        <time>2026-09-05T16:23:08.000Z</time>
        <extensions>
          <ns3:TrackPointExtension>
            <ns3:atemp>27.0</ns3:atemp>
            <ns3:hr>108</ns3:hr>
          </ns3:TrackPointExtension>
        </extensions>
      </trkpt>
      <trkpt lat="36.2394461967051029205322265625" lon="117.10834127850830554962158203125">
        <ele>-500</ele>
        <time>2026-09-05T16:23:09.000Z</time>
        <extensions>
          <ns3:TrackPointExtension>
            <ns3:atemp>27.0</ns3:atemp>
            <ns3:hr>111</ns3:hr>
          </ns3:TrackPointExtension>
        </extensions>
      </trkpt>
      <trkpt lat="36.23946706764400005340576171875" lon="117.10836659185588359832763671875">
        <ele>-500</ele>
        <time>2026-09-05T16:23:13.000Z</time>
        <extensions>
          <ns3:TrackPointExtension>
            <ns3:atemp>27.0</ns3:atemp>
            <ns3:hr>114</ns3:hr>
          </ns3:TrackPointExtension>
        </extensions>
      </trkpt>
      <trkpt lat="36.23947662301361560821533203125" lon="117.1083678491413593292236328125">
        <ele>-500</ele>
        <time>2026-09-05T16:23:14.000Z</time>
        <extensions>
          <ns3:TrackPointExtension>
            <ns3:atemp>27.0</ns3:atemp>
            <ns3:hr>111</ns3:hr>
          </ns3:TrackPointExtension>
        </extensions>
      </trkpt>
      <trkpt lat="36.2394850887358188629150390625" lon="117.10837212391197681427001953125">
        <ele>-500</ele>
        <time>2026-09-05T16:23:15.000Z</time>
        <extensions>
          <ns3:TrackPointExtension>
            <ns3:atemp>27.0</ns3:atemp>
            <ns3:hr>112</ns3:hr>
          </ns3:TrackPointExtension>
        </extensions>
      </trkpt>
      <trkpt lat="36.2394934706389904022216796875" lon="117.10837815888226032257080078125">
        <ele>-500</ele>
        <time>2026-09-05T16:23:16.000Z</time>
        <extensions>
          <ns3:TrackPointExtension>
            <ns3:atemp>27.0</ns3:atemp>
            <ns3:hr>113</ns3:hr>
          </ns3:TrackPointExtension>
        </extensions>
      </trkpt>
      <trkpt lat="36.23950042761862277984619140625" lon="117.10838737897574901580810546875">
        <ele>-500</ele>
        <time>2026-09-05T16:23:17.000Z</time>
        <extensions>
          <ns3:TrackPointExtension>
            <ns3:atemp>27.0</ns3:atemp>
            <ns3:hr>113</ns3:hr>
          </ns3:TrackPointExtension>
        </extensions>
      </trkpt>
      <trkpt lat="36.23950612731277942657470703125" lon="117.10839726962149143218994140625">
        <ele>-500</ele>
        <time>2026-09-05T16:23:18.000Z</time>
        <extensions>
          <ns3:TrackPointExtension>
            <ns3:atemp>27.0</ns3:atemp>
            <ns3:hr>113</ns3:hr>
          </ns3:TrackPointExtension>
        </extensions>
      </trkpt>
      <trkpt lat="36.23951165936887264251708984375" lon="117.10840749554336071014404296875">
        <ele>-500</ele>
        <time>2026-09-05T16:23:19.000Z</time>
        <extensions>
          <ns3:TrackPointExtension>
            <ns3:atemp>26.0</ns3:atemp>
            <ns3:hr>112</ns3:hr>
          </ns3:TrackPointExtension>
        </extensions>
      </trkpt>
      <trkpt lat="36.23951853252947330474853515625" lon="117.1084178052842617034912109375">
        <ele>-500</ele>
        <time>2026-09-05T16:23:20.000Z</time>
        <extensions>
          <ns3:TrackPointExtension>
            <ns3:atemp>26.0</ns3:atemp>
            <ns3:hr>114</ns3:hr>
          </ns3:TrackPointExtension>
        </extensions>
      </trkpt>
      <trkpt lat="36.23953051865100860595703125" lon="117.1084369160234928131103515625">
        <ele>-500</ele>
        <time>2026-09-05T16:23:21.000Z</time>
        <extensions>
          <ns3:TrackPointExtension>
            <ns3:atemp>26.0</ns3:atemp>
            <ns3:hr>113</ns3:hr>
          </ns3:TrackPointExtension>
        </extensions>
      </trkpt>
      <trkpt lat="36.23953613452613353729248046875" lon="117.108446471393108367919921875">
        <ele>-500</ele>
        <time>2026-09-05T16:23:23.000Z</time>
        <extensions>
          <ns3:TrackPointExtension>
            <ns3:atemp>26.0</ns3:atemp>
            <ns3:hr>114</ns3:hr>
          </ns3:TrackPointExtension>
        </extensions>
      </trkpt>
      <trkpt lat="36.23954258859157562255859375" lon="117.10845359601080417633056640625">
        <ele>-500</ele>
        <time>2026-09-05T16:23:24.000Z</time>
        <extensions>
          <ns3:TrackPointExtension>
            <ns3:atemp>26.0</ns3:atemp>
            <ns3:hr>112</ns3:hr>
          </ns3:TrackPointExtension>
        </extensions>
      </trkpt>
      <trkpt lat="36.23954954557120800018310546875" lon="117.108461223542690277099609375">
        <ele>-500</ele>
        <time>2026-09-05T16:23:25.000Z</time>
        <extensions>
          <ns3:TrackPointExtension>
            <ns3:atemp>26.0</ns3:atemp>
            <ns3:hr>112</ns3:hr>
          </ns3:TrackPointExtension>
        </extensions>
      </trkpt>
      <trkpt lat="36.23955625109374523162841796875" lon="117.10846667177975177764892578125">
        <ele>-500</ele>
        <time>2026-09-05T16:23:26.000Z</time>
        <extensions>
          <ns3:TrackPointExtension>
            <ns3:atemp>26.0</ns3:atemp>
            <ns3:hr>112</ns3:hr>
          </ns3:TrackPointExtension>
        </extensions>
      </trkpt>
      <trkpt lat="36.2395611964166164398193359375" lon="117.10847069509327411651611328125">
        <ele>-500</ele>
        <time>2026-09-05T16:23:27.000Z</time>
        <extensions>
          <ns3:TrackPointExtension>
            <ns3:atemp>26.0</ns3:atemp>
            <ns3:hr>111</ns3:hr>
          </ns3:TrackPointExtension>
        </extensions>
      </trkpt>
      <trkpt lat="36.23956312425434589385986328125" lon="117.1084721200168132781982421875">
        <ele>-500</ele>
        <time>2026-09-05T16:23:28.000Z</time>
        <extensions>
          <ns3:TrackPointExtension>
            <ns3:atemp>26.0</ns3:atemp>
            <ns3:hr>110</ns3:hr>
          </ns3:TrackPointExtension>
        </extensions>
      </trkpt>
      <trkpt lat="36.23956463299691677093505859375" lon="117.10847304202616214752197265625">
        <ele>-500</ele>
        <time>2026-09-05T16:23:29.000Z</time>
        <extensions>
          <ns3:TrackPointExtension>
            <ns3:atemp>26.0</ns3:atemp>
            <ns3:hr>113</ns3:hr>
          </ns3:TrackPointExtension>
        </extensions>
      </trkpt>
      <trkpt lat="36.239567734301090240478515625" lon="117.1084763109683990478515625">
        <ele>-500</ele>
        <time>2026-09-05T16:23:30.000Z</time>
        <extensions>
          <ns3:TrackPointExtension>
            <ns3:atemp>26.0</ns3:atemp>
            <ns3:hr>113</ns3:hr>
          </ns3:TrackPointExtension>
        </extensions>
      </trkpt>
      <trkpt lat="36.239570081233978271484375" lon="117.10847706533968448638916015625">
        <ele>-500</ele>
        <time>2026-09-05T16:23:31.000Z</time>
        <extensions>
          <ns3:TrackPointExtension>
            <ns3:atemp>26.0</ns3:atemp>
            <ns3:hr>113</ns3:hr>
          </ns3:TrackPointExtension>
        </extensions>
      </trkpt>
      <trkpt lat="36.2395705841481685638427734375" lon="117.10847832262516021728515625">
        <ele>-500</ele>
        <time>2026-09-05T16:23:32.000Z</time>
        <extensions>
          <ns3:TrackPointExtension>
            <ns3:atemp>26.0</ns3:atemp>
            <ns3:hr>112</ns3:hr>
          </ns3:TrackPointExtension>
        </extensions>
      </trkpt>
      <trkpt lat="36.23956966213881969451904296875" lon="117.1084788255393505096435546875">
        <ele>-500</ele>
        <time>2026-09-05T16:23:33.000Z</time>
        <extensions>
          <ns3:TrackPointExtension>
            <ns3:atemp>26.0</ns3:atemp>
            <ns3:hr>114</ns3:hr>
          </ns3:TrackPointExtension>
        </extensions>
      </trkpt>
      <trkpt lat="36.239569745957851409912109375" lon="117.10847874172031879425048828125">
        <ele>-500</ele>
        <time>2026-09-05T16:23:34.000Z</time>
        <extensions>
          <ns3:TrackPointExtension>
            <ns3:atemp>26.0</ns3:atemp>
            <ns3:hr>114</ns3:hr>
          </ns3:TrackPointExtension>
        </extensions>
      </trkpt>
      <trkpt lat="36.23956966213881969451904296875" lon="117.1084714494645595550537109375">
        <ele>-500</ele>
        <time>2026-09-05T16:23:36.000Z</time>
        <extensions>
          <ns3:TrackPointExtension>
            <ns3:atemp>26.0</ns3:atemp>
            <ns3:hr>114</ns3:hr>
          </ns3:TrackPointExtension>
        </extensions>
      </trkpt>
      <trkpt lat="36.23957050032913684844970703125" lon="117.1084714494645595550537109375">
        <ele>-500</ele>
        <time>2026-09-05T16:23:38.000Z</time>
        <extensions>
          <ns3:TrackPointExtension>
            <ns3:atemp>26.0</ns3:atemp>
            <ns3:hr>111</ns3:hr>
          </ns3:TrackPointExtension>
        </extensions>
      </trkpt>
      <trkpt lat="36.23957050032913684844970703125" lon="117.1084714494645595550537109375">
        <ele>-500</ele>
        <time>2026-09-05T16:23:39.000Z</time>
        <extensions>
          <ns3:TrackPointExtension>
            <ns3:atemp>26.0</ns3:atemp>
            <ns3:hr>110</ns3:hr>
          </ns3:TrackPointExtension>
        </extensions>
      </trkpt>
      <trkpt lat="36.23957050032913684844970703125" lon="117.1084714494645595550537109375">
        <ele>-500</ele>
        <time>2026-09-05T16:23:41.000Z</time>
        <extensions>
          <ns3:TrackPointExtension>
            <ns3:atemp>26.0</ns3:atemp>
            <ns3:hr>109</ns3:hr>
          </ns3:TrackPointExtension>
        </extensions>
      </trkpt>
      <trkpt lat="36.23957050032913684844970703125" lon="117.1084714494645595550537109375">
        <ele>-500</ele>
        <time>2026-09-05T16:23:42.000Z</time>
        <extensions>
          <ns3:TrackPointExtension>
            <ns3:atemp>26.0</ns3:atemp>
            <ns3:hr>108</ns3:hr>
          </ns3:TrackPointExtension>
        </extensions>
      </trkpt>
      <trkpt lat="36.23957050032913684844970703125" lon="117.1084714494645595550537109375">
        <ele>-500</ele>
        <time>2026-09-05T16:23:43.000Z</time>
        <extensions>
          <ns3:TrackPointExtension>
            <ns3:atemp>26.0</ns3:atemp>
            <ns3:hr>107</ns3:hr>
          </ns3:TrackPointExtension>
        </extensions>
      </trkpt>
      <trkpt lat="36.2395736016333103179931640625" lon="117.10847505368292331695556640625">
        <ele>-500</ele>
        <time>2026-09-05T16:23:44.000Z</time>
        <extensions>
          <ns3:TrackPointExtension>
            <ns3:atemp>26.0</ns3:atemp>
            <ns3:hr>107</ns3:hr>
          </ns3:TrackPointExtension>
        </extensions>
      </trkpt>
      <trkpt lat="36.239584498107433319091796875" lon="117.10848544724285602569580078125">
        <ele>-500</ele>
        <time>2026-09-05T16:23:45.000Z</time>
        <extensions>
          <ns3:TrackPointExtension>
            <ns3:atemp>26.0</ns3:atemp>
            <ns3:hr>107</ns3:hr>
          </ns3:TrackPointExtension>
        </extensions>
      </trkpt>
      <trkpt lat="36.2395940534770488739013671875" lon="117.10849684663116931915283203125">
        <ele>-500</ele>
        <time>2026-09-05T16:23:46.000Z</time>
        <extensions>
          <ns3:TrackPointExtension>
            <ns3:atemp>26.0</ns3:atemp>
            <ns3:hr>107</ns3:hr>
          </ns3:TrackPointExtension>
        </extensions>
      </trkpt>
      <trkpt lat="36.23960369266569614410400390625" lon="117.10851059295237064361572265625">
        <ele>-500</ele>
        <time>2026-09-05T16:23:47.000Z</time>
        <extensions>
          <ns3:TrackPointExtension>
            <ns3:atemp>26.0</ns3:atemp>
            <ns3:hr>106</ns3:hr>
          </ns3:TrackPointExtension>
        </extensions>
      </trkpt>
      <trkpt lat="36.239612996578216552734375" lon="117.10852433927357196807861328125">
        <ele>-500</ele>
        <time>2026-09-05T16:23:48.000Z</time>
        <extensions>
          <ns3:TrackPointExtension>
            <ns3:atemp>26.0</ns3:atemp>
            <ns3:hr>106</ns3:hr>
          </ns3:TrackPointExtension>
        </extensions>
      </trkpt>
      <trkpt lat="36.239622719585895538330078125" lon="117.1085385046899318695068359375">
        <ele>-500</ele>
        <time>2026-09-05T16:23:49.000Z</time>
        <extensions>
          <ns3:TrackPointExtension>
            <ns3:atemp>26.0</ns3:atemp>
            <ns3:hr>107</ns3:hr>
          </ns3:TrackPointExtension>
        </extensions>
      </trkpt>
      <trkpt lat="36.23963353224098682403564453125" lon="117.10855074226856231689453125">
        <ele>-500</ele>
        <time>2026-09-05T16:23:50.000Z</time>
        <extensions>
          <ns3:TrackPointExtension>
            <ns3:atemp>26.0</ns3:atemp>
            <ns3:hr>107</ns3:hr>
          </ns3:TrackPointExtension>
        </extensions>
      </trkpt>
      <trkpt lat="36.2396433390676975250244140625" lon="117.10856121964752674102783203125">
        <ele>-500</ele>
        <time>2026-09-05T16:23:51.000Z</time>
        <extensions>
          <ns3:TrackPointExtension>
            <ns3:atemp>26.0</ns3:atemp>
            <ns3:hr>107</ns3:hr>
          </ns3:TrackPointExtension>
        </extensions>
      </trkpt>
      <trkpt lat="36.2396527267992496490478515625" lon="117.10857211612164974212646484375">
        <ele>-500</ele>
        <time>2026-09-05T16:23:52.000Z</time>
        <extensions>
          <ns3:TrackPointExtension>
            <ns3:atemp>26.0</ns3:atemp>
            <ns3:hr>107</ns3:hr>
          </ns3:TrackPointExtension>
        </extensions>
      </trkpt>
      <trkpt lat="36.2396704964339733123779296875" lon="117.1085951663553714752197265625">
        <ele>-500</ele>
        <time>2026-09-05T16:23:54.000Z</time>
        <extensions>
          <ns3:TrackPointExtension>
            <ns3:atemp>26.0</ns3:atemp>
            <ns3:hr>108</ns3:hr>
          </ns3:TrackPointExtension>
        </extensions>
      </trkpt>
      <trkpt lat="36.23967862688004970550537109375" lon="117.10860363207757472991943359375">
        <ele>-500</ele>
        <time>2026-09-05T16:23:55.000Z</time>
        <extensions>
          <ns3:TrackPointExtension>
            <ns3:atemp>26.0</ns3:atemp>
            <ns3:hr>107</ns3:hr>
          </ns3:TrackPointExtension>
        </extensions>
      </trkpt>
      <trkpt lat="36.23968667350709438323974609375" lon="117.108611762523651123046875">
        <ele>-500</ele>
        <time>2026-09-05T16:23:56.000Z</time>
        <extensions>
          <ns3:TrackPointExtension>
            <ns3:atemp>26.0</ns3:atemp>
            <ns3:hr>107</ns3:hr>
          </ns3:TrackPointExtension>
        </extensions>
      </trkpt>
      <trkpt lat="36.2396939657628536224365234375" lon="117.10862047970294952392578125">
        <ele>-500</ele>
        <time>2026-09-05T16:23:57.000Z</time>
        <extensions>
          <ns3:TrackPointExtension>
            <ns3:atemp>26.0</ns3:atemp>
            <ns3:hr>106</ns3:hr>
          </ns3:TrackPointExtension>
        </extensions>
      </trkpt>
      <trkpt lat="36.23970394022762775421142578125" lon="117.10862877778708934783935546875">
        <ele>-500</ele>
        <time>2026-09-05T16:23:58.000Z</time>
        <extensions>
          <ns3:TrackPointExtension>
            <ns3:atemp>26.0</ns3:atemp>
            <ns3:hr>108</ns3:hr>
          </ns3:TrackPointExtension>
        </extensions>
      </trkpt>
      <trkpt lat="36.23973394744098186492919921875" lon="117.108673788607120513916015625">
        <ele>-500</ele>
        <time>2026-09-05T16:24:02.000Z</time>
        <extensions>
          <ns3:TrackPointExtension>
            <ns3:atemp>26.0</ns3:atemp>
            <ns3:hr>109</ns3:hr>
          </ns3:TrackPointExtension>
        </extensions>
      </trkpt>
      <trkpt lat="36.2397422455251216888427734375" lon="117.10868426598608493804931640625">
        <ele>-500</ele>
        <time>2026-09-05T16:24:03.000Z</time>
        <extensions>
          <ns3:TrackPointExtension>
            <ns3:atemp>26.0</ns3:atemp>
            <ns3:hr>109</ns3:hr>
          </ns3:TrackPointExtension>
        </extensions>
      </trkpt>
      <trkpt lat="36.23975071124732494354248046875" lon="117.10869491100311279296875">
        <ele>-500</ele>
        <time>2026-09-05T16:24:04.000Z</time>
        <extensions>
          <ns3:TrackPointExtension>
            <ns3:atemp>26.0</ns3:atemp>
            <ns3:hr>109</ns3:hr>
          </ns3:TrackPointExtension>
        </extensions>
      </trkpt>
      <trkpt lat="36.239756830036640167236328125" lon="117.108703963458538055419921875">
        <ele>-500</ele>
        <time>2026-09-05T16:24:05.000Z</time>
        <extensions>
          <ns3:TrackPointExtension>
            <ns3:atemp>26.0</ns3:atemp>
            <ns3:hr>109</ns3:hr>
          </ns3:TrackPointExtension>
        </extensions>
      </trkpt>
      <trkpt lat="36.2397620268166065216064453125" lon="117.108712680637836456298828125">
        <ele>-500</ele>
        <time>2026-09-05T16:24:06.000Z</time>
        <extensions>
          <ns3:TrackPointExtension>
            <ns3:atemp>26.0</ns3:atemp>
            <ns3:hr>109</ns3:hr>
          </ns3:TrackPointExtension>
        </extensions>
      </trkpt>
      <trkpt lat="36.23977920971810817718505859375" lon="117.10873891599476337432861328125">
        <ele>-500</ele>
        <time>2026-09-05T16:24:08.000Z</time>
        <extensions>
          <ns3:TrackPointExtension>
            <ns3:atemp>26.0</ns3:atemp>
            <ns3:hr>110</ns3:hr>
          </ns3:TrackPointExtension>
        </extensions>
      </trkpt>
      <trkpt lat="36.23978666961193084716796875" lon="117.10875014774501323699951171875">
        <ele>-500</ele>
        <time>2026-09-05T16:24:09.000Z</time>
        <extensions>
          <ns3:TrackPointExtension>
            <ns3:atemp>26.0</ns3:atemp>
            <ns3:hr>109</ns3:hr>
          </ns3:TrackPointExtension>
        </extensions>
      </trkpt>
      <trkpt lat="36.2397952191531658172607421875" lon="117.10875936783850193023681640625">
        <ele>-500</ele>
        <time>2026-09-05T16:24:10.000Z</time>
        <extensions>
          <ns3:TrackPointExtension>
            <ns3:atemp>26.0</ns3:atemp>
            <ns3:hr>110</ns3:hr>
          </ns3:TrackPointExtension>
        </extensions>
      </trkpt>
      <trkpt lat="36.23981039039790630340576171875" lon="117.1087799035012722015380859375">
        <ele>-500</ele>
        <time>2026-09-05T16:24:12.000Z</time>
        <extensions>
          <ns3:TrackPointExtension>
            <ns3:atemp>26.0</ns3:atemp>
            <ns3:hr>111</ns3:hr>
          </ns3:TrackPointExtension>
        </extensions>
      </trkpt>
      <trkpt lat="36.23982463963329792022705078125" lon="117.10879960097372531890869140625">
        <ele>-500</ele>
        <time>2026-09-05T16:24:14.000Z</time>
        <extensions>
          <ns3:TrackPointExtension>
            <ns3:atemp>26.0</ns3:atemp>
            <ns3:hr>111</ns3:hr>
          </ns3:TrackPointExtension>
        </extensions>
      </trkpt>
      <trkpt lat="36.23983168043196201324462890625" lon="117.10880982689559459686279296875">
        <ele>-500</ele>
        <time>2026-09-05T16:24:15.000Z</time>
        <extensions>
          <ns3:TrackPointExtension>
            <ns3:atemp>26.0</ns3:atemp>
            <ns3:hr>111</ns3:hr>
          </ns3:TrackPointExtension>
        </extensions>
      </trkpt>
      <trkpt lat="36.23983939178287982940673828125" lon="117.10882307030260562896728515625">
        <ele>-500</ele>
        <time>2026-09-05T16:24:16.000Z</time>
        <extensions>
          <ns3:TrackPointExtension>
            <ns3:atemp>26.0</ns3:atemp>
            <ns3:hr>112</ns3:hr>
          </ns3:TrackPointExtension>
        </extensions>
      </trkpt>
      <trkpt lat="36.239847354590892791748046875" lon="117.1088355593383312225341796875">
        <ele>-500</ele>
        <time>2026-09-05T16:24:17.000Z</time>
        <extensions>
          <ns3:TrackPointExtension>
            <ns3:atemp>26.0</ns3:atemp>
            <ns3:hr>112</ns3:hr>
          </ns3:TrackPointExtension>
        </extensions>
      </trkpt>
      <trkpt lat="36.2398555688560009002685546875" lon="117.10884452797472476959228515625">
        <ele>-500</ele>
        <time>2026-09-05T16:24:18.000Z</time>
        <extensions>
          <ns3:TrackPointExtension>
            <ns3:atemp>26.0</ns3:atemp>
            <ns3:hr>112</ns3:hr>
          </ns3:TrackPointExtension>
        </extensions>
      </trkpt>
      <trkpt lat="36.2398619391024112701416015625" lon="117.10885391570627689361572265625">
        <ele>-500</ele>
        <time>2026-09-05T16:24:19.000Z</time>
        <extensions>
          <ns3:TrackPointExtension>
            <ns3:atemp>26.0</ns3:atemp>
            <ns3:hr>112</ns3:hr>
          </ns3:TrackPointExtension>
        </extensions>
      </trkpt>
      <trkpt lat="36.23988733626902103424072265625" lon="117.108896411955356597900390625">
        <ele>-500</ele>
        <time>2026-09-05T16:24:23.000Z</time>
        <extensions>
          <ns3:TrackPointExtension>
            <ns3:atemp>26.0</ns3:atemp>
            <ns3:hr>113</ns3:hr>
          </ns3:TrackPointExtension>
        </extensions>
      </trkpt>
      <trkpt lat="36.23989370651543140411376953125" lon="117.10890672169625759124755859375">
        <ele>-500</ele>
        <time>2026-09-05T16:24:24.000Z</time>
        <extensions>
          <ns3:TrackPointExtension>
            <ns3:atemp>26.0</ns3:atemp>
            <ns3:hr>110</ns3:hr>
          </ns3:TrackPointExtension>
        </extensions>
      </trkpt>
      <trkpt lat="36.23990066349506378173828125" lon="117.10891661234200000762939453125">
        <ele>-500</ele>
        <time>2026-09-05T16:24:25.000Z</time>
        <extensions>
          <ns3:TrackPointExtension>
            <ns3:atemp>26.0</ns3:atemp>
            <ns3:hr>113</ns3:hr>
          </ns3:TrackPointExtension>
        </extensions>
      </trkpt>
      <trkpt lat="36.2399075366556644439697265625" lon="117.10892356932163238525390625">
        <ele>-500</ele>
        <time>2026-09-05T16:24:26.000Z</time>
        <extensions>
          <ns3:TrackPointExtension>
            <ns3:atemp>26.0</ns3:atemp>
            <ns3:hr>114</ns3:hr>
          </ns3:TrackPointExtension>
        </extensions>
      </trkpt>
      <trkpt lat="36.2399179302155971527099609375" lon="117.10892893373966217041015625">
        <ele>-500</ele>
        <time>2026-09-05T16:24:27.000Z</time>
        <extensions>
          <ns3:TrackPointExtension>
            <ns3:atemp>26.0</ns3:atemp>
            <ns3:hr>114</ns3:hr>
          </ns3:TrackPointExtension>
        </extensions>
      </trkpt>
      <trkpt lat="36.23992874287068843841552734375" lon="117.1089341305196285247802734375">
        <ele>-500</ele>
        <time>2026-09-05T16:24:28.000Z</time>
        <extensions>
          <ns3:TrackPointExtension>
            <ns3:atemp>26.0</ns3:atemp>
            <ns3:hr>112</ns3:hr>
          </ns3:TrackPointExtension>
        </extensions>
      </trkpt>
      <trkpt lat="36.23993762768805027008056640625" lon="117.10893832147121429443359375">
        <ele>-500</ele>
        <time>2026-09-05T16:24:29.000Z</time>
        <extensions>
          <ns3:TrackPointExtension>
            <ns3:atemp>26.0</ns3:atemp>
            <ns3:hr>111</ns3:hr>
          </ns3:TrackPointExtension>
        </extensions>
      </trkpt>
      <trkpt lat="36.23994533903896808624267578125" lon="117.10894226096570491790771484375">
        <ele>-500</ele>
        <time>2026-09-05T16:24:30.000Z</time>
        <extensions>
          <ns3:TrackPointExtension>
            <ns3:atemp>26.0</ns3:atemp>
            <ns3:hr>111</ns3:hr>
          </ns3:TrackPointExtension>
        </extensions>
      </trkpt>
      <trkpt lat="36.2399511225521564483642578125" lon="117.108947373926639556884765625">
        <ele>-500</ele>
        <time>2026-09-05T16:24:31.000Z</time>
        <extensions>
          <ns3:TrackPointExtension>
            <ns3:atemp>26.0</ns3:atemp>
            <ns3:hr>111</ns3:hr>
          </ns3:TrackPointExtension>
        </extensions>
      </trkpt>
      <trkpt lat="36.23995539732277393341064453125" lon="117.108955420553684234619140625">
        <ele>-500</ele>
        <time>2026-09-05T16:24:32.000Z</time>
        <extensions>
          <ns3:TrackPointExtension>
            <ns3:atemp>26.0</ns3:atemp>
            <ns3:hr>108</ns3:hr>
          </ns3:TrackPointExtension>
        </extensions>
      </trkpt>
      <trkpt lat="36.23996235430240631103515625" lon="117.1089653111994266510009765625">
        <ele>-500</ele>
        <time>2026-09-05T16:24:33.000Z</time>
        <extensions>
          <ns3:TrackPointExtension>
            <ns3:atemp>26.0</ns3:atemp>
            <ns3:hr>111</ns3:hr>
          </ns3:TrackPointExtension>
        </extensions>
      </trkpt>
      <trkpt lat="36.2399709038436412811279296875" lon="117.10897453129291534423828125">
        <ele>-500</ele>
        <time>2026-09-05T16:24:34.000Z</time>
        <extensions>
          <ns3:TrackPointExtension>
            <ns3:atemp>26.0</ns3:atemp>
            <ns3:hr>111</ns3:hr>
          </ns3:TrackPointExtension>
        </extensions>
      </trkpt>
      <trkpt lat="36.2399769388139247894287109375" lon="117.108984924852848052978515625">
        <ele>-500</ele>
        <time>2026-09-05T16:24:35.000Z</time>
        <extensions>
          <ns3:TrackPointExtension>
            <ns3:atemp>26.0</ns3:atemp>
            <ns3:hr>112</ns3:hr>
          </ns3:TrackPointExtension>
        </extensions>
      </trkpt>
      <trkpt lat="36.23998171649873256683349609375" lon="117.108994312584400177001953125">
        <ele>-500</ele>
        <time>2026-09-05T16:24:36.000Z</time>
        <extensions>
          <ns3:TrackPointExtension>
            <ns3:atemp>26.0</ns3:atemp>
            <ns3:hr>112</ns3:hr>
          </ns3:TrackPointExtension>
        </extensions>
      </trkpt>
      <trkpt lat="36.23998649418354034423828125" lon="117.10900428704917430877685546875">
        <ele>-500</ele>
        <time>2026-09-05T16:24:37.000Z</time>
        <extensions>
          <ns3:TrackPointExtension>
            <ns3:atemp>26.0</ns3:atemp>
            <ns3:hr>113</ns3:hr>
          </ns3:TrackPointExtension>
        </extensions>
      </trkpt>
      <trkpt lat="36.2399900145828723907470703125" lon="117.10901166312396526336669921875">
        <ele>-500</ele>
        <time>2026-09-05T16:24:38.000Z</time>
        <extensions>
          <ns3:TrackPointExtension>
            <ns3:atemp>26.0</ns3:atemp>
            <ns3:hr>113</ns3:hr>
          </ns3:TrackPointExtension>
        </extensions>
      </trkpt>
      <trkpt lat="36.2399950437247753143310546875" lon="117.109019123017787933349609375">
        <ele>-500</ele>
        <time>2026-09-05T16:24:39.000Z</time>
        <extensions>
          <ns3:TrackPointExtension>
            <ns3:atemp>26.0</ns3:atemp>
            <ns3:hr>113</ns3:hr>
          </ns3:TrackPointExtension>
        </extensions>
      </trkpt>
      <trkpt lat="36.2399983964860439300537109375" lon="117.10902406834065914154052734375">
        <ele>-500</ele>
        <time>2026-09-05T16:24:40.000Z</time>
        <extensions>
          <ns3:TrackPointExtension>
            <ns3:atemp>26.0</ns3:atemp>
            <ns3:hr>113</ns3:hr>
          </ns3:TrackPointExtension>
        </extensions>
      </trkpt>
      <trkpt lat="36.24003133736550807952880859375" lon="117.1090521477162837982177734375">
        <ele>-500</ele>
        <time>2026-09-05T16:24:44.000Z</time>
        <extensions>
          <ns3:TrackPointExtension>
            <ns3:atemp>26.0</ns3:atemp>
            <ns3:hr>114</ns3:hr>
          </ns3:TrackPointExtension>
        </extensions>
      </trkpt>
      <trkpt lat="36.24006159603595733642578125" lon="117.10909196175634860992431640625">
        <ele>-500</ele>
        <time>2026-09-05T16:24:48.000Z</time>
        <extensions>
          <ns3:TrackPointExtension>
            <ns3:atemp>26.0</ns3:atemp>
            <ns3:hr>115</ns3:hr>
          </ns3:TrackPointExtension>
        </extensions>
      </trkpt>
      <trkpt lat="36.24007366597652435302734375" lon="117.10910352878272533416748046875">
        <ele>-500</ele>
        <time>2026-09-05T16:24:49.000Z</time>
        <extensions>
          <ns3:TrackPointExtension>
            <ns3:atemp>26.0</ns3:atemp>
            <ns3:hr>112</ns3:hr>
          </ns3:TrackPointExtension>
        </extensions>
      </trkpt>
      <trkpt lat="36.2400929443538188934326171875" lon="117.109125740826129913330078125">
        <ele>-500</ele>
        <time>2026-09-05T16:24:50.000Z</time>
        <extensions>
          <ns3:TrackPointExtension>
            <ns3:atemp>26.0</ns3:atemp>
            <ns3:hr>113</ns3:hr>
          </ns3:TrackPointExtension>
        </extensions>
      </trkpt>
      <trkpt lat="36.240099482238292694091796875" lon="117.10913990624248981475830078125">
        <ele>-500</ele>
        <time>2026-09-05T16:24:52.000Z</time>
        <extensions>
          <ns3:TrackPointExtension>
            <ns3:atemp>26.0</ns3:atemp>
            <ns3:hr>112</ns3:hr>
          </ns3:TrackPointExtension>
        </extensions>
      </trkpt>
      <trkpt lat="36.24010593630373477935791015625" lon="117.1091495454311370849609375">
        <ele>-500</ele>
        <time>2026-09-05T16:24:53.000Z</time>
        <extensions>
          <ns3:TrackPointExtension>
            <ns3:atemp>26.0</ns3:atemp>
            <ns3:hr>112</ns3:hr>
          </ns3:TrackPointExtension>
        </extensions>
      </trkpt>
      <trkpt lat="36.24011012725532054901123046875" lon="117.109161280095577239990234375">
        <ele>-500</ele>
        <time>2026-09-05T16:24:54.000Z</time>
        <extensions>
          <ns3:TrackPointExtension>
            <ns3:atemp>26.0</ns3:atemp>
            <ns3:hr>112</ns3:hr>
          </ns3:TrackPointExtension>
        </extensions>
      </trkpt>
      <trkpt lat="36.2401264719665050506591796875" lon="117.1091842465102672576904296875">
        <ele>-500</ele>
        <time>2026-09-05T16:24:56.000Z</time>
        <extensions>
          <ns3:TrackPointExtension>
            <ns3:atemp>26.0</ns3:atemp>
            <ns3:hr>111</ns3:hr>
          </ns3:TrackPointExtension>
        </extensions>
      </trkpt>
      <trkpt lat="36.24013477005064487457275390625" lon="117.10919522680342197418212890625">
        <ele>-500</ele>
        <time>2026-09-05T16:24:57.000Z</time>
        <extensions>
          <ns3:TrackPointExtension>
            <ns3:atemp>26.0</ns3:atemp>
            <ns3:hr>110</ns3:hr>
          </ns3:TrackPointExtension>
        </extensions>
      </trkpt>
      <trkpt lat="36.2401472590863704681396484375" lon="117.1092167682945728302001953125">
        <ele>-500</ele>
        <time>2026-09-05T16:24:59.000Z</time>
        <extensions>
          <ns3:TrackPointExtension>
            <ns3:atemp>26.0</ns3:atemp>
            <ns3:hr>110</ns3:hr>
          </ns3:TrackPointExtension>
        </extensions>
      </trkpt>
      <trkpt lat="36.24016075395047664642333984375" lon="117.10923881269991397857666015625">
        <ele>-500</ele>
        <time>2026-09-05T16:25:01.000Z</time>
        <extensions>
          <ns3:TrackPointExtension>
            <ns3:atemp>26.0</ns3:atemp>
            <ns3:hr>110</ns3:hr>
          </ns3:TrackPointExtension>
        </extensions>
      </trkpt>
      <trkpt lat="36.24016662128269672393798828125" lon="117.10924602113664150238037109375">
        <ele>-500</ele>
        <time>2026-09-05T16:25:02.000Z</time>
        <extensions>
          <ns3:TrackPointExtension>
            <ns3:atemp>26.0</ns3:atemp>
            <ns3:hr>110</ns3:hr>
          </ns3:TrackPointExtension>
        </extensions>
      </trkpt>
      <trkpt lat="36.240175254642963409423828125" lon="117.10926529951393604278564453125">
        <ele>-500</ele>
        <time>2026-09-05T16:25:04.000Z</time>
        <extensions>
          <ns3:TrackPointExtension>
            <ns3:atemp>26.0</ns3:atemp>
            <ns3:hr>111</ns3:hr>
          </ns3:TrackPointExtension>
        </extensions>
      </trkpt>
      <trkpt lat="36.24019176699221134185791015625" lon="117.1092911995947360992431640625">
        <ele>-500</ele>
        <time>2026-09-05T16:25:06.000Z</time>
        <extensions>
          <ns3:TrackPointExtension>
            <ns3:atemp>26.0</ns3:atemp>
            <ns3:hr>111</ns3:hr>
          </ns3:TrackPointExtension>
        </extensions>
      </trkpt>
      <trkpt lat="36.24020643532276153564453125" lon="117.1093129925429821014404296875">
        <ele>-500</ele>
        <time>2026-09-05T16:25:08.000Z</time>
        <extensions>
          <ns3:TrackPointExtension>
            <ns3:atemp>26.0</ns3:atemp>
            <ns3:hr>111</ns3:hr>
          </ns3:TrackPointExtension>
        </extensions>
      </trkpt>
      <trkpt lat="36.24020769260823726654052734375" lon="117.10932129062712192535400390625">
        <ele>-500</ele>
        <time>2026-09-05T16:25:09.000Z</time>
        <extensions>
          <ns3:TrackPointExtension>
            <ns3:atemp>26.0</ns3:atemp>
            <ns3:hr>114</ns3:hr>
          </ns3:TrackPointExtension>
        </extensions>
      </trkpt>
      <trkpt lat="36.24021640978753566741943359375" lon="117.1093411557376384735107421875">
        <ele>-500</ele>
        <time>2026-09-05T16:25:11.000Z</time>
        <extensions>
          <ns3:TrackPointExtension>
            <ns3:atemp>26.0</ns3:atemp>
            <ns3:hr>111</ns3:hr>
          </ns3:TrackPointExtension>
        </extensions>
      </trkpt>
      <trkpt lat="36.24022864736616611480712890625" lon="117.1093609370291233062744140625">
        <ele>-500</ele>
        <time>2026-09-05T16:25:13.000Z</time>
        <extensions>
          <ns3:TrackPointExtension>
            <ns3:atemp>26.0</ns3:atemp>
            <ns3:hr>109</ns3:hr>
          </ns3:TrackPointExtension>
        </extensions>
      </trkpt>
      <trkpt lat="36.24026167206466197967529296875" lon="117.10941215045750141143798828125">
        <ele>-500</ele>
        <time>2026-09-05T16:25:18.000Z</time>
        <extensions>
          <ns3:TrackPointExtension>
            <ns3:atemp>26.0</ns3:atemp>
            <ns3:hr>107</ns3:hr>
          </ns3:TrackPointExtension>
        </extensions>
      </trkpt>
      <trkpt lat="36.2402669526636600494384765625" lon="117.1094226278364658355712890625">
        <ele>-500</ele>
        <time>2026-09-05T16:25:19.000Z</time>
        <extensions>
          <ns3:TrackPointExtension>
            <ns3:atemp>26.0</ns3:atemp>
            <ns3:hr>108</ns3:hr>
          </ns3:TrackPointExtension>
        </extensions>
      </trkpt>
      <trkpt lat="36.2402902543544769287109375" lon="117.10945389233529567718505859375">
        <ele>-500</ele>
        <time>2026-09-05T16:25:22.000Z</time>
        <extensions>
          <ns3:TrackPointExtension>
            <ns3:atemp>26.0</ns3:atemp>
            <ns3:hr>107</ns3:hr>
          </ns3:TrackPointExtension>
        </extensions>
      </trkpt>
      <trkpt lat="36.24031908810138702392578125" lon="117.109484486281871795654296875">
        <ele>-500</ele>
        <time>2026-09-05T16:25:25.000Z</time>
        <extensions>
          <ns3:TrackPointExtension>
            <ns3:atemp>26.0</ns3:atemp>
            <ns3:hr>107</ns3:hr>
          </ns3:TrackPointExtension>
        </extensions>
      </trkpt>
      <trkpt lat="36.24032990075647830963134765625" lon="117.1094927005469799041748046875">
        <ele>-500</ele>
        <time>2026-09-05T16:25:26.000Z</time>
        <extensions>
          <ns3:TrackPointExtension>
            <ns3:atemp>26.0</ns3:atemp>
            <ns3:hr>105</ns3:hr>
          </ns3:TrackPointExtension>
        </extensions>
      </trkpt>
      <trkpt lat="36.24034456908702850341796875" lon="117.10950418375432491302490234375">
        <ele>-500</ele>
        <time>2026-09-05T16:25:28.000Z</time>
        <extensions>
          <ns3:TrackPointExtension>
            <ns3:atemp>26.0</ns3:atemp>
            <ns3:hr>106</ns3:hr>
          </ns3:TrackPointExtension>
        </extensions>
      </trkpt>
      <trkpt lat="36.24040449969470500946044921875" lon="117.10952840745449066162109375">
        <ele>-500</ele>
        <time>2026-09-05T16:25:34.000Z</time>
        <extensions>
          <ns3:TrackPointExtension>
            <ns3:atemp>26.0</ns3:atemp>
            <ns3:hr>107</ns3:hr>
          </ns3:TrackPointExtension>
        </extensions>
      </trkpt>
      <trkpt lat="36.240428052842617034912109375" lon="117.10951725952327251434326171875">
        <ele>-500</ele>
        <time>2026-09-05T16:25:36.000Z</time>
        <extensions>
          <ns3:TrackPointExtension>
            <ns3:atemp>26.0</ns3:atemp>
            <ns3:hr>106</ns3:hr>
          </ns3:TrackPointExtension>
        </extensions>
      </trkpt>
      <trkpt lat="36.2404389493167400360107421875" lon="117.10951591841876506805419921875">
        <ele>-500</ele>
        <time>2026-09-05T16:25:37.000Z</time>
        <extensions>
          <ns3:TrackPointExtension>
            <ns3:atemp>26.0</ns3:atemp>
            <ns3:hr>106</ns3:hr>
          </ns3:TrackPointExtension>
        </extensions>
      </trkpt>
      <trkpt lat="36.24045596458017826080322265625" lon="117.1095124818384647369384765625">
        <ele>-500</ele>
        <time>2026-09-05T16:25:39.000Z</time>
        <extensions>
          <ns3:TrackPointExtension>
            <ns3:atemp>26.0</ns3:atemp>
            <ns3:hr>109</ns3:hr>
          </ns3:TrackPointExtension>
        </extensions>
      </trkpt>
      <trkpt lat="36.24047725461423397064208984375" lon="117.10950166918337345123291015625">
        <ele>-500</ele>
        <time>2026-09-05T16:25:41.000Z</time>
        <extensions>
          <ns3:TrackPointExtension>
            <ns3:atemp>26.0</ns3:atemp>
            <ns3:hr>110</ns3:hr>
          </ns3:TrackPointExtension>
        </extensions>
      </trkpt>
      <trkpt lat="36.2404848821461200714111328125" lon="117.1094950474798679351806640625">
        <ele>-500</ele>
        <time>2026-09-05T16:25:42.000Z</time>
        <extensions>
          <ns3:TrackPointExtension>
            <ns3:atemp>26.0</ns3:atemp>
            <ns3:hr>111</ns3:hr>
          </ns3:TrackPointExtension>
        </extensions>
      </trkpt>
      <trkpt lat="36.24048882164061069488525390625" lon="117.10948725230991840362548828125">
        <ele>-500</ele>
        <time>2026-09-05T16:25:43.000Z</time>
        <extensions>
          <ns3:TrackPointExtension>
            <ns3:atemp>26.0</ns3:atemp>
            <ns3:hr>111</ns3:hr>
          </ns3:TrackPointExtension>
        </extensions>
      </trkpt>
      <trkpt lat="36.2405137158930301666259765625" lon="117.10947082377970218658447265625">
        <ele>-500</ele>
        <time>2026-09-05T16:25:46.000Z</time>
        <extensions>
          <ns3:TrackPointExtension>
            <ns3:atemp>26.0</ns3:atemp>
            <ns3:hr>111</ns3:hr>
          </ns3:TrackPointExtension>
        </extensions>
      </trkpt>
      <trkpt lat="36.24053006060421466827392578125" lon="117.1094464324414730072021484375">
        <ele>-500</ele>
        <time>2026-09-05T16:25:49.000Z</time>
        <extensions>
          <ns3:TrackPointExtension>
            <ns3:atemp>26.0</ns3:atemp>
            <ns3:hr>111</ns3:hr>
          </ns3:TrackPointExtension>
        </extensions>
      </trkpt>
      <trkpt lat="36.24053508974611759185791015625" lon="117.10942539386451244354248046875">
        <ele>-500</ele>
        <time>2026-09-05T16:25:51.000Z</time>
        <extensions>
          <ns3:TrackPointExtension>
            <ns3:atemp>26.0</ns3:atemp>
            <ns3:hr>112</ns3:hr>
          </ns3:TrackPointExtension>
        </extensions>
      </trkpt>
      <trkpt lat="36.240542717278003692626953125" lon="117.109391279518604278564453125">
        <ele>-500</ele>
        <time>2026-09-05T16:25:54.000Z</time>
        <extensions>
          <ns3:TrackPointExtension>
            <ns3:atemp>26.0</ns3:atemp>
            <ns3:hr>111</ns3:hr>
          </ns3:TrackPointExtension>
        </extensions>
      </trkpt>
      <trkpt lat="36.24054984189569950103759765625" lon="117.10936906747519969940185546875">
        <ele>-500</ele>
        <time>2026-09-05T16:25:56.000Z</time>
        <extensions>
          <ns3:TrackPointExtension>
            <ns3:atemp>26.0</ns3:atemp>
            <ns3:hr>112</ns3:hr>
          </ns3:TrackPointExtension>
        </extensions>
      </trkpt>
      <trkpt lat="36.24055604450404644012451171875" lon="117.1093441732227802276611328125">
        <ele>-500</ele>
        <time>2026-09-05T16:25:58.000Z</time>
        <extensions>
          <ns3:TrackPointExtension>
            <ns3:atemp>26.0</ns3:atemp>
            <ns3:hr>112</ns3:hr>
          </ns3:TrackPointExtension>
        </extensions>
      </trkpt>
      <trkpt lat="36.2405579723417758941650390625" lon="117.109330929815769195556640625">
        <ele>-500</ele>
        <time>2026-09-05T16:25:59.000Z</time>
        <extensions>
          <ns3:TrackPointExtension>
            <ns3:atemp>26.0</ns3:atemp>
            <ns3:hr>112</ns3:hr>
          </ns3:TrackPointExtension>
        </extensions>
      </trkpt>
      <trkpt lat="36.24056459404528141021728515625" lon="117.1093099750578403472900390625">
        <ele>-500</ele>
        <time>2026-09-05T16:26:01.000Z</time>
        <extensions>
          <ns3:TrackPointExtension>
            <ns3:atemp>26.0</ns3:atemp>
            <ns3:hr>112</ns3:hr>
          </ns3:TrackPointExtension>
        </extensions>
      </trkpt>
      <trkpt lat="36.2405770830810070037841796875" lon="117.10928340442478656768798828125">
        <ele>-500</ele>
        <time>2026-09-05T16:26:03.000Z</time>
        <extensions>
          <ns3:TrackPointExtension>
            <ns3:atemp>26.0</ns3:atemp>
            <ns3:hr>111</ns3:hr>
          </ns3:TrackPointExtension>
        </extensions>
      </trkpt>
      <trkpt lat="36.2405787594616413116455078125" lon="117.10925926454365253448486328125">
        <ele>-500</ele>
        <time>2026-09-05T16:26:05.000Z</time>
        <extensions>
          <ns3:TrackPointExtension>
            <ns3:atemp>26.0</ns3:atemp>
            <ns3:hr>110</ns3:hr>
          </ns3:TrackPointExtension>
        </extensions>
      </trkpt>
      <trkpt lat="36.24057565815746784210205078125" lon="117.10922925733029842376708984375">
        <ele>-500</ele>
        <time>2026-09-05T16:26:07.000Z</time>
        <extensions>
          <ns3:TrackPointExtension>
            <ns3:atemp>26.0</ns3:atemp>
            <ns3:hr>109</ns3:hr>
          </ns3:TrackPointExtension>
        </extensions>
      </trkpt>
      <trkpt lat="36.2405764125287532806396484375" lon="117.109216265380382537841796875">
        <ele>-500</ele>
        <time>2026-09-05T16:26:08.000Z</time>
        <extensions>
          <ns3:TrackPointExtension>
            <ns3:atemp>26.0</ns3:atemp>
            <ns3:hr>108</ns3:hr>
          </ns3:TrackPointExtension>
        </extensions>
      </trkpt>
      <trkpt lat="36.24057515524327754974365234375" lon="117.109203524887561798095703125">
        <ele>-500</ele>
        <time>2026-09-05T16:26:09.000Z</time>
        <extensions>
          <ns3:TrackPointExtension>
            <ns3:atemp>26.0</ns3:atemp>
            <ns3:hr>108</ns3:hr>
          </ns3:TrackPointExtension>
        </extensions>
      </trkpt>
      <trkpt lat="36.2405718863010406494140625" lon="117.10917762480676174163818359375">
        <ele>-500</ele>
        <time>2026-09-05T16:26:11.000Z</time>
        <extensions>
          <ns3:TrackPointExtension>
            <ns3:atemp>26.0</ns3:atemp>
            <ns3:hr>109</ns3:hr>
          </ns3:TrackPointExtension>
        </extensions>
      </trkpt>
      <trkpt lat="36.240572221577167510986328125" lon="117.10916404612362384796142578125">
        <ele>-500</ele>
        <time>2026-09-05T16:26:12.000Z</time>
        <extensions>
          <ns3:TrackPointExtension>
            <ns3:atemp>26.0</ns3:atemp>
            <ns3:hr>109</ns3:hr>
          </ns3:TrackPointExtension>
        </extensions>
      </trkpt>
      <trkpt lat="36.240576244890689849853515625" lon="117.1091527305543422698974609375">
        <ele>-500</ele>
        <time>2026-09-05T16:26:13.000Z</time>
        <extensions>
          <ns3:TrackPointExtension>
            <ns3:atemp>26.0</ns3:atemp>
            <ns3:hr>109</ns3:hr>
          </ns3:TrackPointExtension>
        </extensions>
      </trkpt>
      <trkpt lat="36.2405774183571338653564453125" lon="117.10914460010826587677001953125">
        <ele>-500</ele>
        <time>2026-09-05T16:26:14.000Z</time>
        <extensions>
          <ns3:TrackPointExtension>
            <ns3:atemp>26.0</ns3:atemp>
            <ns3:hr>109</ns3:hr>
          </ns3:TrackPointExtension>
        </extensions>
      </trkpt>
      <trkpt lat="36.240578591823577880859375" lon="117.1091198734939098358154296875">
        <ele>-500</ele>
        <time>2026-09-05T16:26:16.000Z</time>
        <extensions>
          <ns3:TrackPointExtension>
            <ns3:atemp>26.0</ns3:atemp>
            <ns3:hr>108</ns3:hr>
          </ns3:TrackPointExtension>
        </extensions>
      </trkpt>
      <trkpt lat="36.2405767478048801422119140625" lon="117.10909430868923664093017578125">
        <ele>-500</ele>
        <time>2026-09-05T16:26:18.000Z</time>
        <extensions>
          <ns3:TrackPointExtension>
            <ns3:atemp>26.0</ns3:atemp>
            <ns3:hr>107</ns3:hr>
          </ns3:TrackPointExtension>
        </extensions>
      </trkpt>
      <trkpt lat="36.240578927099704742431640625" lon="117.10908140055835247039794921875">
        <ele>-500</ele>
        <time>2026-09-05T16:26:19.000Z</time>
        <extensions>
          <ns3:TrackPointExtension>
            <ns3:atemp>26.0</ns3:atemp>
            <ns3:hr>106</ns3:hr>
          </ns3:TrackPointExtension>
        </extensions>
      </trkpt>
      <trkpt lat="36.24058789573609828948974609375" lon="117.1090561710298061370849609375">
        <ele>-500</ele>
        <time>2026-09-05T16:26:21.000Z</time>
        <extensions>
          <ns3:TrackPointExtension>
            <ns3:atemp>26.0</ns3:atemp>
            <ns3:hr>105</ns3:hr>
          </ns3:TrackPointExtension>
        </extensions>
      </trkpt>
      <trkpt lat="36.24059292487800121307373046875" lon="117.109010405838489532470703125">
        <ele>-500</ele>
        <time>2026-09-05T16:26:24.000Z</time>
        <extensions>
          <ns3:TrackPointExtension>
            <ns3:atemp>26.0</ns3:atemp>
            <ns3:hr>105</ns3:hr>
          </ns3:TrackPointExtension>
        </extensions>
      </trkpt>
      <trkpt lat="36.2405955232679843902587890625" lon="117.1089939773082733154296875">
        <ele>-500</ele>
        <time>2026-09-05T16:26:25.000Z</time>
        <extensions>
          <ns3:TrackPointExtension>
            <ns3:atemp>25.0</ns3:atemp>
            <ns3:hr>105</ns3:hr>
          </ns3:TrackPointExtension>
        </extensions>
      </trkpt>
      <trkpt lat="36.2406005524098873138427734375" lon="117.10896640084683895111083984375">
        <ele>-500</ele>
        <time>2026-09-05T16:26:27.000Z</time>
        <extensions>
          <ns3:TrackPointExtension>
            <ns3:atemp>25.0</ns3:atemp>
            <ns3:hr>106</ns3:hr>
          </ns3:TrackPointExtension>
        </extensions>
      </trkpt>
      <trkpt lat="36.24060340225696563720703125" lon="117.10895709693431854248046875">
        <ele>-500</ele>
        <time>2026-09-05T16:26:28.000Z</time>
        <extensions>
          <ns3:TrackPointExtension>
            <ns3:atemp>25.0</ns3:atemp>
            <ns3:hr>107</ns3:hr>
          </ns3:TrackPointExtension>
        </extensions>
      </trkpt>
      <trkpt lat="36.24060365371406078338623046875" lon="117.1089483797550201416015625">
        <ele>-500</ele>
        <time>2026-09-05T16:26:29.000Z</time>
        <extensions>
          <ns3:TrackPointExtension>
            <ns3:atemp>25.0</ns3:atemp>
            <ns3:hr>107</ns3:hr>
          </ns3:TrackPointExtension>
        </extensions>
      </trkpt>
      <trkpt lat="36.24060650356113910675048828125" lon="117.10893874056637287139892578125">
        <ele>-500</ele>
        <time>2026-09-05T16:26:30.000Z</time>
        <extensions>
          <ns3:TrackPointExtension>
            <ns3:atemp>25.0</ns3:atemp>
            <ns3:hr>108</ns3:hr>
          </ns3:TrackPointExtension>
        </extensions>
      </trkpt>
      <trkpt lat="36.24060952104628086090087890625" lon="117.108929269015789031982421875">
        <ele>-500</ele>
        <time>2026-09-05T16:26:31.000Z</time>
        <extensions>
          <ns3:TrackPointExtension>
            <ns3:atemp>25.0</ns3:atemp>
            <ns3:hr>109</ns3:hr>
          </ns3:TrackPointExtension>
        </extensions>
      </trkpt>
      <trkpt lat="36.24061237089335918426513671875" lon="117.10891879163682460784912109375">
        <ele>-500</ele>
        <time>2026-09-05T16:26:32.000Z</time>
        <extensions>
          <ns3:TrackPointExtension>
            <ns3:atemp>25.0</ns3:atemp>
            <ns3:hr>109</ns3:hr>
          </ns3:TrackPointExtension>
        </extensions>
      </trkpt>
      <trkpt lat="36.240615807473659515380859375" lon="117.1089073084294795989990234375">
        <ele>-500</ele>
        <time>2026-09-05T16:26:33.000Z</time>
        <extensions>
          <ns3:TrackPointExtension>
            <ns3:atemp>25.0</ns3:atemp>
            <ns3:hr>109</ns3:hr>
          </ns3:TrackPointExtension>
        </extensions>
      </trkpt>
      <trkpt lat="36.24062226153910160064697265625" lon="117.10889867506921291351318359375">
        <ele>-500</ele>
        <time>2026-09-05T16:26:34.000Z</time>
        <extensions>
          <ns3:TrackPointExtension>
            <ns3:atemp>25.0</ns3:atemp>
            <ns3:hr>109</ns3:hr>
          </ns3:TrackPointExtension>
        </extensions>
      </trkpt>
      <trkpt lat="36.2406255304813385009765625" lon="117.1088865213096141815185546875">
        <ele>-500</ele>
        <time>2026-09-05T16:26:35.000Z</time>
        <extensions>
          <ns3:TrackPointExtension>
            <ns3:atemp>25.0</ns3:atemp>
            <ns3:hr>109</ns3:hr>
          </ns3:TrackPointExtension>
        </extensions>
      </trkpt>
      <trkpt lat="36.24062729068100452423095703125" lon="117.1088747866451740264892578125">
        <ele>-500</ele>
        <time>2026-09-05T16:26:36.000Z</time>
        <extensions>
          <ns3:TrackPointExtension>
            <ns3:atemp>25.0</ns3:atemp>
            <ns3:hr>109</ns3:hr>
          </ns3:TrackPointExtension>
        </extensions>
      </trkpt>
      <trkpt lat="36.24063014052808284759521484375" lon="117.1088513173162937164306640625">
        <ele>-500</ele>
        <time>2026-09-05T16:26:38.000Z</time>
        <extensions>
          <ns3:TrackPointExtension>
            <ns3:atemp>25.0</ns3:atemp>
            <ns3:hr>108</ns3:hr>
          </ns3:TrackPointExtension>
        </extensions>
      </trkpt>
      <trkpt lat="36.24064221046864986419677734375" lon="117.1088338829576969146728515625">
        <ele>-500</ele>
        <time>2026-09-05T16:26:40.000Z</time>
        <extensions>
          <ns3:TrackPointExtension>
            <ns3:atemp>25.0</ns3:atemp>
            <ns3:hr>110</ns3:hr>
          </ns3:TrackPointExtension>
        </extensions>
      </trkpt>
      <trkpt lat="36.24065360985696315765380859375" lon="117.10881133563816547393798828125">
        <ele>-500</ele>
        <time>2026-09-05T16:26:42.000Z</time>
        <extensions>
          <ns3:TrackPointExtension>
            <ns3:atemp>25.0</ns3:atemp>
            <ns3:hr>110</ns3:hr>
          </ns3:TrackPointExtension>
        </extensions>
      </trkpt>
      <trkpt lat="36.24066199176013469696044921875" lon="117.108783088624477386474609375">
        <ele>-500</ele>
        <time>2026-09-05T16:26:44.000Z</time>
        <extensions>
          <ns3:TrackPointExtension>
            <ns3:atemp>25.0</ns3:atemp>
            <ns3:hr>109</ns3:hr>
          </ns3:TrackPointExtension>
        </extensions>
      </trkpt>
      <trkpt lat="36.240671463310718536376953125" lon="117.1087728627026081085205078125">
        <ele>-500</ele>
        <time>2026-09-05T16:26:45.000Z</time>
        <extensions>
          <ns3:TrackPointExtension>
            <ns3:atemp>25.0</ns3:atemp>
            <ns3:hr>109</ns3:hr>
          </ns3:TrackPointExtension>
        </extensions>
      </trkpt>
      <trkpt lat="36.2406806834042072296142578125" lon="117.1087638102471828460693359375">
        <ele>-500</ele>
        <time>2026-09-05T16:26:46.000Z</time>
        <extensions>
          <ns3:TrackPointExtension>
            <ns3:atemp>25.0</ns3:atemp>
            <ns3:hr>109</ns3:hr>
          </ns3:TrackPointExtension>
        </extensions>
      </trkpt>
      <trkpt lat="36.24069199897348880767822265625" lon="117.10875819437205791473388671875">
        <ele>-500</ele>
        <time>2026-09-05T16:26:47.000Z</time>
        <extensions>
          <ns3:TrackPointExtension>
            <ns3:atemp>25.0</ns3:atemp>
            <ns3:hr>109</ns3:hr>
          </ns3:TrackPointExtension>
        </extensions>
      </trkpt>
      <trkpt lat="36.240715049207210540771484375" lon="117.108748219907283782958984375">
        <ele>-500</ele>
        <time>2026-09-05T16:26:49.000Z</time>
        <extensions>
          <ns3:TrackPointExtension>
            <ns3:atemp>25.0</ns3:atemp>
            <ns3:hr>109</ns3:hr>
          </ns3:TrackPointExtension>
        </extensions>
      </trkpt>
      <trkpt lat="36.24072116799652576446533203125" lon="117.108740843832492828369140625">
        <ele>-500</ele>
        <time>2026-09-05T16:26:50.000Z</time>
        <extensions>
          <ns3:TrackPointExtension>
            <ns3:atemp>25.0</ns3:atemp>
            <ns3:hr>107</ns3:hr>
          </ns3:TrackPointExtension>
        </extensions>
      </trkpt>
      <trkpt lat="36.2407219223678112030029296875" lon="117.1087336353957653045654296875">
        <ele>-500</ele>
        <time>2026-09-05T16:26:51.000Z</time>
        <extensions>
          <ns3:TrackPointExtension>
            <ns3:atemp>25.0</ns3:atemp>
            <ns3:hr>105</ns3:hr>
          </ns3:TrackPointExtension>
        </extensions>
      </trkpt>
      <trkpt lat="36.24072653241455554962158203125" lon="117.1087339706718921661376953125">
        <ele>-500</ele>
        <time>2026-09-05T16:26:52.000Z</time>
        <extensions>
          <ns3:TrackPointExtension>
            <ns3:atemp>25.0</ns3:atemp>
            <ns3:hr>105</ns3:hr>
          </ns3:TrackPointExtension>
        </extensions>
      </trkpt>
      <trkpt lat="36.24072770588099956512451171875" lon="117.1087322942912578582763671875">
        <ele>-500</ele>
        <time>2026-09-05T16:26:53.000Z</time>
        <extensions>
          <ns3:TrackPointExtension>
            <ns3:atemp>25.0</ns3:atemp>
            <ns3:hr>106</ns3:hr>
          </ns3:TrackPointExtension>
        </extensions>
      </trkpt>
      <trkpt lat="36.24073122628033161163330078125" lon="117.10873388685286045074462890625">
        <ele>-500</ele>
        <time>2026-09-05T16:26:54.000Z</time>
        <extensions>
          <ns3:TrackPointExtension>
            <ns3:atemp>25.0</ns3:atemp>
            <ns3:hr>107</ns3:hr>
          </ns3:TrackPointExtension>
        </extensions>
      </trkpt>
      <trkpt lat="36.24073592014610767364501953125" lon="117.1087343059480190277099609375">
        <ele>-500</ele>
        <time>2026-09-05T16:26:55.000Z</time>
        <extensions>
          <ns3:TrackPointExtension>
            <ns3:atemp>25.0</ns3:atemp>
            <ns3:hr>106</ns3:hr>
          </ns3:TrackPointExtension>
        </extensions>
      </trkpt>
      <trkpt lat="36.24074111692607402801513671875" lon="117.1087329648435115814208984375">
        <ele>-500</ele>
        <time>2026-09-05T16:26:56.000Z</time>
        <extensions>
          <ns3:TrackPointExtension>
            <ns3:atemp>25.0</ns3:atemp>
            <ns3:hr>106</ns3:hr>
          </ns3:TrackPointExtension>
        </extensions>
      </trkpt>
      <trkpt lat="36.24074832536280155181884765625" lon="117.10873447358608245849609375">
        <ele>-500</ele>
        <time>2026-09-05T16:26:57.000Z</time>
        <extensions>
          <ns3:TrackPointExtension>
            <ns3:atemp>25.0</ns3:atemp>
            <ns3:hr>106</ns3:hr>
          </ns3:TrackPointExtension>
        </extensions>
      </trkpt>
      <trkpt lat="36.24075402505695819854736328125" lon="117.10873992182314395904541015625">
        <ele>-500</ele>
        <time>2026-09-05T16:26:58.000Z</time>
        <extensions>
          <ns3:TrackPointExtension>
            <ns3:atemp>25.0</ns3:atemp>
            <ns3:hr>106</ns3:hr>
          </ns3:TrackPointExtension>
        </extensions>
      </trkpt>
      <trkpt lat="36.24075897037982940673828125" lon="117.1087420172989368438720703125">
        <ele>-500</ele>
        <time>2026-09-05T16:26:59.000Z</time>
        <extensions>
          <ns3:TrackPointExtension>
            <ns3:atemp>25.0</ns3:atemp>
            <ns3:hr>107</ns3:hr>
          </ns3:TrackPointExtension>
        </extensions>
      </trkpt>
      <trkpt lat="36.2407614849507808685302734375" lon="117.1087436936795711517333984375">
        <ele>-500</ele>
        <time>2026-09-05T16:27:00.000Z</time>
        <extensions>
          <ns3:TrackPointExtension>
            <ns3:atemp>25.0</ns3:atemp>
            <ns3:hr>107</ns3:hr>
          </ns3:TrackPointExtension>
        </extensions>
      </trkpt>
      <trkpt lat="36.24076441861689090728759765625" lon="117.10874830372631549835205078125">
        <ele>-500</ele>
        <time>2026-09-05T16:27:01.000Z</time>
        <extensions>
          <ns3:TrackPointExtension>
            <ns3:atemp>25.0</ns3:atemp>
            <ns3:hr>107</ns3:hr>
          </ns3:TrackPointExtension>
        </extensions>
      </trkpt>
      <trkpt lat="36.24076676554977893829345703125" lon="117.10874998010694980621337890625">
        <ele>-500</ele>
        <time>2026-09-05T16:27:02.000Z</time>
        <extensions>
          <ns3:TrackPointExtension>
            <ns3:atemp>25.0</ns3:atemp>
            <ns3:hr>106</ns3:hr>
          </ns3:TrackPointExtension>
        </extensions>
      </trkpt>
      <trkpt lat="36.2407703697681427001953125" lon="117.1087517403066158294677734375">
        <ele>-500</ele>
        <time>2026-09-05T16:27:03.000Z</time>
        <extensions>
          <ns3:TrackPointExtension>
            <ns3:atemp>25.0</ns3:atemp>
            <ns3:hr>105</ns3:hr>
          </ns3:TrackPointExtension>
        </extensions>
      </trkpt>
      <trkpt lat="36.2407738901674747467041015625" lon="117.10875417105853557586669921875">
        <ele>-500</ele>
        <time>2026-09-05T16:27:04.000Z</time>
        <extensions>
          <ns3:TrackPointExtension>
            <ns3:atemp>25.0</ns3:atemp>
            <ns3:hr>104</ns3:hr>
          </ns3:TrackPointExtension>
        </extensions>
      </trkpt>
      <trkpt lat="36.24077816493809223175048828125" lon="117.10875517688691616058349609375">
        <ele>-500</ele>
        <time>2026-09-05T16:27:05.000Z</time>
        <extensions>
          <ns3:TrackPointExtension>
            <ns3:atemp>25.0</ns3:atemp>
            <ns3:hr>104</ns3:hr>
          </ns3:TrackPointExtension>
        </extensions>
      </trkpt>
      <trkpt lat="36.2407832778990268707275390625" lon="117.108754925429821014404296875">
        <ele>-500</ele>
        <time>2026-09-05T16:27:06.000Z</time>
        <extensions>
          <ns3:TrackPointExtension>
            <ns3:atemp>25.0</ns3:atemp>
            <ns3:hr>104</ns3:hr>
          </ns3:TrackPointExtension>
        </extensions>
      </trkpt>
      <trkpt lat="36.240787804126739501953125" lon="117.10875685326755046844482421875">
        <ele>-500</ele>
        <time>2026-09-05T16:27:07.000Z</time>
        <extensions>
          <ns3:TrackPointExtension>
            <ns3:atemp>25.0</ns3:atemp>
            <ns3:hr>103</ns3:hr>
          </ns3:TrackPointExtension>
        </extensions>
      </trkpt>
      <trkpt lat="36.240794844925403594970703125" lon="117.1087591163814067840576171875">
        <ele>-500</ele>
        <time>2026-09-05T16:27:08.000Z</time>
        <extensions>
          <ns3:TrackPointExtension>
            <ns3:atemp>25.0</ns3:atemp>
            <ns3:hr>103</ns3:hr>
          </ns3:TrackPointExtension>
        </extensions>
      </trkpt>
      <trkpt lat="36.24080322682857513427734375" lon="117.1087617985904216766357421875">
        <ele>-500</ele>
        <time>2026-09-05T16:27:09.000Z</time>
        <extensions>
          <ns3:TrackPointExtension>
            <ns3:atemp>25.0</ns3:atemp>
            <ns3:hr>102</ns3:hr>
          </ns3:TrackPointExtension>
        </extensions>
      </trkpt>
      <trkpt lat="36.24080833978950977325439453125" lon="117.10876272059977054595947265625">
        <ele>-500</ele>
        <time>2026-09-05T16:27:10.000Z</time>
        <extensions>
          <ns3:TrackPointExtension>
            <ns3:atemp>25.0</ns3:atemp>
            <ns3:hr>102</ns3:hr>
          </ns3:TrackPointExtension>
        </extensions>
      </trkpt>
      <trkpt lat="36.24081370420753955841064453125" lon="117.10876322351396083831787109375">
        <ele>-500</ele>
        <time>2026-09-05T16:27:11.000Z</time>
        <extensions>
          <ns3:TrackPointExtension>
            <ns3:atemp>25.0</ns3:atemp>
            <ns3:hr>103</ns3:hr>
          </ns3:TrackPointExtension>
        </extensions>
      </trkpt>
      <trkpt lat="36.2408171407878398895263671875" lon="117.108762972056865692138671875">
        <ele>-500</ele>
        <time>2026-09-05T16:27:12.000Z</time>
        <extensions>
          <ns3:TrackPointExtension>
            <ns3:atemp>25.0</ns3:atemp>
            <ns3:hr>102</ns3:hr>
          </ns3:TrackPointExtension>
        </extensions>
      </trkpt>
      <trkpt lat="36.2408208288252353668212890625" lon="117.10876020602881908416748046875">
        <ele>-500</ele>
        <time>2026-09-05T16:27:13.000Z</time>
        <extensions>
          <ns3:TrackPointExtension>
            <ns3:atemp>25.0</ns3:atemp>
            <ns3:hr>103</ns3:hr>
          </ns3:TrackPointExtension>
        </extensions>
      </trkpt>
      <trkpt lat="36.24082812108099460601806640625" lon="117.10875886492431163787841796875">
        <ele>-500</ele>
        <time>2026-09-05T16:27:14.000Z</time>
        <extensions>
          <ns3:TrackPointExtension>
            <ns3:atemp>25.0</ns3:atemp>
            <ns3:hr>103</ns3:hr>
          </ns3:TrackPointExtension>
        </extensions>
      </trkpt>
      <trkpt lat="36.2408349104225635528564453125" lon="117.10875920020043849945068359375">
        <ele>-500</ele>
        <time>2026-09-05T16:27:15.000Z</time>
        <extensions>
          <ns3:TrackPointExtension>
            <ns3:atemp>25.0</ns3:atemp>
            <ns3:hr>103</ns3:hr>
          </ns3:TrackPointExtension>
        </extensions>
      </trkpt>
      <trkpt lat="36.2408389337360858917236328125" lon="117.10875735618174076080322265625">
        <ele>-500</ele>
        <time>2026-09-05T16:27:16.000Z</time>
        <extensions>
          <ns3:TrackPointExtension>
            <ns3:atemp>25.0</ns3:atemp>
            <ns3:hr>103</ns3:hr>
          </ns3:TrackPointExtension>
        </extensions>
      </trkpt>
      <trkpt lat="36.240841448307037353515625" lon="117.1087571047246456146240234375">
        <ele>-500</ele>
        <time>2026-09-05T16:27:17.000Z</time>
        <extensions>
          <ns3:TrackPointExtension>
            <ns3:atemp>25.0</ns3:atemp>
            <ns3:hr>103</ns3:hr>
          </ns3:TrackPointExtension>
        </extensions>
      </trkpt>
      <trkpt lat="36.2408489920198917388916015625" lon="117.1087571047246456146240234375">
        <ele>-500</ele>
        <time>2026-09-05T16:27:18.000Z</time>
        <extensions>
          <ns3:TrackPointExtension>
            <ns3:atemp>25.0</ns3:atemp>
            <ns3:hr>103</ns3:hr>
          </ns3:TrackPointExtension>
        </extensions>
      </trkpt>
      <trkpt lat="36.24085561372339725494384765625" lon="117.10875551216304302215576171875">
        <ele>-500</ele>
        <time>2026-09-05T16:27:19.000Z</time>
        <extensions>
          <ns3:TrackPointExtension>
            <ns3:atemp>25.0</ns3:atemp>
            <ns3:hr>103</ns3:hr>
          </ns3:TrackPointExtension>
        </extensions>
      </trkpt>
      <trkpt lat="36.24086282216012477874755859375" lon="117.108754925429821014404296875">
        <ele>-500</ele>
        <time>2026-09-05T16:27:20.000Z</time>
        <extensions>
          <ns3:TrackPointExtension>
            <ns3:atemp>25.0</ns3:atemp>
            <ns3:hr>103</ns3:hr>
          </ns3:TrackPointExtension>
        </extensions>
      </trkpt>
      <trkpt lat="36.240871287882328033447265625" lon="117.108757607638835906982421875">
        <ele>-500</ele>
        <time>2026-09-05T16:27:21.000Z</time>
        <extensions>
          <ns3:TrackPointExtension>
            <ns3:atemp>25.0</ns3:atemp>
            <ns3:hr>103</ns3:hr>
          </ns3:TrackPointExtension>
        </extensions>
      </trkpt>
      <trkpt lat="36.24087631702423095703125" lon="117.1087646484375">
        <ele>-500</ele>
        <time>2026-09-05T16:27:22.000Z</time>
        <extensions>
          <ns3:TrackPointExtension>
            <ns3:atemp>25.0</ns3:atemp>
            <ns3:hr>103</ns3:hr>
          </ns3:TrackPointExtension>
        </extensions>
      </trkpt>
      <trkpt lat="36.2408848665654659271240234375" lon="117.10877336561679840087890625">
        <ele>-500</ele>
        <time>2026-09-05T16:27:24.000Z</time>
        <extensions>
          <ns3:TrackPointExtension>
            <ns3:atemp>25.0</ns3:atemp>
            <ns3:hr>104</ns3:hr>
          </ns3:TrackPointExtension>
        </extensions>
      </trkpt>
      <trkpt lat="36.2408882193267345428466796875" lon="117.1087765507400035858154296875">
        <ele>-500</ele>
        <time>2026-09-05T16:27:25.000Z</time>
        <extensions>
          <ns3:TrackPointExtension>
            <ns3:atemp>25.0</ns3:atemp>
            <ns3:hr>104</ns3:hr>
          </ns3:TrackPointExtension>
        </extensions>
      </trkpt>
      <trkpt lat="36.2408925779163837432861328125" lon="117.1087778918445110321044921875">
        <ele>-500</ele>
        <time>2026-09-05T16:27:26.000Z</time>
        <extensions>
          <ns3:TrackPointExtension>
            <ns3:atemp>25.0</ns3:atemp>
            <ns3:hr>103</ns3:hr>
          </ns3:TrackPointExtension>
        </extensions>
      </trkpt>
      <trkpt lat="36.2408964335918426513671875" lon="117.108777724206447601318359375">
        <ele>-500</ele>
        <time>2026-09-05T16:27:27.000Z</time>
        <extensions>
          <ns3:TrackPointExtension>
            <ns3:atemp>25.0</ns3:atemp>
            <ns3:hr>104</ns3:hr>
          </ns3:TrackPointExtension>
        </extensions>
      </trkpt>
      <trkpt lat="36.2409002892673015594482421875" lon="117.10878015495836734771728515625">
        <ele>-500</ele>
        <time>2026-09-05T16:27:28.000Z</time>
        <extensions>
          <ns3:TrackPointExtension>
            <ns3:atemp>25.0</ns3:atemp>
            <ns3:hr>104</ns3:hr>
          </ns3:TrackPointExtension>
        </extensions>
      </trkpt>
      <trkpt lat="36.2409056536853313446044921875" lon="117.10878049023449420928955078125">
        <ele>-500</ele>
        <time>2026-09-05T16:27:29.000Z</time>
        <extensions>
          <ns3:TrackPointExtension>
            <ns3:atemp>25.0</ns3:atemp>
            <ns3:hr>104</ns3:hr>
          </ns3:TrackPointExtension>
        </extensions>
      </trkpt>
      <trkpt lat="36.24091277830302715301513671875" lon="117.10878384299576282501220703125">
        <ele>-500</ele>
        <time>2026-09-05T16:27:30.000Z</time>
        <extensions>
          <ns3:TrackPointExtension>
            <ns3:atemp>25.0</ns3:atemp>
            <ns3:hr>103</ns3:hr>
          </ns3:TrackPointExtension>
        </extensions>
      </trkpt>
      <trkpt lat="36.24091646634042263031005859375" lon="117.10878409445285797119140625">
        <ele>-500</ele>
        <time>2026-09-05T16:27:31.000Z</time>
        <extensions>
          <ns3:TrackPointExtension>
            <ns3:atemp>25.0</ns3:atemp>
            <ns3:hr>104</ns3:hr>
          </ns3:TrackPointExtension>
        </extensions>
      </trkpt>
      <trkpt lat="36.24091990292072296142578125" lon="117.10878409445285797119140625">
        <ele>-500</ele>
        <time>2026-09-05T16:27:32.000Z</time>
        <extensions>
          <ns3:TrackPointExtension>
            <ns3:atemp>25.0</ns3:atemp>
            <ns3:hr>105</ns3:hr>
          </ns3:TrackPointExtension>
        </extensions>
      </trkpt>
      <trkpt lat="36.2409234233200550079345703125" lon="117.1087819151580333709716796875">
        <ele>-500</ele>
        <time>2026-09-05T16:27:33.000Z</time>
        <extensions>
          <ns3:TrackPointExtension>
            <ns3:atemp>25.0</ns3:atemp>
            <ns3:hr>104</ns3:hr>
          </ns3:TrackPointExtension>
        </extensions>
      </trkpt>
      <trkpt lat="36.24092501588165760040283203125" lon="117.10877931676805019378662109375">
        <ele>-500</ele>
        <time>2026-09-05T16:27:34.000Z</time>
        <extensions>
          <ns3:TrackPointExtension>
            <ns3:atemp>25.0</ns3:atemp>
            <ns3:hr>104</ns3:hr>
          </ns3:TrackPointExtension>
        </extensions>
      </trkpt>
      <trkpt lat="36.24092820100486278533935546875" lon="117.1087794005870819091796875">
        <ele>-500</ele>
        <time>2026-09-05T16:27:35.000Z</time>
        <extensions>
          <ns3:TrackPointExtension>
            <ns3:atemp>25.0</ns3:atemp>
            <ns3:hr>105</ns3:hr>
          </ns3:TrackPointExtension>
        </extensions>
      </trkpt>
      <trkpt lat="36.240932978689670562744140625" lon="117.10878141224384307861328125">
        <ele>-500</ele>
        <time>2026-09-05T16:27:36.000Z</time>
        <extensions>
          <ns3:TrackPointExtension>
            <ns3:atemp>25.0</ns3:atemp>
            <ns3:hr>105</ns3:hr>
          </ns3:TrackPointExtension>
        </extensions>
      </trkpt>
      <trkpt lat="36.24094094149768352508544921875" lon="117.10878300480544567108154296875">
        <ele>-500</ele>
        <time>2026-09-05T16:27:38.000Z</time>
        <extensions>
          <ns3:TrackPointExtension>
            <ns3:atemp>25.0</ns3:atemp>
            <ns3:hr>105</ns3:hr>
          </ns3:TrackPointExtension>
        </extensions>
      </trkpt>
      <trkpt lat="36.2409499101340770721435546875" lon="117.10878971032798290252685546875">
        <ele>-500</ele>
        <time>2026-09-05T16:27:40.000Z</time>
        <extensions>
          <ns3:TrackPointExtension>
            <ns3:atemp>25.0</ns3:atemp>
            <ns3:hr>108</ns3:hr>
          </ns3:TrackPointExtension>
        </extensions>
      </trkpt>
      <trkpt lat="36.240960471332073211669921875" lon="117.10879507474601268768310546875">
        <ele>-500</ele>
        <time>2026-09-05T16:27:41.000Z</time>
        <extensions>
          <ns3:TrackPointExtension>
            <ns3:atemp>25.0</ns3:atemp>
            <ns3:hr>109</ns3:hr>
          </ns3:TrackPointExtension>
        </extensions>
      </trkpt>
      <trkpt lat="36.240960471332073211669921875" lon="117.10879507474601268768310546875">
        <ele>-500</ele>
        <time>2026-09-05T16:27:42.000Z</time>
        <extensions>
          <ns3:TrackPointExtension>
            <ns3:atemp>25.0</ns3:atemp>
            <ns3:hr>110</ns3:hr>
          </ns3:TrackPointExtension>
        </extensions>
      </trkpt>
      <trkpt lat="36.24096960760653018951416015625" lon="117.10880555212497711181640625">
        <ele>-500</ele>
        <time>2026-09-05T16:27:45.000Z</time>
        <extensions>
          <ns3:TrackPointExtension>
            <ns3:atemp>25.0</ns3:atemp>
            <ns3:hr>111</ns3:hr>
          </ns3:TrackPointExtension>
        </extensions>
      </trkpt>
      <trkpt lat="36.24097262509167194366455078125" lon="117.10881217382848262786865234375">
        <ele>-500</ele>
        <time>2026-09-05T16:27:46.000Z</time>
        <extensions>
          <ns3:TrackPointExtension>
            <ns3:atemp>25.0</ns3:atemp>
            <ns3:hr>111</ns3:hr>
          </ns3:TrackPointExtension>
        </extensions>
      </trkpt>
      <trkpt lat="36.24097849242389202117919921875" lon="117.10881636478006839752197265625">
        <ele>-500</ele>
        <time>2026-09-05T16:27:47.000Z</time>
        <extensions>
          <ns3:TrackPointExtension>
            <ns3:atemp>25.0</ns3:atemp>
            <ns3:hr>111</ns3:hr>
          </ns3:TrackPointExtension>
        </extensions>
      </trkpt>
      <trkpt lat="36.24098720960319042205810546875" lon="117.10882038809359073638916015625">
        <ele>-500</ele>
        <time>2026-09-05T16:27:49.000Z</time>
        <extensions>
          <ns3:TrackPointExtension>
            <ns3:atemp>25.0</ns3:atemp>
            <ns3:hr>111</ns3:hr>
          </ns3:TrackPointExtension>
        </extensions>
      </trkpt>
      <trkpt lat="36.24098922125995159149169921875" lon="117.10882298648357391357421875">
        <ele>-500</ele>
        <time>2026-09-05T16:27:50.000Z</time>
        <extensions>
          <ns3:TrackPointExtension>
            <ns3:atemp>25.0</ns3:atemp>
            <ns3:hr>111</ns3:hr>
          </ns3:TrackPointExtension>
        </extensions>
      </trkpt>
      <trkpt lat="36.24099592678248882293701171875" lon="117.10882256738841533660888671875">
        <ele>-500</ele>
        <time>2026-09-05T16:27:51.000Z</time>
        <extensions>
          <ns3:TrackPointExtension>
            <ns3:atemp>25.0</ns3:atemp>
            <ns3:hr>111</ns3:hr>
          </ns3:TrackPointExtension>
        </extensions>
      </trkpt>
      <trkpt lat="36.240999698638916015625" lon="117.10882055573165416717529296875">
        <ele>-500</ele>
        <time>2026-09-05T16:27:52.000Z</time>
        <extensions>
          <ns3:TrackPointExtension>
            <ns3:atemp>25.0</ns3:atemp>
            <ns3:hr>111</ns3:hr>
          </ns3:TrackPointExtension>
        </extensions>
      </trkpt>
      <trkpt lat="36.24100497923791408538818359375" lon="117.10882457904517650604248046875">
        <ele>-500</ele>
        <time>2026-09-05T16:27:53.000Z</time>
        <extensions>
          <ns3:TrackPointExtension>
            <ns3:atemp>25.0</ns3:atemp>
            <ns3:hr>112</ns3:hr>
          </ns3:TrackPointExtension>
        </extensions>
      </trkpt>
      <trkpt lat="36.2410193122923374176025390625" lon="117.10882432758808135986328125">
        <ele>-500</ele>
        <time>2026-09-05T16:27:55.000Z</time>
        <extensions>
          <ns3:TrackPointExtension>
            <ns3:atemp>25.0</ns3:atemp>
            <ns3:hr>113</ns3:hr>
          </ns3:TrackPointExtension>
        </extensions>
      </trkpt>
      <trkpt lat="36.24102341942489147186279296875" lon="117.1088167838752269744873046875">
        <ele>-500</ele>
        <time>2026-09-05T16:27:57.000Z</time>
        <extensions>
          <ns3:TrackPointExtension>
            <ns3:atemp>25.0</ns3:atemp>
            <ns3:hr>114</ns3:hr>
          </ns3:TrackPointExtension>
        </extensions>
      </trkpt>
      <trkpt lat="36.24103180132806301116943359375" lon="117.1088194660842418670654296875">
        <ele>-500</ele>
        <time>2026-09-05T16:27:59.000Z</time>
        <extensions>
          <ns3:TrackPointExtension>
            <ns3:atemp>25.0</ns3:atemp>
            <ns3:hr>114</ns3:hr>
          </ns3:TrackPointExtension>
        </extensions>
      </trkpt>
      <trkpt lat="36.2410354055464267730712890625" lon="117.108820974826812744140625">
        <ele>-500</ele>
        <time>2026-09-05T16:28:00.000Z</time>
        <extensions>
          <ns3:TrackPointExtension>
            <ns3:atemp>25.0</ns3:atemp>
            <ns3:hr>114</ns3:hr>
          </ns3:TrackPointExtension>
        </extensions>
      </trkpt>
      <trkpt lat="36.24104060232639312744140625" lon="117.10881887935101985931396484375">
        <ele>-500</ele>
        <time>2026-09-05T16:28:01.000Z</time>
        <extensions>
          <ns3:TrackPointExtension>
            <ns3:atemp>25.0</ns3:atemp>
            <ns3:hr>114</ns3:hr>
          </ns3:TrackPointExtension>
        </extensions>
      </trkpt>
      <trkpt lat="36.2410468049347400665283203125" lon="117.1088141016662120819091796875">
        <ele>-500</ele>
        <time>2026-09-05T16:28:02.000Z</time>
        <extensions>
          <ns3:TrackPointExtension>
            <ns3:atemp>25.0</ns3:atemp>
            <ns3:hr>114</ns3:hr>
          </ns3:TrackPointExtension>
        </extensions>
      </trkpt>
      <trkpt lat="36.24105476774275302886962890625" lon="117.10881292819976806640625">
        <ele>-500</ele>
        <time>2026-09-05T16:28:03.000Z</time>
        <extensions>
          <ns3:TrackPointExtension>
            <ns3:atemp>25.0</ns3:atemp>
            <ns3:hr>113</ns3:hr>
          </ns3:TrackPointExtension>
        </extensions>
      </trkpt>
      <trkpt lat="36.241065077483654022216796875" lon="117.10880982689559459686279296875">
        <ele>-500</ele>
        <time>2026-09-05T16:28:05.000Z</time>
        <extensions>
          <ns3:TrackPointExtension>
            <ns3:atemp>25.0</ns3:atemp>
            <ns3:hr>114</ns3:hr>
          </ns3:TrackPointExtension>
        </extensions>
      </trkpt>
      <trkpt lat="36.2410685978829860687255859375" lon="117.10880982689559459686279296875">
        <ele>-500</ele>
        <time>2026-09-05T16:28:06.000Z</time>
        <extensions>
          <ns3:TrackPointExtension>
            <ns3:atemp>25.0</ns3:atemp>
            <ns3:hr>114</ns3:hr>
          </ns3:TrackPointExtension>
        </extensions>
      </trkpt>
      <trkpt lat="36.24107957817614078521728515625" lon="117.10880613885819911956787109375">
        <ele>-500</ele>
        <time>2026-09-05T16:28:08.000Z</time>
        <extensions>
          <ns3:TrackPointExtension>
            <ns3:atemp>25.0</ns3:atemp>
            <ns3:hr>115</ns3:hr>
          </ns3:TrackPointExtension>
        </extensions>
      </trkpt>
      <trkpt lat="36.24108393676578998565673828125" lon="117.108805216848850250244140625">
        <ele>-500</ele>
        <time>2026-09-05T16:28:09.000Z</time>
        <extensions>
          <ns3:TrackPointExtension>
            <ns3:atemp>25.0</ns3:atemp>
            <ns3:hr>114</ns3:hr>
          </ns3:TrackPointExtension>
        </extensions>
      </trkpt>
      <trkpt lat="36.24108544550836086273193359375" lon="117.10880613885819911956787109375">
        <ele>-500</ele>
        <time>2026-09-05T16:28:10.000Z</time>
        <extensions>
          <ns3:TrackPointExtension>
            <ns3:atemp>25.0</ns3:atemp>
            <ns3:hr>115</ns3:hr>
          </ns3:TrackPointExtension>
        </extensions>
      </trkpt>
      <trkpt lat="36.24108796007931232452392578125" lon="117.10880731232464313507080078125">
        <ele>-500</ele>
        <time>2026-09-05T16:28:11.000Z</time>
        <extensions>
          <ns3:TrackPointExtension>
            <ns3:atemp>25.0</ns3:atemp>
            <ns3:hr>113</ns3:hr>
          </ns3:TrackPointExtension>
        </extensions>
      </trkpt>
      <trkpt lat="36.24109248630702495574951171875" lon="117.10880697704851627349853515625">
        <ele>-500</ele>
        <time>2026-09-05T16:28:12.000Z</time>
        <extensions>
          <ns3:TrackPointExtension>
            <ns3:atemp>25.0</ns3:atemp>
            <ns3:hr>115</ns3:hr>
          </ns3:TrackPointExtension>
        </extensions>
      </trkpt>
      <trkpt lat="36.24109701253473758697509765625" lon="117.1088117547333240509033203125">
        <ele>-500</ele>
        <time>2026-09-05T16:28:13.000Z</time>
        <extensions>
          <ns3:TrackPointExtension>
            <ns3:atemp>25.0</ns3:atemp>
            <ns3:hr>115</ns3:hr>
          </ns3:TrackPointExtension>
        </extensions>
      </trkpt>
      <trkpt lat="36.24109919182956218719482421875" lon="117.10881703533232212066650390625">
        <ele>-500</ele>
        <time>2026-09-05T16:28:14.000Z</time>
        <extensions>
          <ns3:TrackPointExtension>
            <ns3:atemp>25.0</ns3:atemp>
            <ns3:hr>114</ns3:hr>
          </ns3:TrackPointExtension>
        </extensions>
      </trkpt>
      <trkpt lat="36.2411135248839855194091796875" lon="117.10881854407489299774169921875">
        <ele>-500</ele>
        <time>2026-09-05T16:28:16.000Z</time>
        <extensions>
          <ns3:TrackPointExtension>
            <ns3:atemp>25.0</ns3:atemp>
            <ns3:hr>116</ns3:hr>
          </ns3:TrackPointExtension>
        </extensions>
      </trkpt>
      <trkpt lat="36.241126097738742828369140625" lon="117.10882256738841533660888671875">
        <ele>-500</ele>
        <time>2026-09-05T16:28:18.000Z</time>
        <extensions>
          <ns3:TrackPointExtension>
            <ns3:atemp>24.0</ns3:atemp>
            <ns3:hr>115</ns3:hr>
          </ns3:TrackPointExtension>
        </extensions>
      </trkpt>
      <trkpt lat="36.2411324679851531982421875" lon="117.10882290266454219818115234375">
        <ele>-500</ele>
        <time>2026-09-05T16:28:19.000Z</time>
        <extensions>
          <ns3:TrackPointExtension>
            <ns3:atemp>24.0</ns3:atemp>
            <ns3:hr>115</ns3:hr>
          </ns3:TrackPointExtension>
        </extensions>
      </trkpt>
      <trkpt lat="36.2411393411457538604736328125" lon="117.10882164537906646728515625">
        <ele>-500</ele>
        <time>2026-09-05T16:28:20.000Z</time>
        <extensions>
          <ns3:TrackPointExtension>
            <ns3:atemp>24.0</ns3:atemp>
            <ns3:hr>115</ns3:hr>
          </ns3:TrackPointExtension>
        </extensions>
      </trkpt>
      <trkpt lat="36.24114395119249820709228515625" lon="117.108820974826812744140625">
        <ele>-500</ele>
        <time>2026-09-05T16:28:21.000Z</time>
        <extensions>
          <ns3:TrackPointExtension>
            <ns3:atemp>24.0</ns3:atemp>
            <ns3:hr>115</ns3:hr>
          </ns3:TrackPointExtension>
        </extensions>
      </trkpt>
      <trkpt lat="36.2411544285714626312255859375" lon="117.10882038809359073638916015625">
        <ele>-500</ele>
        <time>2026-09-05T16:28:23.000Z</time>
        <extensions>
          <ns3:TrackPointExtension>
            <ns3:atemp>24.0</ns3:atemp>
            <ns3:hr>115</ns3:hr>
          </ns3:TrackPointExtension>
        </extensions>
      </trkpt>
      <trkpt lat="36.2411577813327312469482421875" lon="117.10882030427455902099609375">
        <ele>-500</ele>
        <time>2026-09-05T16:28:24.000Z</time>
        <extensions>
          <ns3:TrackPointExtension>
            <ns3:atemp>24.0</ns3:atemp>
            <ns3:hr>115</ns3:hr>
          </ns3:TrackPointExtension>
        </extensions>
      </trkpt>
      <trkpt lat="36.24116666615009307861328125" lon="117.10882592014968395233154296875">
        <ele>-500</ele>
        <time>2026-09-05T16:28:26.000Z</time>
        <extensions>
          <ns3:TrackPointExtension>
            <ns3:atemp>24.0</ns3:atemp>
            <ns3:hr>115</ns3:hr>
          </ns3:TrackPointExtension>
        </extensions>
      </trkpt>
      <trkpt lat="36.2411732040345668792724609375" lon="117.10883027873933315277099609375">
        <ele>-500</ele>
        <time>2026-09-05T16:28:27.000Z</time>
        <extensions>
          <ns3:TrackPointExtension>
            <ns3:atemp>24.0</ns3:atemp>
            <ns3:hr>116</ns3:hr>
          </ns3:TrackPointExtension>
        </extensions>
      </trkpt>
      <trkpt lat="36.241179406642913818359375" lon="117.10883237421512603759765625">
        <ele>-500</ele>
        <time>2026-09-05T16:28:29.000Z</time>
        <extensions>
          <ns3:TrackPointExtension>
            <ns3:atemp>24.0</ns3:atemp>
            <ns3:hr>117</ns3:hr>
          </ns3:TrackPointExtension>
        </extensions>
      </trkpt>
      <trkpt lat="36.24118368141353130340576171875" lon="117.1088365651667118072509765625">
        <ele>-500</ele>
        <time>2026-09-05T16:28:30.000Z</time>
        <extensions>
          <ns3:TrackPointExtension>
            <ns3:atemp>24.0</ns3:atemp>
            <ns3:hr>115</ns3:hr>
          </ns3:TrackPointExtension>
        </extensions>
      </trkpt>
      <trkpt lat="36.24119390733540058135986328125" lon="117.1088315360248088836669921875">
        <ele>-500</ele>
        <time>2026-09-05T16:28:32.000Z</time>
        <extensions>
          <ns3:TrackPointExtension>
            <ns3:atemp>24.0</ns3:atemp>
            <ns3:hr>114</ns3:hr>
          </ns3:TrackPointExtension>
        </extensions>
      </trkpt>
      <trkpt lat="36.24119876883924007415771484375" lon="117.1088265068829059600830078125">
        <ele>-500</ele>
        <time>2026-09-05T16:28:34.000Z</time>
        <extensions>
          <ns3:TrackPointExtension>
            <ns3:atemp>24.0</ns3:atemp>
            <ns3:hr>116</ns3:hr>
          </ns3:TrackPointExtension>
        </extensions>
      </trkpt>
      <trkpt lat="36.24120287597179412841796875" lon="117.10882256738841533660888671875">
        <ele>-500</ele>
        <time>2026-09-05T16:28:36.000Z</time>
        <extensions>
          <ns3:TrackPointExtension>
            <ns3:atemp>24.0</ns3:atemp>
            <ns3:hr>116</ns3:hr>
          </ns3:TrackPointExtension>
        </extensions>
      </trkpt>
      <trkpt lat="36.2412070669233798980712890625" lon="117.10882374085485935211181640625">
        <ele>-500</ele>
        <time>2026-09-05T16:28:37.000Z</time>
        <extensions>
          <ns3:TrackPointExtension>
            <ns3:atemp>24.0</ns3:atemp>
            <ns3:hr>116</ns3:hr>
          </ns3:TrackPointExtension>
        </extensions>
      </trkpt>
      <trkpt lat="36.2412144429981708526611328125" lon="117.10882835090160369873046875">
        <ele>-500</ele>
        <time>2026-09-05T16:28:40.000Z</time>
        <extensions>
          <ns3:TrackPointExtension>
            <ns3:atemp>24.0</ns3:atemp>
            <ns3:hr>117</ns3:hr>
          </ns3:TrackPointExtension>
        </extensions>
      </trkpt>
      <trkpt lat="36.24122626148164272308349609375" lon="117.1088301949203014373779296875">
        <ele>-500</ele>
        <time>2026-09-05T16:28:42.000Z</time>
        <extensions>
          <ns3:TrackPointExtension>
            <ns3:atemp>24.0</ns3:atemp>
            <ns3:hr>117</ns3:hr>
          </ns3:TrackPointExtension>
        </extensions>
      </trkpt>
      <trkpt lat="36.24123665504157543182373046875" lon="117.1088298596441745758056640625">
        <ele>-500</ele>
        <time>2026-09-05T16:28:43.000Z</time>
        <extensions>
          <ns3:TrackPointExtension>
            <ns3:atemp>24.0</ns3:atemp>
            <ns3:hr>117</ns3:hr>
          </ns3:TrackPointExtension>
        </extensions>
      </trkpt>
      <trkpt lat="36.2412449531257152557373046875" lon="117.108831368386745452880859375">
        <ele>-500</ele>
        <time>2026-09-05T16:28:44.000Z</time>
        <extensions>
          <ns3:TrackPointExtension>
            <ns3:atemp>24.0</ns3:atemp>
            <ns3:hr>118</ns3:hr>
          </ns3:TrackPointExtension>
        </extensions>
      </trkpt>
      <trkpt lat="36.2412531673908233642578125" lon="117.10883463732898235321044921875">
        <ele>-500</ele>
        <time>2026-09-05T16:28:45.000Z</time>
        <extensions>
          <ns3:TrackPointExtension>
            <ns3:atemp>24.0</ns3:atemp>
            <ns3:hr>118</ns3:hr>
          </ns3:TrackPointExtension>
        </extensions>
      </trkpt>
      <trkpt lat="36.24125928618013858795166015625" lon="117.108836732804775238037109375">
        <ele>-500</ele>
        <time>2026-09-05T16:28:46.000Z</time>
        <extensions>
          <ns3:TrackPointExtension>
            <ns3:atemp>24.0</ns3:atemp>
            <ns3:hr>118</ns3:hr>
          </ns3:TrackPointExtension>
        </extensions>
      </trkpt>
      <trkpt lat="36.241266243159770965576171875" lon="117.108838744461536407470703125">
        <ele>-500</ele>
        <time>2026-09-05T16:28:47.000Z</time>
        <extensions>
          <ns3:TrackPointExtension>
            <ns3:atemp>24.0</ns3:atemp>
            <ns3:hr>118</ns3:hr>
          </ns3:TrackPointExtension>
        </extensions>
      </trkpt>
      <trkpt lat="36.241279654204845428466796875" lon="117.108843438327312469482421875">
        <ele>-500</ele>
        <time>2026-09-05T16:28:49.000Z</time>
        <extensions>
          <ns3:TrackPointExtension>
            <ns3:atemp>24.0</ns3:atemp>
            <ns3:hr>119</ns3:hr>
          </ns3:TrackPointExtension>
        </extensions>
      </trkpt>
      <trkpt lat="36.24128661118447780609130859375" lon="117.10884553380310535430908203125">
        <ele>-500</ele>
        <time>2026-09-05T16:28:50.000Z</time>
        <extensions>
          <ns3:TrackPointExtension>
            <ns3:atemp>24.0</ns3:atemp>
            <ns3:hr>120</ns3:hr>
          </ns3:TrackPointExtension>
        </extensions>
      </trkpt>
      <trkpt lat="36.2412925623357295989990234375" lon="117.10884704254567623138427734375">
        <ele>-500</ele>
        <time>2026-09-05T16:28:51.000Z</time>
        <extensions>
          <ns3:TrackPointExtension>
            <ns3:atemp>24.0</ns3:atemp>
            <ns3:hr>120</ns3:hr>
          </ns3:TrackPointExtension>
        </extensions>
      </trkpt>
      <trkpt lat="36.2413089908659458160400390625" lon="117.10885860957205295562744140625">
        <ele>-500</ele>
        <time>2026-09-05T16:28:53.000Z</time>
        <extensions>
          <ns3:TrackPointExtension>
            <ns3:atemp>24.0</ns3:atemp>
            <ns3:hr>119</ns3:hr>
          </ns3:TrackPointExtension>
        </extensions>
      </trkpt>
      <trkpt lat="36.24132097698748111724853515625" lon="117.108866907656192779541015625">
        <ele>-500</ele>
        <time>2026-09-05T16:28:55.000Z</time>
        <extensions>
          <ns3:TrackPointExtension>
            <ns3:atemp>24.0</ns3:atemp>
            <ns3:hr>118</ns3:hr>
          </ns3:TrackPointExtension>
        </extensions>
      </trkpt>
      <trkpt lat="36.24133405275642871856689453125" lon="117.1088694222271442413330078125">
        <ele>-500</ele>
        <time>2026-09-05T16:28:57.000Z</time>
        <extensions>
          <ns3:TrackPointExtension>
            <ns3:atemp>24.0</ns3:atemp>
            <ns3:hr>117</ns3:hr>
          </ns3:TrackPointExtension>
        </extensions>
      </trkpt>
      <trkpt lat="36.24133564531803131103515625" lon="117.108869254589080810546875">
        <ele>-500</ele>
        <time>2026-09-05T16:28:58.000Z</time>
        <extensions>
          <ns3:TrackPointExtension>
            <ns3:atemp>24.0</ns3:atemp>
            <ns3:hr>117</ns3:hr>
          </ns3:TrackPointExtension>
        </extensions>
      </trkpt>
      <trkpt lat="36.2413368187844753265380859375" lon="117.10886699147522449493408203125">
        <ele>-500</ele>
        <time>2026-09-05T16:29:00.000Z</time>
        <extensions>
          <ns3:TrackPointExtension>
            <ns3:atemp>24.0</ns3:atemp>
            <ns3:hr>119</ns3:hr>
          </ns3:TrackPointExtension>
        </extensions>
      </trkpt>
      <trkpt lat="36.24134645797312259674072265625" lon="117.108859531581401824951171875">
        <ele>-500</ele>
        <time>2026-09-05T16:29:03.000Z</time>
        <extensions>
          <ns3:TrackPointExtension>
            <ns3:atemp>24.0</ns3:atemp>
            <ns3:hr>118</ns3:hr>
          </ns3:TrackPointExtension>
        </extensions>
      </trkpt>
      <trkpt lat="36.2413475476205348968505859375" lon="117.1088598668575286865234375">
        <ele>-500</ele>
        <time>2026-09-05T16:29:04.000Z</time>
        <extensions>
          <ns3:TrackPointExtension>
            <ns3:atemp>24.0</ns3:atemp>
            <ns3:hr>121</ns3:hr>
          </ns3:TrackPointExtension>
        </extensions>
      </trkpt>
      <trkpt lat="36.241350732743740081787109375" lon="117.1088610403239727020263671875">
        <ele>-500</ele>
        <time>2026-09-05T16:29:05.000Z</time>
        <extensions>
          <ns3:TrackPointExtension>
            <ns3:atemp>24.0</ns3:atemp>
            <ns3:hr>117</ns3:hr>
          </ns3:TrackPointExtension>
        </extensions>
      </trkpt>
      <trkpt lat="36.24136389233171939849853515625" lon="117.1088774688541889190673828125">
        <ele>-500</ele>
        <time>2026-09-05T16:29:11.000Z</time>
        <extensions>
          <ns3:TrackPointExtension>
            <ns3:atemp>24.0</ns3:atemp>
            <ns3:hr>117</ns3:hr>
          </ns3:TrackPointExtension>
        </extensions>
      </trkpt>
      <trkpt lat="36.2413804046809673309326171875" lon="117.10888962261378765106201171875">
        <ele>-500</ele>
        <time>2026-09-05T16:29:16.000Z</time>
        <extensions>
          <ns3:TrackPointExtension>
            <ns3:atemp>24.0</ns3:atemp>
            <ns3:hr>118</ns3:hr>
          </ns3:TrackPointExtension>
        </extensions>
      </trkpt>
      <trkpt lat="36.24139322899281978607177734375" lon="117.10889264009892940521240234375">
        <ele>-500</ele>
        <time>2026-09-05T16:29:18.000Z</time>
        <extensions>
          <ns3:TrackPointExtension>
            <ns3:atemp>24.0</ns3:atemp>
            <ns3:hr>117</ns3:hr>
          </ns3:TrackPointExtension>
        </extensions>
      </trkpt>
      <trkpt lat="36.24141736887395381927490234375" lon="117.10889431647956371307373046875">
        <ele>-500</ele>
        <time>2026-09-05T16:29:24.000Z</time>
        <extensions>
          <ns3:TrackPointExtension>
            <ns3:atemp>24.0</ns3:atemp>
            <ns3:hr>116</ns3:hr>
          </ns3:TrackPointExtension>
        </extensions>
      </trkpt>
      <trkpt lat="36.24142189510166645050048828125" lon="117.10889616049826145172119140625">
        <ele>-500</ele>
        <time>2026-09-05T16:29:25.000Z</time>
        <extensions>
          <ns3:TrackPointExtension>
            <ns3:atemp>24.0</ns3:atemp>
            <ns3:hr>116</ns3:hr>
          </ns3:TrackPointExtension>
        </extensions>
      </trkpt>
      <trkpt lat="36.2414327077567577362060546875" lon="117.10890018381178379058837890625">
        <ele>-500</ele>
        <time>2026-09-05T16:29:28.000Z</time>
        <extensions>
          <ns3:TrackPointExtension>
            <ns3:atemp>24.0</ns3:atemp>
            <ns3:hr>116</ns3:hr>
          </ns3:TrackPointExtension>
        </extensions>
      </trkpt>
      <trkpt lat="36.24144553206861019134521484375" lon="117.1089039556682109832763671875">
        <ele>-500</ele>
        <time>2026-09-05T16:29:31.000Z</time>
        <extensions>
          <ns3:TrackPointExtension>
            <ns3:atemp>24.0</ns3:atemp>
            <ns3:hr>116</ns3:hr>
          </ns3:TrackPointExtension>
        </extensions>
      </trkpt>
      <trkpt lat="36.2414543330669403076171875" lon="117.108906805515289306640625">
        <ele>-500</ele>
        <time>2026-09-05T16:29:33.000Z</time>
        <extensions>
          <ns3:TrackPointExtension>
            <ns3:atemp>24.0</ns3:atemp>
            <ns3:hr>116</ns3:hr>
          </ns3:TrackPointExtension>
        </extensions>
      </trkpt>
      <trkpt lat="36.2414650619029998779296875" lon="117.10891594178974628448486328125">
        <ele>-500</ele>
        <time>2026-09-05T16:29:36.000Z</time>
        <extensions>
          <ns3:TrackPointExtension>
            <ns3:atemp>24.0</ns3:atemp>
            <ns3:hr>115</ns3:hr>
          </ns3:TrackPointExtension>
        </extensions>
      </trkpt>
      <trkpt lat="36.24147201888263225555419921875" lon="117.108919210731983184814453125">
        <ele>-500</ele>
        <time>2026-09-05T16:29:38.000Z</time>
        <extensions>
          <ns3:TrackPointExtension>
            <ns3:atemp>24.0</ns3:atemp>
            <ns3:hr>115</ns3:hr>
          </ns3:TrackPointExtension>
        </extensions>
      </trkpt>
      <trkpt lat="36.24148241244256496429443359375" lon="117.10892449133098125457763671875">
        <ele>-500</ele>
        <time>2026-09-05T16:29:41.000Z</time>
        <extensions>
          <ns3:TrackPointExtension>
            <ns3:atemp>24.0</ns3:atemp>
            <ns3:hr>114</ns3:hr>
          </ns3:TrackPointExtension>
        </extensions>
      </trkpt>
      <trkpt lat="36.2414893694221973419189453125" lon="117.1089260838925838470458984375">
        <ele>-500</ele>
        <time>2026-09-05T16:29:42.000Z</time>
        <extensions>
          <ns3:TrackPointExtension>
            <ns3:atemp>24.0</ns3:atemp>
            <ns3:hr>111</ns3:hr>
          </ns3:TrackPointExtension>
        </extensions>
      </trkpt>
      <trkpt lat="36.2414950691163539886474609375" lon="117.1089274249970912933349609375">
        <ele>-500</ele>
        <time>2026-09-05T16:29:43.000Z</time>
        <extensions>
          <ns3:TrackPointExtension>
            <ns3:atemp>24.0</ns3:atemp>
            <ns3:hr>113</ns3:hr>
          </ns3:TrackPointExtension>
        </extensions>
      </trkpt>
      <trkpt lat="36.2415057979524135589599609375" lon="117.1089270897209644317626953125">
        <ele>-500</ele>
        <time>2026-09-05T16:29:46.000Z</time>
        <extensions>
          <ns3:TrackPointExtension>
            <ns3:atemp>24.0</ns3:atemp>
            <ns3:hr>112</ns3:hr>
          </ns3:TrackPointExtension>
        </extensions>
      </trkpt>
      <trkpt lat="36.24150739051401615142822265625" lon="117.1089296042919158935546875">
        <ele>-500</ele>
        <time>2026-09-05T16:29:47.000Z</time>
        <extensions>
          <ns3:TrackPointExtension>
            <ns3:atemp>24.0</ns3:atemp>
            <ns3:hr>114</ns3:hr>
          </ns3:TrackPointExtension>
        </extensions>
      </trkpt>
      <trkpt lat="36.24151392839848995208740234375" lon="117.10892616771161556243896484375">
        <ele>-500</ele>
        <time>2026-09-05T16:29:50.000Z</time>
        <extensions>
          <ns3:TrackPointExtension>
            <ns3:atemp>24.0</ns3:atemp>
            <ns3:hr>114</ns3:hr>
          </ns3:TrackPointExtension>
        </extensions>
      </trkpt>
      <trkpt lat="36.2415570951998233795166015625" lon="117.10894008167088031768798828125">
        <ele>-500</ele>
        <time>2026-09-05T16:29:54.000Z</time>
        <extensions>
          <ns3:TrackPointExtension>
            <ns3:atemp>24.0</ns3:atemp>
            <ns3:hr>114</ns3:hr>
          </ns3:TrackPointExtension>
        </extensions>
      </trkpt>
      <trkpt lat="36.24156723730266094207763671875" lon="117.1089451946318149566650390625">
        <ele>-500</ele>
        <time>2026-09-05T16:29:55.000Z</time>
        <extensions>
          <ns3:TrackPointExtension>
            <ns3:atemp>24.0</ns3:atemp>
            <ns3:hr>113</ns3:hr>
          </ns3:TrackPointExtension>
        </extensions>
      </trkpt>
      <trkpt lat="36.2415777146816253662109375" lon="117.10894125513732433319091796875">
        <ele>-500</ele>
        <time>2026-09-05T16:29:57.000Z</time>
        <extensions>
          <ns3:TrackPointExtension>
            <ns3:atemp>24.0</ns3:atemp>
            <ns3:hr>115</ns3:hr>
          </ns3:TrackPointExtension>
        </extensions>
      </trkpt>
      <trkpt lat="36.24158249236643314361572265625" lon="117.108943350613117218017578125">
        <ele>-500</ele>
        <time>2026-09-05T16:29:59.000Z</time>
        <extensions>
          <ns3:TrackPointExtension>
            <ns3:atemp>24.0</ns3:atemp>
            <ns3:hr>115</ns3:hr>
          </ns3:TrackPointExtension>
        </extensions>
      </trkpt>
      <trkpt lat="36.24159003607928752899169921875" lon="117.1089455299079418182373046875">
        <ele>-500</ele>
        <time>2026-09-05T16:30:00.000Z</time>
        <extensions>
          <ns3:TrackPointExtension>
            <ns3:atemp>24.0</ns3:atemp>
            <ns3:hr>114</ns3:hr>
          </ns3:TrackPointExtension>
        </extensions>
      </trkpt>
      <trkpt lat="36.2416063807904720306396484375" lon="117.10894444026052951812744140625">
        <ele>-500</ele>
        <time>2026-09-05T16:30:02.000Z</time>
        <extensions>
          <ns3:TrackPointExtension>
            <ns3:atemp>24.0</ns3:atemp>
            <ns3:hr>114</ns3:hr>
          </ns3:TrackPointExtension>
        </extensions>
      </trkpt>
      <trkpt lat="36.24164200387895107269287109375" lon="117.1089376509189605712890625">
        <ele>-500</ele>
        <time>2026-09-05T16:30:06.000Z</time>
        <extensions>
          <ns3:TrackPointExtension>
            <ns3:atemp>24.0</ns3:atemp>
            <ns3:hr>114</ns3:hr>
          </ns3:TrackPointExtension>
        </extensions>
      </trkpt>
      <trkpt lat="36.24164954759180545806884765625" lon="117.1089391596615314483642578125">
        <ele>-500</ele>
        <time>2026-09-05T16:30:07.000Z</time>
        <extensions>
          <ns3:TrackPointExtension>
            <ns3:atemp>24.0</ns3:atemp>
            <ns3:hr>114</ns3:hr>
          </ns3:TrackPointExtension>
        </extensions>
      </trkpt>
      <trkpt lat="36.24167318455874919891357421875" lon="117.10893991403281688690185546875">
        <ele>-500</ele>
        <time>2026-09-05T16:30:10.000Z</time>
        <extensions>
          <ns3:TrackPointExtension>
            <ns3:atemp>24.0</ns3:atemp>
            <ns3:hr>116</ns3:hr>
          </ns3:TrackPointExtension>
        </extensions>
      </trkpt>
      <trkpt lat="36.24167452566325664520263671875" lon="117.10893119685351848602294921875">
        <ele>-500</ele>
        <time>2026-09-05T16:30:12.000Z</time>
        <extensions>
          <ns3:TrackPointExtension>
            <ns3:atemp>24.0</ns3:atemp>
            <ns3:hr>117</ns3:hr>
          </ns3:TrackPointExtension>
        </extensions>
      </trkpt>
      <trkpt lat="36.24168190173804759979248046875" lon="117.10892734117805957794189453125">
        <ele>-500</ele>
        <time>2026-09-05T16:30:13.000Z</time>
        <extensions>
          <ns3:TrackPointExtension>
            <ns3:atemp>24.0</ns3:atemp>
            <ns3:hr>117</ns3:hr>
          </ns3:TrackPointExtension>
        </extensions>
      </trkpt>
      <trkpt lat="36.24168542213737964630126953125" lon="117.1089223958551883697509765625">
        <ele>-500</ele>
        <time>2026-09-05T16:30:14.000Z</time>
        <extensions>
          <ns3:TrackPointExtension>
            <ns3:atemp>24.0</ns3:atemp>
            <ns3:hr>118</ns3:hr>
          </ns3:TrackPointExtension>
        </extensions>
      </trkpt>
      <trkpt lat="36.2416935525834560394287109375" lon="117.1089203841984272003173828125">
        <ele>-500</ele>
        <time>2026-09-05T16:30:16.000Z</time>
        <extensions>
          <ns3:TrackPointExtension>
            <ns3:atemp>24.0</ns3:atemp>
            <ns3:hr>118</ns3:hr>
          </ns3:TrackPointExtension>
        </extensions>
      </trkpt>
      <trkpt lat="36.24171911738812923431396484375" lon="117.10891820490360260009765625">
        <ele>-500</ele>
        <time>2026-09-05T16:30:20.000Z</time>
        <extensions>
          <ns3:TrackPointExtension>
            <ns3:atemp>24.0</ns3:atemp>
            <ns3:hr>118</ns3:hr>
          </ns3:TrackPointExtension>
        </extensions>
      </trkpt>
      <trkpt lat="36.2417332828044891357421875" lon="117.10891359485685825347900390625">
        <ele>-500</ele>
        <time>2026-09-05T16:30:22.000Z</time>
        <extensions>
          <ns3:TrackPointExtension>
            <ns3:atemp>24.0</ns3:atemp>
            <ns3:hr>120</ns3:hr>
          </ns3:TrackPointExtension>
        </extensions>
      </trkpt>
      <trkpt lat="36.24174912460148334503173828125" lon="117.1088563464581966400146484375">
        <ele>-500</ele>
        <time>2026-09-05T16:30:28.000Z</time>
        <extensions>
          <ns3:TrackPointExtension>
            <ns3:atemp>24.0</ns3:atemp>
            <ns3:hr>119</ns3:hr>
          </ns3:TrackPointExtension>
        </extensions>
      </trkpt>
      <trkpt lat="36.24174694530665874481201171875" lon="117.108845449984073638916015625">
        <ele>-500</ele>
        <time>2026-09-05T16:30:29.000Z</time>
        <extensions>
          <ns3:TrackPointExtension>
            <ns3:atemp>24.0</ns3:atemp>
            <ns3:hr>119</ns3:hr>
          </ns3:TrackPointExtension>
        </extensions>
      </trkpt>
      <trkpt lat="36.24174644239246845245361328125" lon="117.10881284438073635101318359375">
        <ele>-500</ele>
        <time>2026-09-05T16:30:32.000Z</time>
        <extensions>
          <ns3:TrackPointExtension>
            <ns3:atemp>24.0</ns3:atemp>
            <ns3:hr>120</ns3:hr>
          </ns3:TrackPointExtension>
        </extensions>
      </trkpt>
      <trkpt lat="36.24174610711634159088134765625" lon="117.10878853686153888702392578125">
        <ele>-500</ele>
        <time>2026-09-05T16:30:34.000Z</time>
        <extensions>
          <ns3:TrackPointExtension>
            <ns3:atemp>24.0</ns3:atemp>
            <ns3:hr>119</ns3:hr>
          </ns3:TrackPointExtension>
        </extensions>
      </trkpt>
      <trkpt lat="36.24174878932535648345947265625" lon="117.10878007113933563232421875">
        <ele>-500</ele>
        <time>2026-09-05T16:30:35.000Z</time>
        <extensions>
          <ns3:TrackPointExtension>
            <ns3:atemp>24.0</ns3:atemp>
            <ns3:hr>119</ns3:hr>
          </ns3:TrackPointExtension>
        </extensions>
      </trkpt>
      <trkpt lat="36.24175063334405422210693359375" lon="117.10877277888357639312744140625">
        <ele>-500</ele>
        <time>2026-09-05T16:30:36.000Z</time>
        <extensions>
          <ns3:TrackPointExtension>
            <ns3:atemp>24.0</ns3:atemp>
            <ns3:hr>119</ns3:hr>
          </ns3:TrackPointExtension>
        </extensions>
      </trkpt>
      <trkpt lat="36.241751722991466522216796875" lon="117.10876422934234142303466796875">
        <ele>-500</ele>
        <time>2026-09-05T16:30:37.000Z</time>
        <extensions>
          <ns3:TrackPointExtension>
            <ns3:atemp>24.0</ns3:atemp>
            <ns3:hr>116</ns3:hr>
          </ns3:TrackPointExtension>
        </extensions>
      </trkpt>
      <trkpt lat="36.24175264500081539154052734375" lon="117.10875852964818477630615234375">
        <ele>-500</ele>
        <time>2026-09-05T16:30:38.000Z</time>
        <extensions>
          <ns3:TrackPointExtension>
            <ns3:atemp>24.0</ns3:atemp>
            <ns3:hr>118</ns3:hr>
          </ns3:TrackPointExtension>
        </extensions>
      </trkpt>
      <trkpt lat="36.24175272881984710693359375" lon="117.10874964483082294464111328125">
        <ele>-500</ele>
        <time>2026-09-05T16:30:39.000Z</time>
        <extensions>
          <ns3:TrackPointExtension>
            <ns3:atemp>24.0</ns3:atemp>
            <ns3:hr>118</ns3:hr>
          </ns3:TrackPointExtension>
        </extensions>
      </trkpt>
      <trkpt lat="36.2417539022862911224365234375" lon="117.10874143056571483612060546875">
        <ele>-500</ele>
        <time>2026-09-05T16:30:40.000Z</time>
        <extensions>
          <ns3:TrackPointExtension>
            <ns3:atemp>24.0</ns3:atemp>
            <ns3:hr>118</ns3:hr>
          </ns3:TrackPointExtension>
        </extensions>
      </trkpt>
      <trkpt lat="36.2417555786669254302978515625" lon="117.1087353117763996124267578125">
        <ele>-500</ele>
        <time>2026-09-05T16:30:41.000Z</time>
        <extensions>
          <ns3:TrackPointExtension>
            <ns3:atemp>24.0</ns3:atemp>
            <ns3:hr>118</ns3:hr>
          </ns3:TrackPointExtension>
        </extensions>
      </trkpt>
      <trkpt lat="36.2417565844953060150146484375" lon="117.10873086936771869659423828125">
        <ele>-500</ele>
        <time>2026-09-05T16:30:42.000Z</time>
        <extensions>
          <ns3:TrackPointExtension>
            <ns3:atemp>24.0</ns3:atemp>
            <ns3:hr>118</ns3:hr>
          </ns3:TrackPointExtension>
        </extensions>
      </trkpt>
      <trkpt lat="36.24175733886659145355224609375" lon="117.10872483439743518829345703125">
        <ele>-500</ele>
        <time>2026-09-05T16:30:43.000Z</time>
        <extensions>
          <ns3:TrackPointExtension>
            <ns3:atemp>24.0</ns3:atemp>
            <ns3:hr>118</ns3:hr>
          </ns3:TrackPointExtension>
        </extensions>
      </trkpt>
      <trkpt lat="36.24175633303821086883544921875" lon="117.10872382856905460357666015625">
        <ele>-500</ele>
        <time>2026-09-05T16:30:44.000Z</time>
        <extensions>
          <ns3:TrackPointExtension>
            <ns3:atemp>24.0</ns3:atemp>
            <ns3:hr>117</ns3:hr>
          </ns3:TrackPointExtension>
        </extensions>
      </trkpt>
      <trkpt lat="36.2417596019804477691650390625" lon="117.10872382856905460357666015625">
        <ele>-500</ele>
        <time>2026-09-05T16:30:45.000Z</time>
        <extensions>
          <ns3:TrackPointExtension>
            <ns3:atemp>24.0</ns3:atemp>
            <ns3:hr>118</ns3:hr>
          </ns3:TrackPointExtension>
        </extensions>
      </trkpt>
      <trkpt lat="36.24176320619881153106689453125" lon="117.108720727264881134033203125">
        <ele>-500</ele>
        <time>2026-09-05T16:30:46.000Z</time>
        <extensions>
          <ns3:TrackPointExtension>
            <ns3:atemp>24.0</ns3:atemp>
            <ns3:hr>117</ns3:hr>
          </ns3:TrackPointExtension>
        </extensions>
      </trkpt>
      <trkpt lat="36.2417646311223506927490234375" lon="117.108713351190090179443359375">
        <ele>-500</ele>
        <time>2026-09-05T16:30:48.000Z</time>
        <extensions>
          <ns3:TrackPointExtension>
            <ns3:atemp>24.0</ns3:atemp>
            <ns3:hr>117</ns3:hr>
          </ns3:TrackPointExtension>
        </extensions>
      </trkpt>
      <trkpt lat="36.24176521785557270050048828125" lon="117.10871125571429729461669921875">
        <ele>-500</ele>
        <time>2026-09-05T16:30:49.000Z</time>
        <extensions>
          <ns3:TrackPointExtension>
            <ns3:atemp>24.0</ns3:atemp>
            <ns3:hr>117</ns3:hr>
          </ns3:TrackPointExtension>
        </extensions>
      </trkpt>
      <trkpt lat="36.24176840297877788543701171875" lon="117.10870538838207721710205078125">
        <ele>-500</ele>
        <time>2026-09-05T16:30:51.000Z</time>
        <extensions>
          <ns3:TrackPointExtension>
            <ns3:atemp>24.0</ns3:atemp>
            <ns3:hr>117</ns3:hr>
          </ns3:TrackPointExtension>
        </extensions>
      </trkpt>
      <trkpt lat="36.2417735159397125244140625" lon="117.108679823577404022216796875">
        <ele>-500</ele>
        <time>2026-09-05T16:30:54.000Z</time>
        <extensions>
          <ns3:TrackPointExtension>
            <ns3:atemp>24.0</ns3:atemp>
            <ns3:hr>117</ns3:hr>
          </ns3:TrackPointExtension>
        </extensions>
      </trkpt>
      <trkpt lat="36.24177577905356884002685546875" lon="117.108676135540008544921875">
        <ele>-500</ele>
        <time>2026-09-05T16:30:55.000Z</time>
        <extensions>
          <ns3:TrackPointExtension>
            <ns3:atemp>24.0</ns3:atemp>
            <ns3:hr>116</ns3:hr>
          </ns3:TrackPointExtension>
        </extensions>
      </trkpt>
      <trkpt lat="36.24177561141550540924072265625" lon="117.10867278277873992919921875">
        <ele>-500</ele>
        <time>2026-09-05T16:30:56.000Z</time>
        <extensions>
          <ns3:TrackPointExtension>
            <ns3:atemp>24.0</ns3:atemp>
            <ns3:hr>117</ns3:hr>
          </ns3:TrackPointExtension>
        </extensions>
      </trkpt>
      <trkpt lat="36.24177552759647369384765625" lon="117.10865878500044345855712890625">
        <ele>-500</ele>
        <time>2026-09-05T16:30:57.000Z</time>
        <extensions>
          <ns3:TrackPointExtension>
            <ns3:atemp>24.0</ns3:atemp>
            <ns3:hr>117</ns3:hr>
          </ns3:TrackPointExtension>
        </extensions>
      </trkpt>
      <trkpt lat="36.2417756952345371246337890625" lon="117.1086444519460201263427734375">
        <ele>-500</ele>
        <time>2026-09-05T16:30:58.000Z</time>
        <extensions>
          <ns3:TrackPointExtension>
            <ns3:atemp>24.0</ns3:atemp>
            <ns3:hr>115</ns3:hr>
          </ns3:TrackPointExtension>
        </extensions>
      </trkpt>
      <trkpt lat="36.2417800538241863250732421875" lon="117.1086283586919307708740234375">
        <ele>-500</ele>
        <time>2026-09-05T16:30:59.000Z</time>
        <extensions>
          <ns3:TrackPointExtension>
            <ns3:atemp>24.0</ns3:atemp>
            <ns3:hr>116</ns3:hr>
          </ns3:TrackPointExtension>
        </extensions>
      </trkpt>
      <trkpt lat="36.24178047291934490203857421875" lon="117.108616791665554046630859375">
        <ele>-500</ele>
        <time>2026-09-05T16:31:00.000Z</time>
        <extensions>
          <ns3:TrackPointExtension>
            <ns3:atemp>24.0</ns3:atemp>
            <ns3:hr>113</ns3:hr>
          </ns3:TrackPointExtension>
        </extensions>
      </trkpt>
      <trkpt lat="36.2417840771377086639404296875" lon="117.10861167870461940765380859375">
        <ele>-500</ele>
        <time>2026-09-05T16:31:01.000Z</time>
        <extensions>
          <ns3:TrackPointExtension>
            <ns3:atemp>24.0</ns3:atemp>
            <ns3:hr>113</ns3:hr>
          </ns3:TrackPointExtension>
        </extensions>
      </trkpt>
      <trkpt lat="36.24178717844188213348388671875" lon="117.1086104214191436767578125">
        <ele>-500</ele>
        <time>2026-09-05T16:31:02.000Z</time>
        <extensions>
          <ns3:TrackPointExtension>
            <ns3:atemp>24.0</ns3:atemp>
            <ns3:hr>114</ns3:hr>
          </ns3:TrackPointExtension>
        </extensions>
      </trkpt>
      <trkpt lat="36.24178885482251644134521484375" lon="117.10860581137239933013916015625">
        <ele>-500</ele>
        <time>2026-09-05T16:31:03.000Z</time>
        <extensions>
          <ns3:TrackPointExtension>
            <ns3:atemp>24.0</ns3:atemp>
            <ns3:hr>114</ns3:hr>
          </ns3:TrackPointExtension>
        </extensions>
      </trkpt>
      <trkpt lat="36.24178768135607242584228515625" lon="117.1085867844521999359130859375">
        <ele>-500</ele>
        <time>2026-09-05T16:31:05.000Z</time>
        <extensions>
          <ns3:TrackPointExtension>
            <ns3:atemp>24.0</ns3:atemp>
            <ns3:hr>113</ns3:hr>
          </ns3:TrackPointExtension>
        </extensions>
      </trkpt>
      <trkpt lat="36.2417860887944698333740234375" lon="117.1085767261683940887451171875">
        <ele>-500</ele>
        <time>2026-09-05T16:31:07.000Z</time>
        <extensions>
          <ns3:TrackPointExtension>
            <ns3:atemp>24.0</ns3:atemp>
            <ns3:hr>113</ns3:hr>
          </ns3:TrackPointExtension>
        </extensions>
      </trkpt>
      <trkpt lat="36.241787262260913848876953125" lon="117.10856809280812740325927734375">
        <ele>-500</ele>
        <time>2026-09-05T16:31:08.000Z</time>
        <extensions>
          <ns3:TrackPointExtension>
            <ns3:atemp>24.0</ns3:atemp>
            <ns3:hr>112</ns3:hr>
          </ns3:TrackPointExtension>
        </extensions>
      </trkpt>
      <trkpt lat="36.241790615022182464599609375" lon="117.10855384357273578643798828125">
        <ele>-500</ele>
        <time>2026-09-05T16:31:10.000Z</time>
        <extensions>
          <ns3:TrackPointExtension>
            <ns3:atemp>24.0</ns3:atemp>
            <ns3:hr>114</ns3:hr>
          </ns3:TrackPointExtension>
        </extensions>
      </trkpt>
      <trkpt lat="36.24179103411734104156494140625" lon="117.1085415221750736236572265625">
        <ele>-500</ele>
        <time>2026-09-05T16:31:12.000Z</time>
        <extensions>
          <ns3:TrackPointExtension>
            <ns3:atemp>24.0</ns3:atemp>
            <ns3:hr>114</ns3:hr>
          </ns3:TrackPointExtension>
        </extensions>
      </trkpt>
      <trkpt lat="36.24179103411734104156494140625" lon="117.10851713083684444427490234375">
        <ele>-500</ele>
        <time>2026-09-05T16:31:15.000Z</time>
        <extensions>
          <ns3:TrackPointExtension>
            <ns3:atemp>24.0</ns3:atemp>
            <ns3:hr>112</ns3:hr>
          </ns3:TrackPointExtension>
        </extensions>
      </trkpt>
      <trkpt lat="36.2417924590408802032470703125" lon="117.10850086994469165802001953125">
        <ele>-500</ele>
        <time>2026-09-05T16:31:17.000Z</time>
        <extensions>
          <ns3:TrackPointExtension>
            <ns3:atemp>24.0</ns3:atemp>
            <ns3:hr>112</ns3:hr>
          </ns3:TrackPointExtension>
        </extensions>
      </trkpt>
      <trkpt lat="36.2417891062796115875244140625" lon="117.10848092101514339447021484375">
        <ele>-500</ele>
        <time>2026-09-05T16:31:19.000Z</time>
        <extensions>
          <ns3:TrackPointExtension>
            <ns3:atemp>24.0</ns3:atemp>
            <ns3:hr>115</ns3:hr>
          </ns3:TrackPointExtension>
        </extensions>
      </trkpt>
      <trkpt lat="36.24178784899413585662841796875" lon="117.1084704436361789703369140625">
        <ele>-500</ele>
        <time>2026-09-05T16:31:20.000Z</time>
        <extensions>
          <ns3:TrackPointExtension>
            <ns3:atemp>24.0</ns3:atemp>
            <ns3:hr>115</ns3:hr>
          </ns3:TrackPointExtension>
        </extensions>
      </trkpt>
      <trkpt lat="36.2417869269847869873046875" lon="117.10846424102783203125">
        <ele>-500</ele>
        <time>2026-09-05T16:31:21.000Z</time>
        <extensions>
          <ns3:TrackPointExtension>
            <ns3:atemp>24.0</ns3:atemp>
            <ns3:hr>116</ns3:hr>
          </ns3:TrackPointExtension>
        </extensions>
      </trkpt>
      <trkpt lat="36.24178667552769184112548828125" lon="117.1084600500762462615966796875">
        <ele>-500</ele>
        <time>2026-09-05T16:31:22.000Z</time>
        <extensions>
          <ns3:TrackPointExtension>
            <ns3:atemp>24.0</ns3:atemp>
            <ns3:hr>115</ns3:hr>
          </ns3:TrackPointExtension>
        </extensions>
      </trkpt>
      <trkpt lat="36.24178701080381870269775390625" lon="117.10845686495304107666015625">
        <ele>-500</ele>
        <time>2026-09-05T16:31:23.000Z</time>
        <extensions>
          <ns3:TrackPointExtension>
            <ns3:atemp>24.0</ns3:atemp>
            <ns3:hr>114</ns3:hr>
          </ns3:TrackPointExtension>
        </extensions>
      </trkpt>
      <trkpt lat="36.2417860887944698333740234375" lon="117.10845150053501129150390625">
        <ele>-500</ele>
        <time>2026-09-05T16:31:24.000Z</time>
        <extensions>
          <ns3:TrackPointExtension>
            <ns3:atemp>24.0</ns3:atemp>
            <ns3:hr>114</ns3:hr>
          </ns3:TrackPointExtension>
        </extensions>
      </trkpt>
      <trkpt lat="36.24178566969931125640869140625" lon="117.1084463037550449371337890625">
        <ele>-500</ele>
        <time>2026-09-05T16:31:25.000Z</time>
        <extensions>
          <ns3:TrackPointExtension>
            <ns3:atemp>24.0</ns3:atemp>
            <ns3:hr>113</ns3:hr>
          </ns3:TrackPointExtension>
        </extensions>
      </trkpt>
      <trkpt lat="36.241785921156406402587890625" lon="117.108439765870571136474609375">
        <ele>-500</ele>
        <time>2026-09-05T16:31:26.000Z</time>
        <extensions>
          <ns3:TrackPointExtension>
            <ns3:atemp>24.0</ns3:atemp>
            <ns3:hr>113</ns3:hr>
          </ns3:TrackPointExtension>
        </extensions>
      </trkpt>
      <trkpt lat="36.2417864240705966949462890625" lon="117.10843398235738277435302734375">
        <ele>-500</ele>
        <time>2026-09-05T16:31:27.000Z</time>
        <extensions>
          <ns3:TrackPointExtension>
            <ns3:atemp>25.0</ns3:atemp>
            <ns3:hr>113</ns3:hr>
          </ns3:TrackPointExtension>
        </extensions>
      </trkpt>
      <trkpt lat="36.241788603365421295166015625" lon="117.10842492990195751190185546875">
        <ele>-500</ele>
        <time>2026-09-05T16:31:28.000Z</time>
        <extensions>
          <ns3:TrackPointExtension>
            <ns3:atemp>25.0</ns3:atemp>
            <ns3:hr>113</ns3:hr>
          </ns3:TrackPointExtension>
        </extensions>
      </trkpt>
      <trkpt lat="36.24178784899413585662841796875" lon="117.1084157936275005340576171875">
        <ele>-500</ele>
        <time>2026-09-05T16:31:29.000Z</time>
        <extensions>
          <ns3:TrackPointExtension>
            <ns3:atemp>25.0</ns3:atemp>
            <ns3:hr>112</ns3:hr>
          </ns3:TrackPointExtension>
        </extensions>
      </trkpt>
      <trkpt lat="36.2417857535183429718017578125" lon="117.1084065735340118408203125">
        <ele>-500</ele>
        <time>2026-09-05T16:31:30.000Z</time>
        <extensions>
          <ns3:TrackPointExtension>
            <ns3:atemp>25.0</ns3:atemp>
            <ns3:hr>112</ns3:hr>
          </ns3:TrackPointExtension>
        </extensions>
      </trkpt>
      <trkpt lat="36.24178935773670673370361328125" lon="117.10839961655437946319580078125">
        <ele>-500</ele>
        <time>2026-09-05T16:31:31.000Z</time>
        <extensions>
          <ns3:TrackPointExtension>
            <ns3:atemp>25.0</ns3:atemp>
            <ns3:hr>112</ns3:hr>
          </ns3:TrackPointExtension>
        </extensions>
      </trkpt>
      <trkpt lat="36.24179363250732421875" lon="117.108394168317317962646484375">
        <ele>-500</ele>
        <time>2026-09-05T16:31:32.000Z</time>
        <extensions>
          <ns3:TrackPointExtension>
            <ns3:atemp>25.0</ns3:atemp>
            <ns3:hr>113</ns3:hr>
          </ns3:TrackPointExtension>
        </extensions>
      </trkpt>
      <trkpt lat="36.24179363250732421875" lon="117.10838888771831989288330078125">
        <ele>-500</ele>
        <time>2026-09-05T16:31:33.000Z</time>
        <extensions>
          <ns3:TrackPointExtension>
            <ns3:atemp>25.0</ns3:atemp>
            <ns3:hr>113</ns3:hr>
          </ns3:TrackPointExtension>
        </extensions>
      </trkpt>
      <trkpt lat="36.2417938001453876495361328125" lon="117.10838234983384609222412109375">
        <ele>-500</ele>
        <time>2026-09-05T16:31:34.000Z</time>
        <extensions>
          <ns3:TrackPointExtension>
            <ns3:atemp>25.0</ns3:atemp>
            <ns3:hr>113</ns3:hr>
          </ns3:TrackPointExtension>
        </extensions>
      </trkpt>
      <trkpt lat="36.2417978234589099884033203125" lon="117.108374051749706268310546875">
        <ele>-500</ele>
        <time>2026-09-05T16:31:36.000Z</time>
        <extensions>
          <ns3:TrackPointExtension>
            <ns3:atemp>25.0</ns3:atemp>
            <ns3:hr>113</ns3:hr>
          </ns3:TrackPointExtension>
        </extensions>
      </trkpt>
      <trkpt lat="36.24180972576141357421875" lon="117.10833960212767124176025390625">
        <ele>-500</ele>
        <time>2026-09-05T16:31:42.000Z</time>
        <extensions>
          <ns3:TrackPointExtension>
            <ns3:atemp>25.0</ns3:atemp>
            <ns3:hr>112</ns3:hr>
          </ns3:TrackPointExtension>
        </extensions>
      </trkpt>
      <trkpt lat="36.24181148596107959747314453125" lon="117.10832585580646991729736328125">
        <ele>-500</ele>
        <time>2026-09-05T16:31:43.000Z</time>
        <extensions>
          <ns3:TrackPointExtension>
            <ns3:atemp>24.0</ns3:atemp>
            <ns3:hr>112</ns3:hr>
          </ns3:TrackPointExtension>
        </extensions>
      </trkpt>
      <trkpt lat="36.241812407970428466796875" lon="117.1083199046552181243896484375">
        <ele>-500</ele>
        <time>2026-09-05T16:31:45.000Z</time>
        <extensions>
          <ns3:TrackPointExtension>
            <ns3:atemp>24.0</ns3:atemp>
            <ns3:hr>113</ns3:hr>
          </ns3:TrackPointExtension>
        </extensions>
      </trkpt>
      <trkpt lat="36.24181198887526988983154296875" lon="117.10831663571298122406005859375">
        <ele>-500</ele>
        <time>2026-09-05T16:31:46.000Z</time>
        <extensions>
          <ns3:TrackPointExtension>
            <ns3:atemp>24.0</ns3:atemp>
            <ns3:hr>113</ns3:hr>
          </ns3:TrackPointExtension>
        </extensions>
      </trkpt>
      <trkpt lat="36.24181349761784076690673828125" lon="117.10830959491431713104248046875">
        <ele>-500</ele>
        <time>2026-09-05T16:31:47.000Z</time>
        <extensions>
          <ns3:TrackPointExtension>
            <ns3:atemp>24.0</ns3:atemp>
            <ns3:hr>113</ns3:hr>
          </ns3:TrackPointExtension>
        </extensions>
      </trkpt>
      <trkpt lat="36.241816766560077667236328125" lon="117.10830104537308216094970703125">
        <ele>-500</ele>
        <time>2026-09-05T16:31:48.000Z</time>
        <extensions>
          <ns3:TrackPointExtension>
            <ns3:atemp>24.0</ns3:atemp>
            <ns3:hr>113</ns3:hr>
          </ns3:TrackPointExtension>
        </extensions>
      </trkpt>
      <trkpt lat="36.2418186105787754058837890625" lon="117.1082967706024646759033203125">
        <ele>-500</ele>
        <time>2026-09-05T16:31:49.000Z</time>
        <extensions>
          <ns3:TrackPointExtension>
            <ns3:atemp>24.0</ns3:atemp>
            <ns3:hr>113</ns3:hr>
          </ns3:TrackPointExtension>
        </extensions>
      </trkpt>
      <trkpt lat="36.24182003550231456756591796875" lon="117.1082890592515468597412109375">
        <ele>-500</ele>
        <time>2026-09-05T16:31:50.000Z</time>
        <extensions>
          <ns3:TrackPointExtension>
            <ns3:atemp>24.0</ns3:atemp>
            <ns3:hr>113</ns3:hr>
          </ns3:TrackPointExtension>
        </extensions>
      </trkpt>
      <trkpt lat="36.241820789873600006103515625" lon="117.1082806773483753204345703125">
        <ele>-500</ele>
        <time>2026-09-05T16:31:51.000Z</time>
        <extensions>
          <ns3:TrackPointExtension>
            <ns3:atemp>24.0</ns3:atemp>
            <ns3:hr>113</ns3:hr>
          </ns3:TrackPointExtension>
        </extensions>
      </trkpt>
      <trkpt lat="36.24182405881583690643310546875" lon="117.10827405564486980438232421875">
        <ele>-500</ele>
        <time>2026-09-05T16:31:52.000Z</time>
        <extensions>
          <ns3:TrackPointExtension>
            <ns3:atemp>24.0</ns3:atemp>
            <ns3:hr>113</ns3:hr>
          </ns3:TrackPointExtension>
        </extensions>
      </trkpt>
      <trkpt lat="36.241830177605152130126953125" lon="117.10826852358877658843994140625">
        <ele>-500</ele>
        <time>2026-09-05T16:31:53.000Z</time>
        <extensions>
          <ns3:TrackPointExtension>
            <ns3:atemp>24.0</ns3:atemp>
            <ns3:hr>113</ns3:hr>
          </ns3:TrackPointExtension>
        </extensions>
      </trkpt>
      <trkpt lat="36.24183629639446735382080078125" lon="117.10826567374169826507568359375">
        <ele>-500</ele>
        <time>2026-09-05T16:31:54.000Z</time>
        <extensions>
          <ns3:TrackPointExtension>
            <ns3:atemp>24.0</ns3:atemp>
            <ns3:hr>113</ns3:hr>
          </ns3:TrackPointExtension>
        </extensions>
      </trkpt>
      <trkpt lat="36.24184400774538516998291015625" lon="117.1082605607807636260986328125">
        <ele>-500</ele>
        <time>2026-09-05T16:31:55.000Z</time>
        <extensions>
          <ns3:TrackPointExtension>
            <ns3:atemp>24.0</ns3:atemp>
            <ns3:hr>113</ns3:hr>
          </ns3:TrackPointExtension>
        </extensions>
      </trkpt>
      <trkpt lat="36.24185222201049327850341796875" lon="117.10825528018176555633544921875">
        <ele>-500</ele>
        <time>2026-09-05T16:31:56.000Z</time>
        <extensions>
          <ns3:TrackPointExtension>
            <ns3:atemp>24.0</ns3:atemp>
            <ns3:hr>112</ns3:hr>
          </ns3:TrackPointExtension>
        </extensions>
      </trkpt>
      <trkpt lat="36.24186261557042598724365234375" lon="117.10825142450630664825439453125">
        <ele>-500</ele>
        <time>2026-09-05T16:31:57.000Z</time>
        <extensions>
          <ns3:TrackPointExtension>
            <ns3:atemp>24.0</ns3:atemp>
            <ns3:hr>112</ns3:hr>
          </ns3:TrackPointExtension>
        </extensions>
      </trkpt>
      <trkpt lat="36.24187334440648555755615234375" lon="117.1082494966685771942138671875">
        <ele>-500</ele>
        <time>2026-09-05T16:31:58.000Z</time>
        <extensions>
          <ns3:TrackPointExtension>
            <ns3:atemp>24.0</ns3:atemp>
            <ns3:hr>112</ns3:hr>
          </ns3:TrackPointExtension>
        </extensions>
      </trkpt>
      <trkpt lat="36.24188457615673542022705078125" lon="117.10824522189795970916748046875">
        <ele>-500</ele>
        <time>2026-09-05T16:31:59.000Z</time>
        <extensions>
          <ns3:TrackPointExtension>
            <ns3:atemp>24.0</ns3:atemp>
            <ns3:hr>111</ns3:hr>
          </ns3:TrackPointExtension>
        </extensions>
      </trkpt>
      <trkpt lat="36.2418917007744312286376953125" lon="117.10824103094637393951416015625">
        <ele>-500</ele>
        <time>2026-09-05T16:32:00.000Z</time>
        <extensions>
          <ns3:TrackPointExtension>
            <ns3:atemp>24.0</ns3:atemp>
            <ns3:hr>111</ns3:hr>
          </ns3:TrackPointExtension>
        </extensions>
      </trkpt>
      <trkpt lat="36.2419000826776027679443359375" lon="117.108239941298961639404296875">
        <ele>-500</ele>
        <time>2026-09-05T16:32:01.000Z</time>
        <extensions>
          <ns3:TrackPointExtension>
            <ns3:atemp>24.0</ns3:atemp>
            <ns3:hr>111</ns3:hr>
          </ns3:TrackPointExtension>
        </extensions>
      </trkpt>
      <trkpt lat="36.2419144995510578155517578125" lon="117.10824094712734222412109375">
        <ele>-500</ele>
        <time>2026-09-05T16:32:03.000Z</time>
        <extensions>
          <ns3:TrackPointExtension>
            <ns3:atemp>24.0</ns3:atemp>
            <ns3:hr>110</ns3:hr>
          </ns3:TrackPointExtension>
        </extensions>
      </trkpt>
      <trkpt lat="36.24193285591900348663330078125" lon="117.10824094712734222412109375">
        <ele>-500</ele>
        <time>2026-09-05T16:32:05.000Z</time>
        <extensions>
          <ns3:TrackPointExtension>
            <ns3:atemp>24.0</ns3:atemp>
            <ns3:hr>110</ns3:hr>
          </ns3:TrackPointExtension>
        </extensions>
      </trkpt>
      <trkpt lat="36.241943836212158203125" lon="117.10824321024119853973388671875">
        <ele>-500</ele>
        <time>2026-09-05T16:32:06.000Z</time>
        <extensions>
          <ns3:TrackPointExtension>
            <ns3:atemp>24.0</ns3:atemp>
            <ns3:hr>109</ns3:hr>
          </ns3:TrackPointExtension>
        </extensions>
      </trkpt>
      <trkpt lat="36.2419580854475498199462890625" lon="117.10824555717408657073974609375">
        <ele>-500</ele>
        <time>2026-09-05T16:32:07.000Z</time>
        <extensions>
          <ns3:TrackPointExtension>
            <ns3:atemp>24.0</ns3:atemp>
            <ns3:hr>108</ns3:hr>
          </ns3:TrackPointExtension>
        </extensions>
      </trkpt>
      <trkpt lat="36.2419681437313556671142578125" lon="117.10824941284954547882080078125">
        <ele>-500</ele>
        <time>2026-09-05T16:32:08.000Z</time>
        <extensions>
          <ns3:TrackPointExtension>
            <ns3:atemp>24.0</ns3:atemp>
            <ns3:hr>108</ns3:hr>
          </ns3:TrackPointExtension>
        </extensions>
      </trkpt>
      <trkpt lat="36.24197761528193950653076171875" lon="117.10825310088694095611572265625">
        <ele>-500</ele>
        <time>2026-09-05T16:32:09.000Z</time>
        <extensions>
          <ns3:TrackPointExtension>
            <ns3:atemp>24.0</ns3:atemp>
            <ns3:hr>108</ns3:hr>
          </ns3:TrackPointExtension>
        </extensions>
      </trkpt>
      <trkpt lat="36.24198717065155506134033203125" lon="117.10825628601014614105224609375">
        <ele>-500</ele>
        <time>2026-09-05T16:32:10.000Z</time>
        <extensions>
          <ns3:TrackPointExtension>
            <ns3:atemp>24.0</ns3:atemp>
            <ns3:hr>107</ns3:hr>
          </ns3:TrackPointExtension>
        </extensions>
      </trkpt>
      <trkpt lat="36.24200343154370784759521484375" lon="117.108260057866573333740234375">
        <ele>-500</ele>
        <time>2026-09-05T16:32:12.000Z</time>
        <extensions>
          <ns3:TrackPointExtension>
            <ns3:atemp>24.0</ns3:atemp>
            <ns3:hr>107</ns3:hr>
          </ns3:TrackPointExtension>
        </extensions>
      </trkpt>
      <trkpt lat="36.24202497303485870361328125" lon="117.10826835595071315765380859375">
        <ele>-500</ele>
        <time>2026-09-05T16:32:14.000Z</time>
        <extensions>
          <ns3:TrackPointExtension>
            <ns3:atemp>24.0</ns3:atemp>
            <ns3:hr>107</ns3:hr>
          </ns3:TrackPointExtension>
        </extensions>
      </trkpt>
      <trkpt lat="36.24204215593636035919189453125" lon="117.10828159935772418975830078125">
        <ele>-500</ele>
        <time>2026-09-05T16:32:16.000Z</time>
        <extensions>
          <ns3:TrackPointExtension>
            <ns3:atemp>24.0</ns3:atemp>
            <ns3:hr>106</ns3:hr>
          </ns3:TrackPointExtension>
        </extensions>
      </trkpt>
      <trkpt lat="36.242059171199798583984375" lon="117.10828796960413455963134765625">
        <ele>-500</ele>
        <time>2026-09-05T16:32:18.000Z</time>
        <extensions>
          <ns3:TrackPointExtension>
            <ns3:atemp>24.0</ns3:atemp>
            <ns3:hr>105</ns3:hr>
          </ns3:TrackPointExtension>
        </extensions>
      </trkpt>
      <trkpt lat="36.2420670501887798309326171875" lon="117.1082897298038005828857421875">
        <ele>-500</ele>
        <time>2026-09-05T16:32:19.000Z</time>
        <extensions>
          <ns3:TrackPointExtension>
            <ns3:atemp>24.0</ns3:atemp>
            <ns3:hr>106</ns3:hr>
          </ns3:TrackPointExtension>
        </extensions>
      </trkpt>
      <trkpt lat="36.2421364523470401763916015625" lon="117.1083078347146511077880859375">
        <ele>-500</ele>
        <time>2026-09-05T16:32:26.000Z</time>
        <extensions>
          <ns3:TrackPointExtension>
            <ns3:atemp>24.0</ns3:atemp>
            <ns3:hr>108</ns3:hr>
          </ns3:TrackPointExtension>
        </extensions>
      </trkpt>
      <trkpt lat="36.2421451695263385772705078125" lon="117.10830808617174625396728515625">
        <ele>-500</ele>
        <time>2026-09-05T16:32:27.000Z</time>
        <extensions>
          <ns3:TrackPointExtension>
            <ns3:atemp>24.0</ns3:atemp>
            <ns3:hr>108</ns3:hr>
          </ns3:TrackPointExtension>
        </extensions>
      </trkpt>
      <trkpt lat="36.24215564690530300140380859375" lon="117.10831110365688800811767578125">
        <ele>-500</ele>
        <time>2026-09-05T16:32:28.000Z</time>
        <extensions>
          <ns3:TrackPointExtension>
            <ns3:atemp>24.0</ns3:atemp>
            <ns3:hr>108</ns3:hr>
          </ns3:TrackPointExtension>
        </extensions>
      </trkpt>
      <trkpt lat="36.242194958031177520751953125" lon="117.1083225868642330169677734375">
        <ele>-500</ele>
        <time>2026-09-05T16:32:33.000Z</time>
        <extensions>
          <ns3:TrackPointExtension>
            <ns3:atemp>24.0</ns3:atemp>
            <ns3:hr>109</ns3:hr>
          </ns3:TrackPointExtension>
        </extensions>
      </trkpt>
      <trkpt lat="36.2422133982181549072265625" lon="117.1083286218345165252685546875">
        <ele>-500</ele>
        <time>2026-09-05T16:32:35.000Z</time>
        <extensions>
          <ns3:TrackPointExtension>
            <ns3:atemp>24.0</ns3:atemp>
            <ns3:hr>110</ns3:hr>
          </ns3:TrackPointExtension>
        </extensions>
      </trkpt>
      <trkpt lat="36.2422313354909420013427734375" lon="117.108335830271244049072265625">
        <ele>-500</ele>
        <time>2026-09-05T16:32:37.000Z</time>
        <extensions>
          <ns3:TrackPointExtension>
            <ns3:atemp>24.0</ns3:atemp>
            <ns3:hr>109</ns3:hr>
          </ns3:TrackPointExtension>
        </extensions>
      </trkpt>
      <trkpt lat="36.242250613868236541748046875" lon="117.10834714584052562713623046875">
        <ele>-500</ele>
        <time>2026-09-05T16:32:39.000Z</time>
        <extensions>
          <ns3:TrackPointExtension>
            <ns3:atemp>24.0</ns3:atemp>
            <ns3:hr>109</ns3:hr>
          </ns3:TrackPointExtension>
        </extensions>
      </trkpt>
      <trkpt lat="36.2422782741487026214599609375" lon="117.10835837759077548980712890625">
        <ele>-500</ele>
        <time>2026-09-05T16:32:42.000Z</time>
        <extensions>
          <ns3:TrackPointExtension>
            <ns3:atemp>24.0</ns3:atemp>
            <ns3:hr>109</ns3:hr>
          </ns3:TrackPointExtension>
        </extensions>
      </trkpt>
      <trkpt lat="36.24229461885988712310791015625" lon="117.1083675138652324676513671875">
        <ele>-500</ele>
        <time>2026-09-05T16:32:44.000Z</time>
        <extensions>
          <ns3:TrackPointExtension>
            <ns3:atemp>24.0</ns3:atemp>
            <ns3:hr>109</ns3:hr>
          </ns3:TrackPointExtension>
        </extensions>
      </trkpt>
      <trkpt lat="36.24230392277240753173828125" lon="117.108373381197452545166015625">
        <ele>-500</ele>
        <time>2026-09-05T16:32:45.000Z</time>
        <extensions>
          <ns3:TrackPointExtension>
            <ns3:atemp>24.0</ns3:atemp>
            <ns3:hr>108</ns3:hr>
          </ns3:TrackPointExtension>
        </extensions>
      </trkpt>
      <trkpt lat="36.24234038405120372772216796875" lon="117.10839726962149143218994140625">
        <ele>-500</ele>
        <time>2026-09-05T16:32:50.000Z</time>
        <extensions>
          <ns3:TrackPointExtension>
            <ns3:atemp>24.0</ns3:atemp>
            <ns3:hr>109</ns3:hr>
          </ns3:TrackPointExtension>
        </extensions>
      </trkpt>
      <trkpt lat="36.24235714785754680633544921875" lon="117.10840313695371150970458984375">
        <ele>-500</ele>
        <time>2026-09-05T16:32:52.000Z</time>
        <extensions>
          <ns3:TrackPointExtension>
            <ns3:atemp>24.0</ns3:atemp>
            <ns3:hr>108</ns3:hr>
          </ns3:TrackPointExtension>
        </extensions>
      </trkpt>
      <trkpt lat="36.24237542040646076202392578125" lon="117.10840699262917041778564453125">
        <ele>-500</ele>
        <time>2026-09-05T16:32:54.000Z</time>
        <extensions>
          <ns3:TrackPointExtension>
            <ns3:atemp>24.0</ns3:atemp>
            <ns3:hr>108</ns3:hr>
          </ns3:TrackPointExtension>
        </extensions>
      </trkpt>
      <trkpt lat="36.24239352531731128692626953125" lon="117.10840933956205844879150390625">
        <ele>-500</ele>
        <time>2026-09-05T16:32:56.000Z</time>
        <extensions>
          <ns3:TrackPointExtension>
            <ns3:atemp>24.0</ns3:atemp>
            <ns3:hr>108</ns3:hr>
          </ns3:TrackPointExtension>
        </extensions>
      </trkpt>
      <trkpt lat="36.242409534752368927001953125" lon="117.1084090881049633026123046875">
        <ele>-500</ele>
        <time>2026-09-05T16:32:58.000Z</time>
        <extensions>
          <ns3:TrackPointExtension>
            <ns3:atemp>24.0</ns3:atemp>
            <ns3:hr>109</ns3:hr>
          </ns3:TrackPointExtension>
        </extensions>
      </trkpt>
      <trkpt lat="36.2424187548458576202392578125" lon="117.10840967483818531036376953125">
        <ele>-500</ele>
        <time>2026-09-05T16:32:59.000Z</time>
        <extensions>
          <ns3:TrackPointExtension>
            <ns3:atemp>24.0</ns3:atemp>
            <ns3:hr>110</ns3:hr>
          </ns3:TrackPointExtension>
        </extensions>
      </trkpt>
      <trkpt lat="36.24242973513901233673095703125" lon="117.1084105968475341796875">
        <ele>-500</ele>
        <time>2026-09-05T16:33:00.000Z</time>
        <extensions>
          <ns3:TrackPointExtension>
            <ns3:atemp>24.0</ns3:atemp>
            <ns3:hr>110</ns3:hr>
          </ns3:TrackPointExtension>
        </extensions>
      </trkpt>
      <trkpt lat="36.24244079925119876861572265625" lon="117.10840632207691669464111328125">
        <ele>-500</ele>
        <time>2026-09-05T16:33:01.000Z</time>
        <extensions>
          <ns3:TrackPointExtension>
            <ns3:atemp>24.0</ns3:atemp>
            <ns3:hr>110</ns3:hr>
          </ns3:TrackPointExtension>
        </extensions>
      </trkpt>
      <trkpt lat="36.2424888275563716888427734375" lon="117.108362652361392974853515625">
        <ele>-500</ele>
        <time>2026-09-05T16:33:08.000Z</time>
        <extensions>
          <ns3:TrackPointExtension>
            <ns3:atemp>24.0</ns3:atemp>
            <ns3:hr>111</ns3:hr>
          </ns3:TrackPointExtension>
        </extensions>
      </trkpt>
      <trkpt lat="36.24249561689794063568115234375" lon="117.108353935182094573974609375">
        <ele>-500</ele>
        <time>2026-09-05T16:33:09.000Z</time>
        <extensions>
          <ns3:TrackPointExtension>
            <ns3:atemp>24.0</ns3:atemp>
            <ns3:hr>111</ns3:hr>
          </ns3:TrackPointExtension>
        </extensions>
      </trkpt>
      <trkpt lat="36.24250332824885845184326171875" lon="117.108343206346035003662109375">
        <ele>-500</ele>
        <time>2026-09-05T16:33:10.000Z</time>
        <extensions>
          <ns3:TrackPointExtension>
            <ns3:atemp>24.0</ns3:atemp>
            <ns3:hr>111</ns3:hr>
          </ns3:TrackPointExtension>
        </extensions>
      </trkpt>
      <trkpt lat="36.24251221306622028350830078125" lon="117.10832367651164531707763671875">
        <ele>-500</ele>
        <time>2026-09-05T16:33:12.000Z</time>
        <extensions>
          <ns3:TrackPointExtension>
            <ns3:atemp>24.0</ns3:atemp>
            <ns3:hr>112</ns3:hr>
          </ns3:TrackPointExtension>
        </extensions>
      </trkpt>
      <trkpt lat="36.24252797104418277740478515625" lon="117.1083058230578899383544921875">
        <ele>-500</ele>
        <time>2026-09-05T16:33:15.000Z</time>
        <extensions>
          <ns3:TrackPointExtension>
            <ns3:atemp>24.0</ns3:atemp>
            <ns3:hr>113</ns3:hr>
          </ns3:TrackPointExtension>
        </extensions>
      </trkpt>
      <trkpt lat="36.24254507012665271759033203125" lon="117.1082883886992931365966796875">
        <ele>-500</ele>
        <time>2026-09-05T16:33:18.000Z</time>
        <extensions>
          <ns3:TrackPointExtension>
            <ns3:atemp>24.0</ns3:atemp>
            <ns3:hr>110</ns3:hr>
          </ns3:TrackPointExtension>
        </extensions>
      </trkpt>
      <trkpt lat="36.242554374039173126220703125" lon="117.10828444920480251312255859375">
        <ele>-500</ele>
        <time>2026-09-05T16:33:19.000Z</time>
        <extensions>
          <ns3:TrackPointExtension>
            <ns3:atemp>24.0</ns3:atemp>
            <ns3:hr>113</ns3:hr>
          </ns3:TrackPointExtension>
        </extensions>
      </trkpt>
      <trkpt lat="36.2425686232745647430419921875" lon="117.10827254690229892730712890625">
        <ele>-500</ele>
        <time>2026-09-05T16:33:21.000Z</time>
        <extensions>
          <ns3:TrackPointExtension>
            <ns3:atemp>24.0</ns3:atemp>
            <ns3:hr>113</ns3:hr>
          </ns3:TrackPointExtension>
        </extensions>
      </trkpt>
      <trkpt lat="36.24263743869960308074951171875" lon="117.10821571759879589080810546875">
        <ele>-500</ele>
        <time>2026-09-05T16:33:30.000Z</time>
        <extensions>
          <ns3:TrackPointExtension>
            <ns3:atemp>24.0</ns3:atemp>
            <ns3:hr>112</ns3:hr>
          </ns3:TrackPointExtension>
        </extensions>
      </trkpt>
      <trkpt lat="36.242715977132320404052734375" lon="117.1081978641450405120849609375">
        <ele>-500</ele>
        <time>2026-09-05T16:33:37.000Z</time>
        <extensions>
          <ns3:TrackPointExtension>
            <ns3:atemp>24.0</ns3:atemp>
            <ns3:hr>113</ns3:hr>
          </ns3:TrackPointExtension>
        </extensions>
      </trkpt>
      <trkpt lat="36.24272662214934825897216796875" lon="117.108201719820499420166015625">
        <ele>-500</ele>
        <time>2026-09-05T16:33:38.000Z</time>
        <extensions>
          <ns3:TrackPointExtension>
            <ns3:atemp>24.0</ns3:atemp>
            <ns3:hr>113</ns3:hr>
          </ns3:TrackPointExtension>
        </extensions>
      </trkpt>
      <trkpt lat="36.2427520193159580230712890625" lon="117.108201719820499420166015625">
        <ele>-500</ele>
        <time>2026-09-05T16:33:41.000Z</time>
        <extensions>
          <ns3:TrackPointExtension>
            <ns3:atemp>24.0</ns3:atemp>
            <ns3:hr>112</ns3:hr>
          </ns3:TrackPointExtension>
        </extensions>
      </trkpt>
      <trkpt lat="36.24277238734066486358642578125" lon="117.1082022227346897125244140625">
        <ele>-500</ele>
        <time>2026-09-05T16:33:43.000Z</time>
        <extensions>
          <ns3:TrackPointExtension>
            <ns3:atemp>24.0</ns3:atemp>
            <ns3:hr>112</ns3:hr>
          </ns3:TrackPointExtension>
        </extensions>
      </trkpt>
      <trkpt lat="36.24280775897204875946044921875" lon="117.1081898175179958343505859375">
        <ele>-500</ele>
        <time>2026-09-05T16:33:47.000Z</time>
        <extensions>
          <ns3:TrackPointExtension>
            <ns3:atemp>24.0</ns3:atemp>
            <ns3:hr>112</ns3:hr>
          </ns3:TrackPointExtension>
        </extensions>
      </trkpt>
      <trkpt lat="36.24283072538673877716064453125" lon="117.10817866958677768707275390625">
        <ele>-500</ele>
        <time>2026-09-05T16:33:50.000Z</time>
        <extensions>
          <ns3:TrackPointExtension>
            <ns3:atemp>24.0</ns3:atemp>
            <ns3:hr>111</ns3:hr>
          </ns3:TrackPointExtension>
        </extensions>
      </trkpt>
      <trkpt lat="36.24284044839441776275634765625" lon="117.10817699320614337921142578125">
        <ele>-500</ele>
        <time>2026-09-05T16:33:51.000Z</time>
        <extensions>
          <ns3:TrackPointExtension>
            <ns3:atemp>24.0</ns3:atemp>
            <ns3:hr>111</ns3:hr>
          </ns3:TrackPointExtension>
        </extensions>
      </trkpt>
      <trkpt lat="36.24286224134266376495361328125" lon="117.10816986858844757080078125">
        <ele>-500</ele>
        <time>2026-09-05T16:33:53.000Z</time>
        <extensions>
          <ns3:TrackPointExtension>
            <ns3:atemp>24.0</ns3:atemp>
            <ns3:hr>112</ns3:hr>
          </ns3:TrackPointExtension>
        </extensions>
      </trkpt>
      <trkpt lat="36.24288219027221202850341796875" lon="117.10816240869462490081787109375">
        <ele>-500</ele>
        <time>2026-09-05T16:33:55.000Z</time>
        <extensions>
          <ns3:TrackPointExtension>
            <ns3:atemp>24.0</ns3:atemp>
            <ns3:hr>111</ns3:hr>
          </ns3:TrackPointExtension>
        </extensions>
      </trkpt>
      <trkpt lat="36.24289266765117645263671875" lon="117.1081576310098171234130859375">
        <ele>-500</ele>
        <time>2026-09-05T16:33:56.000Z</time>
        <extensions>
          <ns3:TrackPointExtension>
            <ns3:atemp>24.0</ns3:atemp>
            <ns3:hr>111</ns3:hr>
          </ns3:TrackPointExtension>
        </extensions>
      </trkpt>
      <trkpt lat="36.242903061211109161376953125" lon="117.10815511643886566162109375">
        <ele>-500</ele>
        <time>2026-09-05T16:33:57.000Z</time>
        <extensions>
          <ns3:TrackPointExtension>
            <ns3:atemp>24.0</ns3:atemp>
            <ns3:hr>112</ns3:hr>
          </ns3:TrackPointExtension>
        </extensions>
      </trkpt>
      <trkpt lat="36.24292074702680110931396484375" lon="117.10815000347793102264404296875">
        <ele>-500</ele>
        <time>2026-09-05T16:33:59.000Z</time>
        <extensions>
          <ns3:TrackPointExtension>
            <ns3:atemp>24.0</ns3:atemp>
            <ns3:hr>112</ns3:hr>
          </ns3:TrackPointExtension>
        </extensions>
      </trkpt>
      <trkpt lat="36.24292946420609951019287109375" lon="117.10814782418310642242431640625">
        <ele>-500</ele>
        <time>2026-09-05T16:34:00.000Z</time>
        <extensions>
          <ns3:TrackPointExtension>
            <ns3:atemp>24.0</ns3:atemp>
            <ns3:hr>112</ns3:hr>
          </ns3:TrackPointExtension>
        </extensions>
      </trkpt>
      <trkpt lat="36.2429374270141124725341796875" lon="117.1081438846886157989501953125">
        <ele>-500</ele>
        <time>2026-09-05T16:34:01.000Z</time>
        <extensions>
          <ns3:TrackPointExtension>
            <ns3:atemp>24.0</ns3:atemp>
            <ns3:hr>112</ns3:hr>
          </ns3:TrackPointExtension>
        </extensions>
      </trkpt>
      <trkpt lat="36.24297975562512874603271484375" lon="117.1081271208822727203369140625">
        <ele>-500</ele>
        <time>2026-09-05T16:34:06.000Z</time>
        <extensions>
          <ns3:TrackPointExtension>
            <ns3:atemp>24.0</ns3:atemp>
            <ns3:hr>113</ns3:hr>
          </ns3:TrackPointExtension>
        </extensions>
      </trkpt>
      <trkpt lat="36.2430038116872310638427734375" lon="117.10811681114137172698974609375">
        <ele>-500</ele>
        <time>2026-09-05T16:34:09.000Z</time>
        <extensions>
          <ns3:TrackPointExtension>
            <ns3:atemp>24.0</ns3:atemp>
            <ns3:hr>115</ns3:hr>
          </ns3:TrackPointExtension>
        </extensions>
      </trkpt>
      <trkpt lat="36.243015713989734649658203125" lon="117.10811547003686428070068359375">
        <ele>-500</ele>
        <time>2026-09-05T16:34:10.000Z</time>
        <extensions>
          <ns3:TrackPointExtension>
            <ns3:atemp>24.0</ns3:atemp>
            <ns3:hr>116</ns3:hr>
          </ns3:TrackPointExtension>
        </extensions>
      </trkpt>
      <trkpt lat="36.243031807243824005126953125" lon="117.108121253550052642822265625">
        <ele>-500</ele>
        <time>2026-09-05T16:34:12.000Z</time>
        <extensions>
          <ns3:TrackPointExtension>
            <ns3:atemp>24.0</ns3:atemp>
            <ns3:hr>117</ns3:hr>
          </ns3:TrackPointExtension>
        </extensions>
      </trkpt>
      <trkpt lat="36.2430406920611858367919921875" lon="117.108124606311321258544921875">
        <ele>-500</ele>
        <time>2026-09-05T16:34:14.000Z</time>
        <extensions>
          <ns3:TrackPointExtension>
            <ns3:atemp>24.0</ns3:atemp>
            <ns3:hr>116</ns3:hr>
          </ns3:TrackPointExtension>
        </extensions>
      </trkpt>
      <trkpt lat="36.24304111115634441375732421875" lon="117.10812334902584552764892578125">
        <ele>-500</ele>
        <time>2026-09-05T16:34:15.000Z</time>
        <extensions>
          <ns3:TrackPointExtension>
            <ns3:atemp>24.0</ns3:atemp>
            <ns3:hr>116</ns3:hr>
          </ns3:TrackPointExtension>
        </extensions>
      </trkpt>
      <trkpt lat="36.243035830557346343994140625" lon="117.10812971927225589752197265625">
        <ele>-500</ele>
        <time>2026-09-05T16:34:17.000Z</time>
        <extensions>
          <ns3:TrackPointExtension>
            <ns3:atemp>24.0</ns3:atemp>
            <ns3:hr>115</ns3:hr>
          </ns3:TrackPointExtension>
        </extensions>
      </trkpt>
      <trkpt lat="36.24303725548088550567626953125" lon="117.10813541896641254425048828125">
        <ele>-500</ele>
        <time>2026-09-05T16:34:18.000Z</time>
        <extensions>
          <ns3:TrackPointExtension>
            <ns3:atemp>24.0</ns3:atemp>
            <ns3:hr>117</ns3:hr>
          </ns3:TrackPointExtension>
        </extensions>
      </trkpt>
      <trkpt lat="36.24302811920642852783203125" lon="117.10813726298511028289794921875">
        <ele>-500</ele>
        <time>2026-09-05T16:34:19.000Z</time>
        <extensions>
          <ns3:TrackPointExtension>
            <ns3:atemp>24.0</ns3:atemp>
            <ns3:hr>117</ns3:hr>
          </ns3:TrackPointExtension>
        </extensions>
      </trkpt>
      <trkpt lat="36.24303624965250492095947265625" lon="117.1081358380615711212158203125">
        <ele>-500</ele>
        <time>2026-09-05T16:34:23.000Z</time>
        <extensions>
          <ns3:TrackPointExtension>
            <ns3:atemp>24.0</ns3:atemp>
            <ns3:hr>116</ns3:hr>
          </ns3:TrackPointExtension>
        </extensions>
      </trkpt>
      <trkpt lat="36.2430413626134395599365234375" lon="117.108136005699634552001953125">
        <ele>-500</ele>
        <time>2026-09-05T16:34:26.000Z</time>
        <extensions>
          <ns3:TrackPointExtension>
            <ns3:atemp>24.0</ns3:atemp>
            <ns3:hr>115</ns3:hr>
          </ns3:TrackPointExtension>
        </extensions>
      </trkpt>
      <trkpt lat="36.24305049888789653778076171875" lon="117.10813575424253940582275390625">
        <ele>-500</ele>
        <time>2026-09-05T16:34:27.000Z</time>
        <extensions>
          <ns3:TrackPointExtension>
            <ns3:atemp>24.0</ns3:atemp>
            <ns3:hr>117</ns3:hr>
          </ns3:TrackPointExtension>
        </extensions>
      </trkpt>
      <trkpt lat="36.2430581264197826385498046875" lon="117.1081395260989665985107421875">
        <ele>-500</ele>
        <time>2026-09-05T16:34:29.000Z</time>
        <extensions>
          <ns3:TrackPointExtension>
            <ns3:atemp>24.0</ns3:atemp>
            <ns3:hr>115</ns3:hr>
          </ns3:TrackPointExtension>
        </extensions>
      </trkpt>
      <trkpt lat="36.24305360019207000732421875" lon="117.10814111866056919097900390625">
        <ele>-500</ele>
        <time>2026-09-05T16:34:31.000Z</time>
        <extensions>
          <ns3:TrackPointExtension>
            <ns3:atemp>24.0</ns3:atemp>
            <ns3:hr>116</ns3:hr>
          </ns3:TrackPointExtension>
        </extensions>
      </trkpt>
      <trkpt lat="36.2430443800985813140869140625" lon="117.10814011283218860626220703125">
        <ele>-500</ele>
        <time>2026-09-05T16:34:33.000Z</time>
        <extensions>
          <ns3:TrackPointExtension>
            <ns3:atemp>24.0</ns3:atemp>
            <ns3:hr>115</ns3:hr>
          </ns3:TrackPointExtension>
        </extensions>
      </trkpt>
      <trkpt lat="36.2430433742702007293701171875" lon="117.10813994519412517547607421875">
        <ele>-500</ele>
        <time>2026-09-05T16:34:34.000Z</time>
        <extensions>
          <ns3:TrackPointExtension>
            <ns3:atemp>24.0</ns3:atemp>
            <ns3:hr>113</ns3:hr>
          </ns3:TrackPointExtension>
        </extensions>
      </trkpt>
      <trkpt lat="36.243044547736644744873046875" lon="117.10813709534704685211181640625">
        <ele>-500</ele>
        <time>2026-09-05T16:34:35.000Z</time>
        <extensions>
          <ns3:TrackPointExtension>
            <ns3:atemp>24.0</ns3:atemp>
            <ns3:hr>116</ns3:hr>
          </ns3:TrackPointExtension>
        </extensions>
      </trkpt>
      <trkpt lat="36.24304329045116901397705078125" lon="117.1081348322331905364990234375">
        <ele>-500</ele>
        <time>2026-09-05T16:34:37.000Z</time>
        <extensions>
          <ns3:TrackPointExtension>
            <ns3:atemp>24.0</ns3:atemp>
            <ns3:hr>113</ns3:hr>
          </ns3:TrackPointExtension>
        </extensions>
      </trkpt>
      <trkpt lat="36.24304329045116901397705078125" lon="117.1081348322331905364990234375">
        <ele>-500</ele>
        <time>2026-09-05T16:34:39.000Z</time>
        <extensions>
          <ns3:TrackPointExtension>
            <ns3:atemp>24.0</ns3:atemp>
            <ns3:hr>115</ns3:hr>
          </ns3:TrackPointExtension>
        </extensions>
      </trkpt>
      <trkpt lat="36.24304329045116901397705078125" lon="117.1081348322331905364990234375">
        <ele>-500</ele>
        <time>2026-09-05T16:34:41.000Z</time>
        <extensions>
          <ns3:TrackPointExtension>
            <ns3:atemp>24.0</ns3:atemp>
            <ns3:hr>115</ns3:hr>
          </ns3:TrackPointExtension>
        </extensions>
      </trkpt>
      <trkpt lat="36.24304329045116901397705078125" lon="117.1081348322331905364990234375">
        <ele>-500</ele>
        <time>2026-09-05T16:34:43.000Z</time>
        <extensions>
          <ns3:TrackPointExtension>
            <ns3:atemp>24.0</ns3:atemp>
            <ns3:hr>115</ns3:hr>
          </ns3:TrackPointExtension>
        </extensions>
      </trkpt>
      <trkpt lat="36.24304329045116901397705078125" lon="117.1081348322331905364990234375">
        <ele>-500</ele>
        <time>2026-09-05T16:34:45.000Z</time>
        <extensions>
          <ns3:TrackPointExtension>
            <ns3:atemp>24.0</ns3:atemp>
            <ns3:hr>114</ns3:hr>
          </ns3:TrackPointExtension>
        </extensions>
      </trkpt>
      <trkpt lat="36.24304329045116901397705078125" lon="117.1081348322331905364990234375">
        <ele>-500</ele>
        <time>2026-09-05T16:34:47.000Z</time>
        <extensions>
          <ns3:TrackPointExtension>
            <ns3:atemp>24.0</ns3:atemp>
            <ns3:hr>114</ns3:hr>
          </ns3:TrackPointExtension>
        </extensions>
      </trkpt>
      <trkpt lat="36.24304329045116901397705078125" lon="117.1081348322331905364990234375">
        <ele>-500</ele>
        <time>2026-09-05T16:34:48.000Z</time>
        <extensions>
          <ns3:TrackPointExtension>
            <ns3:atemp>24.0</ns3:atemp>
            <ns3:hr>114</ns3:hr>
          </ns3:TrackPointExtension>
        </extensions>
      </trkpt>
      <trkpt lat="36.24304329045116901397705078125" lon="117.1081348322331905364990234375">
        <ele>-500</ele>
        <time>2026-09-05T16:34:51.000Z</time>
        <extensions>
          <ns3:TrackPointExtension>
            <ns3:atemp>24.0</ns3:atemp>
            <ns3:hr>113</ns3:hr>
          </ns3:TrackPointExtension>
        </extensions>
      </trkpt>
      <trkpt lat="36.24304412864148616790771484375" lon="117.108134664595127105712890625">
        <ele>-500</ele>
        <time>2026-09-05T16:34:56.000Z</time>
        <extensions>
          <ns3:TrackPointExtension>
            <ns3:atemp>24.0</ns3:atemp>
            <ns3:hr>114</ns3:hr>
          </ns3:TrackPointExtension>
        </extensions>
      </trkpt>
      <trkpt lat="36.24304412864148616790771484375" lon="117.108134664595127105712890625">
        <ele>-500</ele>
        <time>2026-09-05T16:34:57.000Z</time>
        <extensions>
          <ns3:TrackPointExtension>
            <ns3:atemp>24.0</ns3:atemp>
            <ns3:hr>114</ns3:hr>
          </ns3:TrackPointExtension>
        </extensions>
      </trkpt>
      <trkpt lat="36.2430437095463275909423828125" lon="117.108134664595127105712890625">
        <ele>-500</ele>
        <time>2026-09-05T16:34:59.000Z</time>
        <extensions>
          <ns3:TrackPointExtension>
            <ns3:atemp>24.0</ns3:atemp>
            <ns3:hr>114</ns3:hr>
          </ns3:TrackPointExtension>
        </extensions>
      </trkpt>
      <trkpt lat="36.24304362572729587554931640625" lon="117.108134664595127105712890625">
        <ele>-500</ele>
        <time>2026-09-05T16:35:04.000Z</time>
        <extensions>
          <ns3:TrackPointExtension>
            <ns3:atemp>24.0</ns3:atemp>
            <ns3:hr>113</ns3:hr>
          </ns3:TrackPointExtension>
        </extensions>
      </trkpt>
      <trkpt lat="36.24304379336535930633544921875" lon="117.108134664595127105712890625">
        <ele>-500</ele>
        <time>2026-09-05T16:35:06.000Z</time>
        <extensions>
          <ns3:TrackPointExtension>
            <ns3:atemp>24.0</ns3:atemp>
            <ns3:hr>112</ns3:hr>
          </ns3:TrackPointExtension>
        </extensions>
      </trkpt>
      <trkpt lat="36.2430453859269618988037109375" lon="117.10815335623919963836669921875">
        <ele>-500</ele>
        <time>2026-09-05T16:35:17.000Z</time>
        <extensions>
          <ns3:TrackPointExtension>
            <ns3:atemp>24.0</ns3:atemp>
            <ns3:hr>109</ns3:hr>
          </ns3:TrackPointExtension>
        </extensions>
      </trkpt>
      <trkpt lat="36.2430453859269618988037109375" lon="117.108153440058231353759765625">
        <ele>-500</ele>
        <time>2026-09-05T16:35:20.000Z</time>
        <extensions>
          <ns3:TrackPointExtension>
            <ns3:atemp>24.0</ns3:atemp>
            <ns3:hr>109</ns3:hr>
          </ns3:TrackPointExtension>
        </extensions>
      </trkpt>
      <trkpt lat="36.2430453859269618988037109375" lon="117.10815503261983394622802734375">
        <ele>-500</ele>
        <time>2026-09-05T16:35:24.000Z</time>
        <extensions>
          <ns3:TrackPointExtension>
            <ns3:atemp>24.0</ns3:atemp>
            <ns3:hr>109</ns3:hr>
          </ns3:TrackPointExtension>
        </extensions>
      </trkpt>
      <trkpt lat="36.24304630793631076812744140625" lon="117.1081566251814365386962890625">
        <ele>-500</ele>
        <time>2026-09-05T16:35:27.000Z</time>
        <extensions>
          <ns3:TrackPointExtension>
            <ns3:atemp>24.0</ns3:atemp>
            <ns3:hr>109</ns3:hr>
          </ns3:TrackPointExtension>
        </extensions>
      </trkpt>
      <trkpt lat="36.24305049888789653778076171875" lon="117.10816006176173686981201171875">
        <ele>-500</ele>
        <time>2026-09-05T16:35:35.000Z</time>
        <extensions>
          <ns3:TrackPointExtension>
            <ns3:atemp>24.0</ns3:atemp>
            <ns3:hr>110</ns3:hr>
          </ns3:TrackPointExtension>
        </extensions>
      </trkpt>
      <trkpt lat="36.24305284582078456878662109375" lon="117.10816073231399059295654296875">
        <ele>-500</ele>
        <time>2026-09-05T16:35:37.000Z</time>
        <extensions>
          <ns3:TrackPointExtension>
            <ns3:atemp>24.0</ns3:atemp>
            <ns3:hr>109</ns3:hr>
          </ns3:TrackPointExtension>
        </extensions>
      </trkpt>
      <trkpt lat="36.2430581264197826385498046875" lon="117.1081653423607349395751953125">
        <ele>-500</ele>
        <time>2026-09-05T16:35:38.000Z</time>
        <extensions>
          <ns3:TrackPointExtension>
            <ns3:atemp>24.0</ns3:atemp>
            <ns3:hr>109</ns3:hr>
          </ns3:TrackPointExtension>
        </extensions>
      </trkpt>
      <trkpt lat="36.24306256882846355438232421875" lon="117.10816911421716213226318359375">
        <ele>-500</ele>
        <time>2026-09-05T16:35:39.000Z</time>
        <extensions>
          <ns3:TrackPointExtension>
            <ns3:atemp>24.0</ns3:atemp>
            <ns3:hr>108</ns3:hr>
          </ns3:TrackPointExtension>
        </extensions>
      </trkpt>
      <trkpt lat="36.243064664304256439208984375" lon="117.10817162878811359405517578125">
        <ele>-500</ele>
        <time>2026-09-05T16:35:40.000Z</time>
        <extensions>
          <ns3:TrackPointExtension>
            <ns3:atemp>24.0</ns3:atemp>
            <ns3:hr>108</ns3:hr>
          </ns3:TrackPointExtension>
        </extensions>
      </trkpt>
      <trkpt lat="36.243065334856510162353515625" lon="117.1081759035587310791015625">
        <ele>-500</ele>
        <time>2026-09-05T16:35:41.000Z</time>
        <extensions>
          <ns3:TrackPointExtension>
            <ns3:atemp>24.0</ns3:atemp>
            <ns3:hr>108</ns3:hr>
          </ns3:TrackPointExtension>
        </extensions>
      </trkpt>
      <trkpt lat="36.2430655024945735931396484375" lon="117.1081804297864437103271484375">
        <ele>-500</ele>
        <time>2026-09-05T16:35:42.000Z</time>
        <extensions>
          <ns3:TrackPointExtension>
            <ns3:atemp>24.0</ns3:atemp>
            <ns3:hr>108</ns3:hr>
          </ns3:TrackPointExtension>
        </extensions>
      </trkpt>
      <trkpt lat="36.24306558631360530853271484375" lon="117.10818193852901458740234375">
        <ele>-500</ele>
        <time>2026-09-05T16:35:43.000Z</time>
        <extensions>
          <ns3:TrackPointExtension>
            <ns3:atemp>24.0</ns3:atemp>
            <ns3:hr>106</ns3:hr>
          </ns3:TrackPointExtension>
        </extensions>
      </trkpt>
      <trkpt lat="36.24306558631360530853271484375" lon="117.10818235762417316436767578125">
        <ele>-500</ele>
        <time>2026-09-05T16:35:44.000Z</time>
        <extensions>
          <ns3:TrackPointExtension>
            <ns3:atemp>24.0</ns3:atemp>
            <ns3:hr>108</ns3:hr>
          </ns3:TrackPointExtension>
        </extensions>
      </trkpt>
      <trkpt lat="36.24306659214198589324951171875" lon="117.10818252526223659515380859375">
        <ele>-500</ele>
        <time>2026-09-05T16:35:45.000Z</time>
        <extensions>
          <ns3:TrackPointExtension>
            <ns3:atemp>24.0</ns3:atemp>
            <ns3:hr>108</ns3:hr>
          </ns3:TrackPointExtension>
        </extensions>
      </trkpt>
      <trkpt lat="36.24306701123714447021484375" lon="117.108182609081268310546875">
        <ele>-500</ele>
        <time>2026-09-05T16:35:46.000Z</time>
        <extensions>
          <ns3:TrackPointExtension>
            <ns3:atemp>24.0</ns3:atemp>
            <ns3:hr>108</ns3:hr>
          </ns3:TrackPointExtension>
        </extensions>
      </trkpt>
      <trkpt lat="36.2430675141513347625732421875" lon="117.108182609081268310546875">
        <ele>-500</ele>
        <time>2026-09-05T16:35:47.000Z</time>
        <extensions>
          <ns3:TrackPointExtension>
            <ns3:atemp>24.0</ns3:atemp>
            <ns3:hr>107</ns3:hr>
          </ns3:TrackPointExtension>
        </extensions>
      </trkpt>
      <trkpt lat="36.243068687617778778076171875" lon="117.1081824414432048797607421875">
        <ele>-500</ele>
        <time>2026-09-05T16:35:49.000Z</time>
        <extensions>
          <ns3:TrackPointExtension>
            <ns3:atemp>24.0</ns3:atemp>
            <ns3:hr>107</ns3:hr>
          </ns3:TrackPointExtension>
        </extensions>
      </trkpt>
      <trkpt lat="36.24306625686585903167724609375" lon="117.10818319581449031829833984375">
        <ele>-500</ele>
        <time>2026-09-05T16:35:50.000Z</time>
        <extensions>
          <ns3:TrackPointExtension>
            <ns3:atemp>24.0</ns3:atemp>
            <ns3:hr>107</ns3:hr>
          </ns3:TrackPointExtension>
        </extensions>
      </trkpt>
      <trkpt lat="36.2430644966661930084228515625" lon="117.10818218998610973358154296875">
        <ele>-500</ele>
        <time>2026-09-05T16:35:51.000Z</time>
        <extensions>
          <ns3:TrackPointExtension>
            <ns3:atemp>24.0</ns3:atemp>
            <ns3:hr>107</ns3:hr>
          </ns3:TrackPointExtension>
        </extensions>
      </trkpt>
      <trkpt lat="36.24305225908756256103515625" lon="117.10816358216106891632080078125">
        <ele>-500</ele>
        <time>2026-09-05T16:35:54.000Z</time>
        <extensions>
          <ns3:TrackPointExtension>
            <ns3:atemp>24.0</ns3:atemp>
            <ns3:hr>105</ns3:hr>
          </ns3:TrackPointExtension>
        </extensions>
      </trkpt>
      <trkpt lat="36.24305418692529201507568359375" lon="117.1081638336181640625">
        <ele>-500</ele>
        <time>2026-09-05T16:35:55.000Z</time>
        <extensions>
          <ns3:TrackPointExtension>
            <ns3:atemp>24.0</ns3:atemp>
            <ns3:hr>104</ns3:hr>
          </ns3:TrackPointExtension>
        </extensions>
      </trkpt>
      <trkpt lat="36.24305502511560916900634765625" lon="117.10816626437008380889892578125">
        <ele>-500</ele>
        <time>2026-09-05T16:35:57.000Z</time>
        <extensions>
          <ns3:TrackPointExtension>
            <ns3:atemp>24.0</ns3:atemp>
            <ns3:hr>104</ns3:hr>
          </ns3:TrackPointExtension>
        </extensions>
      </trkpt>
      <trkpt lat="36.24304496683180332183837890625" lon="117.10816609673202037811279296875">
        <ele>-500</ele>
        <time>2026-09-05T16:36:00.000Z</time>
        <extensions>
          <ns3:TrackPointExtension>
            <ns3:atemp>24.0</ns3:atemp>
            <ns3:hr>102</ns3:hr>
          </ns3:TrackPointExtension>
        </extensions>
      </trkpt>
      <trkpt lat="36.2430376745760440826416015625" lon="117.10815369151532649993896484375">
        <ele>-500</ele>
        <time>2026-09-05T16:36:01.000Z</time>
        <extensions>
          <ns3:TrackPointExtension>
            <ns3:atemp>24.0</ns3:atemp>
            <ns3:hr>103</ns3:hr>
          </ns3:TrackPointExtension>
        </extensions>
      </trkpt>
      <trkpt lat="36.2430376745760440826416015625" lon="117.10815369151532649993896484375">
        <ele>-500</ele>
        <time>2026-09-05T16:36:02.000Z</time>
        <extensions>
          <ns3:TrackPointExtension>
            <ns3:atemp>24.0</ns3:atemp>
            <ns3:hr>103</ns3:hr>
          </ns3:TrackPointExtension>
        </extensions>
      </trkpt>
      <trkpt lat="36.24304194934666156768798828125" lon="117.108150087296962738037109375">
        <ele>-500</ele>
        <time>2026-09-05T16:36:03.000Z</time>
        <extensions>
          <ns3:TrackPointExtension>
            <ns3:atemp>24.0</ns3:atemp>
            <ns3:hr>105</ns3:hr>
          </ns3:TrackPointExtension>
        </extensions>
      </trkpt>
      <trkpt lat="36.24304245226085186004638671875" lon="117.1081489138305187225341796875">
        <ele>-500</ele>
        <time>2026-09-05T16:36:04.000Z</time>
        <extensions>
          <ns3:TrackPointExtension>
            <ns3:atemp>25.0</ns3:atemp>
            <ns3:hr>103</ns3:hr>
          </ns3:TrackPointExtension>
        </extensions>
      </trkpt>
      <trkpt lat="36.24304287135601043701171875" lon="117.108146063983440399169921875">
        <ele>-500</ele>
        <time>2026-09-05T16:36:05.000Z</time>
        <extensions>
          <ns3:TrackPointExtension>
            <ns3:atemp>25.0</ns3:atemp>
            <ns3:hr>103</ns3:hr>
          </ns3:TrackPointExtension>
        </extensions>
      </trkpt>
      <trkpt lat="36.2430427037179470062255859375" lon="117.10814480669796466827392578125">
        <ele>-500</ele>
        <time>2026-09-05T16:36:06.000Z</time>
        <extensions>
          <ns3:TrackPointExtension>
            <ns3:atemp>25.0</ns3:atemp>
            <ns3:hr>103</ns3:hr>
          </ns3:TrackPointExtension>
        </extensions>
      </trkpt>
      <trkpt lat="36.24304555356502532958984375" lon="117.10814279504120349884033203125">
        <ele>-500</ele>
        <time>2026-09-05T16:36:07.000Z</time>
        <extensions>
          <ns3:TrackPointExtension>
            <ns3:atemp>25.0</ns3:atemp>
            <ns3:hr>104</ns3:hr>
          </ns3:TrackPointExtension>
        </extensions>
      </trkpt>
      <trkpt lat="36.24304597266018390655517578125" lon="117.10814346559345722198486328125">
        <ele>-500</ele>
        <time>2026-09-05T16:36:08.000Z</time>
        <extensions>
          <ns3:TrackPointExtension>
            <ns3:atemp>25.0</ns3:atemp>
            <ns3:hr>104</ns3:hr>
          </ns3:TrackPointExtension>
        </extensions>
      </trkpt>
      <trkpt lat="36.24304647557437419891357421875" lon="117.108142711222171783447265625">
        <ele>-500</ele>
        <time>2026-09-05T16:36:09.000Z</time>
        <extensions>
          <ns3:TrackPointExtension>
            <ns3:atemp>25.0</ns3:atemp>
            <ns3:hr>102</ns3:hr>
          </ns3:TrackPointExtension>
        </extensions>
      </trkpt>
      <trkpt lat="36.24304278753697872161865234375" lon="117.10814028047025203704833984375">
        <ele>-500</ele>
        <time>2026-09-05T16:36:10.000Z</time>
        <extensions>
          <ns3:TrackPointExtension>
            <ns3:atemp>25.0</ns3:atemp>
            <ns3:hr>103</ns3:hr>
          </ns3:TrackPointExtension>
        </extensions>
      </trkpt>
      <trkpt lat="36.24303759075701236724853515625" lon="117.10814447142183780670166015625">
        <ele>-500</ele>
        <time>2026-09-05T16:36:12.000Z</time>
        <extensions>
          <ns3:TrackPointExtension>
            <ns3:atemp>25.0</ns3:atemp>
            <ns3:hr>103</ns3:hr>
          </ns3:TrackPointExtension>
        </extensions>
      </trkpt>
      <trkpt lat="36.2430380098521709442138671875" lon="117.108144052326679229736328125">
        <ele>-500</ele>
        <time>2026-09-05T16:36:14.000Z</time>
        <extensions>
          <ns3:TrackPointExtension>
            <ns3:atemp>25.0</ns3:atemp>
            <ns3:hr>102</ns3:hr>
          </ns3:TrackPointExtension>
        </extensions>
      </trkpt>
      <trkpt lat="36.2430380098521709442138671875" lon="117.108144052326679229736328125">
        <ele>-500</ele>
        <time>2026-09-05T16:36:15.000Z</time>
        <extensions>
          <ns3:TrackPointExtension>
            <ns3:atemp>25.0</ns3:atemp>
            <ns3:hr>102</ns3:hr>
          </ns3:TrackPointExtension>
        </extensions>
      </trkpt>
      <trkpt lat="36.2430380098521709442138671875" lon="117.108144052326679229736328125">
        <ele>-500</ele>
        <time>2026-09-05T16:36:16.000Z</time>
        <extensions>
          <ns3:TrackPointExtension>
            <ns3:atemp>25.0</ns3:atemp>
            <ns3:hr>104</ns3:hr>
          </ns3:TrackPointExtension>
        </extensions>
      </trkpt>
      <trkpt lat="36.2430380098521709442138671875" lon="117.108144052326679229736328125">
        <ele>-500</ele>
        <time>2026-09-05T16:36:17.000Z</time>
        <extensions>
          <ns3:TrackPointExtension>
            <ns3:atemp>25.0</ns3:atemp>
            <ns3:hr>104</ns3:hr>
          </ns3:TrackPointExtension>
        </extensions>
      </trkpt>
      <trkpt lat="36.2430380098521709442138671875" lon="117.108144052326679229736328125">
        <ele>-500</ele>
        <time>2026-09-05T16:36:18.000Z</time>
        <extensions>
          <ns3:TrackPointExtension>
            <ns3:atemp>25.0</ns3:atemp>
            <ns3:hr>104</ns3:hr>
          </ns3:TrackPointExtension>
        </extensions>
      </trkpt>
      <trkpt lat="36.2430380098521709442138671875" lon="117.108144052326679229736328125">
        <ele>-500</ele>
        <time>2026-09-05T16:36:19.000Z</time>
        <extensions>
          <ns3:TrackPointExtension>
            <ns3:atemp>25.0</ns3:atemp>
            <ns3:hr>105</ns3:hr>
          </ns3:TrackPointExtension>
        </extensions>
      </trkpt>
      <trkpt lat="36.2430380098521709442138671875" lon="117.108144052326679229736328125">
        <ele>-500</ele>
        <time>2026-09-05T16:36:20.000Z</time>
        <extensions>
          <ns3:TrackPointExtension>
            <ns3:atemp>25.0</ns3:atemp>
            <ns3:hr>103</ns3:hr>
          </ns3:TrackPointExtension>
        </extensions>
      </trkpt>
      <trkpt lat="36.2430380098521709442138671875" lon="117.108144052326679229736328125">
        <ele>-500</ele>
        <time>2026-09-05T16:36:21.000Z</time>
        <extensions>
          <ns3:TrackPointExtension>
            <ns3:atemp>25.0</ns3:atemp>
            <ns3:hr>103</ns3:hr>
          </ns3:TrackPointExtension>
        </extensions>
      </trkpt>
      <trkpt lat="36.2430380098521709442138671875" lon="117.108144052326679229736328125">
        <ele>-500</ele>
        <time>2026-09-05T16:36:22.000Z</time>
        <extensions>
          <ns3:TrackPointExtension>
            <ns3:atemp>25.0</ns3:atemp>
            <ns3:hr>103</ns3:hr>
          </ns3:TrackPointExtension>
        </extensions>
      </trkpt>
      <trkpt lat="36.2430380098521709442138671875" lon="117.108144052326679229736328125">
        <ele>-500</ele>
        <time>2026-09-05T16:36:23.000Z</time>
        <extensions>
          <ns3:TrackPointExtension>
            <ns3:atemp>25.0</ns3:atemp>
            <ns3:hr>102</ns3:hr>
          </ns3:TrackPointExtension>
        </extensions>
      </trkpt>
      <trkpt lat="36.2430380098521709442138671875" lon="117.108144052326679229736328125">
        <ele>-500</ele>
        <time>2026-09-05T16:36:24.000Z</time>
        <extensions>
          <ns3:TrackPointExtension>
            <ns3:atemp>25.0</ns3:atemp>
            <ns3:hr>105</ns3:hr>
          </ns3:TrackPointExtension>
        </extensions>
      </trkpt>
      <trkpt lat="36.2430380098521709442138671875" lon="117.108144052326679229736328125">
        <ele>-500</ele>
        <time>2026-09-05T16:36:25.000Z</time>
        <extensions>
          <ns3:TrackPointExtension>
            <ns3:atemp>25.0</ns3:atemp>
            <ns3:hr>103</ns3:hr>
          </ns3:TrackPointExtension>
        </extensions>
      </trkpt>
      <trkpt lat="36.2430380098521709442138671875" lon="117.108144052326679229736328125">
        <ele>-500</ele>
        <time>2026-09-05T16:36:26.000Z</time>
        <extensions>
          <ns3:TrackPointExtension>
            <ns3:atemp>25.0</ns3:atemp>
            <ns3:hr>102</ns3:hr>
          </ns3:TrackPointExtension>
        </extensions>
      </trkpt>
      <trkpt lat="36.2430380098521709442138671875" lon="117.108144052326679229736328125">
        <ele>-500</ele>
        <time>2026-09-05T16:36:27.000Z</time>
        <extensions>
          <ns3:TrackPointExtension>
            <ns3:atemp>25.0</ns3:atemp>
            <ns3:hr>102</ns3:hr>
          </ns3:TrackPointExtension>
        </extensions>
      </trkpt>
      <trkpt lat="36.24303759075701236724853515625" lon="117.108142711222171783447265625">
        <ele>-500</ele>
        <time>2026-09-05T16:36:30.000Z</time>
        <extensions>
          <ns3:TrackPointExtension>
            <ns3:atemp>25.0</ns3:atemp>
            <ns3:hr>102</ns3:hr>
          </ns3:TrackPointExtension>
        </extensions>
      </trkpt>
      <trkpt lat="36.2430366687476634979248046875" lon="117.10814036428928375244140625">
        <ele>-500</ele>
        <time>2026-09-05T16:36:32.000Z</time>
        <extensions>
          <ns3:TrackPointExtension>
            <ns3:atemp>25.0</ns3:atemp>
            <ns3:hr>102</ns3:hr>
          </ns3:TrackPointExtension>
        </extensions>
      </trkpt>
      <trkpt lat="36.24303289689123630523681640625" lon="117.1081361733376979827880859375">
        <ele>-500</ele>
        <time>2026-09-05T16:36:35.000Z</time>
        <extensions>
          <ns3:TrackPointExtension>
            <ns3:atemp>25.0</ns3:atemp>
            <ns3:hr>101</ns3:hr>
          </ns3:TrackPointExtension>
        </extensions>
      </trkpt>
      <trkpt lat="36.24303289689123630523681640625" lon="117.1081344969570636749267578125">
        <ele>-500</ele>
        <time>2026-09-05T16:36:38.000Z</time>
        <extensions>
          <ns3:TrackPointExtension>
            <ns3:atemp>25.0</ns3:atemp>
            <ns3:hr>100</ns3:hr>
          </ns3:TrackPointExtension>
        </extensions>
      </trkpt>
      <trkpt lat="36.24303289689123630523681640625" lon="117.10813240148127079010009765625">
        <ele>-500</ele>
        <time>2026-09-05T16:36:42.000Z</time>
        <extensions>
          <ns3:TrackPointExtension>
            <ns3:atemp>25.0</ns3:atemp>
            <ns3:hr>102</ns3:hr>
          </ns3:TrackPointExtension>
        </extensions>
      </trkpt>
      <trkpt lat="36.24303289689123630523681640625" lon="117.10813122801482677459716796875">
        <ele>-500</ele>
        <time>2026-09-05T16:36:43.000Z</time>
        <extensions>
          <ns3:TrackPointExtension>
            <ns3:atemp>25.0</ns3:atemp>
            <ns3:hr>102</ns3:hr>
          </ns3:TrackPointExtension>
        </extensions>
      </trkpt>
      <trkpt lat="36.24303289689123630523681640625" lon="117.10813072510063648223876953125">
        <ele>-500</ele>
        <time>2026-09-05T16:36:44.000Z</time>
        <extensions>
          <ns3:TrackPointExtension>
            <ns3:atemp>25.0</ns3:atemp>
            <ns3:hr>102</ns3:hr>
          </ns3:TrackPointExtension>
        </extensions>
      </trkpt>
      <trkpt lat="36.24303289689123630523681640625" lon="117.10813005454838275909423828125">
        <ele>-500</ele>
        <time>2026-09-05T16:36:45.000Z</time>
        <extensions>
          <ns3:TrackPointExtension>
            <ns3:atemp>25.0</ns3:atemp>
            <ns3:hr>102</ns3:hr>
          </ns3:TrackPointExtension>
        </extensions>
      </trkpt>
      <trkpt lat="36.24303289689123630523681640625" lon="117.1081291325390338897705078125">
        <ele>-500</ele>
        <time>2026-09-05T16:36:46.000Z</time>
        <extensions>
          <ns3:TrackPointExtension>
            <ns3:atemp>25.0</ns3:atemp>
            <ns3:hr>102</ns3:hr>
          </ns3:TrackPointExtension>
        </extensions>
      </trkpt>
      <trkpt lat="36.24303289689123630523681640625" lon="117.108128964900970458984375">
        <ele>-500</ele>
        <time>2026-09-05T16:36:47.000Z</time>
        <extensions>
          <ns3:TrackPointExtension>
            <ns3:atemp>25.0</ns3:atemp>
            <ns3:hr>102</ns3:hr>
          </ns3:TrackPointExtension>
        </extensions>
      </trkpt>
      <trkpt lat="36.24303289689123630523681640625" lon="117.10812888108193874359130859375">
        <ele>-500</ele>
        <time>2026-09-05T16:36:48.000Z</time>
        <extensions>
          <ns3:TrackPointExtension>
            <ns3:atemp>25.0</ns3:atemp>
            <ns3:hr>101</ns3:hr>
          </ns3:TrackPointExtension>
        </extensions>
      </trkpt>
      <trkpt lat="36.24303306452929973602294921875" lon="117.10812837816774845123291015625">
        <ele>-500</ele>
        <time>2026-09-05T16:36:49.000Z</time>
        <extensions>
          <ns3:TrackPointExtension>
            <ns3:atemp>25.0</ns3:atemp>
            <ns3:hr>103</ns3:hr>
          </ns3:TrackPointExtension>
        </extensions>
      </trkpt>
      <trkpt lat="36.24303306452929973602294921875" lon="117.10812829434871673583984375">
        <ele>-500</ele>
        <time>2026-09-05T16:36:50.000Z</time>
        <extensions>
          <ns3:TrackPointExtension>
            <ns3:atemp>25.0</ns3:atemp>
            <ns3:hr>103</ns3:hr>
          </ns3:TrackPointExtension>
        </extensions>
      </trkpt>
      <trkpt lat="36.24303339980542659759521484375" lon="117.10812829434871673583984375">
        <ele>-500</ele>
        <time>2026-09-05T16:36:51.000Z</time>
        <extensions>
          <ns3:TrackPointExtension>
            <ns3:atemp>25.0</ns3:atemp>
            <ns3:hr>101</ns3:hr>
          </ns3:TrackPointExtension>
        </extensions>
      </trkpt>
      <trkpt lat="36.24303390271961688995361328125" lon="117.10812821052968502044677734375">
        <ele>-500</ele>
        <time>2026-09-05T16:36:52.000Z</time>
        <extensions>
          <ns3:TrackPointExtension>
            <ns3:atemp>25.0</ns3:atemp>
            <ns3:hr>103</ns3:hr>
          </ns3:TrackPointExtension>
        </extensions>
      </trkpt>
      <trkpt lat="36.2430339865386486053466796875" lon="117.108127959072589874267578125">
        <ele>-500</ele>
        <time>2026-09-05T16:36:53.000Z</time>
        <extensions>
          <ns3:TrackPointExtension>
            <ns3:atemp>25.0</ns3:atemp>
            <ns3:hr>104</ns3:hr>
          </ns3:TrackPointExtension>
        </extensions>
      </trkpt>
      <trkpt lat="36.2430341541767120361328125" lon="117.10812787525355815887451171875">
        <ele>-500</ele>
        <time>2026-09-05T16:36:54.000Z</time>
        <extensions>
          <ns3:TrackPointExtension>
            <ns3:atemp>25.0</ns3:atemp>
            <ns3:hr>104</ns3:hr>
          </ns3:TrackPointExtension>
        </extensions>
      </trkpt>
      <trkpt lat="36.24303423799574375152587890625" lon="117.10812770761549472808837890625">
        <ele>-500</ele>
        <time>2026-09-05T16:36:55.000Z</time>
        <extensions>
          <ns3:TrackPointExtension>
            <ns3:atemp>25.0</ns3:atemp>
            <ns3:hr>104</ns3:hr>
          </ns3:TrackPointExtension>
        </extensions>
      </trkpt>
      <trkpt lat="36.2430343218147754669189453125" lon="117.1081274561583995819091796875">
        <ele>-500</ele>
        <time>2026-09-05T16:36:56.000Z</time>
        <extensions>
          <ns3:TrackPointExtension>
            <ns3:atemp>25.0</ns3:atemp>
            <ns3:hr>105</ns3:hr>
          </ns3:TrackPointExtension>
        </extensions>
      </trkpt>
      <trkpt lat="36.243035160005092620849609375" lon="117.10812737233936786651611328125">
        <ele>-500</ele>
        <time>2026-09-05T16:36:59.000Z</time>
        <extensions>
          <ns3:TrackPointExtension>
            <ns3:atemp>25.0</ns3:atemp>
            <ns3:hr>105</ns3:hr>
          </ns3:TrackPointExtension>
        </extensions>
      </trkpt>
      <trkpt lat="36.24303608201444149017333984375" lon="117.10812737233936786651611328125">
        <ele>-500</ele>
        <time>2026-09-05T16:37:01.000Z</time>
        <extensions>
          <ns3:TrackPointExtension>
            <ns3:atemp>25.0</ns3:atemp>
            <ns3:hr>107</ns3:hr>
          </ns3:TrackPointExtension>
        </extensions>
      </trkpt>
      <trkpt lat="36.24303675256669521331787109375" lon="117.10812753997743129730224609375">
        <ele>-500</ele>
        <time>2026-09-05T16:37:04.000Z</time>
        <extensions>
          <ns3:TrackPointExtension>
            <ns3:atemp>25.0</ns3:atemp>
            <ns3:hr>105</ns3:hr>
          </ns3:TrackPointExtension>
        </extensions>
      </trkpt>
      <trkpt lat="36.24303692020475864410400390625" lon="117.1081277914345264434814453125">
        <ele>-500</ele>
        <time>2026-09-05T16:37:05.000Z</time>
        <extensions>
          <ns3:TrackPointExtension>
            <ns3:atemp>25.0</ns3:atemp>
            <ns3:hr>103</ns3:hr>
          </ns3:TrackPointExtension>
        </extensions>
      </trkpt>
      <trkpt lat="36.24303692020475864410400390625" lon="117.10812787525355815887451171875">
        <ele>-500</ele>
        <time>2026-09-05T16:37:06.000Z</time>
        <extensions>
          <ns3:TrackPointExtension>
            <ns3:atemp>25.0</ns3:atemp>
            <ns3:hr>104</ns3:hr>
          </ns3:TrackPointExtension>
        </extensions>
      </trkpt>
      <trkpt lat="36.2430370040237903594970703125" lon="117.1081281267106533050537109375">
        <ele>-500</ele>
        <time>2026-09-05T16:37:07.000Z</time>
        <extensions>
          <ns3:TrackPointExtension>
            <ns3:atemp>25.0</ns3:atemp>
            <ns3:hr>105</ns3:hr>
          </ns3:TrackPointExtension>
        </extensions>
      </trkpt>
      <trkpt lat="36.243037171661853790283203125" lon="117.10812871344387531280517578125">
        <ele>-500</ele>
        <time>2026-09-05T16:37:08.000Z</time>
        <extensions>
          <ns3:TrackPointExtension>
            <ns3:atemp>25.0</ns3:atemp>
            <ns3:hr>104</ns3:hr>
          </ns3:TrackPointExtension>
        </extensions>
      </trkpt>
      <trkpt lat="36.2430373392999172210693359375" lon="117.10812888108193874359130859375">
        <ele>-500</ele>
        <time>2026-09-05T16:37:09.000Z</time>
        <extensions>
          <ns3:TrackPointExtension>
            <ns3:atemp>25.0</ns3:atemp>
            <ns3:hr>103</ns3:hr>
          </ns3:TrackPointExtension>
        </extensions>
      </trkpt>
      <trkpt lat="36.2430376745760440826416015625" lon="117.1081311441957950592041015625">
        <ele>-500</ele>
        <time>2026-09-05T16:37:10.000Z</time>
        <extensions>
          <ns3:TrackPointExtension>
            <ns3:atemp>25.0</ns3:atemp>
            <ns3:hr>103</ns3:hr>
          </ns3:TrackPointExtension>
        </extensions>
      </trkpt>
      <trkpt lat="36.24304211698472499847412109375" lon="117.10813491605222225189208984375">
        <ele>-500</ele>
        <time>2026-09-05T16:37:11.000Z</time>
        <extensions>
          <ns3:TrackPointExtension>
            <ns3:atemp>25.0</ns3:atemp>
            <ns3:hr>104</ns3:hr>
          </ns3:TrackPointExtension>
        </extensions>
      </trkpt>
      <trkpt lat="36.243043206632137298583984375" lon="117.10813927464187145233154296875">
        <ele>-500</ele>
        <time>2026-09-05T16:37:12.000Z</time>
        <extensions>
          <ns3:TrackPointExtension>
            <ns3:atemp>25.0</ns3:atemp>
            <ns3:hr>104</ns3:hr>
          </ns3:TrackPointExtension>
        </extensions>
      </trkpt>
      <trkpt lat="36.2430460564792156219482421875" lon="117.1081472374498844146728515625">
        <ele>-500</ele>
        <time>2026-09-05T16:37:14.000Z</time>
        <extensions>
          <ns3:TrackPointExtension>
            <ns3:atemp>25.0</ns3:atemp>
            <ns3:hr>104</ns3:hr>
          </ns3:TrackPointExtension>
        </extensions>
      </trkpt>
      <trkpt lat="36.24304831959307193756103515625" lon="117.10815243422985076904296875">
        <ele>-500</ele>
        <time>2026-09-05T16:37:16.000Z</time>
        <extensions>
          <ns3:TrackPointExtension>
            <ns3:atemp>25.0</ns3:atemp>
            <ns3:hr>105</ns3:hr>
          </ns3:TrackPointExtension>
        </extensions>
      </trkpt>
      <trkpt lat="36.24304831959307193756103515625" lon="117.10815243422985076904296875">
        <ele>-500</ele>
        <time>2026-09-05T16:37:18.000Z</time>
        <extensions>
          <ns3:TrackPointExtension>
            <ns3:atemp>25.0</ns3:atemp>
            <ns3:hr>103</ns3:hr>
          </ns3:TrackPointExtension>
        </extensions>
      </trkpt>
      <trkpt lat="36.24304831959307193756103515625" lon="117.10815243422985076904296875">
        <ele>-500</ele>
        <time>2026-09-05T16:37:22.000Z</time>
        <extensions>
          <ns3:TrackPointExtension>
            <ns3:atemp>25.0</ns3:atemp>
            <ns3:hr>105</ns3:hr>
          </ns3:TrackPointExtension>
        </extensions>
      </trkpt>
      <trkpt lat="36.24304831959307193756103515625" lon="117.10815243422985076904296875">
        <ele>-500</ele>
        <time>2026-09-05T16:37:23.000Z</time>
        <extensions>
          <ns3:TrackPointExtension>
            <ns3:atemp>25.0</ns3:atemp>
            <ns3:hr>102</ns3:hr>
          </ns3:TrackPointExtension>
        </extensions>
      </trkpt>
      <trkpt lat="36.24304831959307193756103515625" lon="117.10815243422985076904296875">
        <ele>-500</ele>
        <time>2026-09-05T16:37:24.000Z</time>
        <extensions>
          <ns3:TrackPointExtension>
            <ns3:atemp>25.0</ns3:atemp>
            <ns3:hr>103</ns3:hr>
          </ns3:TrackPointExtension>
        </extensions>
      </trkpt>
      <trkpt lat="36.2430473975837230682373046875" lon="117.1081549488008022308349609375">
        <ele>-500</ele>
        <time>2026-09-05T16:37:27.000Z</time>
        <extensions>
          <ns3:TrackPointExtension>
            <ns3:atemp>25.0</ns3:atemp>
            <ns3:hr>102</ns3:hr>
          </ns3:TrackPointExtension>
        </extensions>
      </trkpt>
      <trkpt lat="36.24304563738405704498291015625" lon="117.10815838538110256195068359375">
        <ele>-500</ele>
        <time>2026-09-05T16:37:29.000Z</time>
        <extensions>
          <ns3:TrackPointExtension>
            <ns3:atemp>25.0</ns3:atemp>
            <ns3:hr>103</ns3:hr>
          </ns3:TrackPointExtension>
        </extensions>
      </trkpt>
      <trkpt lat="36.2430437095463275909423828125" lon="117.10815989412367343902587890625">
        <ele>-500</ele>
        <time>2026-09-05T16:37:32.000Z</time>
        <extensions>
          <ns3:TrackPointExtension>
            <ns3:atemp>25.0</ns3:atemp>
            <ns3:hr>100</ns3:hr>
          </ns3:TrackPointExtension>
        </extensions>
      </trkpt>
      <trkpt lat="36.24303750693798065185546875" lon="117.1081717126071453094482421875">
        <ele>-500</ele>
        <time>2026-09-05T16:37:39.000Z</time>
        <extensions>
          <ns3:TrackPointExtension>
            <ns3:atemp>25.0</ns3:atemp>
            <ns3:hr>103</ns3:hr>
          </ns3:TrackPointExtension>
        </extensions>
      </trkpt>
      <trkpt lat="36.243035160005092620849609375" lon="117.1081717126071453094482421875">
        <ele>-500</ele>
        <time>2026-09-05T16:37:41.000Z</time>
        <extensions>
          <ns3:TrackPointExtension>
            <ns3:atemp>25.0</ns3:atemp>
            <ns3:hr>103</ns3:hr>
          </ns3:TrackPointExtension>
        </extensions>
      </trkpt>
      <trkpt lat="36.24303339980542659759521484375" lon="117.1081526018679141998291015625">
        <ele>-500</ele>
        <time>2026-09-05T16:37:58.000Z</time>
        <extensions>
          <ns3:TrackPointExtension>
            <ns3:atemp>25.0</ns3:atemp>
            <ns3:hr>101</ns3:hr>
          </ns3:TrackPointExtension>
        </extensions>
      </trkpt>
      <trkpt lat="36.24304077588021755218505859375" lon="117.10813022218644618988037109375">
        <ele>-500</ele>
        <time>2026-09-05T16:38:02.000Z</time>
        <extensions>
          <ns3:TrackPointExtension>
            <ns3:atemp>25.0</ns3:atemp>
            <ns3:hr>101</ns3:hr>
          </ns3:TrackPointExtension>
        </extensions>
      </trkpt>
      <trkpt lat="36.24303725548088550567626953125" lon="117.108118571341037750244140625">
        <ele>-500</ele>
        <time>2026-09-05T16:38:03.000Z</time>
        <extensions>
          <ns3:TrackPointExtension>
            <ns3:atemp>25.0</ns3:atemp>
            <ns3:hr>101</ns3:hr>
          </ns3:TrackPointExtension>
        </extensions>
      </trkpt>
      <trkpt lat="36.243031807243824005126953125" lon="117.1080899052321910858154296875">
        <ele>-500</ele>
        <time>2026-09-05T16:38:05.000Z</time>
        <extensions>
          <ns3:TrackPointExtension>
            <ns3:atemp>25.0</ns3:atemp>
            <ns3:hr>101</ns3:hr>
          </ns3:TrackPointExtension>
        </extensions>
      </trkpt>
      <trkpt lat="36.243031136691570281982421875" lon="117.1080751530826091766357421875">
        <ele>-500</ele>
        <time>2026-09-05T16:38:06.000Z</time>
        <extensions>
          <ns3:TrackPointExtension>
            <ns3:atemp>25.0</ns3:atemp>
            <ns3:hr>102</ns3:hr>
          </ns3:TrackPointExtension>
        </extensions>
      </trkpt>
      <trkpt lat="36.2430319748818874359130859375" lon="117.1080694533884525299072265625">
        <ele>-500</ele>
        <time>2026-09-05T16:38:07.000Z</time>
        <extensions>
          <ns3:TrackPointExtension>
            <ns3:atemp>25.0</ns3:atemp>
            <ns3:hr>101</ns3:hr>
          </ns3:TrackPointExtension>
        </extensions>
      </trkpt>
      <trkpt lat="36.24303138814866542816162109375" lon="117.1080647595226764678955078125">
        <ele>-500</ele>
        <time>2026-09-05T16:38:08.000Z</time>
        <extensions>
          <ns3:TrackPointExtension>
            <ns3:atemp>25.0</ns3:atemp>
            <ns3:hr>101</ns3:hr>
          </ns3:TrackPointExtension>
        </extensions>
      </trkpt>
      <trkpt lat="36.243036501109600067138671875" lon="117.10804556496441364288330078125">
        <ele>-500</ele>
        <time>2026-09-05T16:38:10.000Z</time>
        <extensions>
          <ns3:TrackPointExtension>
            <ns3:atemp>25.0</ns3:atemp>
            <ns3:hr>102</ns3:hr>
          </ns3:TrackPointExtension>
        </extensions>
      </trkpt>
      <trkpt lat="36.243030130863189697265625" lon="117.10804254747927188873291015625">
        <ele>-500</ele>
        <time>2026-09-05T16:38:11.000Z</time>
        <extensions>
          <ns3:TrackPointExtension>
            <ns3:atemp>25.0</ns3:atemp>
            <ns3:hr>102</ns3:hr>
          </ns3:TrackPointExtension>
        </extensions>
      </trkpt>
      <trkpt lat="36.24303071759641170501708984375" lon="117.10806987248361110687255859375">
        <ele>-500</ele>
        <time>2026-09-05T16:38:16.000Z</time>
        <extensions>
          <ns3:TrackPointExtension>
            <ns3:atemp>25.0</ns3:atemp>
            <ns3:hr>100</ns3:hr>
          </ns3:TrackPointExtension>
        </extensions>
      </trkpt>
      <trkpt lat="36.24303071759641170501708984375" lon="117.108086049556732177734375">
        <ele>-500</ele>
        <time>2026-09-05T16:38:18.000Z</time>
        <extensions>
          <ns3:TrackPointExtension>
            <ns3:atemp>25.0</ns3:atemp>
            <ns3:hr>99</ns3:hr>
          </ns3:TrackPointExtension>
        </extensions>
      </trkpt>
      <trkpt lat="36.243039183318614959716796875" lon="117.10810574702918529510498046875">
        <ele>-500</ele>
        <time>2026-09-05T16:38:25.000Z</time>
        <extensions>
          <ns3:TrackPointExtension>
            <ns3:atemp>25.0</ns3:atemp>
            <ns3:hr>100</ns3:hr>
          </ns3:TrackPointExtension>
        </extensions>
      </trkpt>
      <trkpt lat="36.2430406920611858367919921875" lon="117.10811865516006946563720703125">
        <ele>-500</ele>
        <time>2026-09-05T16:38:27.000Z</time>
        <extensions>
          <ns3:TrackPointExtension>
            <ns3:atemp>25.0</ns3:atemp>
            <ns3:hr>101</ns3:hr>
          </ns3:TrackPointExtension>
        </extensions>
      </trkpt>
      <trkpt lat="36.243041194975376129150390625" lon="117.108118236064910888671875">
        <ele>-500</ele>
        <time>2026-09-05T16:38:28.000Z</time>
        <extensions>
          <ns3:TrackPointExtension>
            <ns3:atemp>25.0</ns3:atemp>
            <ns3:hr>101</ns3:hr>
          </ns3:TrackPointExtension>
        </extensions>
      </trkpt>
      <trkpt lat="36.24303977005183696746826171875" lon="117.10811530239880084991455078125">
        <ele>-500</ele>
        <time>2026-09-05T16:38:30.000Z</time>
        <extensions>
          <ns3:TrackPointExtension>
            <ns3:atemp>25.0</ns3:atemp>
            <ns3:hr>104</ns3:hr>
          </ns3:TrackPointExtension>
        </extensions>
      </trkpt>
      <trkpt lat="36.24304278753697872161865234375" lon="117.10811345838010311126708984375">
        <ele>-500</ele>
        <time>2026-09-05T16:38:31.000Z</time>
        <extensions>
          <ns3:TrackPointExtension>
            <ns3:atemp>25.0</ns3:atemp>
            <ns3:hr>103</ns3:hr>
          </ns3:TrackPointExtension>
        </extensions>
      </trkpt>
      <trkpt lat="36.2430423684418201446533203125" lon="117.10810893215239048004150390625">
        <ele>-500</ele>
        <time>2026-09-05T16:38:32.000Z</time>
        <extensions>
          <ns3:TrackPointExtension>
            <ns3:atemp>25.0</ns3:atemp>
            <ns3:hr>105</ns3:hr>
          </ns3:TrackPointExtension>
        </extensions>
      </trkpt>
      <trkpt lat="36.24303541146218776702880859375" lon="117.10812133736908435821533203125">
        <ele>-500</ele>
        <time>2026-09-05T16:38:38.000Z</time>
        <extensions>
          <ns3:TrackPointExtension>
            <ns3:atemp>25.0</ns3:atemp>
            <ns3:hr>105</ns3:hr>
          </ns3:TrackPointExtension>
        </extensions>
      </trkpt>
      <trkpt lat="36.24303842894732952117919921875" lon="117.1081284619867801666259765625">
        <ele>-500</ele>
        <time>2026-09-05T16:38:41.000Z</time>
        <extensions>
          <ns3:TrackPointExtension>
            <ns3:atemp>25.0</ns3:atemp>
            <ns3:hr>103</ns3:hr>
          </ns3:TrackPointExtension>
        </extensions>
      </trkpt>
      <trkpt lat="36.24303842894732952117919921875" lon="117.1081284619867801666259765625">
        <ele>-500</ele>
        <time>2026-09-05T16:38:47.000Z</time>
        <extensions>
          <ns3:TrackPointExtension>
            <ns3:atemp>25.0</ns3:atemp>
            <ns3:hr>105</ns3:hr>
          </ns3:TrackPointExtension>
        </extensions>
      </trkpt>
      <trkpt lat="36.24303842894732952117919921875" lon="117.1081284619867801666259765625">
        <ele>-500</ele>
        <time>2026-09-05T16:38:49.000Z</time>
        <extensions>
          <ns3:TrackPointExtension>
            <ns3:atemp>25.0</ns3:atemp>
            <ns3:hr>103</ns3:hr>
          </ns3:TrackPointExtension>
        </extensions>
      </trkpt>
      <trkpt lat="36.24303842894732952117919921875" lon="117.1081284619867801666259765625">
        <ele>-500</ele>
        <time>2026-09-05T16:38:51.000Z</time>
        <extensions>
          <ns3:TrackPointExtension>
            <ns3:atemp>25.0</ns3:atemp>
            <ns3:hr>105</ns3:hr>
          </ns3:TrackPointExtension>
        </extensions>
      </trkpt>
      <trkpt lat="36.2430403567850589752197265625" lon="117.108137346804141998291015625">
        <ele>-500</ele>
        <time>2026-09-05T16:38:57.000Z</time>
        <extensions>
          <ns3:TrackPointExtension>
            <ns3:atemp>25.0</ns3:atemp>
            <ns3:hr>101</ns3:hr>
          </ns3:TrackPointExtension>
        </extensions>
      </trkpt>
      <trkpt lat="36.24304077588021755218505859375" lon="117.108145393431186676025390625">
        <ele>-500</ele>
        <time>2026-09-05T16:39:00.000Z</time>
        <extensions>
          <ns3:TrackPointExtension>
            <ns3:atemp>25.0</ns3:atemp>
            <ns3:hr>104</ns3:hr>
          </ns3:TrackPointExtension>
        </extensions>
      </trkpt>
      <trkpt lat="36.24304077588021755218505859375" lon="117.10815000347793102264404296875">
        <ele>-500</ele>
        <time>2026-09-05T16:39:02.000Z</time>
        <extensions>
          <ns3:TrackPointExtension>
            <ns3:atemp>25.0</ns3:atemp>
            <ns3:hr>103</ns3:hr>
          </ns3:TrackPointExtension>
        </extensions>
      </trkpt>
      <trkpt lat="36.24304077588021755218505859375" lon="117.108150422573089599609375">
        <ele>-500</ele>
        <time>2026-09-05T16:39:05.000Z</time>
        <extensions>
          <ns3:TrackPointExtension>
            <ns3:atemp>25.0</ns3:atemp>
            <ns3:hr>103</ns3:hr>
          </ns3:TrackPointExtension>
        </extensions>
      </trkpt>
      <trkpt lat="36.243041194975376129150390625" lon="117.108150422573089599609375">
        <ele>-500</ele>
        <time>2026-09-05T16:39:08.000Z</time>
        <extensions>
          <ns3:TrackPointExtension>
            <ns3:atemp>25.0</ns3:atemp>
            <ns3:hr>105</ns3:hr>
          </ns3:TrackPointExtension>
        </extensions>
      </trkpt>
      <trkpt lat="36.24304153025150299072265625" lon="117.108150422573089599609375">
        <ele>-500</ele>
        <time>2026-09-05T16:39:10.000Z</time>
        <extensions>
          <ns3:TrackPointExtension>
            <ns3:atemp>25.0</ns3:atemp>
            <ns3:hr>102</ns3:hr>
          </ns3:TrackPointExtension>
        </extensions>
      </trkpt>
      <trkpt lat="36.2430416978895664215087890625" lon="117.108150422573089599609375">
        <ele>-500</ele>
        <time>2026-09-05T16:39:11.000Z</time>
        <extensions>
          <ns3:TrackPointExtension>
            <ns3:atemp>25.0</ns3:atemp>
            <ns3:hr>101</ns3:hr>
          </ns3:TrackPointExtension>
        </extensions>
      </trkpt>
      <trkpt lat="36.24304228462278842926025390625" lon="117.108150422573089599609375">
        <ele>-500</ele>
        <time>2026-09-05T16:39:13.000Z</time>
        <extensions>
          <ns3:TrackPointExtension>
            <ns3:atemp>25.0</ns3:atemp>
            <ns3:hr>100</ns3:hr>
          </ns3:TrackPointExtension>
        </extensions>
      </trkpt>
      <trkpt lat="36.24304354190826416015625" lon="117.108149416744709014892578125">
        <ele>-500</ele>
        <time>2026-09-05T16:39:17.000Z</time>
        <extensions>
          <ns3:TrackPointExtension>
            <ns3:atemp>25.0</ns3:atemp>
            <ns3:hr>100</ns3:hr>
          </ns3:TrackPointExtension>
        </extensions>
      </trkpt>
      <trkpt lat="36.24304354190826416015625" lon="117.10814715363085269927978515625">
        <ele>-500</ele>
        <time>2026-09-05T16:39:18.000Z</time>
        <extensions>
          <ns3:TrackPointExtension>
            <ns3:atemp>25.0</ns3:atemp>
            <ns3:hr>102</ns3:hr>
          </ns3:TrackPointExtension>
        </extensions>
      </trkpt>
      <trkpt lat="36.24304354190826416015625" lon="117.10814229212701320648193359375">
        <ele>-500</ele>
        <time>2026-09-05T16:39:20.000Z</time>
        <extensions>
          <ns3:TrackPointExtension>
            <ns3:atemp>25.0</ns3:atemp>
            <ns3:hr>101</ns3:hr>
          </ns3:TrackPointExtension>
        </extensions>
      </trkpt>
      <trkpt lat="36.24304379336535930633544921875" lon="117.10814195685088634490966796875">
        <ele>-500</ele>
        <time>2026-09-05T16:39:21.000Z</time>
        <extensions>
          <ns3:TrackPointExtension>
            <ns3:atemp>25.0</ns3:atemp>
            <ns3:hr>100</ns3:hr>
          </ns3:TrackPointExtension>
        </extensions>
      </trkpt>
      <trkpt lat="36.24304479919373989105224609375" lon="117.1081410348415374755859375">
        <ele>-500</ele>
        <time>2026-09-05T16:39:23.000Z</time>
        <extensions>
          <ns3:TrackPointExtension>
            <ns3:atemp>25.0</ns3:atemp>
            <ns3:hr>102</ns3:hr>
          </ns3:TrackPointExtension>
        </extensions>
      </trkpt>
      <trkpt lat="36.243045218288898468017578125" lon="117.1081405319273471832275390625">
        <ele>-500</ele>
        <time>2026-09-05T16:39:27.000Z</time>
        <extensions>
          <ns3:TrackPointExtension>
            <ns3:atemp>25.0</ns3:atemp>
            <ns3:hr>102</ns3:hr>
          </ns3:TrackPointExtension>
        </extensions>
      </trkpt>
      <trkpt lat="36.24304580502212047576904296875" lon="117.10814036428928375244140625">
        <ele>-500</ele>
        <time>2026-09-05T16:39:31.000Z</time>
        <extensions>
          <ns3:TrackPointExtension>
            <ns3:atemp>25.0</ns3:atemp>
            <ns3:hr>102</ns3:hr>
          </ns3:TrackPointExtension>
        </extensions>
      </trkpt>
      <trkpt lat="36.243045888841152191162109375" lon="117.10814036428928375244140625">
        <ele>-500</ele>
        <time>2026-09-05T16:39:33.000Z</time>
        <extensions>
          <ns3:TrackPointExtension>
            <ns3:atemp>25.0</ns3:atemp>
            <ns3:hr>103</ns3:hr>
          </ns3:TrackPointExtension>
        </extensions>
      </trkpt>
      <trkpt lat="36.243045888841152191162109375" lon="117.10814028047025203704833984375">
        <ele>-500</ele>
        <time>2026-09-05T16:39:35.000Z</time>
        <extensions>
          <ns3:TrackPointExtension>
            <ns3:atemp>25.0</ns3:atemp>
            <ns3:hr>101</ns3:hr>
          </ns3:TrackPointExtension>
        </extensions>
      </trkpt>
      <trkpt lat="36.243045888841152191162109375" lon="117.1081401966512203216552734375">
        <ele>-500</ele>
        <time>2026-09-05T16:39:37.000Z</time>
        <extensions>
          <ns3:TrackPointExtension>
            <ns3:atemp>25.0</ns3:atemp>
            <ns3:hr>98</ns3:hr>
          </ns3:TrackPointExtension>
        </extensions>
      </trkpt>
      <trkpt lat="36.243045888841152191162109375" lon="117.1081401966512203216552734375">
        <ele>-500</ele>
        <time>2026-09-05T16:39:38.000Z</time>
        <extensions>
          <ns3:TrackPointExtension>
            <ns3:atemp>25.0</ns3:atemp>
            <ns3:hr>102</ns3:hr>
          </ns3:TrackPointExtension>
        </extensions>
      </trkpt>
      <trkpt lat="36.243045888841152191162109375" lon="117.10814028047025203704833984375">
        <ele>-500</ele>
        <time>2026-09-05T16:39:39.000Z</time>
        <extensions>
          <ns3:TrackPointExtension>
            <ns3:atemp>25.0</ns3:atemp>
            <ns3:hr>101</ns3:hr>
          </ns3:TrackPointExtension>
        </extensions>
      </trkpt>
      <trkpt lat="36.24304614029824733734130859375" lon="117.10814044810831546783447265625">
        <ele>-500</ele>
        <time>2026-09-05T16:39:40.000Z</time>
        <extensions>
          <ns3:TrackPointExtension>
            <ns3:atemp>25.0</ns3:atemp>
            <ns3:hr>100</ns3:hr>
          </ns3:TrackPointExtension>
        </extensions>
      </trkpt>
      <trkpt lat="36.243046224117279052734375" lon="117.1081405319273471832275390625">
        <ele>-500</ele>
        <time>2026-09-05T16:39:41.000Z</time>
        <extensions>
          <ns3:TrackPointExtension>
            <ns3:atemp>25.0</ns3:atemp>
            <ns3:hr>101</ns3:hr>
          </ns3:TrackPointExtension>
        </extensions>
      </trkpt>
      <trkpt lat="36.24304647557437419891357421875" lon="117.1081405319273471832275390625">
        <ele>-500</ele>
        <time>2026-09-05T16:39:42.000Z</time>
        <extensions>
          <ns3:TrackPointExtension>
            <ns3:atemp>25.0</ns3:atemp>
            <ns3:hr>101</ns3:hr>
          </ns3:TrackPointExtension>
        </extensions>
      </trkpt>
      <trkpt lat="36.2430467270314693450927734375" lon="117.10814111866056919097900390625">
        <ele>-500</ele>
        <time>2026-09-05T16:39:43.000Z</time>
        <extensions>
          <ns3:TrackPointExtension>
            <ns3:atemp>25.0</ns3:atemp>
            <ns3:hr>99</ns3:hr>
          </ns3:TrackPointExtension>
        </extensions>
      </trkpt>
      <trkpt lat="36.24304714612662792205810546875" lon="117.108141370117664337158203125">
        <ele>-500</ele>
        <time>2026-09-05T16:39:45.000Z</time>
        <extensions>
          <ns3:TrackPointExtension>
            <ns3:atemp>25.0</ns3:atemp>
            <ns3:hr>101</ns3:hr>
          </ns3:TrackPointExtension>
        </extensions>
      </trkpt>
      <trkpt lat="36.2430475652217864990234375" lon="117.1081425435841083526611328125">
        <ele>-500</ele>
        <time>2026-09-05T16:39:47.000Z</time>
        <extensions>
          <ns3:TrackPointExtension>
            <ns3:atemp>25.0</ns3:atemp>
            <ns3:hr>102</ns3:hr>
          </ns3:TrackPointExtension>
        </extensions>
      </trkpt>
      <trkpt lat="36.24304882250726222991943359375" lon="117.10814841091632843017578125">
        <ele>-500</ele>
        <time>2026-09-05T16:39:49.000Z</time>
        <extensions>
          <ns3:TrackPointExtension>
            <ns3:atemp>25.0</ns3:atemp>
            <ns3:hr>101</ns3:hr>
          </ns3:TrackPointExtension>
        </extensions>
      </trkpt>
      <trkpt lat="36.2430467270314693450927734375" lon="117.10815645754337310791015625">
        <ele>-500</ele>
        <time>2026-09-05T16:39:50.000Z</time>
        <extensions>
          <ns3:TrackPointExtension>
            <ns3:atemp>25.0</ns3:atemp>
            <ns3:hr>101</ns3:hr>
          </ns3:TrackPointExtension>
        </extensions>
      </trkpt>
      <trkpt lat="36.24305133707821369171142578125" lon="117.108156792819499969482421875">
        <ele>-500</ele>
        <time>2026-09-05T16:39:51.000Z</time>
        <extensions>
          <ns3:TrackPointExtension>
            <ns3:atemp>25.0</ns3:atemp>
            <ns3:hr>101</ns3:hr>
          </ns3:TrackPointExtension>
        </extensions>
      </trkpt>
      <trkpt lat="36.24305452220141887664794921875" lon="117.1081633307039737701416015625">
        <ele>-500</ele>
        <time>2026-09-05T16:39:52.000Z</time>
        <extensions>
          <ns3:TrackPointExtension>
            <ns3:atemp>25.0</ns3:atemp>
            <ns3:hr>101</ns3:hr>
          </ns3:TrackPointExtension>
        </extensions>
      </trkpt>
      <trkpt lat="36.24305452220141887664794921875" lon="117.1081817708909511566162109375">
        <ele>-500</ele>
        <time>2026-09-05T16:39:53.000Z</time>
        <extensions>
          <ns3:TrackPointExtension>
            <ns3:atemp>25.0</ns3:atemp>
            <ns3:hr>100</ns3:hr>
          </ns3:TrackPointExtension>
        </extensions>
      </trkpt>
      <trkpt lat="36.24305427074432373046875" lon="117.10820297710597515106201171875">
        <ele>-500</ele>
        <time>2026-09-05T16:39:55.000Z</time>
        <extensions>
          <ns3:TrackPointExtension>
            <ns3:atemp>25.0</ns3:atemp>
            <ns3:hr>101</ns3:hr>
          </ns3:TrackPointExtension>
        </extensions>
      </trkpt>
      <trkpt lat="36.24304865486919879913330078125" lon="117.10819895379245281219482421875">
        <ele>-500</ele>
        <time>2026-09-05T16:39:56.000Z</time>
        <extensions>
          <ns3:TrackPointExtension>
            <ns3:atemp>25.0</ns3:atemp>
            <ns3:hr>101</ns3:hr>
          </ns3:TrackPointExtension>
        </extensions>
      </trkpt>
      <trkpt lat="36.24304362572729587554931640625" lon="117.1081955172121524810791015625">
        <ele>-500</ele>
        <time>2026-09-05T16:39:57.000Z</time>
        <extensions>
          <ns3:TrackPointExtension>
            <ns3:atemp>25.0</ns3:atemp>
            <ns3:hr>102</ns3:hr>
          </ns3:TrackPointExtension>
        </extensions>
      </trkpt>
      <trkpt lat="36.2430416978895664215087890625" lon="117.10819861851632595062255859375">
        <ele>-500</ele>
        <time>2026-09-05T16:40:00.000Z</time>
        <extensions>
          <ns3:TrackPointExtension>
            <ns3:atemp>25.0</ns3:atemp>
            <ns3:hr>101</ns3:hr>
          </ns3:TrackPointExtension>
        </extensions>
      </trkpt>
      <trkpt lat="36.2430416978895664215087890625" lon="117.10819861851632595062255859375">
        <ele>-500</ele>
        <time>2026-09-05T16:40:02.000Z</time>
        <extensions>
          <ns3:TrackPointExtension>
            <ns3:atemp>25.0</ns3:atemp>
            <ns3:hr>101</ns3:hr>
          </ns3:TrackPointExtension>
        </extensions>
      </trkpt>
      <trkpt lat="36.2430416978895664215087890625" lon="117.10819861851632595062255859375">
        <ele>-500</ele>
        <time>2026-09-05T16:40:03.000Z</time>
        <extensions>
          <ns3:TrackPointExtension>
            <ns3:atemp>25.0</ns3:atemp>
            <ns3:hr>101</ns3:hr>
          </ns3:TrackPointExtension>
        </extensions>
      </trkpt>
      <trkpt lat="36.2430416978895664215087890625" lon="117.10819861851632595062255859375">
        <ele>-500</ele>
        <time>2026-09-05T16:40:05.000Z</time>
        <extensions>
          <ns3:TrackPointExtension>
            <ns3:atemp>25.0</ns3:atemp>
            <ns3:hr>101</ns3:hr>
          </ns3:TrackPointExtension>
        </extensions>
      </trkpt>
      <trkpt lat="36.2430416978895664215087890625" lon="117.10819861851632595062255859375">
        <ele>-500</ele>
        <time>2026-09-05T16:40:09.000Z</time>
        <extensions>
          <ns3:TrackPointExtension>
            <ns3:atemp>25.0</ns3:atemp>
            <ns3:hr>101</ns3:hr>
          </ns3:TrackPointExtension>
        </extensions>
      </trkpt>
      <trkpt lat="36.2430416978895664215087890625" lon="117.10819861851632595062255859375">
        <ele>-500</ele>
        <time>2026-09-05T16:40:10.000Z</time>
        <extensions>
          <ns3:TrackPointExtension>
            <ns3:atemp>25.0</ns3:atemp>
            <ns3:hr>101</ns3:hr>
          </ns3:TrackPointExtension>
        </extensions>
      </trkpt>
      <trkpt lat="36.2430416978895664215087890625" lon="117.10819861851632595062255859375">
        <ele>-500</ele>
        <time>2026-09-05T16:40:12.000Z</time>
        <extensions>
          <ns3:TrackPointExtension>
            <ns3:atemp>25.0</ns3:atemp>
            <ns3:hr>100</ns3:hr>
          </ns3:TrackPointExtension>
        </extensions>
      </trkpt>
      <trkpt lat="36.2430416978895664215087890625" lon="117.10820071399211883544921875">
        <ele>-500</ele>
        <time>2026-09-05T16:40:16.000Z</time>
        <extensions>
          <ns3:TrackPointExtension>
            <ns3:atemp>25.0</ns3:atemp>
            <ns3:hr>101</ns3:hr>
          </ns3:TrackPointExtension>
        </extensions>
      </trkpt>
      <trkpt lat="36.2430416978895664215087890625" lon="117.1082012169063091278076171875">
        <ele>-500</ele>
        <time>2026-09-05T16:40:17.000Z</time>
        <extensions>
          <ns3:TrackPointExtension>
            <ns3:atemp>25.0</ns3:atemp>
            <ns3:hr>100</ns3:hr>
          </ns3:TrackPointExtension>
        </extensions>
      </trkpt>
      <trkpt lat="36.24304412864148616790771484375" lon="117.10820549167692661285400390625">
        <ele>-500</ele>
        <time>2026-09-05T16:40:19.000Z</time>
        <extensions>
          <ns3:TrackPointExtension>
            <ns3:atemp>25.0</ns3:atemp>
            <ns3:hr>99</ns3:hr>
          </ns3:TrackPointExtension>
        </extensions>
      </trkpt>
      <trkpt lat="36.24305183999240398406982421875" lon="117.1082082577049732208251953125">
        <ele>-500</ele>
        <time>2026-09-05T16:40:30.000Z</time>
        <extensions>
          <ns3:TrackPointExtension>
            <ns3:atemp>25.0</ns3:atemp>
            <ns3:hr>99</ns3:hr>
          </ns3:TrackPointExtension>
        </extensions>
      </trkpt>
      <trkpt lat="36.24305385164916515350341796875" lon="117.1082072518765926361083984375">
        <ele>-500</ele>
        <time>2026-09-05T16:40:40.000Z</time>
        <extensions>
          <ns3:TrackPointExtension>
            <ns3:atemp>25.0</ns3:atemp>
            <ns3:hr>99</ns3:hr>
          </ns3:TrackPointExtension>
        </extensions>
      </trkpt>
      <trkpt lat="36.2430554442107677459716796875" lon="117.10820549167692661285400390625">
        <ele>-500</ele>
        <time>2026-09-05T16:40:44.000Z</time>
        <extensions>
          <ns3:TrackPointExtension>
            <ns3:atemp>25.0</ns3:atemp>
            <ns3:hr>100</ns3:hr>
          </ns3:TrackPointExtension>
        </extensions>
      </trkpt>
      <trkpt lat="36.2430554442107677459716796875" lon="117.10819325409829616546630859375">
        <ele>-500</ele>
        <time>2026-09-05T16:40:50.000Z</time>
        <extensions>
          <ns3:TrackPointExtension>
            <ns3:atemp>25.0</ns3:atemp>
            <ns3:hr>100</ns3:hr>
          </ns3:TrackPointExtension>
        </extensions>
      </trkpt>
      <trkpt lat="36.24305552802979946136474609375" lon="117.10818856023252010345458984375">
        <ele>-500</ele>
        <time>2026-09-05T16:40:52.000Z</time>
        <extensions>
          <ns3:TrackPointExtension>
            <ns3:atemp>25.0</ns3:atemp>
            <ns3:hr>103</ns3:hr>
          </ns3:TrackPointExtension>
        </extensions>
      </trkpt>
      <trkpt lat="36.24305619858205318450927734375" lon="117.10818386636674404144287109375">
        <ele>-500</ele>
        <time>2026-09-05T16:40:55.000Z</time>
        <extensions>
          <ns3:TrackPointExtension>
            <ns3:atemp>25.0</ns3:atemp>
            <ns3:hr>105</ns3:hr>
          </ns3:TrackPointExtension>
        </extensions>
      </trkpt>
      <trkpt lat="36.24305703677237033843994140625" lon="117.1081797592341899871826171875">
        <ele>-500</ele>
        <time>2026-09-05T16:40:57.000Z</time>
        <extensions>
          <ns3:TrackPointExtension>
            <ns3:atemp>25.0</ns3:atemp>
            <ns3:hr>107</ns3:hr>
          </ns3:TrackPointExtension>
        </extensions>
      </trkpt>
      <trkpt lat="36.24305737204849720001220703125" lon="117.10817850194871425628662109375">
        <ele>-500</ele>
        <time>2026-09-05T16:40:58.000Z</time>
        <extensions>
          <ns3:TrackPointExtension>
            <ns3:atemp>25.0</ns3:atemp>
            <ns3:hr>106</ns3:hr>
          </ns3:TrackPointExtension>
        </extensions>
      </trkpt>
      <trkpt lat="36.24305753968656063079833984375" lon="117.10817833431065082550048828125">
        <ele>-500</ele>
        <time>2026-09-05T16:40:59.000Z</time>
        <extensions>
          <ns3:TrackPointExtension>
            <ns3:atemp>25.0</ns3:atemp>
            <ns3:hr>107</ns3:hr>
          </ns3:TrackPointExtension>
        </extensions>
      </trkpt>
      <trkpt lat="36.24306072480976581573486328125" lon="117.10817799903452396392822265625">
        <ele>-500</ele>
        <time>2026-09-05T16:41:01.000Z</time>
        <extensions>
          <ns3:TrackPointExtension>
            <ns3:atemp>25.0</ns3:atemp>
            <ns3:hr>107</ns3:hr>
          </ns3:TrackPointExtension>
        </extensions>
      </trkpt>
      <trkpt lat="36.2430655024945735931396484375" lon="117.1081777475774288177490234375">
        <ele>-500</ele>
        <time>2026-09-05T16:41:05.000Z</time>
        <extensions>
          <ns3:TrackPointExtension>
            <ns3:atemp>25.0</ns3:atemp>
            <ns3:hr>107</ns3:hr>
          </ns3:TrackPointExtension>
        </extensions>
      </trkpt>
      <trkpt lat="36.2430655024945735931396484375" lon="117.10817749612033367156982421875">
        <ele>-500</ele>
        <time>2026-09-05T16:41:07.000Z</time>
        <extensions>
          <ns3:TrackPointExtension>
            <ns3:atemp>25.0</ns3:atemp>
            <ns3:hr>108</ns3:hr>
          </ns3:TrackPointExtension>
        </extensions>
      </trkpt>
      <trkpt lat="36.2430655024945735931396484375" lon="117.10817716084420680999755859375">
        <ele>-500</ele>
        <time>2026-09-05T16:41:09.000Z</time>
        <extensions>
          <ns3:TrackPointExtension>
            <ns3:atemp>25.0</ns3:atemp>
            <ns3:hr>109</ns3:hr>
          </ns3:TrackPointExtension>
        </extensions>
      </trkpt>
      <trkpt lat="36.2430655024945735931396484375" lon="117.10817615501582622528076171875">
        <ele>-500</ele>
        <time>2026-09-05T16:41:11.000Z</time>
        <extensions>
          <ns3:TrackPointExtension>
            <ns3:atemp>25.0</ns3:atemp>
            <ns3:hr>108</ns3:hr>
          </ns3:TrackPointExtension>
        </extensions>
      </trkpt>
      <trkpt lat="36.2430655024945735931396484375" lon="117.10817548446357250213623046875">
        <ele>-500</ele>
        <time>2026-09-05T16:41:13.000Z</time>
        <extensions>
          <ns3:TrackPointExtension>
            <ns3:atemp>25.0</ns3:atemp>
            <ns3:hr>108</ns3:hr>
          </ns3:TrackPointExtension>
        </extensions>
      </trkpt>
      <trkpt lat="36.2430655024945735931396484375" lon="117.10817531682550907135009765625">
        <ele>-500</ele>
        <time>2026-09-05T16:41:15.000Z</time>
        <extensions>
          <ns3:TrackPointExtension>
            <ns3:atemp>25.0</ns3:atemp>
            <ns3:hr>109</ns3:hr>
          </ns3:TrackPointExtension>
        </extensions>
      </trkpt>
      <trkpt lat="36.2430618144571781158447265625" lon="117.10817531682550907135009765625">
        <ele>-500</ele>
        <time>2026-09-05T16:41:17.000Z</time>
        <extensions>
          <ns3:TrackPointExtension>
            <ns3:atemp>25.0</ns3:atemp>
            <ns3:hr>108</ns3:hr>
          </ns3:TrackPointExtension>
        </extensions>
      </trkpt>
      <trkpt lat="36.243054606020450592041015625" lon="117.10817531682550907135009765625">
        <ele>-500</ele>
        <time>2026-09-05T16:41:19.000Z</time>
        <extensions>
          <ns3:TrackPointExtension>
            <ns3:atemp>25.0</ns3:atemp>
            <ns3:hr>107</ns3:hr>
          </ns3:TrackPointExtension>
        </extensions>
      </trkpt>
      <trkpt lat="36.2430517561733722686767578125" lon="117.108174897730350494384765625">
        <ele>-500</ele>
        <time>2026-09-05T16:41:20.000Z</time>
        <extensions>
          <ns3:TrackPointExtension>
            <ns3:atemp>25.0</ns3:atemp>
            <ns3:hr>108</ns3:hr>
          </ns3:TrackPointExtension>
        </extensions>
      </trkpt>
      <trkpt lat="36.243051253259181976318359375" lon="117.10817397572100162506103515625">
        <ele>-500</ele>
        <time>2026-09-05T16:41:21.000Z</time>
        <extensions>
          <ns3:TrackPointExtension>
            <ns3:atemp>25.0</ns3:atemp>
            <ns3:hr>108</ns3:hr>
          </ns3:TrackPointExtension>
        </extensions>
      </trkpt>
      <trkpt lat="36.24305116944015026092529296875" lon="117.10817313753068447113037109375">
        <ele>-500</ele>
        <time>2026-09-05T16:41:22.000Z</time>
        <extensions>
          <ns3:TrackPointExtension>
            <ns3:atemp>25.0</ns3:atemp>
            <ns3:hr>108</ns3:hr>
          </ns3:TrackPointExtension>
        </extensions>
      </trkpt>
      <trkpt lat="36.24305116944015026092529296875" lon="117.1081703715026378631591796875">
        <ele>-500</ele>
        <time>2026-09-05T16:41:23.000Z</time>
        <extensions>
          <ns3:TrackPointExtension>
            <ns3:atemp>25.0</ns3:atemp>
            <ns3:hr>109</ns3:hr>
          </ns3:TrackPointExtension>
        </extensions>
      </trkpt>
      <trkpt lat="36.24305116944015026092529296875" lon="117.10816794075071811676025390625">
        <ele>-500</ele>
        <time>2026-09-05T16:41:24.000Z</time>
        <extensions>
          <ns3:TrackPointExtension>
            <ns3:atemp>25.0</ns3:atemp>
            <ns3:hr>110</ns3:hr>
          </ns3:TrackPointExtension>
        </extensions>
      </trkpt>
      <trkpt lat="36.24305116944015026092529296875" lon="117.10816584527492523193359375">
        <ele>-500</ele>
        <time>2026-09-05T16:41:25.000Z</time>
        <extensions>
          <ns3:TrackPointExtension>
            <ns3:atemp>25.0</ns3:atemp>
            <ns3:hr>111</ns3:hr>
          </ns3:TrackPointExtension>
        </extensions>
      </trkpt>
      <trkpt lat="36.24305435456335544586181640625" lon="117.1081596426665782928466796875">
        <ele>-500</ele>
        <time>2026-09-05T16:41:26.000Z</time>
        <extensions>
          <ns3:TrackPointExtension>
            <ns3:atemp>25.0</ns3:atemp>
            <ns3:hr>110</ns3:hr>
          </ns3:TrackPointExtension>
        </extensions>
      </trkpt>
      <trkpt lat="36.24306709505617618560791015625" lon="117.10814916528761386871337890625">
        <ele>-500</ele>
        <time>2026-09-05T16:41:27.000Z</time>
        <extensions>
          <ns3:TrackPointExtension>
            <ns3:atemp>25.0</ns3:atemp>
            <ns3:hr>109</ns3:hr>
          </ns3:TrackPointExtension>
        </extensions>
      </trkpt>
      <trkpt lat="36.243078745901584625244140625" lon="117.1081391908228397369384765625">
        <ele>-500</ele>
        <time>2026-09-05T16:41:28.000Z</time>
        <extensions>
          <ns3:TrackPointExtension>
            <ns3:atemp>25.0</ns3:atemp>
            <ns3:hr>108</ns3:hr>
          </ns3:TrackPointExtension>
        </extensions>
      </trkpt>
      <trkpt lat="36.24308838509023189544677734375" lon="117.10813223384320735931396484375">
        <ele>-500</ele>
        <time>2026-09-05T16:41:29.000Z</time>
        <extensions>
          <ns3:TrackPointExtension>
            <ns3:atemp>25.0</ns3:atemp>
            <ns3:hr>109</ns3:hr>
          </ns3:TrackPointExtension>
        </extensions>
      </trkpt>
      <trkpt lat="36.24309911392629146575927734375" lon="117.1081261150538921356201171875">
        <ele>-500</ele>
        <time>2026-09-05T16:41:30.000Z</time>
        <extensions>
          <ns3:TrackPointExtension>
            <ns3:atemp>25.0</ns3:atemp>
            <ns3:hr>110</ns3:hr>
          </ns3:TrackPointExtension>
        </extensions>
      </trkpt>
      <trkpt lat="36.24311403371393680572509765625" lon="117.10811999626457691192626953125">
        <ele>-500</ele>
        <time>2026-09-05T16:41:31.000Z</time>
        <extensions>
          <ns3:TrackPointExtension>
            <ns3:atemp>25.0</ns3:atemp>
            <ns3:hr>110</ns3:hr>
          </ns3:TrackPointExtension>
        </extensions>
      </trkpt>
      <trkpt lat="36.2431308813393115997314453125" lon="117.1081096865236759185791015625">
        <ele>-500</ele>
        <time>2026-09-05T16:41:32.000Z</time>
        <extensions>
          <ns3:TrackPointExtension>
            <ns3:atemp>25.0</ns3:atemp>
            <ns3:hr>110</ns3:hr>
          </ns3:TrackPointExtension>
        </extensions>
      </trkpt>
      <trkpt lat="36.24314353801310062408447265625" lon="117.10809937678277492523193359375">
        <ele>-500</ele>
        <time>2026-09-05T16:41:33.000Z</time>
        <extensions>
          <ns3:TrackPointExtension>
            <ns3:atemp>25.0</ns3:atemp>
            <ns3:hr>112</ns3:hr>
          </ns3:TrackPointExtension>
        </extensions>
      </trkpt>
      <trkpt lat="36.24315309338271617889404296875" lon="117.1080885641276836395263671875">
        <ele>-500</ele>
        <time>2026-09-05T16:41:34.000Z</time>
        <extensions>
          <ns3:TrackPointExtension>
            <ns3:atemp>25.0</ns3:atemp>
            <ns3:hr>110</ns3:hr>
          </ns3:TrackPointExtension>
        </extensions>
      </trkpt>
      <trkpt lat="36.243165247142314910888671875" lon="117.10808110423386096954345703125">
        <ele>-500</ele>
        <time>2026-09-05T16:41:35.000Z</time>
        <extensions>
          <ns3:TrackPointExtension>
            <ns3:atemp>25.0</ns3:atemp>
            <ns3:hr>110</ns3:hr>
          </ns3:TrackPointExtension>
        </extensions>
      </trkpt>
      <trkpt lat="36.243177317082881927490234375" lon="117.10807942785322666168212890625">
        <ele>-500</ele>
        <time>2026-09-05T16:41:36.000Z</time>
        <extensions>
          <ns3:TrackPointExtension>
            <ns3:atemp>25.0</ns3:atemp>
            <ns3:hr>110</ns3:hr>
          </ns3:TrackPointExtension>
        </extensions>
      </trkpt>
      <trkpt lat="36.24318930320441722869873046875" lon="117.10807573981583118438720703125">
        <ele>-500</ele>
        <time>2026-09-05T16:41:37.000Z</time>
        <extensions>
          <ns3:TrackPointExtension>
            <ns3:atemp>25.0</ns3:atemp>
            <ns3:hr>111</ns3:hr>
          </ns3:TrackPointExtension>
        </extensions>
      </trkpt>
      <trkpt lat="36.24321696348488330841064453125" lon="117.10807004012167453765869140625">
        <ele>-500</ele>
        <time>2026-09-05T16:41:40.000Z</time>
        <extensions>
          <ns3:TrackPointExtension>
            <ns3:atemp>25.0</ns3:atemp>
            <ns3:hr>110</ns3:hr>
          </ns3:TrackPointExtension>
        </extensions>
      </trkpt>
      <trkpt lat="36.24323691241443157196044921875" lon="117.10806853137910366058349609375">
        <ele>-500</ele>
        <time>2026-09-05T16:41:42.000Z</time>
        <extensions>
          <ns3:TrackPointExtension>
            <ns3:atemp>25.0</ns3:atemp>
            <ns3:hr>111</ns3:hr>
          </ns3:TrackPointExtension>
        </extensions>
      </trkpt>
      <trkpt lat="36.24324537813663482666015625" lon="117.10806651972234249114990234375">
        <ele>-500</ele>
        <time>2026-09-05T16:41:43.000Z</time>
        <extensions>
          <ns3:TrackPointExtension>
            <ns3:atemp>25.0</ns3:atemp>
            <ns3:hr>111</ns3:hr>
          </ns3:TrackPointExtension>
        </extensions>
      </trkpt>
      <trkpt lat="36.2432539276778697967529296875" lon="117.10806635208427906036376953125">
        <ele>-500</ele>
        <time>2026-09-05T16:41:44.000Z</time>
        <extensions>
          <ns3:TrackPointExtension>
            <ns3:atemp>25.0</ns3:atemp>
            <ns3:hr>111</ns3:hr>
          </ns3:TrackPointExtension>
        </extensions>
      </trkpt>
      <trkpt lat="36.2432649917900562286376953125" lon="117.1080697886645793914794921875">
        <ele>-500</ele>
        <time>2026-09-05T16:41:45.000Z</time>
        <extensions>
          <ns3:TrackPointExtension>
            <ns3:atemp>25.0</ns3:atemp>
            <ns3:hr>111</ns3:hr>
          </ns3:TrackPointExtension>
        </extensions>
      </trkpt>
      <trkpt lat="36.243272535502910614013671875" lon="117.10807205177843570709228515625">
        <ele>-500</ele>
        <time>2026-09-05T16:41:46.000Z</time>
        <extensions>
          <ns3:TrackPointExtension>
            <ns3:atemp>25.0</ns3:atemp>
            <ns3:hr>111</ns3:hr>
          </ns3:TrackPointExtension>
        </extensions>
      </trkpt>
      <trkpt lat="36.243277899920940399169921875" lon="117.108072973787784576416015625">
        <ele>-500</ele>
        <time>2026-09-05T16:41:47.000Z</time>
        <extensions>
          <ns3:TrackPointExtension>
            <ns3:atemp>25.0</ns3:atemp>
            <ns3:hr>111</ns3:hr>
          </ns3:TrackPointExtension>
        </extensions>
      </trkpt>
      <trkpt lat="36.24328468926250934600830078125" lon="117.108070962131023406982421875">
        <ele>-500</ele>
        <time>2026-09-05T16:41:48.000Z</time>
        <extensions>
          <ns3:TrackPointExtension>
            <ns3:atemp>25.0</ns3:atemp>
            <ns3:hr>110</ns3:hr>
          </ns3:TrackPointExtension>
        </extensions>
      </trkpt>
      <trkpt lat="36.243292652070522308349609375" lon="117.10806316696107387542724609375">
        <ele>-500</ele>
        <time>2026-09-05T16:41:49.000Z</time>
        <extensions>
          <ns3:TrackPointExtension>
            <ns3:atemp>25.0</ns3:atemp>
            <ns3:hr>110</ns3:hr>
          </ns3:TrackPointExtension>
        </extensions>
      </trkpt>
      <trkpt lat="36.24330245889723300933837890625" lon="117.108062915503978729248046875">
        <ele>-500</ele>
        <time>2026-09-05T16:41:50.000Z</time>
        <extensions>
          <ns3:TrackPointExtension>
            <ns3:atemp>25.0</ns3:atemp>
            <ns3:hr>108</ns3:hr>
          </ns3:TrackPointExtension>
        </extensions>
      </trkpt>
      <trkpt lat="36.24331084080040454864501953125" lon="117.108066938817501068115234375">
        <ele>-500</ele>
        <time>2026-09-05T16:41:51.000Z</time>
        <extensions>
          <ns3:TrackPointExtension>
            <ns3:atemp>25.0</ns3:atemp>
            <ns3:hr>110</ns3:hr>
          </ns3:TrackPointExtension>
        </extensions>
      </trkpt>
      <trkpt lat="36.243318133056163787841796875" lon="117.1080738119781017303466796875">
        <ele>-500</ele>
        <time>2026-09-05T16:41:52.000Z</time>
        <extensions>
          <ns3:TrackPointExtension>
            <ns3:atemp>25.0</ns3:atemp>
            <ns3:hr>110</ns3:hr>
          </ns3:TrackPointExtension>
        </extensions>
      </trkpt>
      <trkpt lat="36.24332676641643047332763671875" lon="117.10807976312935352325439453125">
        <ele>-500</ele>
        <time>2026-09-05T16:41:53.000Z</time>
        <extensions>
          <ns3:TrackPointExtension>
            <ns3:atemp>26.0</ns3:atemp>
            <ns3:hr>111</ns3:hr>
          </ns3:TrackPointExtension>
        </extensions>
      </trkpt>
      <trkpt lat="36.2433318793773651123046875" lon="117.1080845408141613006591796875">
        <ele>-500</ele>
        <time>2026-09-05T16:41:54.000Z</time>
        <extensions>
          <ns3:TrackPointExtension>
            <ns3:atemp>26.0</ns3:atemp>
            <ns3:hr>111</ns3:hr>
          </ns3:TrackPointExtension>
        </extensions>
      </trkpt>
      <trkpt lat="36.243336237967014312744140625" lon="117.10808546282351016998291015625">
        <ele>-500</ele>
        <time>2026-09-05T16:41:55.000Z</time>
        <extensions>
          <ns3:TrackPointExtension>
            <ns3:atemp>26.0</ns3:atemp>
            <ns3:hr>111</ns3:hr>
          </ns3:TrackPointExtension>
        </extensions>
      </trkpt>
      <trkpt lat="36.24334906227886676788330078125" lon="117.10807724855840206146240234375">
        <ele>-500</ele>
        <time>2026-09-05T16:41:57.000Z</time>
        <extensions>
          <ns3:TrackPointExtension>
            <ns3:atemp>26.0</ns3:atemp>
            <ns3:hr>110</ns3:hr>
          </ns3:TrackPointExtension>
        </extensions>
      </trkpt>
      <trkpt lat="36.2433640658855438232421875" lon="117.108064256608486175537109375">
        <ele>-500</ele>
        <time>2026-09-05T16:41:59.000Z</time>
        <extensions>
          <ns3:TrackPointExtension>
            <ns3:atemp>26.0</ns3:atemp>
            <ns3:hr>110</ns3:hr>
          </ns3:TrackPointExtension>
        </extensions>
      </trkpt>
      <trkpt lat="36.24337974004447460174560546875" lon="117.10805453360080718994140625">
        <ele>-500</ele>
        <time>2026-09-05T16:42:01.000Z</time>
        <extensions>
          <ns3:TrackPointExtension>
            <ns3:atemp>26.0</ns3:atemp>
            <ns3:hr>108</ns3:hr>
          </ns3:TrackPointExtension>
        </extensions>
      </trkpt>
      <trkpt lat="36.243383176624774932861328125" lon="117.108048163354396820068359375">
        <ele>-500</ele>
        <time>2026-09-05T16:42:02.000Z</time>
        <extensions>
          <ns3:TrackPointExtension>
            <ns3:atemp>26.0</ns3:atemp>
            <ns3:hr>111</ns3:hr>
          </ns3:TrackPointExtension>
        </extensions>
      </trkpt>
      <trkpt lat="36.2433860264718532562255859375" lon="117.1080402843654155731201171875">
        <ele>-500</ele>
        <time>2026-09-05T16:42:03.000Z</time>
        <extensions>
          <ns3:TrackPointExtension>
            <ns3:atemp>26.0</ns3:atemp>
            <ns3:hr>112</ns3:hr>
          </ns3:TrackPointExtension>
        </extensions>
      </trkpt>
      <trkpt lat="36.24338862486183643341064453125" lon="117.1080315671861171722412109375">
        <ele>-500</ele>
        <time>2026-09-05T16:42:04.000Z</time>
        <extensions>
          <ns3:TrackPointExtension>
            <ns3:atemp>26.0</ns3:atemp>
            <ns3:hr>112</ns3:hr>
          </ns3:TrackPointExtension>
        </extensions>
      </trkpt>
      <trkpt lat="36.24339248053729534149169921875" lon="117.1080245263874530792236328125">
        <ele>-500</ele>
        <time>2026-09-05T16:42:05.000Z</time>
        <extensions>
          <ns3:TrackPointExtension>
            <ns3:atemp>26.0</ns3:atemp>
            <ns3:hr>112</ns3:hr>
          </ns3:TrackPointExtension>
        </extensions>
      </trkpt>
      <trkpt lat="36.24339717440307140350341796875" lon="117.10801857523620128631591796875">
        <ele>-500</ele>
        <time>2026-09-05T16:42:06.000Z</time>
        <extensions>
          <ns3:TrackPointExtension>
            <ns3:atemp>26.0</ns3:atemp>
            <ns3:hr>112</ns3:hr>
          </ns3:TrackPointExtension>
        </extensions>
      </trkpt>
      <trkpt lat="36.24340228736400604248046875" lon="117.10801036097109317779541015625">
        <ele>-500</ele>
        <time>2026-09-05T16:42:07.000Z</time>
        <extensions>
          <ns3:TrackPointExtension>
            <ns3:atemp>26.0</ns3:atemp>
            <ns3:hr>112</ns3:hr>
          </ns3:TrackPointExtension>
        </extensions>
      </trkpt>
      <trkpt lat="36.24340765178203582763671875" lon="117.1080037392675876617431640625">
        <ele>-500</ele>
        <time>2026-09-05T16:42:08.000Z</time>
        <extensions>
          <ns3:TrackPointExtension>
            <ns3:atemp>26.0</ns3:atemp>
            <ns3:hr>113</ns3:hr>
          </ns3:TrackPointExtension>
        </extensions>
      </trkpt>
      <trkpt lat="36.24341259710490703582763671875" lon="117.10799686610698699951171875">
        <ele>-500</ele>
        <time>2026-09-05T16:42:09.000Z</time>
        <extensions>
          <ns3:TrackPointExtension>
            <ns3:atemp>26.0</ns3:atemp>
            <ns3:hr>113</ns3:hr>
          </ns3:TrackPointExtension>
        </extensions>
      </trkpt>
      <trkpt lat="36.24341645278036594390869140625" lon="117.107989154756069183349609375">
        <ele>-500</ele>
        <time>2026-09-05T16:42:10.000Z</time>
        <extensions>
          <ns3:TrackPointExtension>
            <ns3:atemp>26.0</ns3:atemp>
            <ns3:hr>114</ns3:hr>
          </ns3:TrackPointExtension>
        </extensions>
      </trkpt>
      <trkpt lat="36.2434257566928863525390625" lon="117.1079457364976406097412109375">
        <ele>-500</ele>
        <time>2026-09-05T16:42:15.000Z</time>
        <extensions>
          <ns3:TrackPointExtension>
            <ns3:atemp>26.0</ns3:atemp>
            <ns3:hr>117</ns3:hr>
          </ns3:TrackPointExtension>
        </extensions>
      </trkpt>
      <trkpt lat="36.24342667870223522186279296875" lon="117.10794162936508655548095703125">
        <ele>-500</ele>
        <time>2026-09-05T16:42:16.000Z</time>
        <extensions>
          <ns3:TrackPointExtension>
            <ns3:atemp>26.0</ns3:atemp>
            <ns3:hr>114</ns3:hr>
          </ns3:TrackPointExtension>
        </extensions>
      </trkpt>
      <trkpt lat="36.24342969618737697601318359375" lon="117.10793240927159786224365234375">
        <ele>-500</ele>
        <time>2026-09-05T16:42:18.000Z</time>
        <extensions>
          <ns3:TrackPointExtension>
            <ns3:atemp>26.0</ns3:atemp>
            <ns3:hr>115</ns3:hr>
          </ns3:TrackPointExtension>
        </extensions>
      </trkpt>
      <trkpt lat="36.2434443645179271697998046875" lon="117.10792067460715770721435546875">
        <ele>-500</ele>
        <time>2026-09-05T16:42:22.000Z</time>
        <extensions>
          <ns3:TrackPointExtension>
            <ns3:atemp>26.0</ns3:atemp>
            <ns3:hr>114</ns3:hr>
          </ns3:TrackPointExtension>
        </extensions>
      </trkpt>
      <trkpt lat="36.24344713054597377777099609375" lon="117.1079179085791110992431640625">
        <ele>-500</ele>
        <time>2026-09-05T16:42:23.000Z</time>
        <extensions>
          <ns3:TrackPointExtension>
            <ns3:atemp>26.0</ns3:atemp>
            <ns3:hr>116</ns3:hr>
          </ns3:TrackPointExtension>
        </extensions>
      </trkpt>
      <trkpt lat="36.243456266820430755615234375" lon="117.10791229270398616790771484375">
        <ele>-500</ele>
        <time>2026-09-05T16:42:28.000Z</time>
        <extensions>
          <ns3:TrackPointExtension>
            <ns3:atemp>26.0</ns3:atemp>
            <ns3:hr>115</ns3:hr>
          </ns3:TrackPointExtension>
        </extensions>
      </trkpt>
      <trkpt lat="36.243459619581699371337890625" lon="117.107912041246891021728515625">
        <ele>-500</ele>
        <time>2026-09-05T16:42:30.000Z</time>
        <extensions>
          <ns3:TrackPointExtension>
            <ns3:atemp>26.0</ns3:atemp>
            <ns3:hr>116</ns3:hr>
          </ns3:TrackPointExtension>
        </extensions>
      </trkpt>
      <trkpt lat="36.2434631399810314178466796875" lon="117.1079145558178424835205078125">
        <ele>-500</ele>
        <time>2026-09-05T16:42:32.000Z</time>
        <extensions>
          <ns3:TrackPointExtension>
            <ns3:atemp>26.0</ns3:atemp>
            <ns3:hr>116</ns3:hr>
          </ns3:TrackPointExtension>
        </extensions>
      </trkpt>
      <trkpt lat="36.2434631399810314178466796875" lon="117.1079145558178424835205078125">
        <ele>-500</ele>
        <time>2026-09-05T16:42:33.000Z</time>
        <extensions>
          <ns3:TrackPointExtension>
            <ns3:atemp>26.0</ns3:atemp>
            <ns3:hr>116</ns3:hr>
          </ns3:TrackPointExtension>
        </extensions>
      </trkpt>
      <trkpt lat="36.2434631399810314178466796875" lon="117.1079145558178424835205078125">
        <ele>-500</ele>
        <time>2026-09-05T16:42:34.000Z</time>
        <extensions>
          <ns3:TrackPointExtension>
            <ns3:atemp>26.0</ns3:atemp>
            <ns3:hr>118</ns3:hr>
          </ns3:TrackPointExtension>
        </extensions>
      </trkpt>
      <trkpt lat="36.2434631399810314178466796875" lon="117.1079145558178424835205078125">
        <ele>-500</ele>
        <time>2026-09-05T16:42:35.000Z</time>
        <extensions>
          <ns3:TrackPointExtension>
            <ns3:atemp>26.0</ns3:atemp>
            <ns3:hr>116</ns3:hr>
          </ns3:TrackPointExtension>
        </extensions>
      </trkpt>
      <trkpt lat="36.2434631399810314178466796875" lon="117.1079145558178424835205078125">
        <ele>-500</ele>
        <time>2026-09-05T16:42:36.000Z</time>
        <extensions>
          <ns3:TrackPointExtension>
            <ns3:atemp>26.0</ns3:atemp>
            <ns3:hr>116</ns3:hr>
          </ns3:TrackPointExtension>
        </extensions>
      </trkpt>
      <trkpt lat="36.2434631399810314178466796875" lon="117.1079145558178424835205078125">
        <ele>-500</ele>
        <time>2026-09-05T16:42:37.000Z</time>
        <extensions>
          <ns3:TrackPointExtension>
            <ns3:atemp>26.0</ns3:atemp>
            <ns3:hr>115</ns3:hr>
          </ns3:TrackPointExtension>
        </extensions>
      </trkpt>
      <trkpt lat="36.2434631399810314178466796875" lon="117.1079145558178424835205078125">
        <ele>-500</ele>
        <time>2026-09-05T16:42:38.000Z</time>
        <extensions>
          <ns3:TrackPointExtension>
            <ns3:atemp>26.0</ns3:atemp>
            <ns3:hr>115</ns3:hr>
          </ns3:TrackPointExtension>
        </extensions>
      </trkpt>
      <trkpt lat="36.2434631399810314178466796875" lon="117.1079145558178424835205078125">
        <ele>-500</ele>
        <time>2026-09-05T16:42:39.000Z</time>
        <extensions>
          <ns3:TrackPointExtension>
            <ns3:atemp>26.0</ns3:atemp>
            <ns3:hr>113</ns3:hr>
          </ns3:TrackPointExtension>
        </extensions>
      </trkpt>
      <trkpt lat="36.2434631399810314178466796875" lon="117.1079145558178424835205078125">
        <ele>-500</ele>
        <time>2026-09-05T16:42:40.000Z</time>
        <extensions>
          <ns3:TrackPointExtension>
            <ns3:atemp>26.0</ns3:atemp>
            <ns3:hr>112</ns3:hr>
          </ns3:TrackPointExtension>
        </extensions>
      </trkpt>
      <trkpt lat="36.2434631399810314178466796875" lon="117.1079145558178424835205078125">
        <ele>-500</ele>
        <time>2026-09-05T16:42:41.000Z</time>
        <extensions>
          <ns3:TrackPointExtension>
            <ns3:atemp>26.0</ns3:atemp>
            <ns3:hr>110</ns3:hr>
          </ns3:TrackPointExtension>
        </extensions>
      </trkpt>
      <trkpt lat="36.2434631399810314178466796875" lon="117.10791447199881076812744140625">
        <ele>-500</ele>
        <time>2026-09-05T16:42:42.000Z</time>
        <extensions>
          <ns3:TrackPointExtension>
            <ns3:atemp>26.0</ns3:atemp>
            <ns3:hr>107</ns3:hr>
          </ns3:TrackPointExtension>
        </extensions>
      </trkpt>
      <trkpt lat="36.2434631399810314178466796875" lon="117.10791430436074733734130859375">
        <ele>-500</ele>
        <time>2026-09-05T16:42:43.000Z</time>
        <extensions>
          <ns3:TrackPointExtension>
            <ns3:atemp>25.0</ns3:atemp>
            <ns3:hr>106</ns3:hr>
          </ns3:TrackPointExtension>
        </extensions>
      </trkpt>
      <trkpt lat="36.2434631399810314178466796875" lon="117.107914052903652191162109375">
        <ele>-500</ele>
        <time>2026-09-05T16:42:44.000Z</time>
        <extensions>
          <ns3:TrackPointExtension>
            <ns3:atemp>25.0</ns3:atemp>
            <ns3:hr>105</ns3:hr>
          </ns3:TrackPointExtension>
        </extensions>
      </trkpt>
      <trkpt lat="36.2434631399810314178466796875" lon="117.107913382351398468017578125">
        <ele>-500</ele>
        <time>2026-09-05T16:42:45.000Z</time>
        <extensions>
          <ns3:TrackPointExtension>
            <ns3:atemp>25.0</ns3:atemp>
            <ns3:hr>104</ns3:hr>
          </ns3:TrackPointExtension>
        </extensions>
      </trkpt>
      <trkpt lat="36.2434631399810314178466796875" lon="117.1079130470752716064453125">
        <ele>-500</ele>
        <time>2026-09-05T16:42:46.000Z</time>
        <extensions>
          <ns3:TrackPointExtension>
            <ns3:atemp>25.0</ns3:atemp>
            <ns3:hr>104</ns3:hr>
          </ns3:TrackPointExtension>
        </extensions>
      </trkpt>
      <trkpt lat="36.2434631399810314178466796875" lon="117.10791296325623989105224609375">
        <ele>-500</ele>
        <time>2026-09-05T16:42:47.000Z</time>
        <extensions>
          <ns3:TrackPointExtension>
            <ns3:atemp>25.0</ns3:atemp>
            <ns3:hr>103</ns3:hr>
          </ns3:TrackPointExtension>
        </extensions>
      </trkpt>
      <trkpt lat="36.2434631399810314178466796875" lon="117.107912711799144744873046875">
        <ele>-500</ele>
        <time>2026-09-05T16:42:48.000Z</time>
        <extensions>
          <ns3:TrackPointExtension>
            <ns3:atemp>25.0</ns3:atemp>
            <ns3:hr>102</ns3:hr>
          </ns3:TrackPointExtension>
        </extensions>
      </trkpt>
      <trkpt lat="36.2434631399810314178466796875" lon="117.10791246034204959869384765625">
        <ele>-500</ele>
        <time>2026-09-05T16:42:49.000Z</time>
        <extensions>
          <ns3:TrackPointExtension>
            <ns3:atemp>25.0</ns3:atemp>
            <ns3:hr>101</ns3:hr>
          </ns3:TrackPointExtension>
        </extensions>
      </trkpt>
      <trkpt lat="36.2434631399810314178466796875" lon="117.10791237652301788330078125">
        <ele>-500</ele>
        <time>2026-09-05T16:42:50.000Z</time>
        <extensions>
          <ns3:TrackPointExtension>
            <ns3:atemp>25.0</ns3:atemp>
            <ns3:hr>100</ns3:hr>
          </ns3:TrackPointExtension>
        </extensions>
      </trkpt>
      <trkpt lat="36.2434631399810314178466796875" lon="117.10791212506592273712158203125">
        <ele>-500</ele>
        <time>2026-09-05T16:42:51.000Z</time>
        <extensions>
          <ns3:TrackPointExtension>
            <ns3:atemp>25.0</ns3:atemp>
            <ns3:hr>99</ns3:hr>
          </ns3:TrackPointExtension>
        </extensions>
      </trkpt>
      <trkpt lat="36.2434631399810314178466796875" lon="117.107912041246891021728515625">
        <ele>-500</ele>
        <time>2026-09-05T16:42:52.000Z</time>
        <extensions>
          <ns3:TrackPointExtension>
            <ns3:atemp>25.0</ns3:atemp>
            <ns3:hr>97</ns3:hr>
          </ns3:TrackPointExtension>
        </extensions>
      </trkpt>
      <trkpt lat="36.24346205033361911773681640625" lon="117.10791178978979587554931640625">
        <ele>-500</ele>
        <time>2026-09-05T16:42:53.000Z</time>
        <extensions>
          <ns3:TrackPointExtension>
            <ns3:atemp>25.0</ns3:atemp>
            <ns3:hr>96</ns3:hr>
          </ns3:TrackPointExtension>
        </extensions>
      </trkpt>
      <trkpt lat="36.24346196651458740234375" lon="117.10791128687560558319091796875">
        <ele>-500</ele>
        <time>2026-09-05T16:42:54.000Z</time>
        <extensions>
          <ns3:TrackPointExtension>
            <ns3:atemp>25.0</ns3:atemp>
            <ns3:hr>94</ns3:hr>
          </ns3:TrackPointExtension>
        </extensions>
      </trkpt>
      <trkpt lat="36.24346196651458740234375" lon="117.107910029590129852294921875">
        <ele>-500</ele>
        <time>2026-09-05T16:42:55.000Z</time>
        <extensions>
          <ns3:TrackPointExtension>
            <ns3:atemp>25.0</ns3:atemp>
            <ns3:hr>93</ns3:hr>
          </ns3:TrackPointExtension>
        </extensions>
      </trkpt>
      <trkpt lat="36.24346196651458740234375" lon="117.1079098619520664215087890625">
        <ele>-500</ele>
        <time>2026-09-05T16:42:56.000Z</time>
        <extensions>
          <ns3:TrackPointExtension>
            <ns3:atemp>25.0</ns3:atemp>
            <ns3:hr>92</ns3:hr>
          </ns3:TrackPointExtension>
        </extensions>
      </trkpt>
      <trkpt lat="36.24346196651458740234375" lon="117.10790776647627353668212890625">
        <ele>-500</ele>
        <time>2026-09-05T16:42:57.000Z</time>
        <extensions>
          <ns3:TrackPointExtension>
            <ns3:atemp>25.0</ns3:atemp>
            <ns3:hr>90</ns3:hr>
          </ns3:TrackPointExtension>
        </extensions>
      </trkpt>
      <trkpt lat="36.24346196651458740234375" lon="117.10790139622986316680908203125">
        <ele>-500</ele>
        <time>2026-09-05T16:42:58.000Z</time>
        <extensions>
          <ns3:TrackPointExtension>
            <ns3:atemp>25.0</ns3:atemp>
            <ns3:hr>90</ns3:hr>
          </ns3:TrackPointExtension>
        </extensions>
      </trkpt>
      <trkpt lat="36.2434547580778598785400390625" lon="117.107884883880615234375">
        <ele>-500</ele>
        <time>2026-09-05T16:43:03.000Z</time>
        <extensions>
          <ns3:TrackPointExtension>
            <ns3:atemp>25.0</ns3:atemp>
            <ns3:hr>91</ns3:hr>
          </ns3:TrackPointExtension>
        </extensions>
      </trkpt>
      <trkpt lat="36.24344914220273494720458984375" lon="117.10788379423320293426513671875">
        <ele>-500</ele>
        <time>2026-09-05T16:43:04.000Z</time>
        <extensions>
          <ns3:TrackPointExtension>
            <ns3:atemp>25.0</ns3:atemp>
            <ns3:hr>91</ns3:hr>
          </ns3:TrackPointExtension>
        </extensions>
      </trkpt>
      <trkpt lat="36.24344645999372005462646484375" lon="117.10787759162485599517822265625">
        <ele>-500</ele>
        <time>2026-09-05T16:43:05.000Z</time>
        <extensions>
          <ns3:TrackPointExtension>
            <ns3:atemp>25.0</ns3:atemp>
            <ns3:hr>90</ns3:hr>
          </ns3:TrackPointExtension>
        </extensions>
      </trkpt>
      <trkpt lat="36.243445873260498046875" lon="117.1078749932348728179931640625">
        <ele>-500</ele>
        <time>2026-09-05T16:43:06.000Z</time>
        <extensions>
          <ns3:TrackPointExtension>
            <ns3:atemp>25.0</ns3:atemp>
            <ns3:hr>90</ns3:hr>
          </ns3:TrackPointExtension>
        </extensions>
      </trkpt>
      <trkpt lat="36.2434457056224346160888671875" lon="117.107870467007160186767578125">
        <ele>-500</ele>
        <time>2026-09-05T16:43:07.000Z</time>
        <extensions>
          <ns3:TrackPointExtension>
            <ns3:atemp>25.0</ns3:atemp>
            <ns3:hr>90</ns3:hr>
          </ns3:TrackPointExtension>
        </extensions>
      </trkpt>
      <trkpt lat="36.2434446997940540313720703125" lon="117.1078639291226863861083984375">
        <ele>-500</ele>
        <time>2026-09-05T16:43:08.000Z</time>
        <extensions>
          <ns3:TrackPointExtension>
            <ns3:atemp>25.0</ns3:atemp>
            <ns3:hr>90</ns3:hr>
          </ns3:TrackPointExtension>
        </extensions>
      </trkpt>
      <trkpt lat="36.24344386160373687744140625" lon="117.1078501828014850616455078125">
        <ele>-500</ele>
        <time>2026-09-05T16:43:09.000Z</time>
        <extensions>
          <ns3:TrackPointExtension>
            <ns3:atemp>25.0</ns3:atemp>
            <ns3:hr>92</ns3:hr>
          </ns3:TrackPointExtension>
        </extensions>
      </trkpt>
      <trkpt lat="36.24344377778470516204833984375" lon="117.107844986021518707275390625">
        <ele>-500</ele>
        <time>2026-09-05T16:43:11.000Z</time>
        <extensions>
          <ns3:TrackPointExtension>
            <ns3:atemp>25.0</ns3:atemp>
            <ns3:hr>91</ns3:hr>
          </ns3:TrackPointExtension>
        </extensions>
      </trkpt>
      <trkpt lat="36.2434446997940540313720703125" lon="117.10783216170966625213623046875">
        <ele>-500</ele>
        <time>2026-09-05T16:43:12.000Z</time>
        <extensions>
          <ns3:TrackPointExtension>
            <ns3:atemp>25.0</ns3:atemp>
            <ns3:hr>90</ns3:hr>
          </ns3:TrackPointExtension>
        </extensions>
      </trkpt>
      <trkpt lat="36.24345199204981327056884765625" lon="117.10780098102986812591552734375">
        <ele>-500</ele>
        <time>2026-09-05T16:43:13.000Z</time>
        <extensions>
          <ns3:TrackPointExtension>
            <ns3:atemp>25.0</ns3:atemp>
            <ns3:hr>90</ns3:hr>
          </ns3:TrackPointExtension>
        </extensions>
      </trkpt>
      <trkpt lat="36.243454925715923309326171875" lon="117.10777751170098781585693359375">
        <ele>-500</ele>
        <time>2026-09-05T16:43:14.000Z</time>
        <extensions>
          <ns3:TrackPointExtension>
            <ns3:atemp>25.0</ns3:atemp>
            <ns3:hr>91</ns3:hr>
          </ns3:TrackPointExtension>
        </extensions>
      </trkpt>
      <trkpt lat="36.24345727264881134033203125" lon="117.10775437764823436737060546875">
        <ele>-500</ele>
        <time>2026-09-05T16:43:15.000Z</time>
        <extensions>
          <ns3:TrackPointExtension>
            <ns3:atemp>25.0</ns3:atemp>
            <ns3:hr>91</ns3:hr>
          </ns3:TrackPointExtension>
        </extensions>
      </trkpt>
      <trkpt lat="36.2434624694287776947021484375" lon="117.10772755555808544158935546875">
        <ele>-500</ele>
        <time>2026-09-05T16:43:16.000Z</time>
        <extensions>
          <ns3:TrackPointExtension>
            <ns3:atemp>26.0</ns3:atemp>
            <ns3:hr>91</ns3:hr>
          </ns3:TrackPointExtension>
        </extensions>
      </trkpt>
      <trkpt lat="36.2434654869139194488525390625" lon="117.10770308040082454681396484375">
        <ele>-500</ele>
        <time>2026-09-05T16:43:17.000Z</time>
        <extensions>
          <ns3:TrackPointExtension>
            <ns3:atemp>26.0</ns3:atemp>
            <ns3:hr>92</ns3:hr>
          </ns3:TrackPointExtension>
        </extensions>
      </trkpt>
      <trkpt lat="36.24346976168453693389892578125" lon="117.10768028162419795989990234375">
        <ele>-500</ele>
        <time>2026-09-05T16:43:18.000Z</time>
        <extensions>
          <ns3:TrackPointExtension>
            <ns3:atemp>26.0</ns3:atemp>
            <ns3:hr>92</ns3:hr>
          </ns3:TrackPointExtension>
        </extensions>
      </trkpt>
      <trkpt lat="36.2434731982648372650146484375" lon="117.1076555550098419189453125">
        <ele>-500</ele>
        <time>2026-09-05T16:43:19.000Z</time>
        <extensions>
          <ns3:TrackPointExtension>
            <ns3:atemp>26.0</ns3:atemp>
            <ns3:hr>92</ns3:hr>
          </ns3:TrackPointExtension>
        </extensions>
      </trkpt>
      <trkpt lat="36.243481077253818511962890625" lon="117.10760601796209812164306640625">
        <ele>-500</ele>
        <time>2026-09-05T16:43:21.000Z</time>
        <extensions>
          <ns3:TrackPointExtension>
            <ns3:atemp>26.0</ns3:atemp>
            <ns3:hr>94</ns3:hr>
          </ns3:TrackPointExtension>
        </extensions>
      </trkpt>
      <trkpt lat="36.24348518438637256622314453125" lon="117.1075950376689434051513671875">
        <ele>-500</ele>
        <time>2026-09-05T16:43:22.000Z</time>
        <extensions>
          <ns3:TrackPointExtension>
            <ns3:atemp>26.0</ns3:atemp>
            <ns3:hr>95</ns3:hr>
          </ns3:TrackPointExtension>
        </extensions>
      </trkpt>
      <trkpt lat="36.24348820187151432037353515625" lon="117.10758422501385211944580078125">
        <ele>-500</ele>
        <time>2026-09-05T16:43:23.000Z</time>
        <extensions>
          <ns3:TrackPointExtension>
            <ns3:atemp>26.0</ns3:atemp>
            <ns3:hr>95</ns3:hr>
          </ns3:TrackPointExtension>
        </extensions>
      </trkpt>
      <trkpt lat="36.2434916384518146514892578125" lon="117.10757500492036342620849609375">
        <ele>-500</ele>
        <time>2026-09-05T16:43:24.000Z</time>
        <extensions>
          <ns3:TrackPointExtension>
            <ns3:atemp>26.0</ns3:atemp>
            <ns3:hr>93</ns3:hr>
          </ns3:TrackPointExtension>
        </extensions>
      </trkpt>
      <trkpt lat="36.2434899620711803436279296875" lon="117.10756075568497180938720703125">
        <ele>-500</ele>
        <time>2026-09-05T16:43:25.000Z</time>
        <extensions>
          <ns3:TrackPointExtension>
            <ns3:atemp>26.0</ns3:atemp>
            <ns3:hr>96</ns3:hr>
          </ns3:TrackPointExtension>
        </extensions>
      </trkpt>
      <trkpt lat="36.2434869445860385894775390625" lon="117.107547260820865631103515625">
        <ele>-500</ele>
        <time>2026-09-05T16:43:26.000Z</time>
        <extensions>
          <ns3:TrackPointExtension>
            <ns3:atemp>26.0</ns3:atemp>
            <ns3:hr>95</ns3:hr>
          </ns3:TrackPointExtension>
        </extensions>
      </trkpt>
      <trkpt lat="36.24349390156567096710205078125" lon="117.107538878917694091796875">
        <ele>-500</ele>
        <time>2026-09-05T16:43:28.000Z</time>
        <extensions>
          <ns3:TrackPointExtension>
            <ns3:atemp>26.0</ns3:atemp>
            <ns3:hr>95</ns3:hr>
          </ns3:TrackPointExtension>
        </extensions>
      </trkpt>
      <trkpt lat="36.24351016245782375335693359375" lon="117.10752404294908046722412109375">
        <ele>-500</ele>
        <time>2026-09-05T16:43:33.000Z</time>
        <extensions>
          <ns3:TrackPointExtension>
            <ns3:atemp>26.0</ns3:atemp>
            <ns3:hr>96</ns3:hr>
          </ns3:TrackPointExtension>
        </extensions>
      </trkpt>
      <trkpt lat="36.2435137666761875152587890625" lon="117.10751943290233612060546875">
        <ele>-500</ele>
        <time>2026-09-05T16:43:34.000Z</time>
        <extensions>
          <ns3:TrackPointExtension>
            <ns3:atemp>26.0</ns3:atemp>
            <ns3:hr>98</ns3:hr>
          </ns3:TrackPointExtension>
        </extensions>
      </trkpt>
      <trkpt lat="36.24351737089455127716064453125" lon="117.1075098775327205657958984375">
        <ele>-500</ele>
        <time>2026-09-05T16:43:35.000Z</time>
        <extensions>
          <ns3:TrackPointExtension>
            <ns3:atemp>26.0</ns3:atemp>
            <ns3:hr>97</ns3:hr>
          </ns3:TrackPointExtension>
        </extensions>
      </trkpt>
      <trkpt lat="36.24351653270423412322998046875" lon="117.10750442929565906524658203125">
        <ele>-500</ele>
        <time>2026-09-05T16:43:36.000Z</time>
        <extensions>
          <ns3:TrackPointExtension>
            <ns3:atemp>26.0</ns3:atemp>
            <ns3:hr>98</ns3:hr>
          </ns3:TrackPointExtension>
        </extensions>
      </trkpt>
      <trkpt lat="36.24351837672293186187744140625" lon="117.10749797523021697998046875">
        <ele>-500</ele>
        <time>2026-09-05T16:43:37.000Z</time>
        <extensions>
          <ns3:TrackPointExtension>
            <ns3:atemp>26.0</ns3:atemp>
            <ns3:hr>97</ns3:hr>
          </ns3:TrackPointExtension>
        </extensions>
      </trkpt>
      <trkpt lat="36.24352474696934223175048828125" lon="117.10750107653439044952392578125">
        <ele>-500</ele>
        <time>2026-09-05T16:43:38.000Z</time>
        <extensions>
          <ns3:TrackPointExtension>
            <ns3:atemp>26.0</ns3:atemp>
            <ns3:hr>98</ns3:hr>
          </ns3:TrackPointExtension>
        </extensions>
      </trkpt>
      <trkpt lat="36.2435265071690082550048828125" lon="117.10749529302120208740234375">
        <ele>-500</ele>
        <time>2026-09-05T16:43:39.000Z</time>
        <extensions>
          <ns3:TrackPointExtension>
            <ns3:atemp>25.0</ns3:atemp>
            <ns3:hr>100</ns3:hr>
          </ns3:TrackPointExtension>
        </extensions>
      </trkpt>
      <trkpt lat="36.2435303628444671630859375" lon="117.10748649202287197113037109375">
        <ele>-500</ele>
        <time>2026-09-05T16:43:40.000Z</time>
        <extensions>
          <ns3:TrackPointExtension>
            <ns3:atemp>25.0</ns3:atemp>
            <ns3:hr>101</ns3:hr>
          </ns3:TrackPointExtension>
        </extensions>
      </trkpt>
      <trkpt lat="36.24353706836700439453125" lon="117.107480876147747039794921875">
        <ele>-500</ele>
        <time>2026-09-05T16:43:41.000Z</time>
        <extensions>
          <ns3:TrackPointExtension>
            <ns3:atemp>25.0</ns3:atemp>
            <ns3:hr>100</ns3:hr>
          </ns3:TrackPointExtension>
        </extensions>
      </trkpt>
      <trkpt lat="36.24354385770857334136962890625" lon="117.1074785292148590087890625">
        <ele>-500</ele>
        <time>2026-09-05T16:43:42.000Z</time>
        <extensions>
          <ns3:TrackPointExtension>
            <ns3:atemp>25.0</ns3:atemp>
            <ns3:hr>98</ns3:hr>
          </ns3:TrackPointExtension>
        </extensions>
      </trkpt>
      <trkpt lat="36.24354553408920764923095703125" lon="117.10747651755809783935546875">
        <ele>-500</ele>
        <time>2026-09-05T16:43:43.000Z</time>
        <extensions>
          <ns3:TrackPointExtension>
            <ns3:atemp>25.0</ns3:atemp>
            <ns3:hr>100</ns3:hr>
          </ns3:TrackPointExtension>
        </extensions>
      </trkpt>
      <trkpt lat="36.243549473583698272705078125" lon="117.10747609846293926239013671875">
        <ele>-500</ele>
        <time>2026-09-05T16:43:44.000Z</time>
        <extensions>
          <ns3:TrackPointExtension>
            <ns3:atemp>25.0</ns3:atemp>
            <ns3:hr>99</ns3:hr>
          </ns3:TrackPointExtension>
        </extensions>
      </trkpt>
      <trkpt lat="36.2435533292591571807861328125" lon="117.107474505901336669921875">
        <ele>-500</ele>
        <time>2026-09-05T16:43:45.000Z</time>
        <extensions>
          <ns3:TrackPointExtension>
            <ns3:atemp>25.0</ns3:atemp>
            <ns3:hr>98</ns3:hr>
          </ns3:TrackPointExtension>
        </extensions>
      </trkpt>
      <trkpt lat="36.24355760402977466583251953125" lon="117.10747291333973407745361328125">
        <ele>-500</ele>
        <time>2026-09-05T16:43:46.000Z</time>
        <extensions>
          <ns3:TrackPointExtension>
            <ns3:atemp>25.0</ns3:atemp>
            <ns3:hr>99</ns3:hr>
          </ns3:TrackPointExtension>
        </extensions>
      </trkpt>
      <trkpt lat="36.24356447719037532806396484375" lon="117.10746956057846546173095703125">
        <ele>-500</ele>
        <time>2026-09-05T16:43:47.000Z</time>
        <extensions>
          <ns3:TrackPointExtension>
            <ns3:atemp>25.0</ns3:atemp>
            <ns3:hr>98</ns3:hr>
          </ns3:TrackPointExtension>
        </extensions>
      </trkpt>
      <trkpt lat="36.24357034452259540557861328125" lon="117.1074646152555942535400390625">
        <ele>-500</ele>
        <time>2026-09-05T16:43:48.000Z</time>
        <extensions>
          <ns3:TrackPointExtension>
            <ns3:atemp>25.0</ns3:atemp>
            <ns3:hr>98</ns3:hr>
          </ns3:TrackPointExtension>
        </extensions>
      </trkpt>
      <trkpt lat="36.2435774691402912139892578125" lon="117.1074582450091838836669921875">
        <ele>-500</ele>
        <time>2026-09-05T16:43:49.000Z</time>
        <extensions>
          <ns3:TrackPointExtension>
            <ns3:atemp>25.0</ns3:atemp>
            <ns3:hr>97</ns3:hr>
          </ns3:TrackPointExtension>
        </extensions>
      </trkpt>
      <trkpt lat="36.2435861863195896148681640625" lon="117.10745346732437610626220703125">
        <ele>-500</ele>
        <time>2026-09-05T16:43:50.000Z</time>
        <extensions>
          <ns3:TrackPointExtension>
            <ns3:atemp>25.0</ns3:atemp>
            <ns3:hr>99</ns3:hr>
          </ns3:TrackPointExtension>
        </extensions>
      </trkpt>
      <trkpt lat="36.2435959093272686004638671875" lon="117.10744994692504405975341796875">
        <ele>-500</ele>
        <time>2026-09-05T16:43:51.000Z</time>
        <extensions>
          <ns3:TrackPointExtension>
            <ns3:atemp>25.0</ns3:atemp>
            <ns3:hr>100</ns3:hr>
          </ns3:TrackPointExtension>
        </extensions>
      </trkpt>
      <trkpt lat="36.24360554851591587066650390625" lon="117.1074478514492511749267578125">
        <ele>-500</ele>
        <time>2026-09-05T16:43:52.000Z</time>
        <extensions>
          <ns3:TrackPointExtension>
            <ns3:atemp>25.0</ns3:atemp>
            <ns3:hr>100</ns3:hr>
          </ns3:TrackPointExtension>
        </extensions>
      </trkpt>
      <trkpt lat="36.24361158348619937896728515625" lon="117.10744441486895084381103515625">
        <ele>-500</ele>
        <time>2026-09-05T16:43:53.000Z</time>
        <extensions>
          <ns3:TrackPointExtension>
            <ns3:atemp>25.0</ns3:atemp>
            <ns3:hr>101</ns3:hr>
          </ns3:TrackPointExtension>
        </extensions>
      </trkpt>
      <trkpt lat="36.24361845664680004119873046875" lon="117.10743787698447704315185546875">
        <ele>-500</ele>
        <time>2026-09-05T16:43:54.000Z</time>
        <extensions>
          <ns3:TrackPointExtension>
            <ns3:atemp>25.0</ns3:atemp>
            <ns3:hr>101</ns3:hr>
          </ns3:TrackPointExtension>
        </extensions>
      </trkpt>
      <trkpt lat="36.2436270900070667266845703125" lon="117.10743368603289127349853515625">
        <ele>-500</ele>
        <time>2026-09-05T16:43:55.000Z</time>
        <extensions>
          <ns3:TrackPointExtension>
            <ns3:atemp>25.0</ns3:atemp>
            <ns3:hr>101</ns3:hr>
          </ns3:TrackPointExtension>
        </extensions>
      </trkpt>
      <trkpt lat="36.24363102950155735015869140625" lon="117.107429914176464080810546875">
        <ele>-500</ele>
        <time>2026-09-05T16:43:56.000Z</time>
        <extensions>
          <ns3:TrackPointExtension>
            <ns3:atemp>25.0</ns3:atemp>
            <ns3:hr>102</ns3:hr>
          </ns3:TrackPointExtension>
        </extensions>
      </trkpt>
      <trkpt lat="36.2436337955296039581298828125" lon="117.1074235439300537109375">
        <ele>-500</ele>
        <time>2026-09-05T16:43:57.000Z</time>
        <extensions>
          <ns3:TrackPointExtension>
            <ns3:atemp>25.0</ns3:atemp>
            <ns3:hr>102</ns3:hr>
          </ns3:TrackPointExtension>
        </extensions>
      </trkpt>
      <trkpt lat="36.2436344660818576812744140625" lon="117.10741675458848476409912109375">
        <ele>-500</ele>
        <time>2026-09-05T16:43:58.000Z</time>
        <extensions>
          <ns3:TrackPointExtension>
            <ns3:atemp>25.0</ns3:atemp>
            <ns3:hr>102</ns3:hr>
          </ns3:TrackPointExtension>
        </extensions>
      </trkpt>
      <trkpt lat="36.243637986481189727783203125" lon="117.10740854032337665557861328125">
        <ele>-500</ele>
        <time>2026-09-05T16:43:59.000Z</time>
        <extensions>
          <ns3:TrackPointExtension>
            <ns3:atemp>25.0</ns3:atemp>
            <ns3:hr>101</ns3:hr>
          </ns3:TrackPointExtension>
        </extensions>
      </trkpt>
      <trkpt lat="36.24364276416599750518798828125" lon="117.107403092086315155029296875">
        <ele>-500</ele>
        <time>2026-09-05T16:44:00.000Z</time>
        <extensions>
          <ns3:TrackPointExtension>
            <ns3:atemp>25.0</ns3:atemp>
            <ns3:hr>102</ns3:hr>
          </ns3:TrackPointExtension>
        </extensions>
      </trkpt>
      <trkpt lat="36.243645362555980682373046875" lon="117.1073980629444122314453125">
        <ele>-500</ele>
        <time>2026-09-05T16:44:01.000Z</time>
        <extensions>
          <ns3:TrackPointExtension>
            <ns3:atemp>25.0</ns3:atemp>
            <ns3:hr>103</ns3:hr>
          </ns3:TrackPointExtension>
        </extensions>
      </trkpt>
      <trkpt lat="36.243648715317249298095703125" lon="117.10739462636411190032958984375">
        <ele>-500</ele>
        <time>2026-09-05T16:44:02.000Z</time>
        <extensions>
          <ns3:TrackPointExtension>
            <ns3:atemp>25.0</ns3:atemp>
            <ns3:hr>101</ns3:hr>
          </ns3:TrackPointExtension>
        </extensions>
      </trkpt>
      <trkpt lat="36.24365701340138912200927734375" lon="117.107393033802509307861328125">
        <ele>-500</ele>
        <time>2026-09-05T16:44:03.000Z</time>
        <extensions>
          <ns3:TrackPointExtension>
            <ns3:atemp>25.0</ns3:atemp>
            <ns3:hr>103</ns3:hr>
          </ns3:TrackPointExtension>
        </extensions>
      </trkpt>
      <trkpt lat="36.2436644732952117919921875" lon="117.107393704354763031005859375">
        <ele>-500</ele>
        <time>2026-09-05T16:44:04.000Z</time>
        <extensions>
          <ns3:TrackPointExtension>
            <ns3:atemp>25.0</ns3:atemp>
            <ns3:hr>102</ns3:hr>
          </ns3:TrackPointExtension>
        </extensions>
      </trkpt>
      <trkpt lat="36.24367243610322475433349609375" lon="117.10739211179316043853759765625">
        <ele>-500</ele>
        <time>2026-09-05T16:44:05.000Z</time>
        <extensions>
          <ns3:TrackPointExtension>
            <ns3:atemp>25.0</ns3:atemp>
            <ns3:hr>102</ns3:hr>
          </ns3:TrackPointExtension>
        </extensions>
      </trkpt>
      <trkpt lat="36.24368031509220600128173828125" lon="117.107388675212860107421875">
        <ele>-500</ele>
        <time>2026-09-05T16:44:06.000Z</time>
        <extensions>
          <ns3:TrackPointExtension>
            <ns3:atemp>25.0</ns3:atemp>
            <ns3:hr>102</ns3:hr>
          </ns3:TrackPointExtension>
        </extensions>
      </trkpt>
      <trkpt lat="36.243687607347965240478515625" lon="117.10738666355609893798828125">
        <ele>-500</ele>
        <time>2026-09-05T16:44:07.000Z</time>
        <extensions>
          <ns3:TrackPointExtension>
            <ns3:atemp>25.0</ns3:atemp>
            <ns3:hr>102</ns3:hr>
          </ns3:TrackPointExtension>
        </extensions>
      </trkpt>
      <trkpt lat="36.2436958216130733489990234375" lon="117.1073861606419086456298828125">
        <ele>-500</ele>
        <time>2026-09-05T16:44:08.000Z</time>
        <extensions>
          <ns3:TrackPointExtension>
            <ns3:atemp>25.0</ns3:atemp>
            <ns3:hr>102</ns3:hr>
          </ns3:TrackPointExtension>
        </extensions>
      </trkpt>
      <trkpt lat="36.24370428733527660369873046875" lon="117.107384316623210906982421875">
        <ele>-500</ele>
        <time>2026-09-05T16:44:09.000Z</time>
        <extensions>
          <ns3:TrackPointExtension>
            <ns3:atemp>25.0</ns3:atemp>
            <ns3:hr>103</ns3:hr>
          </ns3:TrackPointExtension>
        </extensions>
      </trkpt>
      <trkpt lat="36.24370940029621124267578125" lon="117.10738456808030605316162109375">
        <ele>-500</ele>
        <time>2026-09-05T16:44:10.000Z</time>
        <extensions>
          <ns3:TrackPointExtension>
            <ns3:atemp>25.0</ns3:atemp>
            <ns3:hr>102</ns3:hr>
          </ns3:TrackPointExtension>
        </extensions>
      </trkpt>
      <trkpt lat="36.24371501617133617401123046875" lon="117.10738708265125751495361328125">
        <ele>-500</ele>
        <time>2026-09-05T16:44:11.000Z</time>
        <extensions>
          <ns3:TrackPointExtension>
            <ns3:atemp>25.0</ns3:atemp>
            <ns3:hr>100</ns3:hr>
          </ns3:TrackPointExtension>
        </extensions>
      </trkpt>
      <trkpt lat="36.24372147023677825927734375" lon="117.107387669384479522705078125">
        <ele>-500</ele>
        <time>2026-09-05T16:44:12.000Z</time>
        <extensions>
          <ns3:TrackPointExtension>
            <ns3:atemp>25.0</ns3:atemp>
            <ns3:hr>102</ns3:hr>
          </ns3:TrackPointExtension>
        </extensions>
      </trkpt>
      <trkpt lat="36.24372490681707859039306640625" lon="117.107389010488986968994140625">
        <ele>-500</ele>
        <time>2026-09-05T16:44:13.000Z</time>
        <extensions>
          <ns3:TrackPointExtension>
            <ns3:atemp>25.0</ns3:atemp>
            <ns3:hr>104</ns3:hr>
          </ns3:TrackPointExtension>
        </extensions>
      </trkpt>
      <trkpt lat="36.2437270022928714752197265625" lon="117.1073875017464160919189453125">
        <ele>-500</ele>
        <time>2026-09-05T16:44:14.000Z</time>
        <extensions>
          <ns3:TrackPointExtension>
            <ns3:atemp>25.0</ns3:atemp>
            <ns3:hr>103</ns3:hr>
          </ns3:TrackPointExtension>
        </extensions>
      </trkpt>
      <trkpt lat="36.24373781494796276092529296875" lon="117.10738792084157466888427734375">
        <ele>-500</ele>
        <time>2026-09-05T16:44:16.000Z</time>
        <extensions>
          <ns3:TrackPointExtension>
            <ns3:atemp>25.0</ns3:atemp>
            <ns3:hr>103</ns3:hr>
          </ns3:TrackPointExtension>
        </extensions>
      </trkpt>
      <trkpt lat="36.24374267645180225372314453125" lon="117.1073891781270503997802734375">
        <ele>-500</ele>
        <time>2026-09-05T16:44:17.000Z</time>
        <extensions>
          <ns3:TrackPointExtension>
            <ns3:atemp>25.0</ns3:atemp>
            <ns3:hr>103</ns3:hr>
          </ns3:TrackPointExtension>
        </extensions>
      </trkpt>
      <trkpt lat="36.24374619685113430023193359375" lon="117.10738934576511383056640625">
        <ele>-500</ele>
        <time>2026-09-05T16:44:18.000Z</time>
        <extensions>
          <ns3:TrackPointExtension>
            <ns3:atemp>25.0</ns3:atemp>
            <ns3:hr>103</ns3:hr>
          </ns3:TrackPointExtension>
        </extensions>
      </trkpt>
      <trkpt lat="36.24375097453594207763671875" lon="117.10739445872604846954345703125">
        <ele>-500</ele>
        <time>2026-09-05T16:44:20.000Z</time>
        <extensions>
          <ns3:TrackPointExtension>
            <ns3:atemp>25.0</ns3:atemp>
            <ns3:hr>104</ns3:hr>
          </ns3:TrackPointExtension>
        </extensions>
      </trkpt>
      <trkpt lat="36.243768744170665740966796875" lon="117.1074015833437442779541015625">
        <ele>-500</ele>
        <time>2026-09-05T16:44:25.000Z</time>
        <extensions>
          <ns3:TrackPointExtension>
            <ns3:atemp>25.0</ns3:atemp>
            <ns3:hr>101</ns3:hr>
          </ns3:TrackPointExtension>
        </extensions>
      </trkpt>
      <trkpt lat="36.24377335421741008758544921875" lon="117.1074035950005054473876953125">
        <ele>-500</ele>
        <time>2026-09-05T16:44:26.000Z</time>
        <extensions>
          <ns3:TrackPointExtension>
            <ns3:atemp>25.0</ns3:atemp>
            <ns3:hr>101</ns3:hr>
          </ns3:TrackPointExtension>
        </extensions>
      </trkpt>
      <trkpt lat="36.24377821572124958038330078125" lon="117.107404433190822601318359375">
        <ele>-500</ele>
        <time>2026-09-05T16:44:27.000Z</time>
        <extensions>
          <ns3:TrackPointExtension>
            <ns3:atemp>25.0</ns3:atemp>
            <ns3:hr>103</ns3:hr>
          </ns3:TrackPointExtension>
        </extensions>
      </trkpt>
      <trkpt lat="36.2437886931002140045166015625" lon="117.10740275681018829345703125">
        <ele>-500</ele>
        <time>2026-09-05T16:44:29.000Z</time>
        <extensions>
          <ns3:TrackPointExtension>
            <ns3:atemp>25.0</ns3:atemp>
            <ns3:hr>101</ns3:hr>
          </ns3:TrackPointExtension>
        </extensions>
      </trkpt>
      <trkpt lat="36.24379615299403667449951171875" lon="117.1074015833437442779541015625">
        <ele>-500</ele>
        <time>2026-09-05T16:44:30.000Z</time>
        <extensions>
          <ns3:TrackPointExtension>
            <ns3:atemp>25.0</ns3:atemp>
            <ns3:hr>103</ns3:hr>
          </ns3:TrackPointExtension>
        </extensions>
      </trkpt>
      <trkpt lat="36.2438031099736690521240234375" lon="117.10739831440150737762451171875">
        <ele>-500</ele>
        <time>2026-09-05T16:44:32.000Z</time>
        <extensions>
          <ns3:TrackPointExtension>
            <ns3:atemp>25.0</ns3:atemp>
            <ns3:hr>104</ns3:hr>
          </ns3:TrackPointExtension>
        </extensions>
      </trkpt>
      <trkpt lat="36.2438061274588108062744140625" lon="117.10739873349666595458984375">
        <ele>-500</ele>
        <time>2026-09-05T16:44:34.000Z</time>
        <extensions>
          <ns3:TrackPointExtension>
            <ns3:atemp>25.0</ns3:atemp>
            <ns3:hr>104</ns3:hr>
          </ns3:TrackPointExtension>
        </extensions>
      </trkpt>
      <trkpt lat="36.243813000619411468505859375" lon="117.10739479400217533111572265625">
        <ele>-500</ele>
        <time>2026-09-05T16:44:37.000Z</time>
        <extensions>
          <ns3:TrackPointExtension>
            <ns3:atemp>25.0</ns3:atemp>
            <ns3:hr>105</ns3:hr>
          </ns3:TrackPointExtension>
        </extensions>
      </trkpt>
      <trkpt lat="36.24382230453193187713623046875" lon="117.107380963861942291259765625">
        <ele>-500</ele>
        <time>2026-09-05T16:44:39.000Z</time>
        <extensions>
          <ns3:TrackPointExtension>
            <ns3:atemp>25.0</ns3:atemp>
            <ns3:hr>107</ns3:hr>
          </ns3:TrackPointExtension>
        </extensions>
      </trkpt>
      <trkpt lat="36.243827752768993377685546875" lon="117.10737618617713451385498046875">
        <ele>-500</ele>
        <time>2026-09-05T16:44:41.000Z</time>
        <extensions>
          <ns3:TrackPointExtension>
            <ns3:atemp>25.0</ns3:atemp>
            <ns3:hr>109</ns3:hr>
          </ns3:TrackPointExtension>
        </extensions>
      </trkpt>
      <trkpt lat="36.24382800422608852386474609375" lon="117.10737216286361217498779296875">
        <ele>-500</ele>
        <time>2026-09-05T16:44:42.000Z</time>
        <extensions>
          <ns3:TrackPointExtension>
            <ns3:atemp>25.0</ns3:atemp>
            <ns3:hr>111</ns3:hr>
          </ns3:TrackPointExtension>
        </extensions>
      </trkpt>
      <trkpt lat="36.2438279204070568084716796875" lon="117.10736998356878757476806640625">
        <ele>-500</ele>
        <time>2026-09-05T16:44:43.000Z</time>
        <extensions>
          <ns3:TrackPointExtension>
            <ns3:atemp>25.0</ns3:atemp>
            <ns3:hr>111</ns3:hr>
          </ns3:TrackPointExtension>
        </extensions>
      </trkpt>
      <trkpt lat="36.24383085407316684722900390625" lon="117.10736981593072414398193359375">
        <ele>-500</ele>
        <time>2026-09-05T16:44:44.000Z</time>
        <extensions>
          <ns3:TrackPointExtension>
            <ns3:atemp>25.0</ns3:atemp>
            <ns3:hr>111</ns3:hr>
          </ns3:TrackPointExtension>
        </extensions>
      </trkpt>
      <trkpt lat="36.24383437447249889373779296875" lon="117.10737316869199275970458984375">
        <ele>-500</ele>
        <time>2026-09-05T16:44:45.000Z</time>
        <extensions>
          <ns3:TrackPointExtension>
            <ns3:atemp>25.0</ns3:atemp>
            <ns3:hr>109</ns3:hr>
          </ns3:TrackPointExtension>
        </extensions>
      </trkpt>
      <trkpt lat="36.2438361346721649169921875" lon="117.10737333633005619049072265625">
        <ele>-500</ele>
        <time>2026-09-05T16:44:46.000Z</time>
        <extensions>
          <ns3:TrackPointExtension>
            <ns3:atemp>25.0</ns3:atemp>
            <ns3:hr>109</ns3:hr>
          </ns3:TrackPointExtension>
        </extensions>
      </trkpt>
      <trkpt lat="36.24383806250989437103271484375" lon="117.10737266577780246734619140625">
        <ele>-500</ele>
        <time>2026-09-05T16:44:47.000Z</time>
        <extensions>
          <ns3:TrackPointExtension>
            <ns3:atemp>25.0</ns3:atemp>
            <ns3:hr>109</ns3:hr>
          </ns3:TrackPointExtension>
        </extensions>
      </trkpt>
      <trkpt lat="36.243842504918575286865234375" lon="117.1073707379400730133056640625">
        <ele>-500</ele>
        <time>2026-09-05T16:44:48.000Z</time>
        <extensions>
          <ns3:TrackPointExtension>
            <ns3:atemp>25.0</ns3:atemp>
            <ns3:hr>107</ns3:hr>
          </ns3:TrackPointExtension>
        </extensions>
      </trkpt>
      <trkpt lat="36.243848539888858795166015625" lon="117.10737082175910472869873046875">
        <ele>-500</ele>
        <time>2026-09-05T16:44:49.000Z</time>
        <extensions>
          <ns3:TrackPointExtension>
            <ns3:atemp>25.0</ns3:atemp>
            <ns3:hr>105</ns3:hr>
          </ns3:TrackPointExtension>
        </extensions>
      </trkpt>
      <trkpt lat="36.243855245411396026611328125" lon="117.1073740907013416290283203125">
        <ele>-500</ele>
        <time>2026-09-05T16:44:51.000Z</time>
        <extensions>
          <ns3:TrackPointExtension>
            <ns3:atemp>25.0</ns3:atemp>
            <ns3:hr>105</ns3:hr>
          </ns3:TrackPointExtension>
        </extensions>
      </trkpt>
      <trkpt lat="36.24385717324912548065185546875" lon="117.10737098939716815948486328125">
        <ele>-500</ele>
        <time>2026-09-05T16:44:52.000Z</time>
        <extensions>
          <ns3:TrackPointExtension>
            <ns3:atemp>25.0</ns3:atemp>
            <ns3:hr>108</ns3:hr>
          </ns3:TrackPointExtension>
        </extensions>
      </trkpt>
      <trkpt lat="36.24390310607850551605224609375" lon="117.10736830718815326690673828125">
        <ele>-500</ele>
        <time>2026-09-05T16:44:58.000Z</time>
        <extensions>
          <ns3:TrackPointExtension>
            <ns3:atemp>25.0</ns3:atemp>
            <ns3:hr>109</ns3:hr>
          </ns3:TrackPointExtension>
        </extensions>
      </trkpt>
      <trkpt lat="36.24390595592558383941650390625" lon="117.1073693968355655670166015625">
        <ele>-500</ele>
        <time>2026-09-05T16:44:59.000Z</time>
        <extensions>
          <ns3:TrackPointExtension>
            <ns3:atemp>25.0</ns3:atemp>
            <ns3:hr>109</ns3:hr>
          </ns3:TrackPointExtension>
        </extensions>
      </trkpt>
      <trkpt lat="36.24390788376331329345703125" lon="117.10736763663589954376220703125">
        <ele>-500</ele>
        <time>2026-09-05T16:45:00.000Z</time>
        <extensions>
          <ns3:TrackPointExtension>
            <ns3:atemp>25.0</ns3:atemp>
            <ns3:hr>109</ns3:hr>
          </ns3:TrackPointExtension>
        </extensions>
      </trkpt>
      <trkpt lat="36.24391215853393077850341796875" lon="117.107370235025882720947265625">
        <ele>-500</ele>
        <time>2026-09-05T16:45:01.000Z</time>
        <extensions>
          <ns3:TrackPointExtension>
            <ns3:atemp>25.0</ns3:atemp>
            <ns3:hr>112</ns3:hr>
          </ns3:TrackPointExtension>
        </extensions>
      </trkpt>
      <trkpt lat="36.24391417019069194793701171875" lon="117.10737367160618305206298828125">
        <ele>-500</ele>
        <time>2026-09-05T16:45:02.000Z</time>
        <extensions>
          <ns3:TrackPointExtension>
            <ns3:atemp>25.0</ns3:atemp>
            <ns3:hr>113</ns3:hr>
          </ns3:TrackPointExtension>
        </extensions>
      </trkpt>
      <trkpt lat="36.24391735531389713287353515625" lon="117.10737786255776882171630859375">
        <ele>-500</ele>
        <time>2026-09-05T16:45:03.000Z</time>
        <extensions>
          <ns3:TrackPointExtension>
            <ns3:atemp>25.0</ns3:atemp>
            <ns3:hr>115</ns3:hr>
          </ns3:TrackPointExtension>
        </extensions>
      </trkpt>
      <trkpt lat="36.24392238445580005645751953125" lon="117.10737635381519794464111328125">
        <ele>-500</ele>
        <time>2026-09-05T16:45:04.000Z</time>
        <extensions>
          <ns3:TrackPointExtension>
            <ns3:atemp>25.0</ns3:atemp>
            <ns3:hr>114</ns3:hr>
          </ns3:TrackPointExtension>
        </extensions>
      </trkpt>
      <trkpt lat="36.24392841942608356475830078125" lon="117.10737719200551509857177734375">
        <ele>-500</ele>
        <time>2026-09-05T16:45:05.000Z</time>
        <extensions>
          <ns3:TrackPointExtension>
            <ns3:atemp>25.0</ns3:atemp>
            <ns3:hr>115</ns3:hr>
          </ns3:TrackPointExtension>
        </extensions>
      </trkpt>
      <trkpt lat="36.2439375557005405426025390625" lon="117.1073806285858154296875">
        <ele>-500</ele>
        <time>2026-09-05T16:45:06.000Z</time>
        <extensions>
          <ns3:TrackPointExtension>
            <ns3:atemp>25.0</ns3:atemp>
            <ns3:hr>117</ns3:hr>
          </ns3:TrackPointExtension>
        </extensions>
      </trkpt>
      <trkpt lat="36.24394065700471401214599609375" lon="117.10738255642354488372802734375">
        <ele>-500</ele>
        <time>2026-09-05T16:45:07.000Z</time>
        <extensions>
          <ns3:TrackPointExtension>
            <ns3:atemp>25.0</ns3:atemp>
            <ns3:hr>118</ns3:hr>
          </ns3:TrackPointExtension>
        </extensions>
      </trkpt>
      <trkpt lat="36.2439409084618091583251953125" lon="117.107380293309688568115234375">
        <ele>-500</ele>
        <time>2026-09-05T16:45:08.000Z</time>
        <extensions>
          <ns3:TrackPointExtension>
            <ns3:atemp>25.0</ns3:atemp>
            <ns3:hr>118</ns3:hr>
          </ns3:TrackPointExtension>
        </extensions>
      </trkpt>
      <trkpt lat="36.24394400976598262786865234375" lon="117.10737518034875392913818359375">
        <ele>-500</ele>
        <time>2026-09-05T16:45:09.000Z</time>
        <extensions>
          <ns3:TrackPointExtension>
            <ns3:atemp>25.0</ns3:atemp>
            <ns3:hr>119</ns3:hr>
          </ns3:TrackPointExtension>
        </extensions>
      </trkpt>
      <trkpt lat="36.2439479492604732513427734375" lon="117.10737367160618305206298828125">
        <ele>-500</ele>
        <time>2026-09-05T16:45:10.000Z</time>
        <extensions>
          <ns3:TrackPointExtension>
            <ns3:atemp>25.0</ns3:atemp>
            <ns3:hr>120</ns3:hr>
          </ns3:TrackPointExtension>
        </extensions>
      </trkpt>
      <trkpt lat="36.24395172111690044403076171875" lon="117.10737367160618305206298828125">
        <ele>-500</ele>
        <time>2026-09-05T16:45:11.000Z</time>
        <extensions>
          <ns3:TrackPointExtension>
            <ns3:atemp>25.0</ns3:atemp>
            <ns3:hr>121</ns3:hr>
          </ns3:TrackPointExtension>
        </extensions>
      </trkpt>
      <trkpt lat="36.24395188875496387481689453125" lon="117.107374928891658782958984375">
        <ele>-500</ele>
        <time>2026-09-05T16:45:12.000Z</time>
        <extensions>
          <ns3:TrackPointExtension>
            <ns3:atemp>25.0</ns3:atemp>
            <ns3:hr>120</ns3:hr>
          </ns3:TrackPointExtension>
        </extensions>
      </trkpt>
      <trkpt lat="36.24395557679235935211181640625" lon="117.1073750965297222137451171875">
        <ele>-500</ele>
        <time>2026-09-05T16:45:13.000Z</time>
        <extensions>
          <ns3:TrackPointExtension>
            <ns3:atemp>25.0</ns3:atemp>
            <ns3:hr>121</ns3:hr>
          </ns3:TrackPointExtension>
        </extensions>
      </trkpt>
      <trkpt lat="36.2439640425145626068115234375" lon="117.10736763663589954376220703125">
        <ele>-500</ele>
        <time>2026-09-05T16:45:15.000Z</time>
        <extensions>
          <ns3:TrackPointExtension>
            <ns3:atemp>25.0</ns3:atemp>
            <ns3:hr>122</ns3:hr>
          </ns3:TrackPointExtension>
        </extensions>
      </trkpt>
      <trkpt lat="36.2439761124551296234130859375" lon="117.107362858951091766357421875">
        <ele>-500</ele>
        <time>2026-09-05T16:45:18.000Z</time>
        <extensions>
          <ns3:TrackPointExtension>
            <ns3:atemp>25.0</ns3:atemp>
            <ns3:hr>122</ns3:hr>
          </ns3:TrackPointExtension>
        </extensions>
      </trkpt>
      <trkpt lat="36.24398256652057170867919921875" lon="117.10735380649566650390625">
        <ele>-500</ele>
        <time>2026-09-05T16:45:22.000Z</time>
        <extensions>
          <ns3:TrackPointExtension>
            <ns3:atemp>25.0</ns3:atemp>
            <ns3:hr>121</ns3:hr>
          </ns3:TrackPointExtension>
        </extensions>
      </trkpt>
      <trkpt lat="36.2439848296344280242919921875" lon="117.10735154338181018829345703125">
        <ele>-500</ele>
        <time>2026-09-05T16:45:23.000Z</time>
        <extensions>
          <ns3:TrackPointExtension>
            <ns3:atemp>25.0</ns3:atemp>
            <ns3:hr>122</ns3:hr>
          </ns3:TrackPointExtension>
        </extensions>
      </trkpt>
      <trkpt lat="36.24398994259536266326904296875" lon="117.10734936408698558807373046875">
        <ele>-500</ele>
        <time>2026-09-05T16:45:24.000Z</time>
        <extensions>
          <ns3:TrackPointExtension>
            <ns3:atemp>25.0</ns3:atemp>
            <ns3:hr>122</ns3:hr>
          </ns3:TrackPointExtension>
        </extensions>
      </trkpt>
      <trkpt lat="36.24399564228951930999755859375" lon="117.107344754040241241455078125">
        <ele>-500</ele>
        <time>2026-09-05T16:45:25.000Z</time>
        <extensions>
          <ns3:TrackPointExtension>
            <ns3:atemp>25.0</ns3:atemp>
            <ns3:hr>121</ns3:hr>
          </ns3:TrackPointExtension>
        </extensions>
      </trkpt>
      <trkpt lat="36.243995390832424163818359375" lon="117.107337377965450286865234375">
        <ele>-500</ele>
        <time>2026-09-05T16:45:26.000Z</time>
        <extensions>
          <ns3:TrackPointExtension>
            <ns3:atemp>25.0</ns3:atemp>
            <ns3:hr>121</ns3:hr>
          </ns3:TrackPointExtension>
        </extensions>
      </trkpt>
      <trkpt lat="36.24400117434561252593994140625" lon="117.1073283255100250244140625">
        <ele>-500</ele>
        <time>2026-09-05T16:45:27.000Z</time>
        <extensions>
          <ns3:TrackPointExtension>
            <ns3:atemp>25.0</ns3:atemp>
            <ns3:hr>122</ns3:hr>
          </ns3:TrackPointExtension>
        </extensions>
      </trkpt>
      <trkpt lat="36.24401005916297435760498046875" lon="117.1073137409985065460205078125">
        <ele>-500</ele>
        <time>2026-09-05T16:45:29.000Z</time>
        <extensions>
          <ns3:TrackPointExtension>
            <ns3:atemp>25.0</ns3:atemp>
            <ns3:hr>122</ns3:hr>
          </ns3:TrackPointExtension>
        </extensions>
      </trkpt>
      <trkpt lat="36.24402162618935108184814453125" lon="117.10730309598147869110107421875">
        <ele>-500</ele>
        <time>2026-09-05T16:45:31.000Z</time>
        <extensions>
          <ns3:TrackPointExtension>
            <ns3:atemp>25.0</ns3:atemp>
            <ns3:hr>121</ns3:hr>
          </ns3:TrackPointExtension>
        </extensions>
      </trkpt>
      <trkpt lat="36.24404869973659515380859375" lon="117.10727141238749027252197265625">
        <ele>-500</ele>
        <time>2026-09-05T16:45:36.000Z</time>
        <extensions>
          <ns3:TrackPointExtension>
            <ns3:atemp>25.0</ns3:atemp>
            <ns3:hr>123</ns3:hr>
          </ns3:TrackPointExtension>
        </extensions>
      </trkpt>
      <trkpt lat="36.24405666254460811614990234375" lon="117.10726596415042877197265625">
        <ele>-500</ele>
        <time>2026-09-05T16:45:37.000Z</time>
        <extensions>
          <ns3:TrackPointExtension>
            <ns3:atemp>25.0</ns3:atemp>
            <ns3:hr>121</ns3:hr>
          </ns3:TrackPointExtension>
        </extensions>
      </trkpt>
      <trkpt lat="36.24408063478767871856689453125" lon="117.10725548677146434783935546875">
        <ele>-500</ele>
        <time>2026-09-05T16:45:40.000Z</time>
        <extensions>
          <ns3:TrackPointExtension>
            <ns3:atemp>25.0</ns3:atemp>
            <ns3:hr>124</ns3:hr>
          </ns3:TrackPointExtension>
        </extensions>
      </trkpt>
      <trkpt lat="36.2440867535769939422607421875" lon="117.10725028999149799346923828125">
        <ele>-500</ele>
        <time>2026-09-05T16:45:41.000Z</time>
        <extensions>
          <ns3:TrackPointExtension>
            <ns3:atemp>25.0</ns3:atemp>
            <ns3:hr>124</ns3:hr>
          </ns3:TrackPointExtension>
        </extensions>
      </trkpt>
      <trkpt lat="36.24409966170787811279296875" lon="117.10724174045026302337646484375">
        <ele>-500</ele>
        <time>2026-09-05T16:45:43.000Z</time>
        <extensions>
          <ns3:TrackPointExtension>
            <ns3:atemp>25.0</ns3:atemp>
            <ns3:hr>123</ns3:hr>
          </ns3:TrackPointExtension>
        </extensions>
      </trkpt>
      <trkpt lat="36.24410678632557392120361328125" lon="117.10723654367029666900634765625">
        <ele>-500</ele>
        <time>2026-09-05T16:45:44.000Z</time>
        <extensions>
          <ns3:TrackPointExtension>
            <ns3:atemp>25.0</ns3:atemp>
            <ns3:hr>124</ns3:hr>
          </ns3:TrackPointExtension>
        </extensions>
      </trkpt>
      <trkpt lat="36.24411919154226779937744140625" lon="117.107219696044921875">
        <ele>-500</ele>
        <time>2026-09-05T16:45:47.000Z</time>
        <extensions>
          <ns3:TrackPointExtension>
            <ns3:atemp>25.0</ns3:atemp>
            <ns3:hr>124</ns3:hr>
          </ns3:TrackPointExtension>
        </extensions>
      </trkpt>
      <trkpt lat="36.24414819292724132537841796875" lon="117.10720335133373737335205078125">
        <ele>-500</ele>
        <time>2026-09-05T16:45:53.000Z</time>
        <extensions>
          <ns3:TrackPointExtension>
            <ns3:atemp>25.0</ns3:atemp>
            <ns3:hr>124</ns3:hr>
          </ns3:TrackPointExtension>
        </extensions>
      </trkpt>
      <trkpt lat="36.244152300059795379638671875" lon="117.107202596962451934814453125">
        <ele>-500</ele>
        <time>2026-09-05T16:45:54.000Z</time>
        <extensions>
          <ns3:TrackPointExtension>
            <ns3:atemp>25.0</ns3:atemp>
            <ns3:hr>125</ns3:hr>
          </ns3:TrackPointExtension>
        </extensions>
      </trkpt>
      <trkpt lat="36.2441759370267391204833984375" lon="117.10720905102789402008056640625">
        <ele>-500</ele>
        <time>2026-09-05T16:45:59.000Z</time>
        <extensions>
          <ns3:TrackPointExtension>
            <ns3:atemp>25.0</ns3:atemp>
            <ns3:hr>127</ns3:hr>
          </ns3:TrackPointExtension>
        </extensions>
      </trkpt>
      <trkpt lat="36.24417887069284915924072265625" lon="117.1072168461978435516357421875">
        <ele>-500</ele>
        <time>2026-09-05T16:46:00.000Z</time>
        <extensions>
          <ns3:TrackPointExtension>
            <ns3:atemp>25.0</ns3:atemp>
            <ns3:hr>127</ns3:hr>
          </ns3:TrackPointExtension>
        </extensions>
      </trkpt>
      <trkpt lat="36.244177110493183135986328125" lon="117.10723067633807659149169921875">
        <ele>-500</ele>
        <time>2026-09-05T16:46:03.000Z</time>
        <extensions>
          <ns3:TrackPointExtension>
            <ns3:atemp>25.0</ns3:atemp>
            <ns3:hr>128</ns3:hr>
          </ns3:TrackPointExtension>
        </extensions>
      </trkpt>
      <trkpt lat="36.24417786486446857452392578125" lon="117.10723654367029666900634765625">
        <ele>-500</ele>
        <time>2026-09-05T16:46:04.000Z</time>
        <extensions>
          <ns3:TrackPointExtension>
            <ns3:atemp>25.0</ns3:atemp>
            <ns3:hr>129</ns3:hr>
          </ns3:TrackPointExtension>
        </extensions>
      </trkpt>
      <trkpt lat="36.2441794574260711669921875" lon="117.107235454022884368896484375">
        <ele>-500</ele>
        <time>2026-09-05T16:46:07.000Z</time>
        <extensions>
          <ns3:TrackPointExtension>
            <ns3:atemp>25.0</ns3:atemp>
            <ns3:hr>129</ns3:hr>
          </ns3:TrackPointExtension>
        </extensions>
      </trkpt>
      <trkpt lat="36.244181133806705474853515625" lon="117.10723704658448696136474609375">
        <ele>-500</ele>
        <time>2026-09-05T16:46:08.000Z</time>
        <extensions>
          <ns3:TrackPointExtension>
            <ns3:atemp>25.0</ns3:atemp>
            <ns3:hr>129</ns3:hr>
          </ns3:TrackPointExtension>
        </extensions>
      </trkpt>
      <trkpt lat="36.2441742606461048126220703125" lon="117.10724316537380218505859375">
        <ele>-500</ele>
        <time>2026-09-05T16:46:12.000Z</time>
        <extensions>
          <ns3:TrackPointExtension>
            <ns3:atemp>25.0</ns3:atemp>
            <ns3:hr>129</ns3:hr>
          </ns3:TrackPointExtension>
        </extensions>
      </trkpt>
      <trkpt lat="36.244181804358959197998046875" lon="117.10723780095577239990234375">
        <ele>-500</ele>
        <time>2026-09-05T16:46:15.000Z</time>
        <extensions>
          <ns3:TrackPointExtension>
            <ns3:atemp>25.0</ns3:atemp>
            <ns3:hr>129</ns3:hr>
          </ns3:TrackPointExtension>
        </extensions>
      </trkpt>
      <trkpt lat="36.2441813014447689056396484375" lon="117.1072389744222164154052734375">
        <ele>-500</ele>
        <time>2026-09-05T16:46:16.000Z</time>
        <extensions>
          <ns3:TrackPointExtension>
            <ns3:atemp>25.0</ns3:atemp>
            <ns3:hr>129</ns3:hr>
          </ns3:TrackPointExtension>
        </extensions>
      </trkpt>
      <trkpt lat="36.2441796250641345977783203125" lon="117.10723855532705783843994140625">
        <ele>-500</ele>
        <time>2026-09-05T16:46:19.000Z</time>
        <extensions>
          <ns3:TrackPointExtension>
            <ns3:atemp>25.0</ns3:atemp>
            <ns3:hr>128</ns3:hr>
          </ns3:TrackPointExtension>
        </extensions>
      </trkpt>
      <trkpt lat="36.2441796250641345977783203125" lon="117.10723855532705783843994140625">
        <ele>-500</ele>
        <time>2026-09-05T16:46:21.000Z</time>
        <extensions>
          <ns3:TrackPointExtension>
            <ns3:atemp>25.0</ns3:atemp>
            <ns3:hr>128</ns3:hr>
          </ns3:TrackPointExtension>
        </extensions>
      </trkpt>
      <trkpt lat="36.2441796250641345977783203125" lon="117.10723855532705783843994140625">
        <ele>-500</ele>
        <time>2026-09-05T16:46:23.000Z</time>
        <extensions>
          <ns3:TrackPointExtension>
            <ns3:atemp>25.0</ns3:atemp>
            <ns3:hr>127</ns3:hr>
          </ns3:TrackPointExtension>
        </extensions>
      </trkpt>
      <trkpt lat="36.2441796250641345977783203125" lon="117.10723855532705783843994140625">
        <ele>-500</ele>
        <time>2026-09-05T16:46:25.000Z</time>
        <extensions>
          <ns3:TrackPointExtension>
            <ns3:atemp>25.0</ns3:atemp>
            <ns3:hr>126</ns3:hr>
          </ns3:TrackPointExtension>
        </extensions>
      </trkpt>
      <trkpt lat="36.24417920596897602081298828125" lon="117.1072389744222164154052734375">
        <ele>-500</ele>
        <time>2026-09-05T16:46:29.000Z</time>
        <extensions>
          <ns3:TrackPointExtension>
            <ns3:atemp>25.0</ns3:atemp>
            <ns3:hr>123</ns3:hr>
          </ns3:TrackPointExtension>
        </extensions>
      </trkpt>
      <trkpt lat="36.24417317099869251251220703125" lon="117.10724316537380218505859375">
        <ele>-500</ele>
        <time>2026-09-05T16:46:44.000Z</time>
        <extensions>
          <ns3:TrackPointExtension>
            <ns3:atemp>25.0</ns3:atemp>
            <ns3:hr>122</ns3:hr>
          </ns3:TrackPointExtension>
        </extensions>
      </trkpt>
      <trkpt lat="36.24417266808450222015380859375" lon="117.10724651813507080078125">
        <ele>-500</ele>
        <time>2026-09-05T16:46:46.000Z</time>
        <extensions>
          <ns3:TrackPointExtension>
            <ns3:atemp>25.0</ns3:atemp>
            <ns3:hr>122</ns3:hr>
          </ns3:TrackPointExtension>
        </extensions>
      </trkpt>
      <trkpt lat="36.24417233280837535858154296875" lon="117.10724861361086368560791015625">
        <ele>-500</ele>
        <time>2026-09-05T16:46:48.000Z</time>
        <extensions>
          <ns3:TrackPointExtension>
            <ns3:atemp>25.0</ns3:atemp>
            <ns3:hr>119</ns3:hr>
          </ns3:TrackPointExtension>
        </extensions>
      </trkpt>
      <trkpt lat="36.2441712431609630584716796875" lon="117.10724878124892711639404296875">
        <ele>-500</ele>
        <time>2026-09-05T16:46:54.000Z</time>
        <extensions>
          <ns3:TrackPointExtension>
            <ns3:atemp>25.0</ns3:atemp>
            <ns3:hr>121</ns3:hr>
          </ns3:TrackPointExtension>
        </extensions>
      </trkpt>
      <trkpt lat="36.24417082406580448150634765625" lon="117.10724878124892711639404296875">
        <ele>-500</ele>
        <time>2026-09-05T16:46:55.000Z</time>
        <extensions>
          <ns3:TrackPointExtension>
            <ns3:atemp>25.0</ns3:atemp>
            <ns3:hr>122</ns3:hr>
          </ns3:TrackPointExtension>
        </extensions>
      </trkpt>
      <trkpt lat="36.24416814185678958892822265625" lon="117.1072470210492610931396484375">
        <ele>-500</ele>
        <time>2026-09-05T16:46:57.000Z</time>
        <extensions>
          <ns3:TrackPointExtension>
            <ns3:atemp>25.0</ns3:atemp>
            <ns3:hr>121</ns3:hr>
          </ns3:TrackPointExtension>
        </extensions>
      </trkpt>
      <trkpt lat="36.2441655434668064117431640625" lon="117.1072480268776416778564453125">
        <ele>-500</ele>
        <time>2026-09-05T16:46:58.000Z</time>
        <extensions>
          <ns3:TrackPointExtension>
            <ns3:atemp>25.0</ns3:atemp>
            <ns3:hr>120</ns3:hr>
          </ns3:TrackPointExtension>
        </extensions>
      </trkpt>
      <trkpt lat="36.2441615201532840728759765625" lon="117.10724174045026302337646484375">
        <ele>-500</ele>
        <time>2026-09-05T16:47:00.000Z</time>
        <extensions>
          <ns3:TrackPointExtension>
            <ns3:atemp>25.0</ns3:atemp>
            <ns3:hr>120</ns3:hr>
          </ns3:TrackPointExtension>
        </extensions>
      </trkpt>
      <trkpt lat="36.24415774829685688018798828125" lon="117.10724459029734134674072265625">
        <ele>-500</ele>
        <time>2026-09-05T16:47:03.000Z</time>
        <extensions>
          <ns3:TrackPointExtension>
            <ns3:atemp>25.0</ns3:atemp>
            <ns3:hr>120</ns3:hr>
          </ns3:TrackPointExtension>
        </extensions>
      </trkpt>
      <trkpt lat="36.24415171332657337188720703125" lon="117.1072399802505970001220703125">
        <ele>-500</ele>
        <time>2026-09-05T16:47:11.000Z</time>
        <extensions>
          <ns3:TrackPointExtension>
            <ns3:atemp>25.0</ns3:atemp>
            <ns3:hr>123</ns3:hr>
          </ns3:TrackPointExtension>
        </extensions>
      </trkpt>
      <trkpt lat="36.24414953403174877166748046875" lon="117.10724123753607273101806640625">
        <ele>-500</ele>
        <time>2026-09-05T16:47:12.000Z</time>
        <extensions>
          <ns3:TrackPointExtension>
            <ns3:atemp>25.0</ns3:atemp>
            <ns3:hr>122</ns3:hr>
          </ns3:TrackPointExtension>
        </extensions>
      </trkpt>
      <trkpt lat="36.24413629062473773956298828125" lon="117.107236795127391815185546875">
        <ele>-500</ele>
        <time>2026-09-05T16:47:14.000Z</time>
        <extensions>
          <ns3:TrackPointExtension>
            <ns3:atemp>25.0</ns3:atemp>
            <ns3:hr>119</ns3:hr>
          </ns3:TrackPointExtension>
        </extensions>
      </trkpt>
      <trkpt lat="36.24410578049719333648681640625" lon="117.10720167495310306549072265625">
        <ele>-500</ele>
        <time>2026-09-05T16:47:18.000Z</time>
        <extensions>
          <ns3:TrackPointExtension>
            <ns3:atemp>25.0</ns3:atemp>
            <ns3:hr>112</ns3:hr>
          </ns3:TrackPointExtension>
        </extensions>
      </trkpt>
      <trkpt lat="36.24410628341138362884521484375" lon="117.107181139290332794189453125">
        <ele>-500</ele>
        <time>2026-09-05T16:47:19.000Z</time>
        <extensions>
          <ns3:TrackPointExtension>
            <ns3:atemp>25.0</ns3:atemp>
            <ns3:hr>114</ns3:hr>
          </ns3:TrackPointExtension>
        </extensions>
      </trkpt>
      <trkpt lat="36.24411248601973056793212890625" lon="117.1071756072342395782470703125">
        <ele>-500</ele>
        <time>2026-09-05T16:47:20.000Z</time>
        <extensions>
          <ns3:TrackPointExtension>
            <ns3:atemp>25.0</ns3:atemp>
            <ns3:hr>113</ns3:hr>
          </ns3:TrackPointExtension>
        </extensions>
      </trkpt>
      <trkpt lat="36.24411634169518947601318359375" lon="117.107181809842586517333984375">
        <ele>-500</ele>
        <time>2026-09-05T16:47:21.000Z</time>
        <extensions>
          <ns3:TrackPointExtension>
            <ns3:atemp>25.0</ns3:atemp>
            <ns3:hr>112</ns3:hr>
          </ns3:TrackPointExtension>
        </extensions>
      </trkpt>
      <trkpt lat="36.2441206164658069610595703125" lon="117.1071913652122020721435546875">
        <ele>-500</ele>
        <time>2026-09-05T16:47:22.000Z</time>
        <extensions>
          <ns3:TrackPointExtension>
            <ns3:atemp>25.0</ns3:atemp>
            <ns3:hr>111</ns3:hr>
          </ns3:TrackPointExtension>
        </extensions>
      </trkpt>
      <trkpt lat="36.24411919154226779937744140625" lon="117.1071980707347393035888671875">
        <ele>-500</ele>
        <time>2026-09-05T16:47:24.000Z</time>
        <extensions>
          <ns3:TrackPointExtension>
            <ns3:atemp>25.0</ns3:atemp>
            <ns3:hr>111</ns3:hr>
          </ns3:TrackPointExtension>
        </extensions>
      </trkpt>
      <trkpt lat="36.24412338249385356903076171875" lon="117.10719932802021503448486328125">
        <ele>-500</ele>
        <time>2026-09-05T16:47:26.000Z</time>
        <extensions>
          <ns3:TrackPointExtension>
            <ns3:atemp>25.0</ns3:atemp>
            <ns3:hr>112</ns3:hr>
          </ns3:TrackPointExtension>
        </extensions>
      </trkpt>
      <trkpt lat="36.2441259808838367462158203125" lon="117.10720754228532314300537109375">
        <ele>-500</ele>
        <time>2026-09-05T16:47:29.000Z</time>
        <extensions>
          <ns3:TrackPointExtension>
            <ns3:atemp>25.0</ns3:atemp>
            <ns3:hr>111</ns3:hr>
          </ns3:TrackPointExtension>
        </extensions>
      </trkpt>
    </trkseg>
  </trk>
</gpx>
