<gpx xmlns:ns3="http://www.garmin.com/xmlschemas/TrackPointExtension/v1" xmlns="http://www.topografix.com/GPX/1/1" xmlns:xsi="http://www.w3.org/2001/XMLSchema-instance" xmlns:ns2="http://www.garmin.com/xmlschemas/GpxExtensions/v3" creator="Garmin Connect" version="1.1" xsi:schemaLocation="http://www.topografix.com/GPX/1/1 http://www.topografix.com/GPX/11.xsd">
  <extensions>
<distance>10168.2</distance>
<average_hr>106.0</average_hr>
<average_speed>1.1399999856948853</average_speed>
<start_time>2026-10-03T06:50:09+00:00</start_time>
<end_time>2026-10-03T09:18:49.019000+00:00</end_time>
<moving_time>3712.0</moving_time>
<elapsed_time>8925.65</elapsed_time>
</extensions>
<metadata>
    <link href="connect.garmin.com">
      <text>Garmin Connect</text>
    </link>
    <time>2026-10-03T06:50:09.000Z</time>
  </metadata>
  <trk>
    <name>Yanbian Hiking</name>
    <type>hiking</type>
    <trkseg>
      <trkpt lat="42.040753327310085296630859375" lon="128.0583228729665279388427734375">
        <ele>1965.800048828125</ele>
        <time>2026-10-03T06:50:09.000Z</time>
        <extensions>
          <ns3:TrackPointExtension>
            <ns3:hr>115</ns3:hr>
            <ns3:cad>0</ns3:cad>
          </ns3:TrackPointExtension>
        </extensions>
      </trkpt>
      <trkpt lat="42.0405211485922336578369140625" lon="128.05815003812313079833984375">
        <ele>1973.800048828125</ele>
        <time>2026-10-03T06:50:10.000Z</time>
        <extensions>
          <ns3:TrackPointExtension>
            <ns3:hr>116</ns3:hr>
            <ns3:cad>0</ns3:cad>
          </ns3:TrackPointExtension>
        </extensions>
      </trkpt>
      <trkpt lat="42.04056657850742340087890625" lon="128.05812547914683818817138671875">
        <ele>1973.5999755859375</ele>
        <time>2026-10-03T06:50:12.000Z</time>
        <extensions>
          <ns3:TrackPointExtension>
            <ns3:hr>110</ns3:hr>
            <ns3:cad>0</ns3:cad>
          </ns3:TrackPointExtension>
        </extensions>
      </trkpt>
      <trkpt lat="42.0406503975391387939453125" lon="128.05810284800827503204345703125">
        <ele>1973.4000244140625</ele>
        <time>2026-10-03T06:50:18.000Z</time>
        <extensions>
          <ns3:TrackPointExtension>
            <ns3:hr>107</ns3:hr>
            <ns3:cad>45</ns3:cad>
          </ns3:TrackPointExtension>
        </extensions>
      </trkpt>
      <trkpt lat="42.04067126847803592681884765625" lon="128.05805616080760955810546875">
        <ele>1973.4000244140625</ele>
        <time>2026-10-03T06:50:22.000Z</time>
        <extensions>
          <ns3:TrackPointExtension>
            <ns3:hr>106</ns3:hr>
            <ns3:cad>48</ns3:cad>
          </ns3:TrackPointExtension>
        </extensions>
      </trkpt>
      <trkpt lat="42.04067411832511425018310546875" lon="128.05795155465602874755859375">
        <ele>1973</ele>
        <time>2026-10-03T06:50:30.000Z</time>
        <extensions>
          <ns3:TrackPointExtension>
            <ns3:hr>106</ns3:hr>
            <ns3:cad>45</ns3:cad>
          </ns3:TrackPointExtension>
        </extensions>
      </trkpt>
      <trkpt lat="42.040673531591892242431640625" lon="128.0579373054206371307373046875">
        <ele>1973</ele>
        <time>2026-10-03T06:50:31.000Z</time>
        <extensions>
          <ns3:TrackPointExtension>
            <ns3:hr>106</ns3:hr>
            <ns3:cad>45</ns3:cad>
          </ns3:TrackPointExtension>
        </extensions>
      </trkpt>
      <trkpt lat="42.0406777225434780120849609375" lon="128.0579240620136260986328125">
        <ele>1973</ele>
        <time>2026-10-03T06:50:32.000Z</time>
        <extensions>
          <ns3:TrackPointExtension>
            <ns3:hr>107</ns3:hr>
            <ns3:cad>45</ns3:cad>
          </ns3:TrackPointExtension>
        </extensions>
      </trkpt>
      <trkpt lat="42.0406854338943958282470703125" lon="128.0578665621578693389892578125">
        <ele>1972.5999755859375</ele>
        <time>2026-10-03T06:50:37.000Z</time>
        <extensions>
          <ns3:TrackPointExtension>
            <ns3:hr>106</ns3:hr>
            <ns3:cad>48</ns3:cad>
          </ns3:TrackPointExtension>
        </extensions>
      </trkpt>
      <trkpt lat="42.04068769700825214385986328125" lon="128.05785608477890491485595703125">
        <ele>1972.5999755859375</ele>
        <time>2026-10-03T06:50:38.000Z</time>
        <extensions>
          <ns3:TrackPointExtension>
            <ns3:hr>106</ns3:hr>
            <ns3:cad>48</ns3:cad>
          </ns3:TrackPointExtension>
        </extensions>
      </trkpt>
      <trkpt lat="42.04069691710174083709716796875" lon="128.05783621966838836669921875">
        <ele>1972.4000244140625</ele>
        <time>2026-10-03T06:50:41.000Z</time>
        <extensions>
          <ns3:TrackPointExtension>
            <ns3:hr>103</ns3:hr>
            <ns3:cad>46</ns3:cad>
          </ns3:TrackPointExtension>
        </extensions>
      </trkpt>
      <trkpt lat="42.04069666564464569091796875" lon="128.05780696682631969451904296875">
        <ele>1972.4000244140625</ele>
        <time>2026-10-03T06:50:45.000Z</time>
        <extensions>
          <ns3:TrackPointExtension>
            <ns3:hr>105</ns3:hr>
            <ns3:cad>0</ns3:cad>
          </ns3:TrackPointExtension>
        </extensions>
      </trkpt>
      <trkpt lat="42.0407018624246120452880859375" lon="128.05777478031814098358154296875">
        <ele>1972.5999755859375</ele>
        <time>2026-10-03T06:50:50.000Z</time>
        <extensions>
          <ns3:TrackPointExtension>
            <ns3:hr>105</ns3:hr>
            <ns3:cad>50</ns3:cad>
          </ns3:TrackPointExtension>
        </extensions>
      </trkpt>
      <trkpt lat="42.0407035388052463531494140625" lon="128.057705461978912353515625">
        <ele>1972.5999755859375</ele>
        <time>2026-10-03T06:50:57.000Z</time>
        <extensions>
          <ns3:TrackPointExtension>
            <ns3:hr>103</ns3:hr>
            <ns3:cad>48</ns3:cad>
          </ns3:TrackPointExtension>
        </extensions>
      </trkpt>
      <trkpt lat="42.04070261679589748382568359375" lon="128.0576593615114688873291015625">
        <ele>1972.5999755859375</ele>
        <time>2026-10-03T06:51:05.000Z</time>
        <extensions>
          <ns3:TrackPointExtension>
            <ns3:hr>102</ns3:hr>
            <ns3:cad>0</ns3:cad>
          </ns3:TrackPointExtension>
        </extensions>
      </trkpt>
      <trkpt lat="42.0407021977007389068603515625" lon="128.05765223689377307891845703125">
        <ele>1972.5999755859375</ele>
        <time>2026-10-03T06:51:17.000Z</time>
        <extensions>
          <ns3:TrackPointExtension>
            <ns3:hr>100</ns3:hr>
            <ns3:cad>0</ns3:cad>
          </ns3:TrackPointExtension>
        </extensions>
      </trkpt>
      <trkpt lat="42.0407021977007389068603515625" lon="128.0576558411121368408203125">
        <ele>1972.4000244140625</ele>
        <time>2026-10-03T06:51:23.000Z</time>
        <extensions>
          <ns3:TrackPointExtension>
            <ns3:hr>104</ns3:hr>
            <ns3:cad>0</ns3:cad>
          </ns3:TrackPointExtension>
        </extensions>
      </trkpt>
      <trkpt lat="42.0407028682529926300048828125" lon="128.05765785276889801025390625">
        <ele>1972.4000244140625</ele>
        <time>2026-10-03T06:51:27.000Z</time>
        <extensions>
          <ns3:TrackPointExtension>
            <ns3:hr>110</ns3:hr>
            <ns3:cad>0</ns3:cad>
          </ns3:TrackPointExtension>
        </extensions>
      </trkpt>
      <trkpt lat="42.0407028682529926300048828125" lon="128.0576586909592151641845703125">
        <ele>1972.4000244140625</ele>
        <time>2026-10-03T06:51:29.000Z</time>
        <extensions>
          <ns3:TrackPointExtension>
            <ns3:hr>114</ns3:hr>
            <ns3:cad>0</ns3:cad>
          </ns3:TrackPointExtension>
        </extensions>
      </trkpt>
      <trkpt lat="42.04067914746701717376708984375" lon="128.05765961296856403350830078125">
        <ele>1972.4000244140625</ele>
        <time>2026-10-03T06:51:52.000Z</time>
        <extensions>
          <ns3:TrackPointExtension>
            <ns3:hr>111</ns3:hr>
            <ns3:cad>0</ns3:cad>
          </ns3:TrackPointExtension>
        </extensions>
      </trkpt>
      <trkpt lat="42.04068618826568126678466796875" lon="128.05758140981197357177734375">
        <ele>1972.4000244140625</ele>
        <time>2026-10-03T06:51:58.000Z</time>
        <extensions>
          <ns3:TrackPointExtension>
            <ns3:hr>111</ns3:hr>
            <ns3:cad>43</ns3:cad>
          </ns3:TrackPointExtension>
        </extensions>
      </trkpt>
      <trkpt lat="42.04072290100157260894775390625" lon="128.05751779116690158843994140625">
        <ele>1971.4000244140625</ele>
        <time>2026-10-03T06:52:04.000Z</time>
        <extensions>
          <ns3:TrackPointExtension>
            <ns3:hr>112</ns3:hr>
            <ns3:cad>45</ns3:cad>
          </ns3:TrackPointExtension>
        </extensions>
      </trkpt>
      <trkpt lat="42.04072155989706516265869140625" lon="128.05751594714820384979248046875">
        <ele>1971.199951171875</ele>
        <time>2026-10-03T06:52:05.000Z</time>
        <extensions>
          <ns3:TrackPointExtension>
            <ns3:hr>111</ns3:hr>
            <ns3:cad>45</ns3:cad>
          </ns3:TrackPointExtension>
        </extensions>
      </trkpt>
      <trkpt lat="42.04072616994380950927734375" lon="128.05748979561030864715576171875">
        <ele>1970.199951171875</ele>
        <time>2026-10-03T06:52:08.000Z</time>
        <extensions>
          <ns3:TrackPointExtension>
            <ns3:hr>109</ns3:hr>
            <ns3:cad>46</ns3:cad>
          </ns3:TrackPointExtension>
        </extensions>
      </trkpt>
      <trkpt lat="42.0407152734696865081787109375" lon="128.05745626799762248992919921875">
        <ele>1968.5999755859375</ele>
        <time>2026-10-03T06:52:11.000Z</time>
        <extensions>
          <ns3:TrackPointExtension>
            <ns3:hr>107</ns3:hr>
            <ns3:cad>45</ns3:cad>
          </ns3:TrackPointExtension>
        </extensions>
      </trkpt>
      <trkpt lat="42.0407040417194366455078125" lon="128.05745593272149562835693359375">
        <ele>1968</ele>
        <time>2026-10-03T06:52:12.000Z</time>
        <extensions>
          <ns3:TrackPointExtension>
            <ns3:hr>106</ns3:hr>
            <ns3:cad>45</ns3:cad>
          </ns3:TrackPointExtension>
        </extensions>
      </trkpt>
      <trkpt lat="42.04069557599723339080810546875" lon="128.05745375342667102813720703125">
        <ele>1967.5999755859375</ele>
        <time>2026-10-03T06:52:13.000Z</time>
        <extensions>
          <ns3:TrackPointExtension>
            <ns3:hr>106</ns3:hr>
            <ns3:cad>45</ns3:cad>
          </ns3:TrackPointExtension>
        </extensions>
      </trkpt>
      <trkpt lat="42.040686942636966705322265625" lon="128.057439588010311126708984375">
        <ele>1966.4000244140625</ele>
        <time>2026-10-03T06:52:15.000Z</time>
        <extensions>
          <ns3:TrackPointExtension>
            <ns3:hr>105</ns3:hr>
            <ns3:cad>46</ns3:cad>
          </ns3:TrackPointExtension>
        </extensions>
      </trkpt>
      <trkpt lat="42.0406783930957317352294921875" lon="128.05743631906807422637939453125">
        <ele>1965.4000244140625</ele>
        <time>2026-10-03T06:52:18.000Z</time>
        <extensions>
          <ns3:TrackPointExtension>
            <ns3:hr>105</ns3:hr>
            <ns3:cad>0</ns3:cad>
          </ns3:TrackPointExtension>
        </extensions>
      </trkpt>
      <trkpt lat="42.0406760461628437042236328125" lon="128.05742357857525348663330078125">
        <ele>1964.4000244140625</ele>
        <time>2026-10-03T06:52:21.000Z</time>
        <extensions>
          <ns3:TrackPointExtension>
            <ns3:hr>104</ns3:hr>
            <ns3:cad>0</ns3:cad>
          </ns3:TrackPointExtension>
        </extensions>
      </trkpt>
      <trkpt lat="42.04068400897085666656494140625" lon="128.05739910341799259185791015625">
        <ele>1963.4000244140625</ele>
        <time>2026-10-03T06:52:25.000Z</time>
        <extensions>
          <ns3:TrackPointExtension>
            <ns3:hr>105</ns3:hr>
            <ns3:cad>45</ns3:cad>
          </ns3:TrackPointExtension>
        </extensions>
      </trkpt>
      <trkpt lat="42.040680907666683197021484375" lon="128.0573626421391963958740234375">
        <ele>1962.5999755859375</ele>
        <time>2026-10-03T06:52:30.000Z</time>
        <extensions>
          <ns3:TrackPointExtension>
            <ns3:hr>105</ns3:hr>
            <ns3:cad>46</ns3:cad>
          </ns3:TrackPointExtension>
        </extensions>
      </trkpt>
      <trkpt lat="42.04066850244998931884765625" lon="128.05730422027409076690673828125">
        <ele>1962.4000244140625</ele>
        <time>2026-10-03T06:52:36.000Z</time>
        <extensions>
          <ns3:TrackPointExtension>
            <ns3:hr>104</ns3:hr>
            <ns3:cad>49</ns3:cad>
          </ns3:TrackPointExtension>
        </extensions>
      </trkpt>
      <trkpt lat="42.04066473059356212615966796875" lon="128.05729416199028491973876953125">
        <ele>1962.4000244140625</ele>
        <time>2026-10-03T06:52:37.000Z</time>
        <extensions>
          <ns3:TrackPointExtension>
            <ns3:hr>105</ns3:hr>
            <ns3:cad>49</ns3:cad>
          </ns3:TrackPointExtension>
        </extensions>
      </trkpt>
      <trkpt lat="42.04064394347369670867919921875" lon="128.057239092886447906494140625">
        <ele>1961.800048828125</ele>
        <time>2026-10-03T06:52:42.000Z</time>
        <extensions>
          <ns3:TrackPointExtension>
            <ns3:hr>105</ns3:hr>
            <ns3:cad>46</ns3:cad>
          </ns3:TrackPointExtension>
        </extensions>
      </trkpt>
      <trkpt lat="42.040633969008922576904296875" lon="128.05721738375723361968994140625">
        <ele>1961</ele>
        <time>2026-10-03T06:52:45.000Z</time>
        <extensions>
          <ns3:TrackPointExtension>
            <ns3:hr>104</ns3:hr>
            <ns3:cad>45</ns3:cad>
          </ns3:TrackPointExtension>
        </extensions>
      </trkpt>
      <trkpt lat="42.04060907475650310516357421875" lon="128.0571889691054821014404296875">
        <ele>1960</ele>
        <time>2026-10-03T06:52:48.000Z</time>
        <extensions>
          <ns3:TrackPointExtension>
            <ns3:hr>105</ns3:hr>
            <ns3:cad>45</ns3:cad>
          </ns3:TrackPointExtension>
        </extensions>
      </trkpt>
      <trkpt lat="42.0405677519738674163818359375" lon="128.05708981119096279144287109375">
        <ele>1958.800048828125</ele>
        <time>2026-10-03T06:52:57.000Z</time>
        <extensions>
          <ns3:TrackPointExtension>
            <ns3:hr>104</ns3:hr>
            <ns3:cad>46</ns3:cad>
          </ns3:TrackPointExtension>
        </extensions>
      </trkpt>
      <trkpt lat="42.04054570756852626800537109375" lon="128.05705209262669086456298828125">
        <ele>1957.5999755859375</ele>
        <time>2026-10-03T06:53:01.000Z</time>
        <extensions>
          <ns3:TrackPointExtension>
            <ns3:hr>105</ns3:hr>
            <ns3:cad>44</ns3:cad>
          </ns3:TrackPointExtension>
        </extensions>
      </trkpt>
      <trkpt lat="42.0405094139277935028076171875" lon="128.0570121109485626220703125">
        <ele>1956.5999755859375</ele>
        <time>2026-10-03T06:53:06.000Z</time>
        <extensions>
          <ns3:TrackPointExtension>
            <ns3:hr>106</ns3:hr>
            <ns3:cad>43</ns3:cad>
          </ns3:TrackPointExtension>
        </extensions>
      </trkpt>
      <trkpt lat="42.040505222976207733154296875" lon="128.05700666271150112152099609375">
        <ele>1956.4000244140625</ele>
        <time>2026-10-03T06:53:07.000Z</time>
        <extensions>
          <ns3:TrackPointExtension>
            <ns3:hr>107</ns3:hr>
            <ns3:cad>43</ns3:cad>
          </ns3:TrackPointExtension>
        </extensions>
      </trkpt>
      <trkpt lat="42.040459625422954559326171875" lon="128.0569938383996486663818359375">
        <ele>1955.4000244140625</ele>
        <time>2026-10-03T06:53:12.000Z</time>
        <extensions>
          <ns3:TrackPointExtension>
            <ns3:hr>111</ns3:hr>
            <ns3:cad>41</ns3:cad>
          </ns3:TrackPointExtension>
        </extensions>
      </trkpt>
      <trkpt lat="42.0404527522623538970947265625" lon="128.0569914914667606353759765625">
        <ele>1955.199951171875</ele>
        <time>2026-10-03T06:53:13.000Z</time>
        <extensions>
          <ns3:TrackPointExtension>
            <ns3:hr>109</ns3:hr>
            <ns3:cad>41</ns3:cad>
          </ns3:TrackPointExtension>
        </extensions>
      </trkpt>
      <trkpt lat="42.0403887145221233367919921875" lon="128.05698570795357227325439453125">
        <ele>1954.5999755859375</ele>
        <time>2026-10-03T06:53:21.000Z</time>
        <extensions>
          <ns3:TrackPointExtension>
            <ns3:hr>112</ns3:hr>
            <ns3:cad>77</ns3:cad>
          </ns3:TrackPointExtension>
        </extensions>
      </trkpt>
      <trkpt lat="42.0403655804693698883056640625" lon="128.05699023418128490447998046875">
        <ele>1954.4000244140625</ele>
        <time>2026-10-03T06:53:24.000Z</time>
        <extensions>
          <ns3:TrackPointExtension>
            <ns3:hr>112</ns3:hr>
            <ns3:cad>73</ns3:cad>
          </ns3:TrackPointExtension>
        </extensions>
      </trkpt>
      <trkpt lat="42.0403571985661983489990234375" lon="128.05698922835290431976318359375">
        <ele>1954.4000244140625</ele>
        <time>2026-10-03T06:53:25.000Z</time>
        <extensions>
          <ns3:TrackPointExtension>
            <ns3:hr>112</ns3:hr>
            <ns3:cad>75</ns3:cad>
          </ns3:TrackPointExtension>
        </extensions>
      </trkpt>
      <trkpt lat="42.040314115583896636962890625" lon="128.05699132382869720458984375">
        <ele>1954.4000244140625</ele>
        <time>2026-10-03T06:53:29.000Z</time>
        <extensions>
          <ns3:TrackPointExtension>
            <ns3:hr>111</ns3:hr>
            <ns3:cad>75</ns3:cad>
          </ns3:TrackPointExtension>
        </extensions>
      </trkpt>
      <trkpt lat="42.04030229710042476654052734375" lon="128.056991659104824066162109375">
        <ele>1954.4000244140625</ele>
        <time>2026-10-03T06:53:30.000Z</time>
        <extensions>
          <ns3:TrackPointExtension>
            <ns3:hr>111</ns3:hr>
            <ns3:cad>75</ns3:cad>
          </ns3:TrackPointExtension>
        </extensions>
      </trkpt>
      <trkpt lat="42.04020909033715724945068359375" lon="128.056962825357913970947265625">
        <ele>1953.5999755859375</ele>
        <time>2026-10-03T06:53:39.000Z</time>
        <extensions>
          <ns3:TrackPointExtension>
            <ns3:hr>117</ns3:hr>
            <ns3:cad>43</ns3:cad>
          </ns3:TrackPointExtension>
        </extensions>
      </trkpt>
      <trkpt lat="42.040200792253017425537109375" lon="128.0569589696824550628662109375">
        <ele>1953.4000244140625</ele>
        <time>2026-10-03T06:53:40.000Z</time>
        <extensions>
          <ns3:TrackPointExtension>
            <ns3:hr>122</ns3:hr>
            <ns3:cad>42</ns3:cad>
          </ns3:TrackPointExtension>
        </extensions>
      </trkpt>
      <trkpt lat="42.04019098542630672454833984375" lon="128.056958131492137908935546875">
        <ele>1953.199951171875</ele>
        <time>2026-10-03T06:53:41.000Z</time>
        <extensions>
          <ns3:TrackPointExtension>
            <ns3:hr>126</ns3:hr>
            <ns3:cad>42</ns3:cad>
          </ns3:TrackPointExtension>
        </extensions>
      </trkpt>
      <trkpt lat="42.0401795022189617156982421875" lon="128.056953437626361846923828125">
        <ele>1953</ele>
        <time>2026-10-03T06:53:42.000Z</time>
        <extensions>
          <ns3:TrackPointExtension>
            <ns3:hr>130</ns3:hr>
            <ns3:cad>42</ns3:cad>
          </ns3:TrackPointExtension>
        </extensions>
      </trkpt>
      <trkpt lat="42.04017271287739276885986328125" lon="128.05694706737995147705078125">
        <ele>1952.800048828125</ele>
        <time>2026-10-03T06:53:43.000Z</time>
        <extensions>
          <ns3:TrackPointExtension>
            <ns3:hr>134</ns3:hr>
            <ns3:cad>43</ns3:cad>
          </ns3:TrackPointExtension>
        </extensions>
      </trkpt>
      <trkpt lat="42.040156535804271697998046875" lon="128.0569351650774478912353515625">
        <ele>1952.5999755859375</ele>
        <time>2026-10-03T06:53:45.000Z</time>
        <extensions>
          <ns3:TrackPointExtension>
            <ns3:hr>138</ns3:hr>
            <ns3:cad>43</ns3:cad>
          </ns3:TrackPointExtension>
        </extensions>
      </trkpt>
      <trkpt lat="42.04014203511178493499755859375" lon="128.0569241009652614593505859375">
        <ele>1952.199951171875</ele>
        <time>2026-10-03T06:53:47.000Z</time>
        <extensions>
          <ns3:TrackPointExtension>
            <ns3:hr>142</ns3:hr>
            <ns3:cad>43</ns3:cad>
          </ns3:TrackPointExtension>
        </extensions>
      </trkpt>
      <trkpt lat="42.04013030044734477996826171875" lon="128.05691747926175594329833984375">
        <ele>1951.5999755859375</ele>
        <time>2026-10-03T06:53:49.000Z</time>
        <extensions>
          <ns3:TrackPointExtension>
            <ns3:hr>145</ns3:hr>
            <ns3:cad>43</ns3:cad>
          </ns3:TrackPointExtension>
        </extensions>
      </trkpt>
      <trkpt lat="42.04011730849742889404296875" lon="128.0569103546440601348876953125">
        <ele>1951.199951171875</ele>
        <time>2026-10-03T06:53:51.000Z</time>
        <extensions>
          <ns3:TrackPointExtension>
            <ns3:hr>147</ns3:hr>
            <ns3:cad>43</ns3:cad>
          </ns3:TrackPointExtension>
        </extensions>
      </trkpt>
      <trkpt lat="42.04011462628841400146484375" lon="128.05691144429147243499755859375">
        <ele>1951</ele>
        <time>2026-10-03T06:53:52.000Z</time>
        <extensions>
          <ns3:TrackPointExtension>
            <ns3:hr>151</ns3:hr>
            <ns3:cad>43</ns3:cad>
          </ns3:TrackPointExtension>
        </extensions>
      </trkpt>
      <trkpt lat="42.0401033945381641387939453125" lon="128.05691362358629703521728515625">
        <ele>1950.5999755859375</ele>
        <time>2026-10-03T06:53:54.000Z</time>
        <extensions>
          <ns3:TrackPointExtension>
            <ns3:hr>151</ns3:hr>
            <ns3:cad>43</ns3:cad>
          </ns3:TrackPointExtension>
        </extensions>
      </trkpt>
      <trkpt lat="42.04008336178958415985107421875" lon="128.05690591223537921905517578125">
        <ele>1950</ele>
        <time>2026-10-03T06:53:57.000Z</time>
        <extensions>
          <ns3:TrackPointExtension>
            <ns3:hr>153</ns3:hr>
            <ns3:cad>44</ns3:cad>
          </ns3:TrackPointExtension>
        </extensions>
      </trkpt>
      <trkpt lat="42.04005151055753231048583984375" lon="128.056900799274444580078125">
        <ele>1949.800048828125</ele>
        <time>2026-10-03T06:54:01.000Z</time>
        <extensions>
          <ns3:TrackPointExtension>
            <ns3:hr>156</ns3:hr>
            <ns3:cad>42</ns3:cad>
          </ns3:TrackPointExtension>
        </extensions>
      </trkpt>
      <trkpt lat="42.04004346393048763275146484375" lon="128.05689954198896884918212890625">
        <ele>1949.800048828125</ele>
        <time>2026-10-03T06:54:02.000Z</time>
        <extensions>
          <ns3:TrackPointExtension>
            <ns3:hr>156</ns3:hr>
            <ns3:cad>43</ns3:cad>
          </ns3:TrackPointExtension>
        </extensions>
      </trkpt>
      <trkpt lat="42.04003022052347660064697265625" lon="128.05689685977995395660400390625">
        <ele>1949.800048828125</ele>
        <time>2026-10-03T06:54:04.000Z</time>
        <extensions>
          <ns3:TrackPointExtension>
            <ns3:hr>157</ns3:hr>
            <ns3:cad>44</ns3:cad>
          </ns3:TrackPointExtension>
        </extensions>
      </trkpt>
      <trkpt lat="42.040000967681407928466796875" lon="128.05687573738396167755126953125">
        <ele>1949.5999755859375</ele>
        <time>2026-10-03T06:54:09.000Z</time>
        <extensions>
          <ns3:TrackPointExtension>
            <ns3:hr>154</ns3:hr>
            <ns3:cad>0</ns3:cad>
          </ns3:TrackPointExtension>
        </extensions>
      </trkpt>
      <trkpt lat="42.03999350778758525848388671875" lon="128.05687054060399532318115234375">
        <ele>1949.5999755859375</ele>
        <time>2026-10-03T06:54:12.000Z</time>
        <extensions>
          <ns3:TrackPointExtension>
            <ns3:hr>153</ns3:hr>
            <ns3:cad>0</ns3:cad>
          </ns3:TrackPointExtension>
        </extensions>
      </trkpt>
      <trkpt lat="42.03999250195920467376708984375" lon="128.05685897357761859893798828125">
        <ele>1949.5999755859375</ele>
        <time>2026-10-03T06:54:15.000Z</time>
        <extensions>
          <ns3:TrackPointExtension>
            <ns3:hr>150</ns3:hr>
            <ns3:cad>0</ns3:cad>
          </ns3:TrackPointExtension>
        </extensions>
      </trkpt>
      <trkpt lat="42.03999484889209270477294921875" lon="128.05685126222670078277587890625">
        <ele>1949.5999755859375</ele>
        <time>2026-10-03T06:54:19.000Z</time>
        <extensions>
          <ns3:TrackPointExtension>
            <ns3:hr>149</ns3:hr>
            <ns3:cad>0</ns3:cad>
          </ns3:TrackPointExtension>
        </extensions>
      </trkpt>
      <trkpt lat="42.03999652527272701263427734375" lon="128.05685427971184253692626953125">
        <ele>1949.5999755859375</ele>
        <time>2026-10-03T06:54:22.000Z</time>
        <extensions>
          <ns3:TrackPointExtension>
            <ns3:hr>146</ns3:hr>
            <ns3:cad>0</ns3:cad>
          </ns3:TrackPointExtension>
        </extensions>
      </trkpt>
      <trkpt lat="42.03999652527272701263427734375" lon="128.05685427971184253692626953125">
        <ele>1949</ele>
        <time>2026-10-03T06:54:24.000Z</time>
        <extensions>
          <ns3:TrackPointExtension>
            <ns3:hr>145</ns3:hr>
            <ns3:cad>0</ns3:cad>
          </ns3:TrackPointExtension>
        </extensions>
      </trkpt>
      <trkpt lat="42.03999652527272701263427734375" lon="128.05685427971184253692626953125">
        <ele>1948.4000244140625</ele>
        <time>2026-10-03T06:54:30.000Z</time>
        <extensions>
          <ns3:TrackPointExtension>
            <ns3:hr>142</ns3:hr>
            <ns3:cad>0</ns3:cad>
          </ns3:TrackPointExtension>
        </extensions>
      </trkpt>
      <trkpt lat="42.04000197350978851318359375" lon="128.05686081759631633758544921875">
        <ele>1948.4000244140625</ele>
        <time>2026-10-03T06:54:36.000Z</time>
        <extensions>
          <ns3:TrackPointExtension>
            <ns3:hr>139</ns3:hr>
            <ns3:cad>0</ns3:cad>
          </ns3:TrackPointExtension>
        </extensions>
      </trkpt>
      <trkpt lat="42.04000792466104030609130859375" lon="128.0568704567849636077880859375">
        <ele>1948.199951171875</ele>
        <time>2026-10-03T06:54:41.000Z</time>
        <extensions>
          <ns3:TrackPointExtension>
            <ns3:hr>136</ns3:hr>
            <ns3:cad>0</ns3:cad>
          </ns3:TrackPointExtension>
        </extensions>
      </trkpt>
      <trkpt lat="42.04000809229910373687744140625" lon="128.05687406100332736968994140625">
        <ele>1948.199951171875</ele>
        <time>2026-10-03T06:54:42.000Z</time>
        <extensions>
          <ns3:TrackPointExtension>
            <ns3:hr>136</ns3:hr>
            <ns3:cad>0</ns3:cad>
          </ns3:TrackPointExtension>
        </extensions>
      </trkpt>
      <trkpt lat="42.04000809229910373687744140625" lon="128.05687758140265941619873046875">
        <ele>1948.199951171875</ele>
        <time>2026-10-03T06:54:46.000Z</time>
        <extensions>
          <ns3:TrackPointExtension>
            <ns3:hr>133</ns3:hr>
            <ns3:cad>0</ns3:cad>
          </ns3:TrackPointExtension>
        </extensions>
      </trkpt>
      <trkpt lat="42.04000867903232574462890625" lon="128.05687758140265941619873046875">
        <ele>1948</ele>
        <time>2026-10-03T06:54:51.000Z</time>
        <extensions>
          <ns3:TrackPointExtension>
            <ns3:hr>131</ns3:hr>
            <ns3:cad>0</ns3:cad>
          </ns3:TrackPointExtension>
        </extensions>
      </trkpt>
      <trkpt lat="42.04000867903232574462890625" lon="128.05687758140265941619873046875">
        <ele>1947.800048828125</ele>
        <time>2026-10-03T06:54:55.000Z</time>
        <extensions>
          <ns3:TrackPointExtension>
            <ns3:hr>127</ns3:hr>
            <ns3:cad>0</ns3:cad>
          </ns3:TrackPointExtension>
        </extensions>
      </trkpt>
      <trkpt lat="42.04000792466104030609130859375" lon="128.05687741376459598541259765625">
        <ele>1947.5999755859375</ele>
        <time>2026-10-03T06:54:58.000Z</time>
        <extensions>
          <ns3:TrackPointExtension>
            <ns3:hr>123</ns3:hr>
            <ns3:cad>0</ns3:cad>
          </ns3:TrackPointExtension>
        </extensions>
      </trkpt>
      <trkpt lat="42.040007673203945159912109375" lon="128.0568707920610904693603515625">
        <ele>1947.5999755859375</ele>
        <time>2026-10-03T06:55:01.000Z</time>
        <extensions>
          <ns3:TrackPointExtension>
            <ns3:hr>120</ns3:hr>
            <ns3:cad>0</ns3:cad>
          </ns3:TrackPointExtension>
        </extensions>
      </trkpt>
      <trkpt lat="42.04000339843332767486572265625" lon="128.0568701215088367462158203125">
        <ele>1947</ele>
        <time>2026-10-03T06:55:13.000Z</time>
        <extensions>
          <ns3:TrackPointExtension>
            <ns3:hr>121</ns3:hr>
            <ns3:cad>41</ns3:cad>
          </ns3:TrackPointExtension>
        </extensions>
      </trkpt>
      <trkpt lat="42.03997003845870494842529296875" lon="128.0569101870059967041015625">
        <ele>1946.5999755859375</ele>
        <time>2026-10-03T06:55:30.000Z</time>
        <extensions>
          <ns3:TrackPointExtension>
            <ns3:hr>118</ns3:hr>
            <ns3:cad>76</ns3:cad>
          </ns3:TrackPointExtension>
        </extensions>
      </trkpt>
      <trkpt lat="42.0399464853107929229736328125" lon="128.056919910013675689697265625">
        <ele>1946.5999755859375</ele>
        <time>2026-10-03T06:55:40.000Z</time>
        <extensions>
          <ns3:TrackPointExtension>
            <ns3:hr>123</ns3:hr>
            <ns3:cad>79</ns3:cad>
          </ns3:TrackPointExtension>
        </extensions>
      </trkpt>
      <trkpt lat="42.03994338400661945343017578125" lon="128.05692066438496112823486328125">
        <ele>1946.5999755859375</ele>
        <time>2026-10-03T06:55:41.000Z</time>
        <extensions>
          <ns3:TrackPointExtension>
            <ns3:hr>126</ns3:hr>
            <ns3:cad>79</ns3:cad>
          </ns3:TrackPointExtension>
        </extensions>
      </trkpt>
      <trkpt lat="42.03994019888341426849365234375" lon="128.056921251118183135986328125">
        <ele>1946.5999755859375</ele>
        <time>2026-10-03T06:55:42.000Z</time>
        <extensions>
          <ns3:TrackPointExtension>
            <ns3:hr>129</ns3:hr>
            <ns3:cad>79</ns3:cad>
          </ns3:TrackPointExtension>
        </extensions>
      </trkpt>
      <trkpt lat="42.03993852250277996063232421875" lon="128.0569217540323734283447265625">
        <ele>1946.5999755859375</ele>
        <time>2026-10-03T06:55:43.000Z</time>
        <extensions>
          <ns3:TrackPointExtension>
            <ns3:hr>132</ns3:hr>
            <ns3:cad>79</ns3:cad>
          </ns3:TrackPointExtension>
        </extensions>
      </trkpt>
      <trkpt lat="42.03993382863700389862060546875" lon="128.05692426860332489013671875">
        <ele>1946.5999755859375</ele>
        <time>2026-10-03T06:55:45.000Z</time>
        <extensions>
          <ns3:TrackPointExtension>
            <ns3:hr>136</ns3:hr>
            <ns3:cad>78</ns3:cad>
          </ns3:TrackPointExtension>
        </extensions>
      </trkpt>
      <trkpt lat="42.039921842515468597412109375" lon="128.05692552588880062103271484375">
        <ele>1946.5999755859375</ele>
        <time>2026-10-03T06:55:47.000Z</time>
        <extensions>
          <ns3:TrackPointExtension>
            <ns3:hr>140</ns3:hr>
            <ns3:cad>77</ns3:cad>
          </ns3:TrackPointExtension>
        </extensions>
      </trkpt>
      <trkpt lat="42.03991480171680450439453125" lon="128.056925944983959197998046875">
        <ele>1946.5999755859375</ele>
        <time>2026-10-03T06:55:49.000Z</time>
        <extensions>
          <ns3:TrackPointExtension>
            <ns3:hr>143</ns3:hr>
            <ns3:cad>41</ns3:cad>
          </ns3:TrackPointExtension>
        </extensions>
      </trkpt>
      <trkpt lat="42.03991220332682132720947265625" lon="128.05692619644105434417724609375">
        <ele>1946.5999755859375</ele>
        <time>2026-10-03T06:55:50.000Z</time>
        <extensions>
          <ns3:TrackPointExtension>
            <ns3:hr>145</ns3:hr>
            <ns3:cad>41</ns3:cad>
          </ns3:TrackPointExtension>
        </extensions>
      </trkpt>
      <trkpt lat="42.03990868292748928070068359375" lon="128.0569321475923061370849609375">
        <ele>1946.5999755859375</ele>
        <time>2026-10-03T06:55:52.000Z</time>
        <extensions>
          <ns3:TrackPointExtension>
            <ns3:hr>148</ns3:hr>
            <ns3:cad>41</ns3:cad>
          </ns3:TrackPointExtension>
        </extensions>
      </trkpt>
      <trkpt lat="42.03990566544234752655029296875" lon="128.05693457834422588348388671875">
        <ele>1946.5999755859375</ele>
        <time>2026-10-03T06:55:54.000Z</time>
        <extensions>
          <ns3:TrackPointExtension>
            <ns3:hr>151</ns3:hr>
            <ns3:cad>40</ns3:cad>
          </ns3:TrackPointExtension>
        </extensions>
      </trkpt>
      <trkpt lat="42.0398975349962711334228515625" lon="128.05693826638162136077880859375">
        <ele>1946.5999755859375</ele>
        <time>2026-10-03T06:56:02.000Z</time>
        <extensions>
          <ns3:TrackPointExtension>
            <ns3:hr>148</ns3:hr>
            <ns3:cad>65</ns3:cad>
          </ns3:TrackPointExtension>
        </extensions>
      </trkpt>
      <trkpt lat="42.0398978702723979949951171875" lon="128.0569693632423877716064453125">
        <ele>1946.5999755859375</ele>
        <time>2026-10-03T06:56:12.000Z</time>
        <extensions>
          <ns3:TrackPointExtension>
            <ns3:hr>151</ns3:hr>
            <ns3:cad>0</ns3:cad>
          </ns3:TrackPointExtension>
        </extensions>
      </trkpt>
      <trkpt lat="42.039897702634334564208984375" lon="128.05697514675557613372802734375">
        <ele>1946.4000244140625</ele>
        <time>2026-10-03T06:56:17.000Z</time>
        <extensions>
          <ns3:TrackPointExtension>
            <ns3:hr>154</ns3:hr>
            <ns3:cad>67</ns3:cad>
          </ns3:TrackPointExtension>
        </extensions>
      </trkpt>
      <trkpt lat="42.03989644534885883331298828125" lon="128.05698051117360591888427734375">
        <ele>1946</ele>
        <time>2026-10-03T06:56:24.000Z</time>
        <extensions>
          <ns3:TrackPointExtension>
            <ns3:hr>155</ns3:hr>
            <ns3:cad>0</ns3:cad>
          </ns3:TrackPointExtension>
        </extensions>
      </trkpt>
      <trkpt lat="42.03985503874719142913818359375" lon="128.05700414814054965972900390625">
        <ele>1945.800048828125</ele>
        <time>2026-10-03T06:56:43.000Z</time>
        <extensions>
          <ns3:TrackPointExtension>
            <ns3:hr>152</ns3:hr>
            <ns3:cad>54</ns3:cad>
          </ns3:TrackPointExtension>
        </extensions>
      </trkpt>
      <trkpt lat="42.03979502432048320770263671875" lon="128.05700532160699367523193359375">
        <ele>1945.800048828125</ele>
        <time>2026-10-03T06:57:05.000Z</time>
        <extensions>
          <ns3:TrackPointExtension>
            <ns3:hr>156</ns3:hr>
            <ns3:cad>68</ns3:cad>
          </ns3:TrackPointExtension>
        </extensions>
      </trkpt>
      <trkpt lat="42.039785049855709075927734375" lon="128.0570052377879619598388671875">
        <ele>1945.800048828125</ele>
        <time>2026-10-03T06:57:08.000Z</time>
        <extensions>
          <ns3:TrackPointExtension>
            <ns3:hr>158</ns3:hr>
            <ns3:cad>67</ns3:cad>
          </ns3:TrackPointExtension>
        </extensions>
      </trkpt>
      <trkpt lat="42.03977121971547603607177734375" lon="128.05700515396893024444580078125">
        <ele>1945.800048828125</ele>
        <time>2026-10-03T06:57:11.000Z</time>
        <extensions>
          <ns3:TrackPointExtension>
            <ns3:hr>157</ns3:hr>
            <ns3:cad>66</ns3:cad>
          </ns3:TrackPointExtension>
        </extensions>
      </trkpt>
      <trkpt lat="42.0397627539932727813720703125" lon="128.05700515396893024444580078125">
        <ele>1945.800048828125</ele>
        <time>2026-10-03T06:57:13.000Z</time>
        <extensions>
          <ns3:TrackPointExtension>
            <ns3:hr>157</ns3:hr>
            <ns3:cad>66</ns3:cad>
          </ns3:TrackPointExtension>
        </extensions>
      </trkpt>
      <trkpt lat="42.039755545556545257568359375" lon="128.057005070149898529052734375">
        <ele>1945.800048828125</ele>
        <time>2026-10-03T06:57:15.000Z</time>
        <extensions>
          <ns3:TrackPointExtension>
            <ns3:hr>156</ns3:hr>
            <ns3:cad>66</ns3:cad>
          </ns3:TrackPointExtension>
        </extensions>
      </trkpt>
      <trkpt lat="42.0397406257688999176025390625" lon="128.05700448341667652130126953125">
        <ele>1945.800048828125</ele>
        <time>2026-10-03T06:57:19.000Z</time>
        <extensions>
          <ns3:TrackPointExtension>
            <ns3:hr>153</ns3:hr>
            <ns3:cad>0</ns3:cad>
          </ns3:TrackPointExtension>
        </extensions>
      </trkpt>
      <trkpt lat="42.03972662799060344696044921875" lon="128.057001717388629913330078125">
        <ele>1945.800048828125</ele>
        <time>2026-10-03T06:57:23.000Z</time>
        <extensions>
          <ns3:TrackPointExtension>
            <ns3:hr>150</ns3:hr>
            <ns3:cad>42</ns3:cad>
          </ns3:TrackPointExtension>
        </extensions>
      </trkpt>
      <trkpt lat="42.0397062599658966064453125" lon="128.0569958500564098358154296875">
        <ele>1945.800048828125</ele>
        <time>2026-10-03T06:57:31.000Z</time>
        <extensions>
          <ns3:TrackPointExtension>
            <ns3:hr>153</ns3:hr>
            <ns3:cad>42</ns3:cad>
          </ns3:TrackPointExtension>
        </extensions>
      </trkpt>
      <trkpt lat="42.039700560271739959716796875" lon="128.0569928325712680816650390625">
        <ele>1945.800048828125</ele>
        <time>2026-10-03T06:57:34.000Z</time>
        <extensions>
          <ns3:TrackPointExtension>
            <ns3:hr>156</ns3:hr>
            <ns3:cad>78</ns3:cad>
          </ns3:TrackPointExtension>
        </extensions>
      </trkpt>
      <trkpt lat="42.0396950282156467437744140625" lon="128.056989647448062896728515625">
        <ele>1945.800048828125</ele>
        <time>2026-10-03T06:57:39.000Z</time>
        <extensions>
          <ns3:TrackPointExtension>
            <ns3:hr>159</ns3:hr>
            <ns3:cad>40</ns3:cad>
          </ns3:TrackPointExtension>
        </extensions>
      </trkpt>
      <trkpt lat="42.03963828273117542266845703125" lon="128.0569026432931423187255859375">
        <ele>1945.800048828125</ele>
        <time>2026-10-03T06:57:44.000Z</time>
        <extensions>
          <ns3:TrackPointExtension>
            <ns3:hr>162</ns3:hr>
            <ns3:cad>40</ns3:cad>
          </ns3:TrackPointExtension>
        </extensions>
      </trkpt>
      <trkpt lat="42.03954440541565418243408203125" lon="128.05677138268947601318359375">
        <ele>1945.800048828125</ele>
        <time>2026-10-03T06:57:51.000Z</time>
        <extensions>
          <ns3:TrackPointExtension>
            <ns3:hr>159</ns3:hr>
            <ns3:cad>45</ns3:cad>
          </ns3:TrackPointExtension>
        </extensions>
      </trkpt>
      <trkpt lat="42.0395136438310146331787109375" lon="128.05674766190350055694580078125">
        <ele>1945.800048828125</ele>
        <time>2026-10-03T06:57:57.000Z</time>
        <extensions>
          <ns3:TrackPointExtension>
            <ns3:hr>158</ns3:hr>
            <ns3:cad>0</ns3:cad>
          </ns3:TrackPointExtension>
        </extensions>
      </trkpt>
      <trkpt lat="42.03950584866106510162353515625" lon="128.0567544512450695037841796875">
        <ele>1945.800048828125</ele>
        <time>2026-10-03T06:58:04.000Z</time>
        <extensions>
          <ns3:TrackPointExtension>
            <ns3:hr>161</ns3:hr>
            <ns3:cad>43</ns3:cad>
          </ns3:TrackPointExtension>
        </extensions>
      </trkpt>
      <trkpt lat="42.039437703788280487060546875" lon="128.05672310292720794677734375">
        <ele>1945.800048828125</ele>
        <time>2026-10-03T06:58:10.000Z</time>
        <extensions>
          <ns3:TrackPointExtension>
            <ns3:hr>160</ns3:hr>
            <ns3:cad>43</ns3:cad>
          </ns3:TrackPointExtension>
        </extensions>
      </trkpt>
      <trkpt lat="42.03943208791315555572509765625" lon="128.05673919618129730224609375">
        <ele>1945.800048828125</ele>
        <time>2026-10-03T06:58:13.000Z</time>
        <extensions>
          <ns3:TrackPointExtension>
            <ns3:hr>157</ns3:hr>
            <ns3:cad>43</ns3:cad>
          </ns3:TrackPointExtension>
        </extensions>
      </trkpt>
      <trkpt lat="42.0394227840006351470947265625" lon="128.0567350052297115325927734375">
        <ele>1945.800048828125</ele>
        <time>2026-10-03T06:58:15.000Z</time>
        <extensions>
          <ns3:TrackPointExtension>
            <ns3:hr>156</ns3:hr>
            <ns3:cad>43</ns3:cad>
          </ns3:TrackPointExtension>
        </extensions>
      </trkpt>
      <trkpt lat="42.03941096551716327667236328125" lon="128.05672033689916133880615234375">
        <ele>1945.800048828125</ele>
        <time>2026-10-03T06:58:22.000Z</time>
        <extensions>
          <ns3:TrackPointExtension>
            <ns3:hr>155</ns3:hr>
            <ns3:cad>43</ns3:cad>
          </ns3:TrackPointExtension>
        </extensions>
      </trkpt>
      <trkpt lat="42.0394207723438739776611328125" lon="128.05668882094323635101318359375">
        <ele>1945.800048828125</ele>
        <time>2026-10-03T06:58:28.000Z</time>
        <extensions>
          <ns3:TrackPointExtension>
            <ns3:hr>157</ns3:hr>
            <ns3:cad>77</ns3:cad>
          </ns3:TrackPointExtension>
        </extensions>
      </trkpt>
      <trkpt lat="42.0393671281635761260986328125" lon="128.05664540268480777740478515625">
        <ele>1945</ele>
        <time>2026-10-03T06:58:35.000Z</time>
        <extensions>
          <ns3:TrackPointExtension>
            <ns3:hr>156</ns3:hr>
            <ns3:cad>77</ns3:cad>
          </ns3:TrackPointExtension>
        </extensions>
      </trkpt>
      <trkpt lat="42.0393602550029754638671875" lon="128.056644983589649200439453125">
        <ele>1944.800048828125</ele>
        <time>2026-10-03T06:58:36.000Z</time>
        <extensions>
          <ns3:TrackPointExtension>
            <ns3:hr>156</ns3:hr>
            <ns3:cad>44</ns3:cad>
          </ns3:TrackPointExtension>
        </extensions>
      </trkpt>
      <trkpt lat="42.0393289066851139068603515625" lon="128.0566231906414031982421875">
        <ele>1943.800048828125</ele>
        <time>2026-10-03T06:58:43.000Z</time>
        <extensions>
          <ns3:TrackPointExtension>
            <ns3:hr>156</ns3:hr>
            <ns3:cad>0</ns3:cad>
          </ns3:TrackPointExtension>
        </extensions>
      </trkpt>
      <trkpt lat="42.0393258891999721527099609375" lon="128.05661958642303943634033203125">
        <ele>1943.800048828125</ele>
        <time>2026-10-03T06:58:44.000Z</time>
        <extensions>
          <ns3:TrackPointExtension>
            <ns3:hr>157</ns3:hr>
            <ns3:cad>0</ns3:cad>
          </ns3:TrackPointExtension>
        </extensions>
      </trkpt>
      <trkpt lat="42.03930837102234363555908203125" lon="128.05662746541202068328857421875">
        <ele>1942.800048828125</ele>
        <time>2026-10-03T06:58:48.000Z</time>
        <extensions>
          <ns3:TrackPointExtension>
            <ns3:hr>157</ns3:hr>
            <ns3:cad>0</ns3:cad>
          </ns3:TrackPointExtension>
        </extensions>
      </trkpt>
      <trkpt lat="42.0393039286136627197265625" lon="128.05661849677562713623046875">
        <ele>1942.5999755859375</ele>
        <time>2026-10-03T06:58:50.000Z</time>
        <extensions>
          <ns3:TrackPointExtension>
            <ns3:hr>156</ns3:hr>
            <ns3:cad>0</ns3:cad>
          </ns3:TrackPointExtension>
        </extensions>
      </trkpt>
      <trkpt lat="42.0393012464046478271484375" lon="128.05661388672888278961181640625">
        <ele>1942.800048828125</ele>
        <time>2026-10-03T06:58:54.000Z</time>
        <extensions>
          <ns3:TrackPointExtension>
            <ns3:hr>153</ns3:hr>
            <ns3:cad>0</ns3:cad>
          </ns3:TrackPointExtension>
        </extensions>
      </trkpt>
      <trkpt lat="42.03929512761533260345458984375" lon="128.05660651065409183502197265625">
        <ele>1942.800048828125</ele>
        <time>2026-10-03T06:58:56.000Z</time>
        <extensions>
          <ns3:TrackPointExtension>
            <ns3:hr>153</ns3:hr>
            <ns3:cad>0</ns3:cad>
          </ns3:TrackPointExtension>
        </extensions>
      </trkpt>
      <trkpt lat="42.0392931997776031494140625" lon="128.05658421479165554046630859375">
        <ele>1943</ele>
        <time>2026-10-03T06:59:00.000Z</time>
        <extensions>
          <ns3:TrackPointExtension>
            <ns3:hr>150</ns3:hr>
            <ns3:cad>0</ns3:cad>
          </ns3:TrackPointExtension>
        </extensions>
      </trkpt>
      <trkpt lat="42.0392931997776031494140625" lon="128.05658421479165554046630859375">
        <ele>1944</ele>
        <time>2026-10-03T06:59:04.000Z</time>
        <extensions>
          <ns3:TrackPointExtension>
            <ns3:hr>147</ns3:hr>
            <ns3:cad>0</ns3:cad>
          </ns3:TrackPointExtension>
        </extensions>
      </trkpt>
      <trkpt lat="42.0392931997776031494140625" lon="128.05658421479165554046630859375">
        <ele>1944.4000244140625</ele>
        <time>2026-10-03T06:59:06.000Z</time>
        <extensions>
          <ns3:TrackPointExtension>
            <ns3:hr>146</ns3:hr>
            <ns3:cad>0</ns3:cad>
          </ns3:TrackPointExtension>
        </extensions>
      </trkpt>
      <trkpt lat="42.0392931997776031494140625" lon="128.05658421479165554046630859375">
        <ele>1944.800048828125</ele>
        <time>2026-10-03T06:59:10.000Z</time>
        <extensions>
          <ns3:TrackPointExtension>
            <ns3:hr>143</ns3:hr>
            <ns3:cad>0</ns3:cad>
          </ns3:TrackPointExtension>
        </extensions>
      </trkpt>
      <trkpt lat="42.03929143957793712615966796875" lon="128.05658421479165554046630859375">
        <ele>1944.800048828125</ele>
        <time>2026-10-03T06:59:16.000Z</time>
        <extensions>
          <ns3:TrackPointExtension>
            <ns3:hr>140</ns3:hr>
            <ns3:cad>0</ns3:cad>
          </ns3:TrackPointExtension>
        </extensions>
      </trkpt>
      <trkpt lat="42.03929143957793712615966796875" lon="128.05658421479165554046630859375">
        <ele>1945.199951171875</ele>
        <time>2026-10-03T06:59:19.000Z</time>
        <extensions>
          <ns3:TrackPointExtension>
            <ns3:hr>139</ns3:hr>
            <ns3:cad>0</ns3:cad>
          </ns3:TrackPointExtension>
        </extensions>
      </trkpt>
      <trkpt lat="42.03928808681666851043701171875" lon="128.0565516091883182525634765625">
        <ele>1945.800048828125</ele>
        <time>2026-10-03T06:59:25.000Z</time>
        <extensions>
          <ns3:TrackPointExtension>
            <ns3:hr>136</ns3:hr>
            <ns3:cad>0</ns3:cad>
          </ns3:TrackPointExtension>
        </extensions>
      </trkpt>
      <trkpt lat="42.03928439877927303314208984375" lon="128.0565454065799713134765625">
        <ele>1946.199951171875</ele>
        <time>2026-10-03T06:59:32.000Z</time>
        <extensions>
          <ns3:TrackPointExtension>
            <ns3:hr>133</ns3:hr>
            <ns3:cad>0</ns3:cad>
          </ns3:TrackPointExtension>
        </extensions>
      </trkpt>
      <trkpt lat="42.039283812046051025390625" lon="128.0565454065799713134765625">
        <ele>1946.199951171875</ele>
        <time>2026-10-03T06:59:33.000Z</time>
        <extensions>
          <ns3:TrackPointExtension>
            <ns3:hr>133</ns3:hr>
            <ns3:cad>0</ns3:cad>
          </ns3:TrackPointExtension>
        </extensions>
      </trkpt>
      <trkpt lat="42.03928054310381412506103515625" lon="128.056540377438068389892578125">
        <ele>1947</ele>
        <time>2026-10-03T06:59:47.000Z</time>
        <extensions>
          <ns3:TrackPointExtension>
            <ns3:hr>130</ns3:hr>
            <ns3:cad>0</ns3:cad>
          </ns3:TrackPointExtension>
        </extensions>
      </trkpt>
      <trkpt lat="42.03927987255156040191650390625" lon="128.056540377438068389892578125">
        <ele>1947.199951171875</ele>
        <time>2026-10-03T06:59:50.000Z</time>
        <extensions>
          <ns3:TrackPointExtension>
            <ns3:hr>128</ns3:hr>
            <ns3:cad>0</ns3:cad>
          </ns3:TrackPointExtension>
        </extensions>
      </trkpt>
      <trkpt lat="42.03927970491349697113037109375" lon="128.05652118287980556488037109375">
        <ele>1947.4000244140625</ele>
        <time>2026-10-03T06:59:56.000Z</time>
        <extensions>
          <ns3:TrackPointExtension>
            <ns3:hr>125</ns3:hr>
            <ns3:cad>0</ns3:cad>
          </ns3:TrackPointExtension>
        </extensions>
      </trkpt>
      <trkpt lat="42.0392742566764354705810546875" lon="128.05642378516495227813720703125">
        <ele>1947.199951171875</ele>
        <time>2026-10-03T07:00:03.000Z</time>
        <extensions>
          <ns3:TrackPointExtension>
            <ns3:hr>123</ns3:hr>
            <ns3:cad>48</ns3:cad>
          </ns3:TrackPointExtension>
        </extensions>
      </trkpt>
      <trkpt lat="42.03925992362201213836669921875" lon="128.056393526494503021240234375">
        <ele>1946</ele>
        <time>2026-10-03T07:00:06.000Z</time>
        <extensions>
          <ns3:TrackPointExtension>
            <ns3:hr>123</ns3:hr>
            <ns3:cad>48</ns3:cad>
          </ns3:TrackPointExtension>
        </extensions>
      </trkpt>
      <trkpt lat="42.039246261119842529296875" lon="128.0563866533339023590087890625">
        <ele>1945</ele>
        <time>2026-10-03T07:00:09.000Z</time>
        <extensions>
          <ns3:TrackPointExtension>
            <ns3:hr>121</ns3:hr>
            <ns3:cad>0</ns3:cad>
          </ns3:TrackPointExtension>
        </extensions>
      </trkpt>
      <trkpt lat="42.03923729248344898223876953125" lon="128.05636511184275150299072265625">
        <ele>1943.5999755859375</ele>
        <time>2026-10-03T07:00:12.000Z</time>
        <extensions>
          <ns3:TrackPointExtension>
            <ns3:hr>120</ns3:hr>
            <ns3:cad>41</ns3:cad>
          </ns3:TrackPointExtension>
        </extensions>
      </trkpt>
      <trkpt lat="42.03924357891082763671875" lon="128.05636209435760974884033203125">
        <ele>1942.800048828125</ele>
        <time>2026-10-03T07:00:15.000Z</time>
        <extensions>
          <ns3:TrackPointExtension>
            <ns3:hr>118</ns3:hr>
            <ns3:cad>0</ns3:cad>
          </ns3:TrackPointExtension>
        </extensions>
      </trkpt>
      <trkpt lat="42.03927350230515003204345703125" lon="128.056403584778308868408203125">
        <ele>1942.5999755859375</ele>
        <time>2026-10-03T07:00:20.000Z</time>
        <extensions>
          <ns3:TrackPointExtension>
            <ns3:hr>115</ns3:hr>
            <ns3:cad>0</ns3:cad>
          </ns3:TrackPointExtension>
        </extensions>
      </trkpt>
      <trkpt lat="42.03927534632384777069091796875" lon="128.05642328225076198577880859375">
        <ele>1942.800048828125</ele>
        <time>2026-10-03T07:00:23.000Z</time>
        <extensions>
          <ns3:TrackPointExtension>
            <ns3:hr>116</ns3:hr>
            <ns3:cad>45</ns3:cad>
          </ns3:TrackPointExtension>
        </extensions>
      </trkpt>
      <trkpt lat="42.03925439156591892242431640625" lon="128.056441135704517364501953125">
        <ele>1942.800048828125</ele>
        <time>2026-10-03T07:00:29.000Z</time>
        <extensions>
          <ns3:TrackPointExtension>
            <ns3:hr>119</ns3:hr>
            <ns3:cad>52</ns3:cad>
          </ns3:TrackPointExtension>
        </extensions>
      </trkpt>
      <trkpt lat="42.03924668021500110626220703125" lon="128.05643468163907527923583984375">
        <ele>1942.800048828125</ele>
        <time>2026-10-03T07:00:30.000Z</time>
        <extensions>
          <ns3:TrackPointExtension>
            <ns3:hr>119</ns3:hr>
            <ns3:cad>51</ns3:cad>
          </ns3:TrackPointExtension>
        </extensions>
      </trkpt>
      <trkpt lat="42.03922337852418422698974609375" lon="128.05642965249717235565185546875">
        <ele>1942.5999755859375</ele>
        <time>2026-10-03T07:00:33.000Z</time>
        <extensions>
          <ns3:TrackPointExtension>
            <ns3:hr>119</ns3:hr>
            <ns3:cad>53</ns3:cad>
          </ns3:TrackPointExtension>
        </extensions>
      </trkpt>
      <trkpt lat="42.0391706563532352447509765625" lon="128.0564339272677898406982421875">
        <ele>1942.199951171875</ele>
        <time>2026-10-03T07:00:38.000Z</time>
        <extensions>
          <ns3:TrackPointExtension>
            <ns3:hr>119</ns3:hr>
            <ns3:cad>51</ns3:cad>
          </ns3:TrackPointExtension>
        </extensions>
      </trkpt>
      <trkpt lat="42.039160430431365966796875" lon="128.056429065763950347900390625">
        <ele>1942.4000244140625</ele>
        <time>2026-10-03T07:00:39.000Z</time>
        <extensions>
          <ns3:TrackPointExtension>
            <ns3:hr>119</ns3:hr>
            <ns3:cad>45</ns3:cad>
          </ns3:TrackPointExtension>
        </extensions>
      </trkpt>
      <trkpt lat="42.03913939185440540313720703125" lon="128.05641867220401763916015625">
        <ele>1942.800048828125</ele>
        <time>2026-10-03T07:00:41.000Z</time>
        <extensions>
          <ns3:TrackPointExtension>
            <ns3:hr>119</ns3:hr>
            <ns3:cad>43</ns3:cad>
          </ns3:TrackPointExtension>
        </extensions>
      </trkpt>
      <trkpt lat="42.03914056532084941864013671875" lon="128.05639126338064670562744140625">
        <ele>1943.199951171875</ele>
        <time>2026-10-03T07:00:43.000Z</time>
        <extensions>
          <ns3:TrackPointExtension>
            <ns3:hr>119</ns3:hr>
            <ns3:cad>42</ns3:cad>
          </ns3:TrackPointExtension>
        </extensions>
      </trkpt>
      <trkpt lat="42.03913972713053226470947265625" lon="128.056389503180980682373046875">
        <ele>1943.4000244140625</ele>
        <time>2026-10-03T07:00:44.000Z</time>
        <extensions>
          <ns3:TrackPointExtension>
            <ns3:hr>119</ns3:hr>
            <ns3:cad>42</ns3:cad>
          </ns3:TrackPointExtension>
        </extensions>
      </trkpt>
      <trkpt lat="42.03914039768278598785400390625" lon="128.05638405494391918182373046875">
        <ele>1943.4000244140625</ele>
        <time>2026-10-03T07:00:46.000Z</time>
        <extensions>
          <ns3:TrackPointExtension>
            <ns3:hr>120</ns3:hr>
            <ns3:cad>0</ns3:cad>
          </ns3:TrackPointExtension>
        </extensions>
      </trkpt>
      <trkpt lat="42.03914743848145008087158203125" lon="128.0563910119235515594482421875">
        <ele>1942.800048828125</ele>
        <time>2026-10-03T07:00:51.000Z</time>
        <extensions>
          <ns3:TrackPointExtension>
            <ns3:hr>121</ns3:hr>
            <ns3:cad>0</ns3:cad>
          </ns3:TrackPointExtension>
        </extensions>
      </trkpt>
      <trkpt lat="42.03913721255958080291748046875" lon="128.05639126338064670562744140625">
        <ele>1943.4000244140625</ele>
        <time>2026-10-03T07:01:00.000Z</time>
        <extensions>
          <ns3:TrackPointExtension>
            <ns3:hr>118</ns3:hr>
            <ns3:cad>0</ns3:cad>
          </ns3:TrackPointExtension>
        </extensions>
      </trkpt>
      <trkpt lat="42.03913721255958080291748046875" lon="128.05639126338064670562744140625">
        <ele>1943.5999755859375</ele>
        <time>2026-10-03T07:01:02.000Z</time>
        <extensions>
          <ns3:TrackPointExtension>
            <ns3:hr>117</ns3:hr>
            <ns3:cad>0</ns3:cad>
          </ns3:TrackPointExtension>
        </extensions>
      </trkpt>
      <trkpt lat="42.03913721255958080291748046875" lon="128.0563910119235515594482421875">
        <ele>1943.800048828125</ele>
        <time>2026-10-03T07:01:05.000Z</time>
        <extensions>
          <ns3:TrackPointExtension>
            <ns3:hr>116</ns3:hr>
            <ns3:cad>0</ns3:cad>
          </ns3:TrackPointExtension>
        </extensions>
      </trkpt>
      <trkpt lat="42.03913201577961444854736328125" lon="128.05639713071286678314208984375">
        <ele>1943</ele>
        <time>2026-10-03T07:01:44.000Z</time>
        <extensions>
          <ns3:TrackPointExtension>
            <ns3:hr>114</ns3:hr>
            <ns3:cad>0</ns3:cad>
          </ns3:TrackPointExtension>
        </extensions>
      </trkpt>
      <trkpt lat="42.03912212513387203216552734375" lon="128.05638472549617290496826171875">
        <ele>1942.5999755859375</ele>
        <time>2026-10-03T07:01:47.000Z</time>
        <extensions>
          <ns3:TrackPointExtension>
            <ns3:hr>113</ns3:hr>
            <ns3:cad>40</ns3:cad>
          </ns3:TrackPointExtension>
        </extensions>
      </trkpt>
      <trkpt lat="42.0391049422323703765869140625" lon="128.05635773576796054840087890625">
        <ele>1943</ele>
        <time>2026-10-03T07:01:52.000Z</time>
        <extensions>
          <ns3:TrackPointExtension>
            <ns3:hr>113</ns3:hr>
            <ns3:cad>0</ns3:cad>
          </ns3:TrackPointExtension>
        </extensions>
      </trkpt>
      <trkpt lat="42.039050124585628509521484375" lon="128.0563474260270595550537109375">
        <ele>1943</ele>
        <time>2026-10-03T07:01:59.000Z</time>
        <extensions>
          <ns3:TrackPointExtension>
            <ns3:hr>115</ns3:hr>
            <ns3:cad>44</ns3:cad>
          </ns3:TrackPointExtension>
        </extensions>
      </trkpt>
      <trkpt lat="42.03901601023972034454345703125" lon="128.05634499527513980865478515625">
        <ele>1942.199951171875</ele>
        <time>2026-10-03T07:02:05.000Z</time>
        <extensions>
          <ns3:TrackPointExtension>
            <ns3:hr>118</ns3:hr>
            <ns3:cad>41</ns3:cad>
          </ns3:TrackPointExtension>
        </extensions>
      </trkpt>
      <trkpt lat="42.0390033535659313201904296875" lon="128.05633778683841228485107421875">
        <ele>1941.800048828125</ele>
        <time>2026-10-03T07:02:07.000Z</time>
        <extensions>
          <ns3:TrackPointExtension>
            <ns3:hr>118</ns3:hr>
            <ns3:cad>41</ns3:cad>
          </ns3:TrackPointExtension>
        </extensions>
      </trkpt>
      <trkpt lat="42.0389899425208568572998046875" lon="128.05631012655794620513916015625">
        <ele>1941.5999755859375</ele>
        <time>2026-10-03T07:02:10.000Z</time>
        <extensions>
          <ns3:TrackPointExtension>
            <ns3:hr>118</ns3:hr>
            <ns3:cad>45</ns3:cad>
          </ns3:TrackPointExtension>
        </extensions>
      </trkpt>
      <trkpt lat="42.038975022733211517333984375" lon="128.05627039633691310882568359375">
        <ele>1940.5999755859375</ele>
        <time>2026-10-03T07:02:14.000Z</time>
        <extensions>
          <ns3:TrackPointExtension>
            <ns3:hr>118</ns3:hr>
            <ns3:cad>44</ns3:cad>
          </ns3:TrackPointExtension>
        </extensions>
      </trkpt>
      <trkpt lat="42.03897359780967235565185546875" lon="128.05623284541070461273193359375">
        <ele>1939.800048828125</ele>
        <time>2026-10-03T07:02:17.000Z</time>
        <extensions>
          <ns3:TrackPointExtension>
            <ns3:hr>119</ns3:hr>
            <ns3:cad>45</ns3:cad>
          </ns3:TrackPointExtension>
        </extensions>
      </trkpt>
      <trkpt lat="42.0389701612293720245361328125" lon="128.05620803497731685638427734375">
        <ele>1939.5999755859375</ele>
        <time>2026-10-03T07:02:19.000Z</time>
        <extensions>
          <ns3:TrackPointExtension>
            <ns3:hr>120</ns3:hr>
            <ns3:cad>45</ns3:cad>
          </ns3:TrackPointExtension>
        </extensions>
      </trkpt>
      <trkpt lat="42.0389651320874691009521484375" lon="128.0561982281506061553955078125">
        <ele>1939.4000244140625</ele>
        <time>2026-10-03T07:02:20.000Z</time>
        <extensions>
          <ns3:TrackPointExtension>
            <ns3:hr>121</ns3:hr>
            <ns3:cad>44</ns3:cad>
          </ns3:TrackPointExtension>
        </extensions>
      </trkpt>
      <trkpt lat="42.03895800746977329254150390625" lon="128.0561489425599575042724609375">
        <ele>1939</ele>
        <time>2026-10-03T07:02:25.000Z</time>
        <extensions>
          <ns3:TrackPointExtension>
            <ns3:hr>121</ns3:hr>
            <ns3:cad>44</ns3:cad>
          </ns3:TrackPointExtension>
        </extensions>
      </trkpt>
      <trkpt lat="42.038948871195316314697265625" lon="128.05613100528717041015625">
        <ele>1938.800048828125</ele>
        <time>2026-10-03T07:02:28.000Z</time>
        <extensions>
          <ns3:TrackPointExtension>
            <ns3:hr>121</ns3:hr>
            <ns3:cad>0</ns3:cad>
          </ns3:TrackPointExtension>
        </extensions>
      </trkpt>
      <trkpt lat="42.038944177329540252685546875" lon="128.0561281554400920867919921875">
        <ele>1938.800048828125</ele>
        <time>2026-10-03T07:02:29.000Z</time>
        <extensions>
          <ns3:TrackPointExtension>
            <ns3:hr>121</ns3:hr>
            <ns3:cad>0</ns3:cad>
          </ns3:TrackPointExtension>
        </extensions>
      </trkpt>
      <trkpt lat="42.03894074074923992156982421875" lon="128.056108541786670684814453125">
        <ele>1938.5999755859375</ele>
        <time>2026-10-03T07:02:32.000Z</time>
        <extensions>
          <ns3:TrackPointExtension>
            <ns3:hr>121</ns3:hr>
            <ns3:cad>0</ns3:cad>
          </ns3:TrackPointExtension>
        </extensions>
      </trkpt>
      <trkpt lat="42.038938142359256744384765625" lon="128.05609269998967647552490234375">
        <ele>1938.800048828125</ele>
        <time>2026-10-03T07:02:34.000Z</time>
        <extensions>
          <ns3:TrackPointExtension>
            <ns3:hr>121</ns3:hr>
            <ns3:cad>0</ns3:cad>
          </ns3:TrackPointExtension>
        </extensions>
      </trkpt>
      <trkpt lat="42.03892934136092662811279296875" lon="128.05608264170587062835693359375">
        <ele>1938.800048828125</ele>
        <time>2026-10-03T07:02:36.000Z</time>
        <extensions>
          <ns3:TrackPointExtension>
            <ns3:hr>122</ns3:hr>
            <ns3:cad>0</ns3:cad>
          </ns3:TrackPointExtension>
        </extensions>
      </trkpt>
      <trkpt lat="42.03890201635658740997314453125" lon="128.0560678057372570037841796875">
        <ele>1938.4000244140625</ele>
        <time>2026-10-03T07:02:42.000Z</time>
        <extensions>
          <ns3:TrackPointExtension>
            <ns3:hr>121</ns3:hr>
            <ns3:cad>0</ns3:cad>
          </ns3:TrackPointExtension>
        </extensions>
      </trkpt>
      <trkpt lat="42.03889690339565277099609375" lon="128.05607174523174762725830078125">
        <ele>1937.4000244140625</ele>
        <time>2026-10-03T07:02:47.000Z</time>
        <extensions>
          <ns3:TrackPointExtension>
            <ns3:hr>122</ns3:hr>
            <ns3:cad>0</ns3:cad>
          </ns3:TrackPointExtension>
        </extensions>
      </trkpt>
      <trkpt lat="42.03889531083405017852783203125" lon="128.05606856010854244232177734375">
        <ele>1937.199951171875</ele>
        <time>2026-10-03T07:02:48.000Z</time>
        <extensions>
          <ns3:TrackPointExtension>
            <ns3:hr>122</ns3:hr>
            <ns3:cad>0</ns3:cad>
          </ns3:TrackPointExtension>
        </extensions>
      </trkpt>
      <trkpt lat="42.038891203701496124267578125" lon="128.05605313740670680999755859375">
        <ele>1936.199951171875</ele>
        <time>2026-10-03T07:02:55.000Z</time>
        <extensions>
          <ns3:TrackPointExtension>
            <ns3:hr>122</ns3:hr>
            <ns3:cad>0</ns3:cad>
          </ns3:TrackPointExtension>
        </extensions>
      </trkpt>
      <trkpt lat="42.038891203701496124267578125" lon="128.05605313740670680999755859375">
        <ele>1935.800048828125</ele>
        <time>2026-10-03T07:02:58.000Z</time>
        <extensions>
          <ns3:TrackPointExtension>
            <ns3:hr>122</ns3:hr>
            <ns3:cad>0</ns3:cad>
          </ns3:TrackPointExtension>
        </extensions>
      </trkpt>
      <trkpt lat="42.0388903655111789703369140625" lon="128.056044839322566986083984375">
        <ele>1935.5999755859375</ele>
        <time>2026-10-03T07:03:06.000Z</time>
        <extensions>
          <ns3:TrackPointExtension>
            <ns3:hr>119</ns3:hr>
            <ns3:cad>0</ns3:cad>
          </ns3:TrackPointExtension>
        </extensions>
      </trkpt>
      <trkpt lat="42.03888508491218090057373046875" lon="128.056025393307209014892578125">
        <ele>1934.5999755859375</ele>
        <time>2026-10-03T07:03:12.000Z</time>
        <extensions>
          <ns3:TrackPointExtension>
            <ns3:hr>118</ns3:hr>
            <ns3:cad>0</ns3:cad>
          </ns3:TrackPointExtension>
        </extensions>
      </trkpt>
      <trkpt lat="42.03888391144573688507080078125" lon="128.05602530948817729949951171875">
        <ele>1933</ele>
        <time>2026-10-03T07:03:14.000Z</time>
        <extensions>
          <ns3:TrackPointExtension>
            <ns3:hr>116</ns3:hr>
            <ns3:cad>0</ns3:cad>
          </ns3:TrackPointExtension>
        </extensions>
      </trkpt>
      <trkpt lat="42.038883157074451446533203125" lon="128.05602530948817729949951171875">
        <ele>1931.800048828125</ele>
        <time>2026-10-03T07:03:16.000Z</time>
        <extensions>
          <ns3:TrackPointExtension>
            <ns3:hr>114</ns3:hr>
            <ns3:cad>0</ns3:cad>
          </ns3:TrackPointExtension>
        </extensions>
      </trkpt>
      <trkpt lat="42.0388823188841342926025390625" lon="128.05602530948817729949951171875">
        <ele>1930.4000244140625</ele>
        <time>2026-10-03T07:03:19.000Z</time>
        <extensions>
          <ns3:TrackPointExtension>
            <ns3:hr>112</ns3:hr>
            <ns3:cad>0</ns3:cad>
          </ns3:TrackPointExtension>
        </extensions>
      </trkpt>
      <trkpt lat="42.0388823188841342926025390625" lon="128.05602530948817729949951171875">
        <ele>1929.199951171875</ele>
        <time>2026-10-03T07:03:23.000Z</time>
        <extensions>
          <ns3:TrackPointExtension>
            <ns3:hr>112</ns3:hr>
            <ns3:cad>0</ns3:cad>
          </ns3:TrackPointExtension>
        </extensions>
      </trkpt>
      <trkpt lat="42.03889715485274791717529296875" lon="128.05602514185011386871337890625">
        <ele>1928.199951171875</ele>
        <time>2026-10-03T07:03:50.000Z</time>
        <extensions>
          <ns3:TrackPointExtension>
            <ns3:hr>110</ns3:hr>
            <ns3:cad>0</ns3:cad>
          </ns3:TrackPointExtension>
        </extensions>
      </trkpt>
      <trkpt lat="42.03888273797929286956787109375" lon="128.05602564476430416107177734375">
        <ele>1927</ele>
        <time>2026-10-03T07:03:56.000Z</time>
        <extensions>
          <ns3:TrackPointExtension>
            <ns3:hr>112</ns3:hr>
            <ns3:cad>0</ns3:cad>
          </ns3:TrackPointExtension>
        </extensions>
      </trkpt>
      <trkpt lat="42.0388774573802947998046875" lon="128.056026399135589599609375">
        <ele>1926.5999755859375</ele>
        <time>2026-10-03T07:03:59.000Z</time>
        <extensions>
          <ns3:TrackPointExtension>
            <ns3:hr>109</ns3:hr>
            <ns3:cad>0</ns3:cad>
          </ns3:TrackPointExtension>
        </extensions>
      </trkpt>
      <trkpt lat="42.03887544572353363037109375" lon="128.0560275726020336151123046875">
        <ele>1926.4000244140625</ele>
        <time>2026-10-03T07:04:01.000Z</time>
        <extensions>
          <ns3:TrackPointExtension>
            <ns3:hr>106</ns3:hr>
            <ns3:cad>0</ns3:cad>
          </ns3:TrackPointExtension>
        </extensions>
      </trkpt>
      <trkpt lat="42.03887452371418476104736328125" lon="128.05603570304811000823974609375">
        <ele>1926.199951171875</ele>
        <time>2026-10-03T07:04:05.000Z</time>
        <extensions>
          <ns3:TrackPointExtension>
            <ns3:hr>103</ns3:hr>
            <ns3:cad>0</ns3:cad>
          </ns3:TrackPointExtension>
        </extensions>
      </trkpt>
      <trkpt lat="42.03887452371418476104736328125" lon="128.05603670887649059295654296875">
        <ele>1926</ele>
        <time>2026-10-03T07:04:09.000Z</time>
        <extensions>
          <ns3:TrackPointExtension>
            <ns3:hr>103</ns3:hr>
            <ns3:cad>0</ns3:cad>
          </ns3:TrackPointExtension>
        </extensions>
      </trkpt>
      <trkpt lat="42.0388806425034999847412109375" lon="128.05603637360036373138427734375">
        <ele>1926.199951171875</ele>
        <time>2026-10-03T07:04:19.000Z</time>
        <extensions>
          <ns3:TrackPointExtension>
            <ns3:hr>106</ns3:hr>
            <ns3:cad>0</ns3:cad>
          </ns3:TrackPointExtension>
        </extensions>
      </trkpt>
      <trkpt lat="42.03888273797929286956787109375" lon="128.0560346134006977081298828125">
        <ele>1926.800048828125</ele>
        <time>2026-10-03T07:04:23.000Z</time>
        <extensions>
          <ns3:TrackPointExtension>
            <ns3:hr>109</ns3:hr>
            <ns3:cad>0</ns3:cad>
          </ns3:TrackPointExtension>
        </extensions>
      </trkpt>
      <trkpt lat="42.03888424672186374664306640625" lon="128.0560332722961902618408203125">
        <ele>1927.199951171875</ele>
        <time>2026-10-03T07:04:24.000Z</time>
        <extensions>
          <ns3:TrackPointExtension>
            <ns3:hr>109</ns3:hr>
            <ns3:cad>0</ns3:cad>
          </ns3:TrackPointExtension>
        </extensions>
      </trkpt>
      <trkpt lat="42.0388935506343841552734375" lon="128.05602933280169963836669921875">
        <ele>1928.199951171875</ele>
        <time>2026-10-03T07:04:28.000Z</time>
        <extensions>
          <ns3:TrackPointExtension>
            <ns3:hr>109</ns3:hr>
            <ns3:cad>0</ns3:cad>
          </ns3:TrackPointExtension>
        </extensions>
      </trkpt>
      <trkpt lat="42.03891006298363208770751953125" lon="128.05601491592824459075927734375">
        <ele>1929.199951171875</ele>
        <time>2026-10-03T07:04:36.000Z</time>
        <extensions>
          <ns3:TrackPointExtension>
            <ns3:hr>107</ns3:hr>
            <ns3:cad>0</ns3:cad>
          </ns3:TrackPointExtension>
        </extensions>
      </trkpt>
      <trkpt lat="42.03891559503972530364990234375" lon="128.0559967271983623504638671875">
        <ele>1930.199951171875</ele>
        <time>2026-10-03T07:04:51.000Z</time>
        <extensions>
          <ns3:TrackPointExtension>
            <ns3:hr>110</ns3:hr>
            <ns3:cad>0</ns3:cad>
          </ns3:TrackPointExtension>
        </extensions>
      </trkpt>
      <trkpt lat="42.03891559503972530364990234375" lon="128.0559967271983623504638671875">
        <ele>1930.199951171875</ele>
        <time>2026-10-03T07:04:52.000Z</time>
        <extensions>
          <ns3:TrackPointExtension>
            <ns3:hr>110</ns3:hr>
            <ns3:cad>0</ns3:cad>
          </ns3:TrackPointExtension>
        </extensions>
      </trkpt>
      <trkpt lat="42.03891123645007610321044921875" lon="128.05601122789084911346435546875">
        <ele>1930.5999755859375</ele>
        <time>2026-10-03T07:05:11.000Z</time>
        <extensions>
          <ns3:TrackPointExtension>
            <ns3:hr>107</ns3:hr>
            <ns3:cad>0</ns3:cad>
          </ns3:TrackPointExtension>
        </extensions>
      </trkpt>
      <trkpt lat="42.03892372548580169677734375" lon="128.05600686930119991302490234375">
        <ele>1930.4000244140625</ele>
        <time>2026-10-03T07:05:31.000Z</time>
        <extensions>
          <ns3:TrackPointExtension>
            <ns3:hr>110</ns3:hr>
            <ns3:cad>0</ns3:cad>
          </ns3:TrackPointExtension>
        </extensions>
      </trkpt>
      <trkpt lat="42.0389349572360515594482421875" lon="128.05599915795028209686279296875">
        <ele>1931.199951171875</ele>
        <time>2026-10-03T07:05:54.000Z</time>
        <extensions>
          <ns3:TrackPointExtension>
            <ns3:hr>107</ns3:hr>
            <ns3:cad>0</ns3:cad>
          </ns3:TrackPointExtension>
        </extensions>
      </trkpt>
      <trkpt lat="42.03892531804740428924560546875" lon="128.0560036003589630126953125">
        <ele>1932.199951171875</ele>
        <time>2026-10-03T07:06:22.000Z</time>
        <extensions>
          <ns3:TrackPointExtension>
            <ns3:hr>106</ns3:hr>
            <ns3:cad>0</ns3:cad>
          </ns3:TrackPointExtension>
        </extensions>
      </trkpt>
      <trkpt lat="42.03892531804740428924560546875" lon="128.05600603111088275909423828125">
        <ele>1932.4000244140625</ele>
        <time>2026-10-03T07:06:25.000Z</time>
        <extensions>
          <ns3:TrackPointExtension>
            <ns3:hr>106</ns3:hr>
            <ns3:cad>0</ns3:cad>
          </ns3:TrackPointExtension>
        </extensions>
      </trkpt>
      <trkpt lat="42.03892431221902370452880859375" lon="128.05600888095796108245849609375">
        <ele>1933.4000244140625</ele>
        <time>2026-10-03T07:06:32.000Z</time>
        <extensions>
          <ns3:TrackPointExtension>
            <ns3:hr>105</ns3:hr>
            <ns3:cad>0</ns3:cad>
          </ns3:TrackPointExtension>
        </extensions>
      </trkpt>
      <trkpt lat="42.038924060761928558349609375" lon="128.05601893924176692962646484375">
        <ele>1934.199951171875</ele>
        <time>2026-10-03T07:06:42.000Z</time>
        <extensions>
          <ns3:TrackPointExtension>
            <ns3:hr>108</ns3:hr>
            <ns3:cad>0</ns3:cad>
          </ns3:TrackPointExtension>
        </extensions>
      </trkpt>
      <trkpt lat="42.038924060761928558349609375" lon="128.0560223758220672607421875">
        <ele>1934.4000244140625</ele>
        <time>2026-10-03T07:06:44.000Z</time>
        <extensions>
          <ns3:TrackPointExtension>
            <ns3:hr>108</ns3:hr>
            <ns3:cad>0</ns3:cad>
          </ns3:TrackPointExtension>
        </extensions>
      </trkpt>
      <trkpt lat="42.03892548568546772003173828125" lon="128.05602329783141613006591796875">
        <ele>1934.5999755859375</ele>
        <time>2026-10-03T07:06:48.000Z</time>
        <extensions>
          <ns3:TrackPointExtension>
            <ns3:hr>105</ns3:hr>
            <ns3:cad>0</ns3:cad>
          </ns3:TrackPointExtension>
        </extensions>
      </trkpt>
      <trkpt lat="42.03892598859965801239013671875" lon="128.0560248903930187225341796875">
        <ele>1935</ele>
        <time>2026-10-03T07:06:51.000Z</time>
        <extensions>
          <ns3:TrackPointExtension>
            <ns3:hr>102</ns3:hr>
            <ns3:cad>0</ns3:cad>
          </ns3:TrackPointExtension>
        </extensions>
      </trkpt>
      <trkpt lat="42.0389275811612606048583984375" lon="128.05602631531655788421630859375">
        <ele>1935.4000244140625</ele>
        <time>2026-10-03T07:06:53.000Z</time>
        <extensions>
          <ns3:TrackPointExtension>
            <ns3:hr>103</ns3:hr>
            <ns3:cad>0</ns3:cad>
          </ns3:TrackPointExtension>
        </extensions>
      </trkpt>
      <trkpt lat="42.038930095732212066650390625" lon="128.0560319311916828155517578125">
        <ele>1936</ele>
        <time>2026-10-03T07:06:57.000Z</time>
        <extensions>
          <ns3:TrackPointExtension>
            <ns3:hr>106</ns3:hr>
            <ns3:cad>0</ns3:cad>
          </ns3:TrackPointExtension>
        </extensions>
      </trkpt>
      <trkpt lat="42.03893671743571758270263671875" lon="128.0560326017439365386962890625">
        <ele>1936.5999755859375</ele>
        <time>2026-10-03T07:06:59.000Z</time>
        <extensions>
          <ns3:TrackPointExtension>
            <ns3:hr>107</ns3:hr>
            <ns3:cad>0</ns3:cad>
          </ns3:TrackPointExtension>
        </extensions>
      </trkpt>
      <trkpt lat="42.03894761390984058380126953125" lon="128.05603620596230030059814453125">
        <ele>1937.5999755859375</ele>
        <time>2026-10-03T07:07:04.000Z</time>
        <extensions>
          <ns3:TrackPointExtension>
            <ns3:hr>110</ns3:hr>
            <ns3:cad>0</ns3:cad>
          </ns3:TrackPointExtension>
        </extensions>
      </trkpt>
      <trkpt lat="42.03894811682403087615966796875" lon="128.05603754706680774688720703125">
        <ele>1937.800048828125</ele>
        <time>2026-10-03T07:07:05.000Z</time>
        <extensions>
          <ns3:TrackPointExtension>
            <ns3:hr>110</ns3:hr>
            <ns3:cad>0</ns3:cad>
          </ns3:TrackPointExtension>
        </extensions>
      </trkpt>
      <trkpt lat="42.03895180486142635345458984375" lon="128.0560403130948543548583984375">
        <ele>1938.800048828125</ele>
        <time>2026-10-03T07:07:14.000Z</time>
        <extensions>
          <ns3:TrackPointExtension>
            <ns3:hr>110</ns3:hr>
            <ns3:cad>0</ns3:cad>
          </ns3:TrackPointExtension>
        </extensions>
      </trkpt>
      <trkpt lat="42.03895146958529949188232421875" lon="128.05603888817131519317626953125">
        <ele>1939.800048828125</ele>
        <time>2026-10-03T07:07:25.000Z</time>
        <extensions>
          <ns3:TrackPointExtension>
            <ns3:hr>113</ns3:hr>
            <ns3:cad>0</ns3:cad>
          </ns3:TrackPointExtension>
        </extensions>
      </trkpt>
      <trkpt lat="42.038951218128204345703125" lon="128.0560389719903469085693359375">
        <ele>1939.800048828125</ele>
        <time>2026-10-03T07:07:27.000Z</time>
        <extensions>
          <ns3:TrackPointExtension>
            <ns3:hr>113</ns3:hr>
            <ns3:cad>0</ns3:cad>
          </ns3:TrackPointExtension>
        </extensions>
      </trkpt>
      <trkpt lat="42.03893470577895641326904296875" lon="128.05604475550353527069091796875">
        <ele>1940</ele>
        <time>2026-10-03T07:07:36.000Z</time>
        <extensions>
          <ns3:TrackPointExtension>
            <ns3:hr>116</ns3:hr>
            <ns3:cad>0</ns3:cad>
          </ns3:TrackPointExtension>
        </extensions>
      </trkpt>
      <trkpt lat="42.03892112709581851959228515625" lon="128.05606872774660587310791015625">
        <ele>1939.5999755859375</ele>
        <time>2026-10-03T07:07:56.000Z</time>
        <extensions>
          <ns3:TrackPointExtension>
            <ns3:hr>113</ns3:hr>
            <ns3:cad>0</ns3:cad>
          </ns3:TrackPointExtension>
        </extensions>
      </trkpt>
      <trkpt lat="42.03891559503972530364990234375" lon="128.056079037487506866455078125">
        <ele>1939.5999755859375</ele>
        <time>2026-10-03T07:08:21.000Z</time>
        <extensions>
          <ns3:TrackPointExtension>
            <ns3:hr>116</ns3:hr>
            <ns3:cad>0</ns3:cad>
          </ns3:TrackPointExtension>
        </extensions>
      </trkpt>
      <trkpt lat="42.03890637494623661041259765625" lon="128.0560781992971897125244140625">
        <ele>1939.4000244140625</ele>
        <time>2026-10-03T07:08:30.000Z</time>
        <extensions>
          <ns3:TrackPointExtension>
            <ns3:hr>113</ns3:hr>
            <ns3:cad>0</ns3:cad>
          </ns3:TrackPointExtension>
        </extensions>
      </trkpt>
      <trkpt lat="42.0389047823846340179443359375" lon="128.0560768581926822662353515625">
        <ele>1939.4000244140625</ele>
        <time>2026-10-03T07:08:32.000Z</time>
        <extensions>
          <ns3:TrackPointExtension>
            <ns3:hr>110</ns3:hr>
            <ns3:cad>0</ns3:cad>
          </ns3:TrackPointExtension>
        </extensions>
      </trkpt>
      <trkpt lat="42.0389034412801265716552734375" lon="128.05607509799301624298095703125">
        <ele>1939.4000244140625</ele>
        <time>2026-10-03T07:08:35.000Z</time>
        <extensions>
          <ns3:TrackPointExtension>
            <ns3:hr>107</ns3:hr>
            <ns3:cad>0</ns3:cad>
          </ns3:TrackPointExtension>
        </extensions>
      </trkpt>
      <trkpt lat="42.03888340853154659271240234375" lon="128.05607392452657222747802734375">
        <ele>1940</ele>
        <time>2026-10-03T07:08:53.000Z</time>
        <extensions>
          <ns3:TrackPointExtension>
            <ns3:hr>110</ns3:hr>
            <ns3:cad>0</ns3:cad>
          </ns3:TrackPointExtension>
        </extensions>
      </trkpt>
      <trkpt lat="42.0388809777796268463134765625" lon="128.05607400834560394287109375">
        <ele>1940.199951171875</ele>
        <time>2026-10-03T07:08:57.000Z</time>
        <extensions>
          <ns3:TrackPointExtension>
            <ns3:hr>105</ns3:hr>
            <ns3:cad>0</ns3:cad>
          </ns3:TrackPointExtension>
        </extensions>
      </trkpt>
      <trkpt lat="42.03887016512453556060791015625" lon="128.05607392452657222747802734375">
        <ele>1940.800048828125</ele>
        <time>2026-10-03T07:09:14.000Z</time>
        <extensions>
          <ns3:TrackPointExtension>
            <ns3:hr>108</ns3:hr>
            <ns3:cad>0</ns3:cad>
          </ns3:TrackPointExtension>
        </extensions>
      </trkpt>
      <trkpt lat="42.03887100331485271453857421875" lon="128.05607266724109649658203125">
        <ele>1940.800048828125</ele>
        <time>2026-10-03T07:09:28.000Z</time>
        <extensions>
          <ns3:TrackPointExtension>
            <ns3:hr>104</ns3:hr>
            <ns3:cad>0</ns3:cad>
          </ns3:TrackPointExtension>
        </extensions>
      </trkpt>
      <trkpt lat="42.0388722606003284454345703125" lon="128.05607191286981105804443359375">
        <ele>1940.800048828125</ele>
        <time>2026-10-03T07:09:36.000Z</time>
        <extensions>
          <ns3:TrackPointExtension>
            <ns3:hr>101</ns3:hr>
            <ns3:cad>0</ns3:cad>
          </ns3:TrackPointExtension>
        </extensions>
      </trkpt>
      <trkpt lat="42.03887267969548702239990234375" lon="128.0560718290507793426513671875">
        <ele>1940.800048828125</ele>
        <time>2026-10-03T07:09:58.000Z</time>
        <extensions>
          <ns3:TrackPointExtension>
            <ns3:hr>104</ns3:hr>
            <ns3:cad>0</ns3:cad>
          </ns3:TrackPointExtension>
        </extensions>
      </trkpt>
      <trkpt lat="42.03887452371418476104736328125" lon="128.05607132613658905029296875">
        <ele>1940.5999755859375</ele>
        <time>2026-10-03T07:10:52.000Z</time>
        <extensions>
          <ns3:TrackPointExtension>
            <ns3:hr>107</ns3:hr>
            <ns3:cad>0</ns3:cad>
          </ns3:TrackPointExtension>
        </extensions>
      </trkpt>
      <trkpt lat="42.0388746075332164764404296875" lon="128.05607132613658905029296875">
        <ele>1940.5999755859375</ele>
        <time>2026-10-03T07:10:54.000Z</time>
        <extensions>
          <ns3:TrackPointExtension>
            <ns3:hr>111</ns3:hr>
            <ns3:cad>0</ns3:cad>
          </ns3:TrackPointExtension>
        </extensions>
      </trkpt>
      <trkpt lat="42.03887678682804107666015625" lon="128.0560714937746524810791015625">
        <ele>1940.5999755859375</ele>
        <time>2026-10-03T07:11:33.000Z</time>
        <extensions>
          <ns3:TrackPointExtension>
            <ns3:hr>108</ns3:hr>
            <ns3:cad>0</ns3:cad>
          </ns3:TrackPointExtension>
        </extensions>
      </trkpt>
      <trkpt lat="42.03887703828513622283935546875" lon="128.05607157759368419647216796875">
        <ele>1940.5999755859375</ele>
        <time>2026-10-03T07:11:38.000Z</time>
        <extensions>
          <ns3:TrackPointExtension>
            <ns3:hr>105</ns3:hr>
            <ns3:cad>0</ns3:cad>
          </ns3:TrackPointExtension>
        </extensions>
      </trkpt>
      <trkpt lat="42.0388776250183582305908203125" lon="128.05607157759368419647216796875">
        <ele>1940.5999755859375</ele>
        <time>2026-10-03T07:11:53.000Z</time>
        <extensions>
          <ns3:TrackPointExtension>
            <ns3:hr>108</ns3:hr>
            <ns3:cad>0</ns3:cad>
          </ns3:TrackPointExtension>
        </extensions>
      </trkpt>
      <trkpt lat="42.03887821175158023834228515625" lon="128.0560714937746524810791015625">
        <ele>1940.5999755859375</ele>
        <time>2026-10-03T07:12:13.000Z</time>
        <extensions>
          <ns3:TrackPointExtension>
            <ns3:hr>111</ns3:hr>
            <ns3:cad>0</ns3:cad>
          </ns3:TrackPointExtension>
        </extensions>
      </trkpt>
      <trkpt lat="42.038879133760929107666015625" lon="128.0560714937746524810791015625">
        <ele>1940.5999755859375</ele>
        <time>2026-10-03T07:12:37.000Z</time>
        <extensions>
          <ns3:TrackPointExtension>
            <ns3:hr>108</ns3:hr>
            <ns3:cad>0</ns3:cad>
          </ns3:TrackPointExtension>
        </extensions>
      </trkpt>
      <trkpt lat="42.0388793013989925384521484375" lon="128.05607157759368419647216796875">
        <ele>1940.5999755859375</ele>
        <time>2026-10-03T07:12:41.000Z</time>
        <extensions>
          <ns3:TrackPointExtension>
            <ns3:hr>105</ns3:hr>
            <ns3:cad>0</ns3:cad>
          </ns3:TrackPointExtension>
        </extensions>
      </trkpt>
      <trkpt lat="42.03887955285608768463134765625" lon="128.05607157759368419647216796875">
        <ele>1940.5999755859375</ele>
        <time>2026-10-03T07:12:46.000Z</time>
        <extensions>
          <ns3:TrackPointExtension>
            <ns3:hr>102</ns3:hr>
            <ns3:cad>0</ns3:cad>
          </ns3:TrackPointExtension>
        </extensions>
      </trkpt>
      <trkpt lat="42.038881145417690277099609375" lon="128.0560718290507793426513671875">
        <ele>1940.5999755859375</ele>
        <time>2026-10-03T07:13:09.000Z</time>
        <extensions>
          <ns3:TrackPointExtension>
            <ns3:hr>98</ns3:hr>
            <ns3:cad>0</ns3:cad>
          </ns3:TrackPointExtension>
        </extensions>
      </trkpt>
      <trkpt lat="42.03888223506510257720947265625" lon="128.056071661412715911865234375">
        <ele>1940.5999755859375</ele>
        <time>2026-10-03T07:13:17.000Z</time>
        <extensions>
          <ns3:TrackPointExtension>
            <ns3:hr>101</ns3:hr>
            <ns3:cad>0</ns3:cad>
          </ns3:TrackPointExtension>
        </extensions>
      </trkpt>
      <trkpt lat="42.038885839283466339111328125" lon="128.0560711584985256195068359375">
        <ele>1940.5999755859375</ele>
        <time>2026-10-03T07:13:35.000Z</time>
        <extensions>
          <ns3:TrackPointExtension>
            <ns3:hr>104</ns3:hr>
            <ns3:cad>0</ns3:cad>
          </ns3:TrackPointExtension>
        </extensions>
      </trkpt>
      <trkpt lat="42.03888659365475177764892578125" lon="128.05607107467949390411376953125">
        <ele>1940.5999755859375</ele>
        <time>2026-10-03T07:13:38.000Z</time>
        <extensions>
          <ns3:TrackPointExtension>
            <ns3:hr>107</ns3:hr>
            <ns3:cad>0</ns3:cad>
          </ns3:TrackPointExtension>
        </extensions>
      </trkpt>
      <trkpt lat="42.0388880185782909393310546875" lon="128.05607090704143047332763671875">
        <ele>1940.5999755859375</ele>
        <time>2026-10-03T07:13:44.000Z</time>
        <extensions>
          <ns3:TrackPointExtension>
            <ns3:hr>110</ns3:hr>
            <ns3:cad>0</ns3:cad>
          </ns3:TrackPointExtension>
        </extensions>
      </trkpt>
      <trkpt lat="42.03888952732086181640625" lon="128.0560708232223987579345703125">
        <ele>1940.5999755859375</ele>
        <time>2026-10-03T07:13:50.000Z</time>
        <extensions>
          <ns3:TrackPointExtension>
            <ns3:hr>107</ns3:hr>
            <ns3:cad>0</ns3:cad>
          </ns3:TrackPointExtension>
        </extensions>
      </trkpt>
      <trkpt lat="42.03888977877795696258544921875" lon="128.0560708232223987579345703125">
        <ele>1940.5999755859375</ele>
        <time>2026-10-03T07:13:51.000Z</time>
        <extensions>
          <ns3:TrackPointExtension>
            <ns3:hr>110</ns3:hr>
            <ns3:cad>0</ns3:cad>
          </ns3:TrackPointExtension>
        </extensions>
      </trkpt>
      <trkpt lat="42.03889547847211360931396484375" lon="128.05607057176530361175537109375">
        <ele>1940.800048828125</ele>
        <time>2026-10-03T07:14:13.000Z</time>
        <extensions>
          <ns3:TrackPointExtension>
            <ns3:hr>113</ns3:hr>
            <ns3:cad>0</ns3:cad>
          </ns3:TrackPointExtension>
        </extensions>
      </trkpt>
      <trkpt lat="42.03899472020566463470458984375" lon="128.05604450404644012451171875">
        <ele>1941</ele>
        <time>2026-10-03T07:14:21.000Z</time>
        <extensions>
          <ns3:TrackPointExtension>
            <ns3:hr>114</ns3:hr>
            <ns3:cad>40</ns3:cad>
          </ns3:TrackPointExtension>
        </extensions>
      </trkpt>
      <trkpt lat="42.0390321873128414154052734375" lon="128.0560305900871753692626953125">
        <ele>1941.5999755859375</ele>
        <time>2026-10-03T07:14:23.000Z</time>
        <extensions>
          <ns3:TrackPointExtension>
            <ns3:hr>114</ns3:hr>
            <ns3:cad>0</ns3:cad>
          </ns3:TrackPointExtension>
        </extensions>
      </trkpt>
      <trkpt lat="42.03904752619564533233642578125" lon="128.0560151673853397369384765625">
        <ele>1942.199951171875</ele>
        <time>2026-10-03T07:14:24.000Z</time>
        <extensions>
          <ns3:TrackPointExtension>
            <ns3:hr>112</ns3:hr>
            <ns3:cad>0</ns3:cad>
          </ns3:TrackPointExtension>
        </extensions>
      </trkpt>
      <trkpt lat="42.039082311093807220458984375" lon="128.05597485043108463287353515625">
        <ele>1943.5999755859375</ele>
        <time>2026-10-03T07:14:26.000Z</time>
        <extensions>
          <ns3:TrackPointExtension>
            <ns3:hr>113</ns3:hr>
            <ns3:cad>0</ns3:cad>
          </ns3:TrackPointExtension>
        </extensions>
      </trkpt>
      <trkpt lat="42.03908055089414119720458984375" lon="128.05595238693058490753173828125">
        <ele>1945</ele>
        <time>2026-10-03T07:14:28.000Z</time>
        <extensions>
          <ns3:TrackPointExtension>
            <ns3:hr>113</ns3:hr>
            <ns3:cad>79</ns3:cad>
          </ns3:TrackPointExtension>
        </extensions>
      </trkpt>
      <trkpt lat="42.0390774495899677276611328125" lon="128.05594333447515964508056640625">
        <ele>1945.800048828125</ele>
        <time>2026-10-03T07:14:29.000Z</time>
        <extensions>
          <ns3:TrackPointExtension>
            <ns3:hr>113</ns3:hr>
            <ns3:cad>79</ns3:cad>
          </ns3:TrackPointExtension>
        </extensions>
      </trkpt>
      <trkpt lat="42.03907870687544345855712890625" lon="128.05593662895262241363525390625">
        <ele>1946.4000244140625</ele>
        <time>2026-10-03T07:14:30.000Z</time>
        <extensions>
          <ns3:TrackPointExtension>
            <ns3:hr>119</ns3:hr>
            <ns3:cad>79</ns3:cad>
          </ns3:TrackPointExtension>
        </extensions>
      </trkpt>
      <trkpt lat="42.0390804670751094818115234375" lon="128.055935539305210113525390625">
        <ele>1947</ele>
        <time>2026-10-03T07:14:31.000Z</time>
        <extensions>
          <ns3:TrackPointExtension>
            <ns3:hr>124</ns3:hr>
            <ns3:cad>79</ns3:cad>
          </ns3:TrackPointExtension>
        </extensions>
      </trkpt>
      <trkpt lat="42.03907216899096965789794921875" lon="128.05593461729586124420166015625">
        <ele>1947.4000244140625</ele>
        <time>2026-10-03T07:14:32.000Z</time>
        <extensions>
          <ns3:TrackPointExtension>
            <ns3:hr>128</ns3:hr>
            <ns3:cad>78</ns3:cad>
          </ns3:TrackPointExtension>
        </extensions>
      </trkpt>
      <trkpt lat="42.0390640385448932647705078125" lon="128.0559165962040424346923828125">
        <ele>1947.5999755859375</ele>
        <time>2026-10-03T07:14:33.000Z</time>
        <extensions>
          <ns3:TrackPointExtension>
            <ns3:hr>131</ns3:hr>
            <ns3:cad>40</ns3:cad>
          </ns3:TrackPointExtension>
        </extensions>
      </trkpt>
      <trkpt lat="42.0390603505074977874755859375" lon="128.05589874275028705596923828125">
        <ele>1948</ele>
        <time>2026-10-03T07:14:34.000Z</time>
        <extensions>
          <ns3:TrackPointExtension>
            <ns3:hr>133</ns3:hr>
            <ns3:cad>40</ns3:cad>
          </ns3:TrackPointExtension>
        </extensions>
      </trkpt>
      <trkpt lat="42.0390603505074977874755859375" lon="128.0558911152184009552001953125">
        <ele>1948.199951171875</ele>
        <time>2026-10-03T07:14:35.000Z</time>
        <extensions>
          <ns3:TrackPointExtension>
            <ns3:hr>138</ns3:hr>
            <ns3:cad>40</ns3:cad>
          </ns3:TrackPointExtension>
        </extensions>
      </trkpt>
      <trkpt lat="42.03906026668846607208251953125" lon="128.05588684044778347015380859375">
        <ele>1948.4000244140625</ele>
        <time>2026-10-03T07:14:36.000Z</time>
        <extensions>
          <ns3:TrackPointExtension>
            <ns3:hr>142</ns3:hr>
            <ns3:cad>40</ns3:cad>
          </ns3:TrackPointExtension>
        </extensions>
      </trkpt>
      <trkpt lat="42.03905859030783176422119140625" lon="128.05587954819202423095703125">
        <ele>1948.5999755859375</ele>
        <time>2026-10-03T07:14:37.000Z</time>
        <extensions>
          <ns3:TrackPointExtension>
            <ns3:hr>142</ns3:hr>
            <ns3:cad>75</ns3:cad>
          </ns3:TrackPointExtension>
        </extensions>
      </trkpt>
      <trkpt lat="42.03905582427978515625" lon="128.055872507393360137939453125">
        <ele>1948.800048828125</ele>
        <time>2026-10-03T07:14:38.000Z</time>
        <extensions>
          <ns3:TrackPointExtension>
            <ns3:hr>144</ns3:hr>
            <ns3:cad>75</ns3:cad>
          </ns3:TrackPointExtension>
        </extensions>
      </trkpt>
      <trkpt lat="42.0390596799552440643310546875" lon="128.05583990179002285003662109375">
        <ele>1949.4000244140625</ele>
        <time>2026-10-03T07:14:42.000Z</time>
        <extensions>
          <ns3:TrackPointExtension>
            <ns3:hr>141</ns3:hr>
            <ns3:cad>0</ns3:cad>
          </ns3:TrackPointExtension>
        </extensions>
      </trkpt>
      <trkpt lat="42.03906512819230556488037109375" lon="128.0558140017092227935791015625">
        <ele>1949.4000244140625</ele>
        <time>2026-10-03T07:14:44.000Z</time>
        <extensions>
          <ns3:TrackPointExtension>
            <ns3:hr>139</ns3:hr>
            <ns3:cad>0</ns3:cad>
          </ns3:TrackPointExtension>
        </extensions>
      </trkpt>
      <trkpt lat="42.039074599742889404296875" lon="128.0557875148952007293701171875">
        <ele>1949.199951171875</ele>
        <time>2026-10-03T07:14:48.000Z</time>
        <extensions>
          <ns3:TrackPointExtension>
            <ns3:hr>136</ns3:hr>
            <ns3:cad>0</ns3:cad>
          </ns3:TrackPointExtension>
        </extensions>
      </trkpt>
      <trkpt lat="42.03909396193921566009521484375" lon="128.055782318115234375">
        <ele>1948.800048828125</ele>
        <time>2026-10-03T07:14:53.000Z</time>
        <extensions>
          <ns3:TrackPointExtension>
            <ns3:hr>133</ns3:hr>
            <ns3:cad>0</ns3:cad>
          </ns3:TrackPointExtension>
        </extensions>
      </trkpt>
      <trkpt lat="42.0390948839485645294189453125" lon="128.05577821098268032073974609375">
        <ele>1948.5999755859375</ele>
        <time>2026-10-03T07:14:54.000Z</time>
        <extensions>
          <ns3:TrackPointExtension>
            <ns3:hr>133</ns3:hr>
            <ns3:cad>0</ns3:cad>
          </ns3:TrackPointExtension>
        </extensions>
      </trkpt>
      <trkpt lat="42.03910150565207004547119140625" lon="128.05577100254595279693603515625">
        <ele>1948.4000244140625</ele>
        <time>2026-10-03T07:14:59.000Z</time>
        <extensions>
          <ns3:TrackPointExtension>
            <ns3:hr>130</ns3:hr>
            <ns3:cad>0</ns3:cad>
          </ns3:TrackPointExtension>
        </extensions>
      </trkpt>
      <trkpt lat="42.03910804353654384613037109375" lon="128.0557747744023799896240234375">
        <ele>1948.5999755859375</ele>
        <time>2026-10-03T07:15:02.000Z</time>
        <extensions>
          <ns3:TrackPointExtension>
            <ns3:hr>129</ns3:hr>
            <ns3:cad>0</ns3:cad>
          </ns3:TrackPointExtension>
        </extensions>
      </trkpt>
      <trkpt lat="42.03911726363003253936767578125" lon="128.05574786849319934844970703125">
        <ele>1950</ele>
        <time>2026-10-03T07:15:05.000Z</time>
        <extensions>
          <ns3:TrackPointExtension>
            <ns3:hr>128</ns3:hr>
            <ns3:cad>0</ns3:cad>
          </ns3:TrackPointExtension>
        </extensions>
      </trkpt>
      <trkpt lat="42.0391307584941387176513671875" lon="128.05574686266481876373291015625">
        <ele>1951</ele>
        <time>2026-10-03T07:15:07.000Z</time>
        <extensions>
          <ns3:TrackPointExtension>
            <ns3:hr>128</ns3:hr>
            <ns3:cad>0</ns3:cad>
          </ns3:TrackPointExtension>
        </extensions>
      </trkpt>
      <trkpt lat="42.03912681899964809417724609375" lon="128.05573060177266597747802734375">
        <ele>1952</ele>
        <time>2026-10-03T07:15:12.000Z</time>
        <extensions>
          <ns3:TrackPointExtension>
            <ns3:hr>127</ns3:hr>
            <ns3:cad>0</ns3:cad>
          </ns3:TrackPointExtension>
        </extensions>
      </trkpt>
      <trkpt lat="42.039138972759246826171875" lon="128.0556996725499629974365234375">
        <ele>1952.199951171875</ele>
        <time>2026-10-03T07:15:14.000Z</time>
        <extensions>
          <ns3:TrackPointExtension>
            <ns3:hr>127</ns3:hr>
            <ns3:cad>0</ns3:cad>
          </ns3:TrackPointExtension>
        </extensions>
      </trkpt>
      <trkpt lat="42.039138972759246826171875" lon="128.0556996725499629974365234375">
        <ele>1950.800048828125</ele>
        <time>2026-10-03T07:15:19.000Z</time>
        <extensions>
          <ns3:TrackPointExtension>
            <ns3:hr>126</ns3:hr>
            <ns3:cad>0</ns3:cad>
          </ns3:TrackPointExtension>
        </extensions>
      </trkpt>
      <trkpt lat="42.039138972759246826171875" lon="128.0556996725499629974365234375">
        <ele>1950.199951171875</ele>
        <time>2026-10-03T07:15:23.000Z</time>
        <extensions>
          <ns3:TrackPointExtension>
            <ns3:hr>124</ns3:hr>
            <ns3:cad>74</ns3:cad>
          </ns3:TrackPointExtension>
        </extensions>
      </trkpt>
      <trkpt lat="42.039138972759246826171875" lon="128.0556996725499629974365234375">
        <ele>1950</ele>
        <time>2026-10-03T07:15:26.000Z</time>
        <extensions>
          <ns3:TrackPointExtension>
            <ns3:hr>123</ns3:hr>
            <ns3:cad>78</ns3:cad>
          </ns3:TrackPointExtension>
        </extensions>
      </trkpt>
      <trkpt lat="42.039138972759246826171875" lon="128.0556996725499629974365234375">
        <ele>1950</ele>
        <time>2026-10-03T07:15:28.000Z</time>
        <extensions>
          <ns3:TrackPointExtension>
            <ns3:hr>124</ns3:hr>
            <ns3:cad>78</ns3:cad>
          </ns3:TrackPointExtension>
        </extensions>
      </trkpt>
      <trkpt lat="42.039178870618343353271484375" lon="128.055689446628093719482421875">
        <ele>1950.4000244140625</ele>
        <time>2026-10-03T07:15:35.000Z</time>
        <extensions>
          <ns3:TrackPointExtension>
            <ns3:hr>121</ns3:hr>
            <ns3:cad>0</ns3:cad>
          </ns3:TrackPointExtension>
        </extensions>
      </trkpt>
      <trkpt lat="42.03922413289546966552734375" lon="128.05567301809787750244140625">
        <ele>1950.5999755859375</ele>
        <time>2026-10-03T07:15:38.000Z</time>
        <extensions>
          <ns3:TrackPointExtension>
            <ns3:hr>123</ns3:hr>
            <ns3:cad>0</ns3:cad>
          </ns3:TrackPointExtension>
        </extensions>
      </trkpt>
      <trkpt lat="42.0392893441021442413330078125" lon="128.05563890375196933746337890625">
        <ele>1950.800048828125</ele>
        <time>2026-10-03T07:15:42.000Z</time>
        <extensions>
          <ns3:TrackPointExtension>
            <ns3:hr>120</ns3:hr>
            <ns3:cad>0</ns3:cad>
          </ns3:TrackPointExtension>
        </extensions>
      </trkpt>
      <trkpt lat="42.0393252186477184295654296875" lon="128.0556182004511356353759765625">
        <ele>1951.199951171875</ele>
        <time>2026-10-03T07:15:46.000Z</time>
        <extensions>
          <ns3:TrackPointExtension>
            <ns3:hr>119</ns3:hr>
            <ns3:cad>0</ns3:cad>
          </ns3:TrackPointExtension>
        </extensions>
      </trkpt>
      <trkpt lat="42.03933016397058963775634765625" lon="128.0555920489132404327392578125">
        <ele>1951.4000244140625</ele>
        <time>2026-10-03T07:15:49.000Z</time>
        <extensions>
          <ns3:TrackPointExtension>
            <ns3:hr>116</ns3:hr>
            <ns3:cad>0</ns3:cad>
          </ns3:TrackPointExtension>
        </extensions>
      </trkpt>
      <trkpt lat="42.039341144263744354248046875" lon="128.05560001172125339508056640625">
        <ele>1951.800048828125</ele>
        <time>2026-10-03T07:15:52.000Z</time>
        <extensions>
          <ns3:TrackPointExtension>
            <ns3:hr>119</ns3:hr>
            <ns3:cad>0</ns3:cad>
          </ns3:TrackPointExtension>
        </extensions>
      </trkpt>
      <trkpt lat="42.03935095109045505523681640625" lon="128.05560587905347347259521484375">
        <ele>1951.800048828125</ele>
        <time>2026-10-03T07:15:53.000Z</time>
        <extensions>
          <ns3:TrackPointExtension>
            <ns3:hr>116</ns3:hr>
            <ns3:cad>0</ns3:cad>
          </ns3:TrackPointExtension>
        </extensions>
      </trkpt>
      <trkpt lat="42.03935614787042140960693359375" lon="128.05561141110956668853759765625">
        <ele>1952</ele>
        <time>2026-10-03T07:15:54.000Z</time>
        <extensions>
          <ns3:TrackPointExtension>
            <ns3:hr>116</ns3:hr>
            <ns3:cad>0</ns3:cad>
          </ns3:TrackPointExtension>
        </extensions>
      </trkpt>
      <trkpt lat="42.03935748897492885589599609375" lon="128.05560319684445858001708984375">
        <ele>1954</ele>
        <time>2026-10-03T07:15:57.000Z</time>
        <extensions>
          <ns3:TrackPointExtension>
            <ns3:hr>115</ns3:hr>
            <ns3:cad>0</ns3:cad>
          </ns3:TrackPointExtension>
        </extensions>
      </trkpt>
      <trkpt lat="42.03935824334621429443359375" lon="128.05560403503477573394775390625">
        <ele>1955</ele>
        <time>2026-10-03T07:15:58.000Z</time>
        <extensions>
          <ns3:TrackPointExtension>
            <ns3:hr>115</ns3:hr>
            <ns3:cad>0</ns3:cad>
          </ns3:TrackPointExtension>
        </extensions>
      </trkpt>
      <trkpt lat="42.039358913898468017578125" lon="128.05561040528118610382080078125">
        <ele>1956.199951171875</ele>
        <time>2026-10-03T07:15:59.000Z</time>
        <extensions>
          <ns3:TrackPointExtension>
            <ns3:hr>114</ns3:hr>
            <ns3:cad>0</ns3:cad>
          </ns3:TrackPointExtension>
        </extensions>
      </trkpt>
      <trkpt lat="42.03936151228845119476318359375" lon="128.0556155182421207427978515625">
        <ele>1957.199951171875</ele>
        <time>2026-10-03T07:16:00.000Z</time>
        <extensions>
          <ns3:TrackPointExtension>
            <ns3:hr>113</ns3:hr>
            <ns3:cad>0</ns3:cad>
          </ns3:TrackPointExtension>
        </extensions>
      </trkpt>
      <trkpt lat="42.0393654517829418182373046875" lon="128.055612333118915557861328125">
        <ele>1958.800048828125</ele>
        <time>2026-10-03T07:16:02.000Z</time>
        <extensions>
          <ns3:TrackPointExtension>
            <ns3:hr>114</ns3:hr>
            <ns3:cad>0</ns3:cad>
          </ns3:TrackPointExtension>
        </extensions>
      </trkpt>
      <trkpt lat="42.0393714867532253265380859375" lon="128.05560722015798091888427734375">
        <ele>1960.4000244140625</ele>
        <time>2026-10-03T07:16:04.000Z</time>
        <extensions>
          <ns3:TrackPointExtension>
            <ns3:hr>114</ns3:hr>
            <ns3:cad>0</ns3:cad>
          </ns3:TrackPointExtension>
        </extensions>
      </trkpt>
      <trkpt lat="42.0393765158951282501220703125" lon="128.05560168810188770294189453125">
        <ele>1962.199951171875</ele>
        <time>2026-10-03T07:16:06.000Z</time>
        <extensions>
          <ns3:TrackPointExtension>
            <ns3:hr>114</ns3:hr>
            <ns3:cad>0</ns3:cad>
          </ns3:TrackPointExtension>
        </extensions>
      </trkpt>
      <trkpt lat="42.0393815450370311737060546875" lon="128.0556007660925388336181640625">
        <ele>1963.199951171875</ele>
        <time>2026-10-03T07:16:07.000Z</time>
        <extensions>
          <ns3:TrackPointExtension>
            <ns3:hr>115</ns3:hr>
            <ns3:cad>0</ns3:cad>
          </ns3:TrackPointExtension>
        </extensions>
      </trkpt>
      <trkpt lat="42.03938934020698070526123046875" lon="128.055590875446796417236328125">
        <ele>1963.800048828125</ele>
        <time>2026-10-03T07:16:08.000Z</time>
        <extensions>
          <ns3:TrackPointExtension>
            <ns3:hr>115</ns3:hr>
            <ns3:cad>0</ns3:cad>
          </ns3:TrackPointExtension>
        </extensions>
      </trkpt>
      <trkpt lat="42.0394009910523891448974609375" lon="128.0555866844952106475830078125">
        <ele>1964.800048828125</ele>
        <time>2026-10-03T07:16:10.000Z</time>
        <extensions>
          <ns3:TrackPointExtension>
            <ns3:hr>111</ns3:hr>
            <ns3:cad>0</ns3:cad>
          </ns3:TrackPointExtension>
        </extensions>
      </trkpt>
      <trkpt lat="42.039404846727848052978515625" lon="128.0555870197713375091552734375">
        <ele>1965</ele>
        <time>2026-10-03T07:16:11.000Z</time>
        <extensions>
          <ns3:TrackPointExtension>
            <ns3:hr>114</ns3:hr>
            <ns3:cad>0</ns3:cad>
          </ns3:TrackPointExtension>
        </extensions>
      </trkpt>
      <trkpt lat="42.03941532410681247711181640625" lon="128.05558442138135433197021484375">
        <ele>1966.199951171875</ele>
        <time>2026-10-03T07:16:15.000Z</time>
        <extensions>
          <ns3:TrackPointExtension>
            <ns3:hr>111</ns3:hr>
            <ns3:cad>0</ns3:cad>
          </ns3:TrackPointExtension>
        </extensions>
      </trkpt>
      <trkpt lat="42.03945455141365528106689453125" lon="128.0555528216063976287841796875">
        <ele>1967.4000244140625</ele>
        <time>2026-10-03T07:16:18.000Z</time>
        <extensions>
          <ns3:TrackPointExtension>
            <ns3:hr>110</ns3:hr>
            <ns3:cad>0</ns3:cad>
          </ns3:TrackPointExtension>
        </extensions>
      </trkpt>
      <trkpt lat="42.03950149007141590118408203125" lon="128.05559246800839900970458984375">
        <ele>1968.4000244140625</ele>
        <time>2026-10-03T07:16:23.000Z</time>
        <extensions>
          <ns3:TrackPointExtension>
            <ns3:hr>109</ns3:hr>
            <ns3:cad>68</ns3:cad>
          </ns3:TrackPointExtension>
        </extensions>
      </trkpt>
      <trkpt lat="42.0395066030323505401611328125" lon="128.05559783242642879486083984375">
        <ele>1968.800048828125</ele>
        <time>2026-10-03T07:16:24.000Z</time>
        <extensions>
          <ns3:TrackPointExtension>
            <ns3:hr>110</ns3:hr>
            <ns3:cad>66</ns3:cad>
          </ns3:TrackPointExtension>
        </extensions>
      </trkpt>
      <trkpt lat="42.03951381146907806396484375" lon="128.05559833534061908721923828125">
        <ele>1969.199951171875</ele>
        <time>2026-10-03T07:16:25.000Z</time>
        <extensions>
          <ns3:TrackPointExtension>
            <ns3:hr>110</ns3:hr>
            <ns3:cad>66</ns3:cad>
          </ns3:TrackPointExtension>
        </extensions>
      </trkpt>
      <trkpt lat="42.039538957178592681884765625" lon="128.055584840476512908935546875">
        <ele>1969.800048828125</ele>
        <time>2026-10-03T07:16:28.000Z</time>
        <extensions>
          <ns3:TrackPointExtension>
            <ns3:hr>110</ns3:hr>
            <ns3:cad>78</ns3:cad>
          </ns3:TrackPointExtension>
        </extensions>
      </trkpt>
      <trkpt lat="42.03954239375889301300048828125" lon="128.0555793084204196929931640625">
        <ele>1970</ele>
        <time>2026-10-03T07:16:29.000Z</time>
        <extensions>
          <ns3:TrackPointExtension>
            <ns3:hr>110</ns3:hr>
            <ns3:cad>78</ns3:cad>
          </ns3:TrackPointExtension>
        </extensions>
      </trkpt>
      <trkpt lat="42.03955295495688915252685546875" lon="128.055578805506229400634765625">
        <ele>1969.800048828125</ele>
        <time>2026-10-03T07:16:31.000Z</time>
        <extensions>
          <ns3:TrackPointExtension>
            <ns3:hr>107</ns3:hr>
            <ns3:cad>41</ns3:cad>
          </ns3:TrackPointExtension>
        </extensions>
      </trkpt>
      <trkpt lat="42.039555720984935760498046875" lon="128.05557779967784881591796875">
        <ele>1969.800048828125</ele>
        <time>2026-10-03T07:16:32.000Z</time>
        <extensions>
          <ns3:TrackPointExtension>
            <ns3:hr>110</ns3:hr>
            <ns3:cad>41</ns3:cad>
          </ns3:TrackPointExtension>
        </extensions>
      </trkpt>
      <trkpt lat="42.03956888057291507720947265625" lon="128.05558978579938411712646484375">
        <ele>1969.5999755859375</ele>
        <time>2026-10-03T07:16:35.000Z</time>
        <extensions>
          <ns3:TrackPointExtension>
            <ns3:hr>109</ns3:hr>
            <ns3:cad>0</ns3:cad>
          </ns3:TrackPointExtension>
        </extensions>
      </trkpt>
      <trkpt lat="42.03957458026707172393798828125" lon="128.0555900372564792633056640625">
        <ele>1969.800048828125</ele>
        <time>2026-10-03T07:16:37.000Z</time>
        <extensions>
          <ns3:TrackPointExtension>
            <ns3:hr>110</ns3:hr>
            <ns3:cad>0</ns3:cad>
          </ns3:TrackPointExtension>
        </extensions>
      </trkpt>
      <trkpt lat="42.0395830459892749786376953125" lon="128.055591545999050140380859375">
        <ele>1970.5999755859375</ele>
        <time>2026-10-03T07:16:41.000Z</time>
        <extensions>
          <ns3:TrackPointExtension>
            <ns3:hr>111</ns3:hr>
            <ns3:cad>0</ns3:cad>
          </ns3:TrackPointExtension>
        </extensions>
      </trkpt>
      <trkpt lat="42.03958765603601932525634765625" lon="128.05560453794896602630615234375">
        <ele>1971</ele>
        <time>2026-10-03T07:16:42.000Z</time>
        <extensions>
          <ns3:TrackPointExtension>
            <ns3:hr>111</ns3:hr>
            <ns3:cad>0</ns3:cad>
          </ns3:TrackPointExtension>
        </extensions>
      </trkpt>
      <trkpt lat="42.039584219455718994140625" lon="128.0556118302047252655029296875">
        <ele>1971.4000244140625</ele>
        <time>2026-10-03T07:16:43.000Z</time>
        <extensions>
          <ns3:TrackPointExtension>
            <ns3:hr>111</ns3:hr>
            <ns3:cad>0</ns3:cad>
          </ns3:TrackPointExtension>
        </extensions>
      </trkpt>
      <trkpt lat="42.03959436155855655670166015625" lon="128.05561744607985019683837890625">
        <ele>1972</ele>
        <time>2026-10-03T07:16:45.000Z</time>
        <extensions>
          <ns3:TrackPointExtension>
            <ns3:hr>111</ns3:hr>
            <ns3:cad>0</ns3:cad>
          </ns3:TrackPointExtension>
        </extensions>
      </trkpt>
      <trkpt lat="42.0396118797361850738525390625" lon="128.0556148476898670196533203125">
        <ele>1972.199951171875</ele>
        <time>2026-10-03T07:16:46.000Z</time>
        <extensions>
          <ns3:TrackPointExtension>
            <ns3:hr>111</ns3:hr>
            <ns3:cad>0</ns3:cad>
          </ns3:TrackPointExtension>
        </extensions>
      </trkpt>
      <trkpt lat="42.03966242261230945587158203125" lon="128.05557453073561191558837890625">
        <ele>1971.5999755859375</ele>
        <time>2026-10-03T07:16:50.000Z</time>
        <extensions>
          <ns3:TrackPointExtension>
            <ns3:hr>110</ns3:hr>
            <ns3:cad>0</ns3:cad>
          </ns3:TrackPointExtension>
        </extensions>
      </trkpt>
      <trkpt lat="42.03967113979160785675048828125" lon="128.05560671724379062652587890625">
        <ele>1971</ele>
        <time>2026-10-03T07:16:52.000Z</time>
        <extensions>
          <ns3:TrackPointExtension>
            <ns3:hr>110</ns3:hr>
            <ns3:cad>0</ns3:cad>
          </ns3:TrackPointExtension>
        </extensions>
      </trkpt>
      <trkpt lat="42.03970030881464481353759765625" lon="128.05558375082910060882568359375">
        <ele>1970.4000244140625</ele>
        <time>2026-10-03T07:16:58.000Z</time>
        <extensions>
          <ns3:TrackPointExtension>
            <ns3:hr>110</ns3:hr>
            <ns3:cad>78</ns3:cad>
          </ns3:TrackPointExtension>
        </extensions>
      </trkpt>
      <trkpt lat="42.03979368321597576141357421875" lon="128.0556007660925388336181640625">
        <ele>1971.199951171875</ele>
        <time>2026-10-03T07:17:08.000Z</time>
        <extensions>
          <ns3:TrackPointExtension>
            <ns3:hr>111</ns3:hr>
            <ns3:cad>0</ns3:cad>
          </ns3:TrackPointExtension>
        </extensions>
      </trkpt>
      <trkpt lat="42.0398269593715667724609375" lon="128.05560705251991748809814453125">
        <ele>1969.800048828125</ele>
        <time>2026-10-03T07:17:12.000Z</time>
        <extensions>
          <ns3:TrackPointExtension>
            <ns3:hr>111</ns3:hr>
            <ns3:cad>43</ns3:cad>
          </ns3:TrackPointExtension>
        </extensions>
      </trkpt>
      <trkpt lat="42.03984238207340240478515625" lon="128.055615015327930450439453125">
        <ele>1969</ele>
        <time>2026-10-03T07:17:14.000Z</time>
        <extensions>
          <ns3:TrackPointExtension>
            <ns3:hr>111</ns3:hr>
            <ns3:cad>0</ns3:cad>
          </ns3:TrackPointExtension>
        </extensions>
      </trkpt>
      <trkpt lat="42.03985000960528850555419921875" lon="128.0556213855743408203125">
        <ele>1968.5999755859375</ele>
        <time>2026-10-03T07:17:16.000Z</time>
        <extensions>
          <ns3:TrackPointExtension>
            <ns3:hr>111</ns3:hr>
            <ns3:cad>0</ns3:cad>
          </ns3:TrackPointExtension>
        </extensions>
      </trkpt>
      <trkpt lat="42.03987599350512027740478515625" lon="128.05563035421073436737060546875">
        <ele>1969.800048828125</ele>
        <time>2026-10-03T07:17:21.000Z</time>
        <extensions>
          <ns3:TrackPointExtension>
            <ns3:hr>112</ns3:hr>
            <ns3:cad>0</ns3:cad>
          </ns3:TrackPointExtension>
        </extensions>
      </trkpt>
      <trkpt lat="42.03990331850945949554443359375" lon="128.05562549270689487457275390625">
        <ele>1970.800048828125</ele>
        <time>2026-10-03T07:17:24.000Z</time>
        <extensions>
          <ns3:TrackPointExtension>
            <ns3:hr>113</ns3:hr>
            <ns3:cad>0</ns3:cad>
          </ns3:TrackPointExtension>
        </extensions>
      </trkpt>
      <trkpt lat="42.03994438983500003814697265625" lon="128.0556503869593143463134765625">
        <ele>1971.800048828125</ele>
        <time>2026-10-03T07:17:28.000Z</time>
        <extensions>
          <ns3:TrackPointExtension>
            <ns3:hr>113</ns3:hr>
            <ns3:cad>0</ns3:cad>
          </ns3:TrackPointExtension>
        </extensions>
      </trkpt>
      <trkpt lat="42.03994908370077610015869140625" lon="128.05565566755831241607666015625">
        <ele>1972.4000244140625</ele>
        <time>2026-10-03T07:17:29.000Z</time>
        <extensions>
          <ns3:TrackPointExtension>
            <ns3:hr>113</ns3:hr>
            <ns3:cad>0</ns3:cad>
          </ns3:TrackPointExtension>
        </extensions>
      </trkpt>
      <trkpt lat="42.0399548672139644622802734375" lon="128.05566505528986454010009765625">
        <ele>1973.4000244140625</ele>
        <time>2026-10-03T07:17:32.000Z</time>
        <extensions>
          <ns3:TrackPointExtension>
            <ns3:hr>112</ns3:hr>
            <ns3:cad>0</ns3:cad>
          </ns3:TrackPointExtension>
        </extensions>
      </trkpt>
      <trkpt lat="42.03998412005603313446044921875" lon="128.05568735115230083465576171875">
        <ele>1974</ele>
        <time>2026-10-03T07:17:35.000Z</time>
        <extensions>
          <ns3:TrackPointExtension>
            <ns3:hr>117</ns3:hr>
            <ns3:cad>44</ns3:cad>
          </ns3:TrackPointExtension>
        </extensions>
      </trkpt>
      <trkpt lat="42.03998261131346225738525390625" lon="128.05569003336131572723388671875">
        <ele>1974.199951171875</ele>
        <time>2026-10-03T07:17:36.000Z</time>
        <extensions>
          <ns3:TrackPointExtension>
            <ns3:hr>121</ns3:hr>
            <ns3:cad>44</ns3:cad>
          </ns3:TrackPointExtension>
        </extensions>
      </trkpt>
      <trkpt lat="42.03998646698892116546630859375" lon="128.0557013489305973052978515625">
        <ele>1974.199951171875</ele>
        <time>2026-10-03T07:17:37.000Z</time>
        <extensions>
          <ns3:TrackPointExtension>
            <ns3:hr>124</ns3:hr>
            <ns3:cad>0</ns3:cad>
          </ns3:TrackPointExtension>
        </extensions>
      </trkpt>
      <trkpt lat="42.0399867184460163116455078125" lon="128.0557023547589778900146484375">
        <ele>1974.199951171875</ele>
        <time>2026-10-03T07:17:38.000Z</time>
        <extensions>
          <ns3:TrackPointExtension>
            <ns3:hr>128</ns3:hr>
            <ns3:cad>0</ns3:cad>
          </ns3:TrackPointExtension>
        </extensions>
      </trkpt>
      <trkpt lat="42.03998965211212635040283203125" lon="128.05570847354829311370849609375">
        <ele>1974.199951171875</ele>
        <time>2026-10-03T07:17:39.000Z</time>
        <extensions>
          <ns3:TrackPointExtension>
            <ns3:hr>131</ns3:hr>
            <ns3:cad>0</ns3:cad>
          </ns3:TrackPointExtension>
        </extensions>
      </trkpt>
      <trkpt lat="42.03999468125402927398681640625" lon="128.055702857673168182373046875">
        <ele>1973.800048828125</ele>
        <time>2026-10-03T07:17:40.000Z</time>
        <extensions>
          <ns3:TrackPointExtension>
            <ns3:hr>133</ns3:hr>
            <ns3:cad>0</ns3:cad>
          </ns3:TrackPointExtension>
        </extensions>
      </trkpt>
      <trkpt lat="42.039997614920139312744140625" lon="128.055706880986690521240234375">
        <ele>1972.199951171875</ele>
        <time>2026-10-03T07:17:43.000Z</time>
        <extensions>
          <ns3:TrackPointExtension>
            <ns3:hr>132</ns3:hr>
            <ns3:cad>0</ns3:cad>
          </ns3:TrackPointExtension>
        </extensions>
      </trkpt>
      <trkpt lat="42.04001136124134063720703125" lon="128.05571115575730800628662109375">
        <ele>1971</ele>
        <time>2026-10-03T07:17:46.000Z</time>
        <extensions>
          <ns3:TrackPointExtension>
            <ns3:hr>131</ns3:hr>
            <ns3:cad>0</ns3:cad>
          </ns3:TrackPointExtension>
        </extensions>
      </trkpt>
      <trkpt lat="42.040008008480072021484375" lon="128.05570981465280055999755859375">
        <ele>1970.800048828125</ele>
        <time>2026-10-03T07:17:47.000Z</time>
        <extensions>
          <ns3:TrackPointExtension>
            <ns3:hr>131</ns3:hr>
            <ns3:cad>0</ns3:cad>
          </ns3:TrackPointExtension>
        </extensions>
      </trkpt>
      <trkpt lat="42.04001245088875293731689453125" lon="128.0557187832891941070556640625">
        <ele>1970</ele>
        <time>2026-10-03T07:17:54.000Z</time>
        <extensions>
          <ns3:TrackPointExtension>
            <ns3:hr>130</ns3:hr>
            <ns3:cad>0</ns3:cad>
          </ns3:TrackPointExtension>
        </extensions>
      </trkpt>
      <trkpt lat="42.04001245088875293731689453125" lon="128.0557187832891941070556640625">
        <ele>1970</ele>
        <time>2026-10-03T07:17:59.000Z</time>
        <extensions>
          <ns3:TrackPointExtension>
            <ns3:hr>127</ns3:hr>
            <ns3:cad>0</ns3:cad>
          </ns3:TrackPointExtension>
        </extensions>
      </trkpt>
      <trkpt lat="42.04001245088875293731689453125" lon="128.05571819655597209930419921875">
        <ele>1969.800048828125</ele>
        <time>2026-10-03T07:18:06.000Z</time>
        <extensions>
          <ns3:TrackPointExtension>
            <ns3:hr>122</ns3:hr>
            <ns3:cad>0</ns3:cad>
          </ns3:TrackPointExtension>
        </extensions>
      </trkpt>
      <trkpt lat="42.04001404345035552978515625" lon="128.05571819655597209930419921875">
        <ele>1970</ele>
        <time>2026-10-03T07:18:10.000Z</time>
        <extensions>
          <ns3:TrackPointExtension>
            <ns3:hr>125</ns3:hr>
            <ns3:cad>0</ns3:cad>
          </ns3:TrackPointExtension>
        </extensions>
      </trkpt>
      <trkpt lat="42.040022425353527069091796875" lon="128.055720292031764984130859375">
        <ele>1970.4000244140625</ele>
        <time>2026-10-03T07:18:14.000Z</time>
        <extensions>
          <ns3:TrackPointExtension>
            <ns3:hr>128</ns3:hr>
            <ns3:cad>0</ns3:cad>
          </ns3:TrackPointExtension>
        </extensions>
      </trkpt>
      <trkpt lat="42.0400229282677173614501953125" lon="128.05572054348886013031005859375">
        <ele>1970.4000244140625</ele>
        <time>2026-10-03T07:18:15.000Z</time>
        <extensions>
          <ns3:TrackPointExtension>
            <ns3:hr>131</ns3:hr>
            <ns3:cad>0</ns3:cad>
          </ns3:TrackPointExtension>
        </extensions>
      </trkpt>
      <trkpt lat="42.04002334736287593841552734375" lon="128.05572054348886013031005859375">
        <ele>1970.5999755859375</ele>
        <time>2026-10-03T07:18:16.000Z</time>
        <extensions>
          <ns3:TrackPointExtension>
            <ns3:hr>134</ns3:hr>
            <ns3:cad>0</ns3:cad>
          </ns3:TrackPointExtension>
        </extensions>
      </trkpt>
      <trkpt lat="42.0400279574096202850341796875" lon="128.05572054348886013031005859375">
        <ele>1971</ele>
        <time>2026-10-03T07:18:18.000Z</time>
        <extensions>
          <ns3:TrackPointExtension>
            <ns3:hr>138</ns3:hr>
            <ns3:cad>0</ns3:cad>
          </ns3:TrackPointExtension>
        </extensions>
      </trkpt>
      <trkpt lat="42.04002871178090572357177734375" lon="128.05572054348886013031005859375">
        <ele>1971.199951171875</ele>
        <time>2026-10-03T07:18:19.000Z</time>
        <extensions>
          <ns3:TrackPointExtension>
            <ns3:hr>140</ns3:hr>
            <ns3:cad>0</ns3:cad>
          </ns3:TrackPointExtension>
        </extensions>
      </trkpt>
      <trkpt lat="42.040033154189586639404296875" lon="128.05572054348886013031005859375">
        <ele>1971.800048828125</ele>
        <time>2026-10-03T07:18:21.000Z</time>
        <extensions>
          <ns3:TrackPointExtension>
            <ns3:hr>143</ns3:hr>
            <ns3:cad>0</ns3:cad>
          </ns3:TrackPointExtension>
        </extensions>
      </trkpt>
      <trkpt lat="42.04003416001796722412109375" lon="128.0557191185653209686279296875">
        <ele>1972</ele>
        <time>2026-10-03T07:18:22.000Z</time>
        <extensions>
          <ns3:TrackPointExtension>
            <ns3:hr>146</ns3:hr>
            <ns3:cad>0</ns3:cad>
          </ns3:TrackPointExtension>
        </extensions>
      </trkpt>
      <trkpt lat="42.04003877006471157073974609375" lon="128.055718950927257537841796875">
        <ele>1972.199951171875</ele>
        <time>2026-10-03T07:18:23.000Z</time>
        <extensions>
          <ns3:TrackPointExtension>
            <ns3:hr>145</ns3:hr>
            <ns3:cad>0</ns3:cad>
          </ns3:TrackPointExtension>
        </extensions>
      </trkpt>
      <trkpt lat="42.0400527678430080413818359375" lon="128.05571886710822582244873046875">
        <ele>1972.800048828125</ele>
        <time>2026-10-03T07:18:26.000Z</time>
        <extensions>
          <ns3:TrackPointExtension>
            <ns3:hr>148</ns3:hr>
            <ns3:cad>0</ns3:cad>
          </ns3:TrackPointExtension>
        </extensions>
      </trkpt>
      <trkpt lat="42.0400712080299854278564453125" lon="128.05571534670889377593994140625">
        <ele>1973</ele>
        <time>2026-10-03T07:18:31.000Z</time>
        <extensions>
          <ns3:TrackPointExtension>
            <ns3:hr>144</ns3:hr>
            <ns3:cad>0</ns3:cad>
          </ns3:TrackPointExtension>
        </extensions>
      </trkpt>
      <trkpt lat="42.0401188172399997711181640625" lon="128.0556627921760082244873046875">
        <ele>1973</ele>
        <time>2026-10-03T07:18:37.000Z</time>
        <extensions>
          <ns3:TrackPointExtension>
            <ns3:hr>143</ns3:hr>
            <ns3:cad>0</ns3:cad>
          </ns3:TrackPointExtension>
        </extensions>
      </trkpt>
      <trkpt lat="42.04017858020961284637451171875" lon="128.0556165240705013275146484375">
        <ele>1972</ele>
        <time>2026-10-03T07:18:42.000Z</time>
        <extensions>
          <ns3:TrackPointExtension>
            <ns3:hr>141</ns3:hr>
            <ns3:cad>0</ns3:cad>
          </ns3:TrackPointExtension>
        </extensions>
      </trkpt>
      <trkpt lat="42.040195427834987640380859375" lon="128.055601604282855987548828125">
        <ele>1971.4000244140625</ele>
        <time>2026-10-03T07:18:44.000Z</time>
        <extensions>
          <ns3:TrackPointExtension>
            <ns3:hr>140</ns3:hr>
            <ns3:cad>0</ns3:cad>
          </ns3:TrackPointExtension>
        </extensions>
      </trkpt>
      <trkpt lat="42.0402012951672077178955078125" lon="128.05559548549354076385498046875">
        <ele>1971.199951171875</ele>
        <time>2026-10-03T07:18:45.000Z</time>
        <extensions>
          <ns3:TrackPointExtension>
            <ns3:hr>140</ns3:hr>
            <ns3:cad>0</ns3:cad>
          </ns3:TrackPointExtension>
        </extensions>
      </trkpt>
      <trkpt lat="42.04022862017154693603515625" lon="128.0555524863302707672119140625">
        <ele>1970.4000244140625</ele>
        <time>2026-10-03T07:18:52.000Z</time>
        <extensions>
          <ns3:TrackPointExtension>
            <ns3:hr>139</ns3:hr>
            <ns3:cad>44</ns3:cad>
          </ns3:TrackPointExtension>
        </extensions>
      </trkpt>
      <trkpt lat="42.0402603037655353546142578125" lon="128.05555500090122222900390625">
        <ele>1971.4000244140625</ele>
        <time>2026-10-03T07:18:57.000Z</time>
        <extensions>
          <ns3:TrackPointExtension>
            <ns3:hr>139</ns3:hr>
            <ns3:cad>46</ns3:cad>
          </ns3:TrackPointExtension>
        </extensions>
      </trkpt>
      <trkpt lat="42.04027153551578521728515625" lon="128.05556380189955234527587890625">
        <ele>1971.5999755859375</ele>
        <time>2026-10-03T07:18:59.000Z</time>
        <extensions>
          <ns3:TrackPointExtension>
            <ns3:hr>142</ns3:hr>
            <ns3:cad>46</ns3:cad>
          </ns3:TrackPointExtension>
        </extensions>
      </trkpt>
      <trkpt lat="42.04028167761862277984619140625" lon="128.0555642209947109222412109375">
        <ele>1971.5999755859375</ele>
        <time>2026-10-03T07:19:01.000Z</time>
        <extensions>
          <ns3:TrackPointExtension>
            <ns3:hr>146</ns3:hr>
            <ns3:cad>46</ns3:cad>
          </ns3:TrackPointExtension>
        </extensions>
      </trkpt>
      <trkpt lat="42.04029500484466552734375" lon="128.055560030043125152587890625">
        <ele>1971.5999755859375</ele>
        <time>2026-10-03T07:19:04.000Z</time>
        <extensions>
          <ns3:TrackPointExtension>
            <ns3:hr>145</ns3:hr>
            <ns3:cad>46</ns3:cad>
          </ns3:TrackPointExtension>
        </extensions>
      </trkpt>
      <trkpt lat="42.04031889326870441436767578125" lon="128.05556229315698146820068359375">
        <ele>1971.4000244140625</ele>
        <time>2026-10-03T07:19:07.000Z</time>
        <extensions>
          <ns3:TrackPointExtension>
            <ns3:hr>142</ns3:hr>
            <ns3:cad>0</ns3:cad>
          </ns3:TrackPointExtension>
        </extensions>
      </trkpt>
      <trkpt lat="42.04033146612346172332763671875" lon="128.05555357597768306732177734375">
        <ele>1969.800048828125</ele>
        <time>2026-10-03T07:19:12.000Z</time>
        <extensions>
          <ns3:TrackPointExtension>
            <ns3:hr>141</ns3:hr>
            <ns3:cad>0</ns3:cad>
          </ns3:TrackPointExtension>
        </extensions>
      </trkpt>
      <trkpt lat="42.04033968038856983184814453125" lon="128.05554091930389404296875">
        <ele>1968.5999755859375</ele>
        <time>2026-10-03T07:19:14.000Z</time>
        <extensions>
          <ns3:TrackPointExtension>
            <ns3:hr>138</ns3:hr>
            <ns3:cad>0</ns3:cad>
          </ns3:TrackPointExtension>
        </extensions>
      </trkpt>
      <trkpt lat="42.04034772701561450958251953125" lon="128.0555357225239276885986328125">
        <ele>1967</ele>
        <time>2026-10-03T07:19:16.000Z</time>
        <extensions>
          <ns3:TrackPointExtension>
            <ns3:hr>136</ns3:hr>
            <ns3:cad>0</ns3:cad>
          </ns3:TrackPointExtension>
        </extensions>
      </trkpt>
      <trkpt lat="42.04034839756786823272705078125" lon="128.0555457808077335357666015625">
        <ele>1965.800048828125</ele>
        <time>2026-10-03T07:19:17.000Z</time>
        <extensions>
          <ns3:TrackPointExtension>
            <ns3:hr>136</ns3:hr>
            <ns3:cad>0</ns3:cad>
          </ns3:TrackPointExtension>
        </extensions>
      </trkpt>
      <trkpt lat="42.04035476781427860260009765625" lon="128.0555534921586513519287109375">
        <ele>1964.4000244140625</ele>
        <time>2026-10-03T07:19:18.000Z</time>
        <extensions>
          <ns3:TrackPointExtension>
            <ns3:hr>135</ns3:hr>
            <ns3:cad>0</ns3:cad>
          </ns3:TrackPointExtension>
        </extensions>
      </trkpt>
      <trkpt lat="42.0403655804693698883056640625" lon="128.055558018386363983154296875">
        <ele>1962.800048828125</ele>
        <time>2026-10-03T07:19:19.000Z</time>
        <extensions>
          <ns3:TrackPointExtension>
            <ns3:hr>135</ns3:hr>
            <ns3:cad>0</ns3:cad>
          </ns3:TrackPointExtension>
        </extensions>
      </trkpt>
      <trkpt lat="42.04037614166736602783203125" lon="128.0555565096437931060791015625">
        <ele>1961.4000244140625</ele>
        <time>2026-10-03T07:19:20.000Z</time>
        <extensions>
          <ns3:TrackPointExtension>
            <ns3:hr>134</ns3:hr>
            <ns3:cad>0</ns3:cad>
          </ns3:TrackPointExtension>
        </extensions>
      </trkpt>
      <trkpt lat="42.0403820089995861053466796875" lon="128.05554787628352642059326171875">
        <ele>1960.4000244140625</ele>
        <time>2026-10-03T07:19:21.000Z</time>
        <extensions>
          <ns3:TrackPointExtension>
            <ns3:hr>134</ns3:hr>
            <ns3:cad>0</ns3:cad>
          </ns3:TrackPointExtension>
        </extensions>
      </trkpt>
      <trkpt lat="42.04038846306502819061279296875" lon="128.05555340833961963653564453125">
        <ele>1959</ele>
        <time>2026-10-03T07:19:23.000Z</time>
        <extensions>
          <ns3:TrackPointExtension>
            <ns3:hr>133</ns3:hr>
            <ns3:cad>0</ns3:cad>
          </ns3:TrackPointExtension>
        </extensions>
      </trkpt>
      <trkpt lat="42.04038762487471103668212890625" lon="128.0555679090321063995361328125">
        <ele>1957.800048828125</ele>
        <time>2026-10-03T07:19:26.000Z</time>
        <extensions>
          <ns3:TrackPointExtension>
            <ns3:hr>132</ns3:hr>
            <ns3:cad>0</ns3:cad>
          </ns3:TrackPointExtension>
        </extensions>
      </trkpt>
      <trkpt lat="42.0403940789401531219482421875" lon="128.05559515021741390228271484375">
        <ele>1958.199951171875</ele>
        <time>2026-10-03T07:19:29.000Z</time>
        <extensions>
          <ns3:TrackPointExtension>
            <ns3:hr>132</ns3:hr>
            <ns3:cad>0</ns3:cad>
          </ns3:TrackPointExtension>
        </extensions>
      </trkpt>
      <trkpt lat="42.040405310690402984619140625" lon="128.05558710359036922454833984375">
        <ele>1959</ele>
        <time>2026-10-03T07:19:31.000Z</time>
        <extensions>
          <ns3:TrackPointExtension>
            <ns3:hr>131</ns3:hr>
            <ns3:cad>0</ns3:cad>
          </ns3:TrackPointExtension>
        </extensions>
      </trkpt>
      <trkpt lat="42.0404054783284664154052734375" lon="128.05557838641107082366943359375">
        <ele>1960</ele>
        <time>2026-10-03T07:19:35.000Z</time>
        <extensions>
          <ns3:TrackPointExtension>
            <ns3:hr>129</ns3:hr>
            <ns3:cad>0</ns3:cad>
          </ns3:TrackPointExtension>
        </extensions>
      </trkpt>
      <trkpt lat="42.040397264063358306884765625" lon="128.05558240972459316253662109375">
        <ele>1960.199951171875</ele>
        <time>2026-10-03T07:19:36.000Z</time>
        <extensions>
          <ns3:TrackPointExtension>
            <ns3:hr>128</ns3:hr>
            <ns3:cad>0</ns3:cad>
          </ns3:TrackPointExtension>
        </extensions>
      </trkpt>
      <trkpt lat="42.04039080999791622161865234375" lon="128.05557285435497760772705078125">
        <ele>1960.4000244140625</ele>
        <time>2026-10-03T07:19:38.000Z</time>
        <extensions>
          <ns3:TrackPointExtension>
            <ns3:hr>125</ns3:hr>
            <ns3:cad>0</ns3:cad>
          </ns3:TrackPointExtension>
        </extensions>
      </trkpt>
      <trkpt lat="42.04041612334549427032470703125" lon="128.055558018386363983154296875">
        <ele>1961</ele>
        <time>2026-10-03T07:19:41.000Z</time>
        <extensions>
          <ns3:TrackPointExtension>
            <ns3:hr>121</ns3:hr>
            <ns3:cad>0</ns3:cad>
          </ns3:TrackPointExtension>
        </extensions>
      </trkpt>
      <trkpt lat="42.0404175482690334320068359375" lon="128.05555407889187335968017578125">
        <ele>1961.199951171875</ele>
        <time>2026-10-03T07:19:42.000Z</time>
        <extensions>
          <ns3:TrackPointExtension>
            <ns3:hr>121</ns3:hr>
            <ns3:cad>0</ns3:cad>
          </ns3:TrackPointExtension>
        </extensions>
      </trkpt>
      <trkpt lat="42.04042173922061920166015625" lon="128.05554837919771671295166015625">
        <ele>1962</ele>
        <time>2026-10-03T07:19:45.000Z</time>
        <extensions>
          <ns3:TrackPointExtension>
            <ns3:hr>119</ns3:hr>
            <ns3:cad>71</ns3:cad>
          </ns3:TrackPointExtension>
        </extensions>
      </trkpt>
      <trkpt lat="42.040426433086395263671875" lon="128.055546618998050689697265625">
        <ele>1962.4000244140625</ele>
        <time>2026-10-03T07:19:46.000Z</time>
        <extensions>
          <ns3:TrackPointExtension>
            <ns3:hr>119</ns3:hr>
            <ns3:cad>71</ns3:cad>
          </ns3:TrackPointExtension>
        </extensions>
      </trkpt>
      <trkpt lat="42.04043305478990077972412109375" lon="128.0555380694568157196044921875">
        <ele>1963.4000244140625</ele>
        <time>2026-10-03T07:19:49.000Z</time>
        <extensions>
          <ns3:TrackPointExtension>
            <ns3:hr>119</ns3:hr>
            <ns3:cad>71</ns3:cad>
          </ns3:TrackPointExtension>
        </extensions>
      </trkpt>
      <trkpt lat="42.0404353179037570953369140625" lon="128.0555266700685024261474609375">
        <ele>1964</ele>
        <time>2026-10-03T07:19:52.000Z</time>
        <extensions>
          <ns3:TrackPointExtension>
            <ns3:hr>117</ns3:hr>
            <ns3:cad>71</ns3:cad>
          </ns3:TrackPointExtension>
        </extensions>
      </trkpt>
      <trkpt lat="42.04043473117053508758544921875" lon="128.05551351048052310943603515625">
        <ele>1964.5999755859375</ele>
        <time>2026-10-03T07:19:55.000Z</time>
        <extensions>
          <ns3:TrackPointExtension>
            <ns3:hr>116</ns3:hr>
            <ns3:cad>46</ns3:cad>
          </ns3:TrackPointExtension>
        </extensions>
      </trkpt>
      <trkpt lat="42.040458954870700836181640625" lon="128.0554978363215923309326171875">
        <ele>1964.800048828125</ele>
        <time>2026-10-03T07:20:01.000Z</time>
        <extensions>
          <ns3:TrackPointExtension>
            <ns3:hr>119</ns3:hr>
            <ns3:cad>0</ns3:cad>
          </ns3:TrackPointExtension>
        </extensions>
      </trkpt>
      <trkpt lat="42.04046465456485748291015625" lon="128.0554901249706745147705078125">
        <ele>1964.800048828125</ele>
        <time>2026-10-03T07:20:02.000Z</time>
        <extensions>
          <ns3:TrackPointExtension>
            <ns3:hr>116</ns3:hr>
            <ns3:cad>74</ns3:cad>
          </ns3:TrackPointExtension>
        </extensions>
      </trkpt>
      <trkpt lat="42.0404926501214504241943359375" lon="128.0554649792611598968505859375">
        <ele>1963.800048828125</ele>
        <time>2026-10-03T07:20:09.000Z</time>
        <extensions>
          <ns3:TrackPointExtension>
            <ns3:hr>113</ns3:hr>
            <ns3:cad>0</ns3:cad>
          </ns3:TrackPointExtension>
        </extensions>
      </trkpt>
      <trkpt lat="42.04049005173146724700927734375" lon="128.0554733611643314361572265625">
        <ele>1963.4000244140625</ele>
        <time>2026-10-03T07:20:11.000Z</time>
        <extensions>
          <ns3:TrackPointExtension>
            <ns3:hr>113</ns3:hr>
            <ns3:cad>0</ns3:cad>
          </ns3:TrackPointExtension>
        </extensions>
      </trkpt>
      <trkpt lat="42.0404812507331371307373046875" lon="128.055519796907901763916015625">
        <ele>1963.199951171875</ele>
        <time>2026-10-03T07:20:14.000Z</time>
        <extensions>
          <ns3:TrackPointExtension>
            <ns3:hr>113</ns3:hr>
            <ns3:cad>0</ns3:cad>
          </ns3:TrackPointExtension>
        </extensions>
      </trkpt>
      <trkpt lat="42.0404936559498310089111328125" lon="128.0554752051830291748046875">
        <ele>1962.4000244140625</ele>
        <time>2026-10-03T07:20:20.000Z</time>
        <extensions>
          <ns3:TrackPointExtension>
            <ns3:hr>112</ns3:hr>
            <ns3:cad>0</ns3:cad>
          </ns3:TrackPointExtension>
        </extensions>
      </trkpt>
      <trkpt lat="42.0404913090169429779052734375" lon="128.05547998286783695220947265625">
        <ele>1962.4000244140625</ele>
        <time>2026-10-03T07:20:21.000Z</time>
        <extensions>
          <ns3:TrackPointExtension>
            <ns3:hr>112</ns3:hr>
            <ns3:cad>0</ns3:cad>
          </ns3:TrackPointExtension>
        </extensions>
      </trkpt>
      <trkpt lat="42.0404711924493312835693359375" lon="128.055486939847469329833984375">
        <ele>1961.800048828125</ele>
        <time>2026-10-03T07:20:28.000Z</time>
        <extensions>
          <ns3:TrackPointExtension>
            <ns3:hr>109</ns3:hr>
            <ns3:cad>0</ns3:cad>
          </ns3:TrackPointExtension>
        </extensions>
      </trkpt>
      <trkpt lat="42.04048837535083293914794921875" lon="128.05548115633428096771240234375">
        <ele>1962.199951171875</ele>
        <time>2026-10-03T07:20:33.000Z</time>
        <extensions>
          <ns3:TrackPointExtension>
            <ns3:hr>109</ns3:hr>
            <ns3:cad>0</ns3:cad>
          </ns3:TrackPointExtension>
        </extensions>
      </trkpt>
      <trkpt lat="42.04052207060158252716064453125" lon="128.055417537689208984375">
        <ele>1961.800048828125</ele>
        <time>2026-10-03T07:20:39.000Z</time>
        <extensions>
          <ns3:TrackPointExtension>
            <ns3:hr>108</ns3:hr>
            <ns3:cad>0</ns3:cad>
          </ns3:TrackPointExtension>
        </extensions>
      </trkpt>
      <trkpt lat="42.0405466295778751373291015625" lon="128.05539482273161411285400390625">
        <ele>1961.4000244140625</ele>
        <time>2026-10-03T07:20:43.000Z</time>
        <extensions>
          <ns3:TrackPointExtension>
            <ns3:hr>108</ns3:hr>
            <ns3:cad>0</ns3:cad>
          </ns3:TrackPointExtension>
        </extensions>
      </trkpt>
      <trkpt lat="42.04054587520658969879150390625" lon="128.055381663143634796142578125">
        <ele>1961</ele>
        <time>2026-10-03T07:20:45.000Z</time>
        <extensions>
          <ns3:TrackPointExtension>
            <ns3:hr>108</ns3:hr>
            <ns3:cad>0</ns3:cad>
          </ns3:TrackPointExtension>
        </extensions>
      </trkpt>
      <trkpt lat="42.04057554714381694793701171875" lon="128.05538677610456943511962890625">
        <ele>1960.199951171875</ele>
        <time>2026-10-03T07:20:49.000Z</time>
        <extensions>
          <ns3:TrackPointExtension>
            <ns3:hr>109</ns3:hr>
            <ns3:cad>0</ns3:cad>
          </ns3:TrackPointExtension>
        </extensions>
      </trkpt>
      <trkpt lat="42.04058267176151275634765625" lon="128.0553851835429668426513671875">
        <ele>1960.199951171875</ele>
        <time>2026-10-03T07:20:50.000Z</time>
        <extensions>
          <ns3:TrackPointExtension>
            <ns3:hr>109</ns3:hr>
            <ns3:cad>0</ns3:cad>
          </ns3:TrackPointExtension>
        </extensions>
      </trkpt>
      <trkpt lat="42.040593735873699188232421875" lon="128.05539716966450214385986328125">
        <ele>1960</ele>
        <time>2026-10-03T07:20:53.000Z</time>
        <extensions>
          <ns3:TrackPointExtension>
            <ns3:hr>113</ns3:hr>
            <ns3:cad>74</ns3:cad>
          </ns3:TrackPointExtension>
        </extensions>
      </trkpt>
      <trkpt lat="42.04059683717787265777587890625" lon="128.05540538392961025238037109375">
        <ele>1960</ele>
        <time>2026-10-03T07:20:54.000Z</time>
        <extensions>
          <ns3:TrackPointExtension>
            <ns3:hr>117</ns3:hr>
            <ns3:cad>74</ns3:cad>
          </ns3:TrackPointExtension>
        </extensions>
      </trkpt>
      <trkpt lat="42.04060144722461700439453125" lon="128.0554079823195934295654296875">
        <ele>1960</ele>
        <time>2026-10-03T07:20:55.000Z</time>
        <extensions>
          <ns3:TrackPointExtension>
            <ns3:hr>121</ns3:hr>
            <ns3:cad>74</ns3:cad>
          </ns3:TrackPointExtension>
        </extensions>
      </trkpt>
      <trkpt lat="42.0406093262135982513427734375" lon="128.0554113350808620452880859375">
        <ele>1960</ele>
        <time>2026-10-03T07:20:56.000Z</time>
        <extensions>
          <ns3:TrackPointExtension>
            <ns3:hr>120</ns3:hr>
            <ns3:cad>74</ns3:cad>
          </ns3:TrackPointExtension>
        </extensions>
      </trkpt>
      <trkpt lat="42.04064344055950641632080078125" lon="128.05541594512760639190673828125">
        <ele>1960.199951171875</ele>
        <time>2026-10-03T07:21:00.000Z</time>
        <extensions>
          <ns3:TrackPointExtension>
            <ns3:hr>117</ns3:hr>
            <ns3:cad>74</ns3:cad>
          </ns3:TrackPointExtension>
        </extensions>
      </trkpt>
      <trkpt lat="42.04067747108638286590576171875" lon="128.0554170347750186920166015625">
        <ele>1960.199951171875</ele>
        <time>2026-10-03T07:21:03.000Z</time>
        <extensions>
          <ns3:TrackPointExtension>
            <ns3:hr>116</ns3:hr>
            <ns3:cad>59</ns3:cad>
          </ns3:TrackPointExtension>
        </extensions>
      </trkpt>
      <trkpt lat="42.040694989264011383056640625" lon="128.0554217286407947540283203125">
        <ele>1959.5999755859375</ele>
        <time>2026-10-03T07:21:05.000Z</time>
        <extensions>
          <ns3:TrackPointExtension>
            <ns3:hr>116</ns3:hr>
            <ns3:cad>59</ns3:cad>
          </ns3:TrackPointExtension>
        </extensions>
      </trkpt>
      <trkpt lat="42.04071887768805027008056640625" lon="128.05542918853461742401123046875">
        <ele>1959</ele>
        <time>2026-10-03T07:21:07.000Z</time>
        <extensions>
          <ns3:TrackPointExtension>
            <ns3:hr>116</ns3:hr>
            <ns3:cad>0</ns3:cad>
          </ns3:TrackPointExtension>
        </extensions>
      </trkpt>
      <trkpt lat="42.04073564149439334869384765625" lon="128.05543170310556888580322265625">
        <ele>1958.800048828125</ele>
        <time>2026-10-03T07:21:08.000Z</time>
        <extensions>
          <ns3:TrackPointExtension>
            <ns3:hr>116</ns3:hr>
            <ns3:cad>0</ns3:cad>
          </ns3:TrackPointExtension>
        </extensions>
      </trkpt>
      <trkpt lat="42.0407578535377979278564453125" lon="128.05546187795698642730712890625">
        <ele>1958.4000244140625</ele>
        <time>2026-10-03T07:21:10.000Z</time>
        <extensions>
          <ns3:TrackPointExtension>
            <ns3:hr>116</ns3:hr>
            <ns3:cad>0</ns3:cad>
          </ns3:TrackPointExtension>
        </extensions>
      </trkpt>
      <trkpt lat="42.0407682470977306365966796875" lon="128.05547453463077545166015625">
        <ele>1958.199951171875</ele>
        <time>2026-10-03T07:21:12.000Z</time>
        <extensions>
          <ns3:TrackPointExtension>
            <ns3:hr>117</ns3:hr>
            <ns3:cad>0</ns3:cad>
          </ns3:TrackPointExtension>
        </extensions>
      </trkpt>
      <trkpt lat="42.04078660346567630767822265625" lon="128.055457435548305511474609375">
        <ele>1959</ele>
        <time>2026-10-03T07:21:16.000Z</time>
        <extensions>
          <ns3:TrackPointExtension>
            <ns3:hr>117</ns3:hr>
            <ns3:cad>0</ns3:cad>
          </ns3:TrackPointExtension>
        </extensions>
      </trkpt>
      <trkpt lat="42.0407853461802005767822265625" lon="128.05544368922710418701171875">
        <ele>1959.4000244140625</ele>
        <time>2026-10-03T07:21:18.000Z</time>
        <extensions>
          <ns3:TrackPointExtension>
            <ns3:hr>117</ns3:hr>
            <ns3:cad>0</ns3:cad>
          </ns3:TrackPointExtension>
        </extensions>
      </trkpt>
      <trkpt lat="42.04080169089138507843017578125" lon="128.05541963316500186920166015625">
        <ele>1959.800048828125</ele>
        <time>2026-10-03T07:21:20.000Z</time>
        <extensions>
          <ns3:TrackPointExtension>
            <ns3:hr>117</ns3:hr>
            <ns3:cad>0</ns3:cad>
          </ns3:TrackPointExtension>
        </extensions>
      </trkpt>
      <trkpt lat="42.04078475944697856903076171875" lon="128.05540605448186397552490234375">
        <ele>1960.199951171875</ele>
        <time>2026-10-03T07:21:22.000Z</time>
        <extensions>
          <ns3:TrackPointExtension>
            <ns3:hr>118</ns3:hr>
            <ns3:cad>0</ns3:cad>
          </ns3:TrackPointExtension>
        </extensions>
      </trkpt>
      <trkpt lat="42.04079498536884784698486328125" lon="128.05540320463478565216064453125">
        <ele>1960.800048828125</ele>
        <time>2026-10-03T07:21:25.000Z</time>
        <extensions>
          <ns3:TrackPointExtension>
            <ns3:hr>118</ns3:hr>
            <ns3:cad>0</ns3:cad>
          </ns3:TrackPointExtension>
        </extensions>
      </trkpt>
      <trkpt lat="42.04084963537752628326416015625" lon="128.0554656498134136199951171875">
        <ele>1959.800048828125</ele>
        <time>2026-10-03T07:21:31.000Z</time>
        <extensions>
          <ns3:TrackPointExtension>
            <ns3:hr>116</ns3:hr>
            <ns3:cad>0</ns3:cad>
          </ns3:TrackPointExtension>
        </extensions>
      </trkpt>
      <trkpt lat="42.040849886834621429443359375" lon="128.05544695816934108734130859375">
        <ele>1959</ele>
        <time>2026-10-03T07:21:33.000Z</time>
        <extensions>
          <ns3:TrackPointExtension>
            <ns3:hr>116</ns3:hr>
            <ns3:cad>0</ns3:cad>
          </ns3:TrackPointExtension>
        </extensions>
      </trkpt>
      <trkpt lat="42.0408617891371250152587890625" lon="128.055436313152313232421875">
        <ele>1958.199951171875</ele>
        <time>2026-10-03T07:21:38.000Z</time>
        <extensions>
          <ns3:TrackPointExtension>
            <ns3:hr>113</ns3:hr>
            <ns3:cad>0</ns3:cad>
          </ns3:TrackPointExtension>
        </extensions>
      </trkpt>
      <trkpt lat="42.04085868783295154571533203125" lon="128.0554482154548168182373046875">
        <ele>1958</ele>
        <time>2026-10-03T07:21:39.000Z</time>
        <extensions>
          <ns3:TrackPointExtension>
            <ns3:hr>113</ns3:hr>
            <ns3:cad>0</ns3:cad>
          </ns3:TrackPointExtension>
        </extensions>
      </trkpt>
      <trkpt lat="42.04086296260356903076171875" lon="128.0554686672985553741455078125">
        <ele>1957.199951171875</ele>
        <time>2026-10-03T07:21:42.000Z</time>
        <extensions>
          <ns3:TrackPointExtension>
            <ns3:hr>112</ns3:hr>
            <ns3:cad>0</ns3:cad>
          </ns3:TrackPointExtension>
        </extensions>
      </trkpt>
      <trkpt lat="42.04086539335548877716064453125" lon="128.05547428317368030548095703125">
        <ele>1956.800048828125</ele>
        <time>2026-10-03T07:21:43.000Z</time>
        <extensions>
          <ns3:TrackPointExtension>
            <ns3:hr>112</ns3:hr>
            <ns3:cad>0</ns3:cad>
          </ns3:TrackPointExtension>
        </extensions>
      </trkpt>
      <trkpt lat="42.0408691652119159698486328125" lon="128.0555169470608234405517578125">
        <ele>1955.5999755859375</ele>
        <time>2026-10-03T07:21:48.000Z</time>
        <extensions>
          <ns3:TrackPointExtension>
            <ns3:hr>111</ns3:hr>
            <ns3:cad>0</ns3:cad>
          </ns3:TrackPointExtension>
        </extensions>
      </trkpt>
      <trkpt lat="42.04088081605732440948486328125" lon="128.055507726967334747314453125">
        <ele>1954</ele>
        <time>2026-10-03T07:21:51.000Z</time>
        <extensions>
          <ns3:TrackPointExtension>
            <ns3:hr>111</ns3:hr>
            <ns3:cad>0</ns3:cad>
          </ns3:TrackPointExtension>
        </extensions>
      </trkpt>
      <trkpt lat="42.040896154940128326416015625" lon="128.05552013218402862548828125">
        <ele>1952.800048828125</ele>
        <time>2026-10-03T07:21:53.000Z</time>
        <extensions>
          <ns3:TrackPointExtension>
            <ns3:hr>111</ns3:hr>
            <ns3:cad>41</ns3:cad>
          </ns3:TrackPointExtension>
        </extensions>
      </trkpt>
      <trkpt lat="42.04089741222560405731201171875" lon="128.055517114698886871337890625">
        <ele>1951.800048828125</ele>
        <time>2026-10-03T07:21:54.000Z</time>
        <extensions>
          <ns3:TrackPointExtension>
            <ns3:hr>111</ns3:hr>
            <ns3:cad>41</ns3:cad>
          </ns3:TrackPointExtension>
        </extensions>
      </trkpt>
      <trkpt lat="42.0408998429775238037109375" lon="128.05551686324179172515869140625">
        <ele>1950.5999755859375</ele>
        <time>2026-10-03T07:21:55.000Z</time>
        <extensions>
          <ns3:TrackPointExtension>
            <ns3:hr>111</ns3:hr>
            <ns3:cad>0</ns3:cad>
          </ns3:TrackPointExtension>
        </extensions>
      </trkpt>
      <trkpt lat="42.0409047044813632965087890625" lon="128.0555169470608234405517578125">
        <ele>1949.5999755859375</ele>
        <time>2026-10-03T07:21:56.000Z</time>
        <extensions>
          <ns3:TrackPointExtension>
            <ns3:hr>110</ns3:hr>
            <ns3:cad>0</ns3:cad>
          </ns3:TrackPointExtension>
        </extensions>
      </trkpt>
      <trkpt lat="42.040908895432949066162109375" lon="128.0555162765085697174072265625">
        <ele>1948.4000244140625</ele>
        <time>2026-10-03T07:21:57.000Z</time>
        <extensions>
          <ns3:TrackPointExtension>
            <ns3:hr>110</ns3:hr>
            <ns3:cad>0</ns3:cad>
          </ns3:TrackPointExtension>
        </extensions>
      </trkpt>
      <trkpt lat="42.0409137569367885589599609375" lon="128.055507056415081024169921875">
        <ele>1947.5999755859375</ele>
        <time>2026-10-03T07:21:58.000Z</time>
        <extensions>
          <ns3:TrackPointExtension>
            <ns3:hr>110</ns3:hr>
            <ns3:cad>0</ns3:cad>
          </ns3:TrackPointExtension>
        </extensions>
      </trkpt>
      <trkpt lat="42.040919959545135498046875" lon="128.05550311692059040069580078125">
        <ele>1946.800048828125</ele>
        <time>2026-10-03T07:21:59.000Z</time>
        <extensions>
          <ns3:TrackPointExtension>
            <ns3:hr>110</ns3:hr>
            <ns3:cad>0</ns3:cad>
          </ns3:TrackPointExtension>
        </extensions>
      </trkpt>
      <trkpt lat="42.04092306084930896759033203125" lon="128.055517785251140594482421875">
        <ele>1945.5999755859375</ele>
        <time>2026-10-03T07:22:01.000Z</time>
        <extensions>
          <ns3:TrackPointExtension>
            <ns3:hr>109</ns3:hr>
            <ns3:cad>0</ns3:cad>
          </ns3:TrackPointExtension>
        </extensions>
      </trkpt>
      <trkpt lat="42.040951810777187347412109375" lon="128.0555246584117412567138671875">
        <ele>1944.800048828125</ele>
        <time>2026-10-03T07:22:05.000Z</time>
        <extensions>
          <ns3:TrackPointExtension>
            <ns3:hr>108</ns3:hr>
            <ns3:cad>45</ns3:cad>
          </ns3:TrackPointExtension>
        </extensions>
      </trkpt>
      <trkpt lat="42.04097829759120941162109375" lon="128.055555336177349090576171875">
        <ele>1944.5999755859375</ele>
        <time>2026-10-03T07:22:12.000Z</time>
        <extensions>
          <ns3:TrackPointExtension>
            <ns3:hr>107</ns3:hr>
            <ns3:cad>0</ns3:cad>
          </ns3:TrackPointExtension>
        </extensions>
      </trkpt>
      <trkpt lat="42.04098877497017383575439453125" lon="128.05557955987751483917236328125">
        <ele>1944.5999755859375</ele>
        <time>2026-10-03T07:22:15.000Z</time>
        <extensions>
          <ns3:TrackPointExtension>
            <ns3:hr>108</ns3:hr>
            <ns3:cad>0</ns3:cad>
          </ns3:TrackPointExtension>
        </extensions>
      </trkpt>
      <trkpt lat="42.0409964025020599365234375" lon="128.055602274835109710693359375">
        <ele>1944.4000244140625</ele>
        <time>2026-10-03T07:22:19.000Z</time>
        <extensions>
          <ns3:TrackPointExtension>
            <ns3:hr>106</ns3:hr>
            <ns3:cad>0</ns3:cad>
          </ns3:TrackPointExtension>
        </extensions>
      </trkpt>
      <trkpt lat="42.04100403003394603729248046875" lon="128.05562817491590976715087890625">
        <ele>1943.4000244140625</ele>
        <time>2026-10-03T07:22:23.000Z</time>
        <extensions>
          <ns3:TrackPointExtension>
            <ns3:hr>106</ns3:hr>
            <ns3:cad>76</ns3:cad>
          </ns3:TrackPointExtension>
        </extensions>
      </trkpt>
      <trkpt lat="42.04102565534412860870361328125" lon="128.055648542940616607666015625">
        <ele>1943.4000244140625</ele>
        <time>2026-10-03T07:22:27.000Z</time>
        <extensions>
          <ns3:TrackPointExtension>
            <ns3:hr>105</ns3:hr>
            <ns3:cad>0</ns3:cad>
          </ns3:TrackPointExtension>
        </extensions>
      </trkpt>
      <trkpt lat="42.04107142053544521331787109375" lon="128.05566170252859592437744140625">
        <ele>1943.5999755859375</ele>
        <time>2026-10-03T07:22:36.000Z</time>
        <extensions>
          <ns3:TrackPointExtension>
            <ns3:hr>106</ns3:hr>
            <ns3:cad>46</ns3:cad>
          </ns3:TrackPointExtension>
        </extensions>
      </trkpt>
      <trkpt lat="42.041087932884693145751953125" lon="128.0556805618107318878173828125">
        <ele>1943.199951171875</ele>
        <time>2026-10-03T07:22:42.000Z</time>
        <extensions>
          <ns3:TrackPointExtension>
            <ns3:hr>105</ns3:hr>
            <ns3:cad>42</ns3:cad>
          </ns3:TrackPointExtension>
        </extensions>
      </trkpt>
      <trkpt lat="42.0410981588065624237060546875" lon="128.05568584240972995758056640625">
        <ele>1942.800048828125</ele>
        <time>2026-10-03T07:22:44.000Z</time>
        <extensions>
          <ns3:TrackPointExtension>
            <ns3:hr>102</ns3:hr>
            <ns3:cad>42</ns3:cad>
          </ns3:TrackPointExtension>
        </extensions>
      </trkpt>
      <trkpt lat="42.04110830090939998626708984375" lon="128.05568567477166652679443359375">
        <ele>1942.4000244140625</ele>
        <time>2026-10-03T07:22:46.000Z</time>
        <extensions>
          <ns3:TrackPointExtension>
            <ns3:hr>103</ns3:hr>
            <ns3:cad>42</ns3:cad>
          </ns3:TrackPointExtension>
        </extensions>
      </trkpt>
      <trkpt lat="42.04113210551440715789794921875" lon="128.05570830591022968292236328125">
        <ele>1941.5999755859375</ele>
        <time>2026-10-03T07:22:51.000Z</time>
        <extensions>
          <ns3:TrackPointExtension>
            <ns3:hr>103</ns3:hr>
            <ns3:cad>71</ns3:cad>
          </ns3:TrackPointExtension>
        </extensions>
      </trkpt>
      <trkpt lat="42.0411377213895320892333984375" lon="128.055736385285854339599609375">
        <ele>1941.5999755859375</ele>
        <time>2026-10-03T07:22:56.000Z</time>
        <extensions>
          <ns3:TrackPointExtension>
            <ns3:hr>103</ns3:hr>
            <ns3:cad>40</ns3:cad>
          </ns3:TrackPointExtension>
        </extensions>
      </trkpt>
      <trkpt lat="42.0411357097327709197998046875" lon="128.05573127232491970062255859375">
        <ele>1941.5999755859375</ele>
        <time>2026-10-03T07:22:57.000Z</time>
        <extensions>
          <ns3:TrackPointExtension>
            <ns3:hr>101</ns3:hr>
            <ns3:cad>40</ns3:cad>
          </ns3:TrackPointExtension>
        </extensions>
      </trkpt>
      <trkpt lat="42.041169069707393646240234375" lon="128.05571836419403553009033203125">
        <ele>1941.5999755859375</ele>
        <time>2026-10-03T07:23:00.000Z</time>
        <extensions>
          <ns3:TrackPointExtension>
            <ns3:hr>101</ns3:hr>
            <ns3:cad>41</ns3:cad>
          </ns3:TrackPointExtension>
        </extensions>
      </trkpt>
      <trkpt lat="42.04117971472442150115966796875" lon="128.05574803613126277923583984375">
        <ele>1941</ele>
        <time>2026-10-03T07:23:02.000Z</time>
        <extensions>
          <ns3:TrackPointExtension>
            <ns3:hr>101</ns3:hr>
            <ns3:cad>0</ns3:cad>
          </ns3:TrackPointExtension>
        </extensions>
      </trkpt>
      <trkpt lat="42.041190527379512786865234375" lon="128.05574200116097927093505859375">
        <ele>1940.5999755859375</ele>
        <time>2026-10-03T07:23:03.000Z</time>
        <extensions>
          <ns3:TrackPointExtension>
            <ns3:hr>98</ns3:hr>
            <ns3:cad>0</ns3:cad>
          </ns3:TrackPointExtension>
        </extensions>
      </trkpt>
      <trkpt lat="42.041188515722751617431640625" lon="128.05573378689587116241455078125">
        <ele>1940.199951171875</ele>
        <time>2026-10-03T07:23:04.000Z</time>
        <extensions>
          <ns3:TrackPointExtension>
            <ns3:hr>101</ns3:hr>
            <ns3:cad>0</ns3:cad>
          </ns3:TrackPointExtension>
        </extensions>
      </trkpt>
      <trkpt lat="42.0411856658756732940673828125" lon="128.055736720561981201171875">
        <ele>1939.800048828125</ele>
        <time>2026-10-03T07:23:05.000Z</time>
        <extensions>
          <ns3:TrackPointExtension>
            <ns3:hr>101</ns3:hr>
            <ns3:cad>0</ns3:cad>
          </ns3:TrackPointExtension>
        </extensions>
      </trkpt>
      <trkpt lat="42.041198909282684326171875" lon="128.055745102465152740478515625">
        <ele>1938.5999755859375</ele>
        <time>2026-10-03T07:23:08.000Z</time>
        <extensions>
          <ns3:TrackPointExtension>
            <ns3:hr>103</ns3:hr>
            <ns3:cad>0</ns3:cad>
          </ns3:TrackPointExtension>
        </extensions>
      </trkpt>
      <trkpt lat="42.0412041060626506805419921875" lon="128.0557549931108951568603515625">
        <ele>1938.4000244140625</ele>
        <time>2026-10-03T07:23:09.000Z</time>
        <extensions>
          <ns3:TrackPointExtension>
            <ns3:hr>99</ns3:hr>
            <ns3:cad>46</ns3:cad>
          </ns3:TrackPointExtension>
        </extensions>
      </trkpt>
      <trkpt lat="42.04121525399386882781982421875" lon="128.05576295591890811920166015625">
        <ele>1937.800048828125</ele>
        <time>2026-10-03T07:23:13.000Z</time>
        <extensions>
          <ns3:TrackPointExtension>
            <ns3:hr>102</ns3:hr>
            <ns3:cad>46</ns3:cad>
          </ns3:TrackPointExtension>
        </extensions>
      </trkpt>
      <trkpt lat="42.04121558926999568939208984375" lon="128.0557663924992084503173828125">
        <ele>1937.800048828125</ele>
        <time>2026-10-03T07:23:14.000Z</time>
        <extensions>
          <ns3:TrackPointExtension>
            <ns3:hr>99</ns3:hr>
            <ns3:cad>0</ns3:cad>
          </ns3:TrackPointExtension>
        </extensions>
      </trkpt>
      <trkpt lat="42.04122413881123065948486328125" lon="128.05577117018401622772216796875">
        <ele>1937.5999755859375</ele>
        <time>2026-10-03T07:23:16.000Z</time>
        <extensions>
          <ns3:TrackPointExtension>
            <ns3:hr>100</ns3:hr>
            <ns3:cad>0</ns3:cad>
          </ns3:TrackPointExtension>
        </extensions>
      </trkpt>
      <trkpt lat="42.041249535977840423583984375" lon="128.05578424595296382904052734375">
        <ele>1937.5999755859375</ele>
        <time>2026-10-03T07:23:20.000Z</time>
        <extensions>
          <ns3:TrackPointExtension>
            <ns3:hr>99</ns3:hr>
            <ns3:cad>0</ns3:cad>
          </ns3:TrackPointExtension>
        </extensions>
      </trkpt>
      <trkpt lat="42.04126571305096149444580078125" lon="128.0558083020150661468505859375">
        <ele>1937.5999755859375</ele>
        <time>2026-10-03T07:23:24.000Z</time>
        <extensions>
          <ns3:TrackPointExtension>
            <ns3:hr>97</ns3:hr>
            <ns3:cad>79</ns3:cad>
          </ns3:TrackPointExtension>
        </extensions>
      </trkpt>
      <trkpt lat="42.0412771962583065032958984375" lon="128.05581609718501567840576171875">
        <ele>1937.5999755859375</ele>
        <time>2026-10-03T07:23:27.000Z</time>
        <extensions>
          <ns3:TrackPointExtension>
            <ns3:hr>97</ns3:hr>
            <ns3:cad>79</ns3:cad>
          </ns3:TrackPointExtension>
        </extensions>
      </trkpt>
      <trkpt lat="42.04129270277917385101318359375" lon="128.05584694258868694305419921875">
        <ele>1937.800048828125</ele>
        <time>2026-10-03T07:23:30.000Z</time>
        <extensions>
          <ns3:TrackPointExtension>
            <ns3:hr>98</ns3:hr>
            <ns3:cad>42</ns3:cad>
          </ns3:TrackPointExtension>
        </extensions>
      </trkpt>
      <trkpt lat="42.04129882156848907470703125" lon="128.055870831012725830078125">
        <ele>1937.5999755859375</ele>
        <time>2026-10-03T07:23:32.000Z</time>
        <extensions>
          <ns3:TrackPointExtension>
            <ns3:hr>101</ns3:hr>
            <ns3:cad>42</ns3:cad>
          </ns3:TrackPointExtension>
        </extensions>
      </trkpt>
      <trkpt lat="42.04130276106297969818115234375" lon="128.0558867566287517547607421875">
        <ele>1937.4000244140625</ele>
        <time>2026-10-03T07:23:33.000Z</time>
        <extensions>
          <ns3:TrackPointExtension>
            <ns3:hr>99</ns3:hr>
            <ns3:cad>41</ns3:cad>
          </ns3:TrackPointExtension>
        </extensions>
      </trkpt>
      <trkpt lat="42.04133997671306133270263671875" lon="128.0559692345559597015380859375">
        <ele>1936.5999755859375</ele>
        <time>2026-10-03T07:23:41.000Z</time>
        <extensions>
          <ns3:TrackPointExtension>
            <ns3:hr>101</ns3:hr>
            <ns3:cad>0</ns3:cad>
          </ns3:TrackPointExtension>
        </extensions>
      </trkpt>
      <trkpt lat="42.0413482747972011566162109375" lon="128.05598004721105098724365234375">
        <ele>1936.4000244140625</ele>
        <time>2026-10-03T07:23:42.000Z</time>
        <extensions>
          <ns3:TrackPointExtension>
            <ns3:hr>101</ns3:hr>
            <ns3:cad>0</ns3:cad>
          </ns3:TrackPointExtension>
        </extensions>
      </trkpt>
      <trkpt lat="42.04135322012007236480712890625" lon="128.05601374246180057525634765625">
        <ele>1935.5999755859375</ele>
        <time>2026-10-03T07:23:45.000Z</time>
        <extensions>
          <ns3:TrackPointExtension>
            <ns3:hr>102</ns3:hr>
            <ns3:cad>45</ns3:cad>
          </ns3:TrackPointExtension>
        </extensions>
      </trkpt>
      <trkpt lat="42.0413858257234096527099609375" lon="128.0560376308858394622802734375">
        <ele>1934.4000244140625</ele>
        <time>2026-10-03T07:23:49.000Z</time>
        <extensions>
          <ns3:TrackPointExtension>
            <ns3:hr>104</ns3:hr>
            <ns3:cad>44</ns3:cad>
          </ns3:TrackPointExtension>
        </extensions>
      </trkpt>
      <trkpt lat="42.0414009131491184234619140625" lon="128.0560433305799961090087890625">
        <ele>1933.4000244140625</ele>
        <time>2026-10-03T07:23:51.000Z</time>
        <extensions>
          <ns3:TrackPointExtension>
            <ns3:hr>104</ns3:hr>
            <ns3:cad>44</ns3:cad>
          </ns3:TrackPointExtension>
        </extensions>
      </trkpt>
      <trkpt lat="42.0414170064032077789306640625" lon="128.05605632252991199493408203125">
        <ele>1931.800048828125</ele>
        <time>2026-10-03T07:23:53.000Z</time>
        <extensions>
          <ns3:TrackPointExtension>
            <ns3:hr>104</ns3:hr>
            <ns3:cad>0</ns3:cad>
          </ns3:TrackPointExtension>
        </extensions>
      </trkpt>
      <trkpt lat="42.0414277352392673492431640625" lon="128.05606302805244922637939453125">
        <ele>1930.800048828125</ele>
        <time>2026-10-03T07:23:55.000Z</time>
        <extensions>
          <ns3:TrackPointExtension>
            <ns3:hr>104</ns3:hr>
            <ns3:cad>0</ns3:cad>
          </ns3:TrackPointExtension>
        </extensions>
      </trkpt>
      <trkpt lat="42.04142798669636249542236328125" lon="128.056064285337924957275390625">
        <ele>1930</ele>
        <time>2026-10-03T07:23:57.000Z</time>
        <extensions>
          <ns3:TrackPointExtension>
            <ns3:hr>105</ns3:hr>
            <ns3:cad>0</ns3:cad>
          </ns3:TrackPointExtension>
        </extensions>
      </trkpt>
      <trkpt lat="42.0414160005748271942138671875" lon="128.05608607828617095947265625">
        <ele>1929.5999755859375</ele>
        <time>2026-10-03T07:23:59.000Z</time>
        <extensions>
          <ns3:TrackPointExtension>
            <ns3:hr>103</ns3:hr>
            <ns3:cad>0</ns3:cad>
          </ns3:TrackPointExtension>
        </extensions>
      </trkpt>
      <trkpt lat="42.041422538459300994873046875" lon="128.05607073940336704254150390625">
        <ele>1929.4000244140625</ele>
        <time>2026-10-03T07:24:00.000Z</time>
        <extensions>
          <ns3:TrackPointExtension>
            <ns3:hr>104</ns3:hr>
            <ns3:cad>0</ns3:cad>
          </ns3:TrackPointExtension>
        </extensions>
      </trkpt>
      <trkpt lat="42.04144374467432498931884765625" lon="128.05603939108550548553466796875">
        <ele>1929.4000244140625</ele>
        <time>2026-10-03T07:24:02.000Z</time>
        <extensions>
          <ns3:TrackPointExtension>
            <ns3:hr>104</ns3:hr>
            <ns3:cad>41</ns3:cad>
          </ns3:TrackPointExtension>
        </extensions>
      </trkpt>
      <trkpt lat="42.04143754206597805023193359375" lon="128.05604844354093074798583984375">
        <ele>1930</ele>
        <time>2026-10-03T07:24:03.000Z</time>
        <extensions>
          <ns3:TrackPointExtension>
            <ns3:hr>104</ns3:hr>
            <ns3:cad>40</ns3:cad>
          </ns3:TrackPointExtension>
        </extensions>
      </trkpt>
      <trkpt lat="42.0414401404559612274169921875" lon="128.0560543946921825408935546875">
        <ele>1930.5999755859375</ele>
        <time>2026-10-03T07:24:04.000Z</time>
        <extensions>
          <ns3:TrackPointExtension>
            <ns3:hr>104</ns3:hr>
            <ns3:cad>40</ns3:cad>
          </ns3:TrackPointExtension>
        </extensions>
      </trkpt>
      <trkpt lat="42.04144726507365703582763671875" lon="128.0560533888638019561767578125">
        <ele>1931.199951171875</ele>
        <time>2026-10-03T07:24:05.000Z</time>
        <extensions>
          <ns3:TrackPointExtension>
            <ns3:hr>104</ns3:hr>
            <ns3:cad>40</ns3:cad>
          </ns3:TrackPointExtension>
        </extensions>
      </trkpt>
      <trkpt lat="42.04145983792841434478759765625" lon="128.0560719966888427734375">
        <ele>1932</ele>
        <time>2026-10-03T07:24:07.000Z</time>
        <extensions>
          <ns3:TrackPointExtension>
            <ns3:hr>105</ns3:hr>
            <ns3:cad>0</ns3:cad>
          </ns3:TrackPointExtension>
        </extensions>
      </trkpt>
      <trkpt lat="42.0414698123931884765625" lon="128.05605883710086345672607421875">
        <ele>1932.5999755859375</ele>
        <time>2026-10-03T07:24:10.000Z</time>
        <extensions>
          <ns3:TrackPointExtension>
            <ns3:hr>104</ns3:hr>
            <ns3:cad>0</ns3:cad>
          </ns3:TrackPointExtension>
        </extensions>
      </trkpt>
      <trkpt lat="42.04147257842123508453369140625" lon="128.05606487207114696502685546875">
        <ele>1932.800048828125</ele>
        <time>2026-10-03T07:24:19.000Z</time>
        <extensions>
          <ns3:TrackPointExtension>
            <ns3:hr>104</ns3:hr>
            <ns3:cad>0</ns3:cad>
          </ns3:TrackPointExtension>
        </extensions>
      </trkpt>
      <trkpt lat="42.04147257842123508453369140625" lon="128.05612656287848949432373046875">
        <ele>1932.4000244140625</ele>
        <time>2026-10-03T07:24:35.000Z</time>
        <extensions>
          <ns3:TrackPointExtension>
            <ns3:hr>101</ns3:hr>
            <ns3:cad>0</ns3:cad>
          </ns3:TrackPointExtension>
        </extensions>
      </trkpt>
      <trkpt lat="42.04147257842123508453369140625" lon="128.05616118013858795166015625">
        <ele>1932</ele>
        <time>2026-10-03T07:24:40.000Z</time>
        <extensions>
          <ns3:TrackPointExtension>
            <ns3:hr>104</ns3:hr>
            <ns3:cad>0</ns3:cad>
          </ns3:TrackPointExtension>
        </extensions>
      </trkpt>
      <trkpt lat="42.04142354428768157958984375" lon="128.0562530457973480224609375">
        <ele>1931</ele>
        <time>2026-10-03T07:24:48.000Z</time>
        <extensions>
          <ns3:TrackPointExtension>
            <ns3:hr>106</ns3:hr>
            <ns3:cad>0</ns3:cad>
          </ns3:TrackPointExtension>
        </extensions>
      </trkpt>
      <trkpt lat="42.0414139889180660247802734375" lon="128.05626486428081989288330078125">
        <ele>1930.800048828125</ele>
        <time>2026-10-03T07:24:49.000Z</time>
        <extensions>
          <ns3:TrackPointExtension>
            <ns3:hr>107</ns3:hr>
            <ns3:cad>0</ns3:cad>
          </ns3:TrackPointExtension>
        </extensions>
      </trkpt>
      <trkpt lat="42.041379623115062713623046875" lon="128.0563078634440898895263671875">
        <ele>1930.199951171875</ele>
        <time>2026-10-03T07:24:53.000Z</time>
        <extensions>
          <ns3:TrackPointExtension>
            <ns3:hr>108</ns3:hr>
            <ns3:cad>0</ns3:cad>
          </ns3:TrackPointExtension>
        </extensions>
      </trkpt>
      <trkpt lat="42.04137886874377727508544921875" lon="128.0563122220337390899658203125">
        <ele>1930.199951171875</ele>
        <time>2026-10-03T07:24:56.000Z</time>
        <extensions>
          <ns3:TrackPointExtension>
            <ns3:hr>108</ns3:hr>
            <ns3:cad>0</ns3:cad>
          </ns3:TrackPointExtension>
        </extensions>
      </trkpt>
      <trkpt lat="42.0413620211184024810791015625" lon="128.0563561432063579559326171875">
        <ele>1930.5999755859375</ele>
        <time>2026-10-03T07:25:03.000Z</time>
        <extensions>
          <ns3:TrackPointExtension>
            <ns3:hr>109</ns3:hr>
            <ns3:cad>0</ns3:cad>
          </ns3:TrackPointExtension>
        </extensions>
      </trkpt>
      <trkpt lat="42.04133327119052410125732421875" lon="128.056392855942249298095703125">
        <ele>1929.4000244140625</ele>
        <time>2026-10-03T07:25:09.000Z</time>
        <extensions>
          <ns3:TrackPointExtension>
            <ns3:hr>114</ns3:hr>
            <ns3:cad>41</ns3:cad>
          </ns3:TrackPointExtension>
        </extensions>
      </trkpt>
      <trkpt lat="42.04132908023893833160400390625" lon="128.05639226920902729034423828125">
        <ele>1928.800048828125</ele>
        <time>2026-10-03T07:25:10.000Z</time>
        <extensions>
          <ns3:TrackPointExtension>
            <ns3:hr>119</ns3:hr>
            <ns3:cad>41</ns3:cad>
          </ns3:TrackPointExtension>
        </extensions>
      </trkpt>
      <trkpt lat="42.04132757149636745452880859375" lon="128.056385815143585205078125">
        <ele>1928.4000244140625</ele>
        <time>2026-10-03T07:25:11.000Z</time>
        <extensions>
          <ns3:TrackPointExtension>
            <ns3:hr>124</ns3:hr>
            <ns3:cad>41</ns3:cad>
          </ns3:TrackPointExtension>
        </extensions>
      </trkpt>
      <trkpt lat="42.041319943964481353759765625" lon="128.05637718178331851959228515625">
        <ele>1928</ele>
        <time>2026-10-03T07:25:12.000Z</time>
        <extensions>
          <ns3:TrackPointExtension>
            <ns3:hr>123</ns3:hr>
            <ns3:cad>41</ns3:cad>
          </ns3:TrackPointExtension>
        </extensions>
      </trkpt>
      <trkpt lat="42.041313908994197845458984375" lon="128.0563910119235515594482421875">
        <ele>1927.4000244140625</ele>
        <time>2026-10-03T07:25:13.000Z</time>
        <extensions>
          <ns3:TrackPointExtension>
            <ns3:hr>126</ns3:hr>
            <ns3:cad>41</ns3:cad>
          </ns3:TrackPointExtension>
        </extensions>
      </trkpt>
      <trkpt lat="42.04130711965262889862060546875" lon="128.05639662779867649078369140625">
        <ele>1926.5999755859375</ele>
        <time>2026-10-03T07:25:14.000Z</time>
        <extensions>
          <ns3:TrackPointExtension>
            <ns3:hr>125</ns3:hr>
            <ns3:cad>41</ns3:cad>
          </ns3:TrackPointExtension>
        </extensions>
      </trkpt>
      <trkpt lat="42.04130359925329685211181640625" lon="128.05639897473156452178955078125">
        <ele>1925.5999755859375</ele>
        <time>2026-10-03T07:25:15.000Z</time>
        <extensions>
          <ns3:TrackPointExtension>
            <ns3:hr>125</ns3:hr>
            <ns3:cad>0</ns3:cad>
          </ns3:TrackPointExtension>
        </extensions>
      </trkpt>
      <trkpt lat="42.04128784127533435821533203125" lon="128.0564060993492603302001953125">
        <ele>1924</ele>
        <time>2026-10-03T07:25:17.000Z</time>
        <extensions>
          <ns3:TrackPointExtension>
            <ns3:hr>124</ns3:hr>
            <ns3:cad>0</ns3:cad>
          </ns3:TrackPointExtension>
        </extensions>
      </trkpt>
      <trkpt lat="42.04127342440187931060791015625" lon="128.056427724659442901611328125">
        <ele>1922.800048828125</ele>
        <time>2026-10-03T07:25:19.000Z</time>
        <extensions>
          <ns3:TrackPointExtension>
            <ns3:hr>122</ns3:hr>
            <ns3:cad>0</ns3:cad>
          </ns3:TrackPointExtension>
        </extensions>
      </trkpt>
      <trkpt lat="42.04128163866698741912841796875" lon="128.05650877766311168670654296875">
        <ele>1922</ele>
        <time>2026-10-03T07:25:25.000Z</time>
        <extensions>
          <ns3:TrackPointExtension>
            <ns3:hr>120</ns3:hr>
            <ns3:cad>0</ns3:cad>
          </ns3:TrackPointExtension>
        </extensions>
      </trkpt>
      <trkpt lat="42.0413124002516269683837890625" lon="128.05647768080234527587890625">
        <ele>1922</ele>
        <time>2026-10-03T07:25:28.000Z</time>
        <extensions>
          <ns3:TrackPointExtension>
            <ns3:hr>123</ns3:hr>
            <ns3:cad>0</ns3:cad>
          </ns3:TrackPointExtension>
        </extensions>
      </trkpt>
      <trkpt lat="42.04132027924060821533203125" lon="128.05649184621870517730712890625">
        <ele>1922</ele>
        <time>2026-10-03T07:25:29.000Z</time>
        <extensions>
          <ns3:TrackPointExtension>
            <ns3:hr>126</ns3:hr>
            <ns3:cad>0</ns3:cad>
          </ns3:TrackPointExtension>
        </extensions>
      </trkpt>
      <trkpt lat="42.0413224585354328155517578125" lon="128.05650978349149227142333984375">
        <ele>1922</ele>
        <time>2026-10-03T07:25:30.000Z</time>
        <extensions>
          <ns3:TrackPointExtension>
            <ns3:hr>130</ns3:hr>
            <ns3:cad>0</ns3:cad>
          </ns3:TrackPointExtension>
        </extensions>
      </trkpt>
      <trkpt lat="42.04131348989903926849365234375" lon="128.05652755312621593475341796875">
        <ele>1921.5999755859375</ele>
        <time>2026-10-03T07:25:31.000Z</time>
        <extensions>
          <ns3:TrackPointExtension>
            <ns3:hr>130</ns3:hr>
            <ns3:cad>0</ns3:cad>
          </ns3:TrackPointExtension>
        </extensions>
      </trkpt>
      <trkpt lat="42.04129278659820556640625" lon="128.0565506033599376678466796875">
        <ele>1921.199951171875</ele>
        <time>2026-10-03T07:25:33.000Z</time>
        <extensions>
          <ns3:TrackPointExtension>
            <ns3:hr>127</ns3:hr>
            <ns3:cad>0</ns3:cad>
          </ns3:TrackPointExtension>
        </extensions>
      </trkpt>
      <trkpt lat="42.04128365032374858856201171875" lon="128.05656141601502895355224609375">
        <ele>1920.5999755859375</ele>
        <time>2026-10-03T07:25:36.000Z</time>
        <extensions>
          <ns3:TrackPointExtension>
            <ns3:hr>127</ns3:hr>
            <ns3:cad>0</ns3:cad>
          </ns3:TrackPointExtension>
        </extensions>
      </trkpt>
      <trkpt lat="42.04126487486064434051513671875" lon="128.05659075267612934112548828125">
        <ele>1920.4000244140625</ele>
        <time>2026-10-03T07:25:40.000Z</time>
        <extensions>
          <ns3:TrackPointExtension>
            <ns3:hr>123</ns3:hr>
            <ns3:cad>74</ns3:cad>
          </ns3:TrackPointExtension>
        </extensions>
      </trkpt>
      <trkpt lat="42.0412490330636501312255859375" lon="128.0566116236150264739990234375">
        <ele>1919.5999755859375</ele>
        <time>2026-10-03T07:25:42.000Z</time>
        <extensions>
          <ns3:TrackPointExtension>
            <ns3:hr>121</ns3:hr>
            <ns3:cad>76</ns3:cad>
          </ns3:TrackPointExtension>
        </extensions>
      </trkpt>
      <trkpt lat="42.041242159903049468994140625" lon="128.0566260404884815216064453125">
        <ele>1919.199951171875</ele>
        <time>2026-10-03T07:25:43.000Z</time>
        <extensions>
          <ns3:TrackPointExtension>
            <ns3:hr>121</ns3:hr>
            <ns3:cad>0</ns3:cad>
          </ns3:TrackPointExtension>
        </extensions>
      </trkpt>
      <trkpt lat="42.04122363589704036712646484375" lon="128.05661556310951709747314453125">
        <ele>1918.800048828125</ele>
        <time>2026-10-03T07:25:45.000Z</time>
        <extensions>
          <ns3:TrackPointExtension>
            <ns3:hr>118</ns3:hr>
            <ns3:cad>0</ns3:cad>
          </ns3:TrackPointExtension>
        </extensions>
      </trkpt>
      <trkpt lat="42.0412138290703296661376953125" lon="128.0566070973873138427734375">
        <ele>1918.4000244140625</ele>
        <time>2026-10-03T07:25:46.000Z</time>
        <extensions>
          <ns3:TrackPointExtension>
            <ns3:hr>117</ns3:hr>
            <ns3:cad>79</ns3:cad>
          </ns3:TrackPointExtension>
        </extensions>
      </trkpt>
      <trkpt lat="42.0412027649581432342529296875" lon="128.0566136352717876434326171875">
        <ele>1918.199951171875</ele>
        <time>2026-10-03T07:25:48.000Z</time>
        <extensions>
          <ns3:TrackPointExtension>
            <ns3:hr>115</ns3:hr>
            <ns3:cad>79</ns3:cad>
          </ns3:TrackPointExtension>
        </extensions>
      </trkpt>
      <trkpt lat="42.04120268113911151885986328125" lon="128.05663148872554302215576171875">
        <ele>1918.199951171875</ele>
        <time>2026-10-03T07:25:50.000Z</time>
        <extensions>
          <ns3:TrackPointExtension>
            <ns3:hr>114</ns3:hr>
            <ns3:cad>0</ns3:cad>
          </ns3:TrackPointExtension>
        </extensions>
      </trkpt>
      <trkpt lat="42.0411829836666584014892578125" lon="128.05668110959231853485107421875">
        <ele>1919.199951171875</ele>
        <time>2026-10-03T07:25:56.000Z</time>
        <extensions>
          <ns3:TrackPointExtension>
            <ns3:hr>113</ns3:hr>
            <ns3:cad>77</ns3:cad>
          </ns3:TrackPointExtension>
        </extensions>
      </trkpt>
      <trkpt lat="42.0411742664873600006103515625" lon="128.05669100023806095123291015625">
        <ele>1919.5999755859375</ele>
        <time>2026-10-03T07:25:57.000Z</time>
        <extensions>
          <ns3:TrackPointExtension>
            <ns3:hr>114</ns3:hr>
            <ns3:cad>77</ns3:cad>
          </ns3:TrackPointExtension>
        </extensions>
      </trkpt>
      <trkpt lat="42.04116647131741046905517578125" lon="128.05675797164440155029296875">
        <ele>1919.800048828125</ele>
        <time>2026-10-03T07:26:04.000Z</time>
        <extensions>
          <ns3:TrackPointExtension>
            <ns3:hr>111</ns3:hr>
            <ns3:cad>0</ns3:cad>
          </ns3:TrackPointExtension>
        </extensions>
      </trkpt>
      <trkpt lat="42.041161358356475830078125" lon="128.05676626972854137420654296875">
        <ele>1919.4000244140625</ele>
        <time>2026-10-03T07:26:05.000Z</time>
        <extensions>
          <ns3:TrackPointExtension>
            <ns3:hr>110</ns3:hr>
            <ns3:cad>0</ns3:cad>
          </ns3:TrackPointExtension>
        </extensions>
      </trkpt>
      <trkpt lat="42.04114685766398906707763671875" lon="128.05678546428680419921875">
        <ele>1918.4000244140625</ele>
        <time>2026-10-03T07:26:07.000Z</time>
        <extensions>
          <ns3:TrackPointExtension>
            <ns3:hr>109</ns3:hr>
            <ns3:cad>0</ns3:cad>
          </ns3:TrackPointExtension>
        </extensions>
      </trkpt>
      <trkpt lat="42.04112581908702850341796875" lon="128.0567879788577556610107421875">
        <ele>1917.199951171875</ele>
        <time>2026-10-03T07:26:10.000Z</time>
        <extensions>
          <ns3:TrackPointExtension>
            <ns3:hr>107</ns3:hr>
            <ns3:cad>0</ns3:cad>
          </ns3:TrackPointExtension>
        </extensions>
      </trkpt>
      <trkpt lat="42.04111500643193721771240234375" lon="128.05677850730717182159423828125">
        <ele>1917</ele>
        <time>2026-10-03T07:26:13.000Z</time>
        <extensions>
          <ns3:TrackPointExtension>
            <ns3:hr>105</ns3:hr>
            <ns3:cad>72</ns3:cad>
          </ns3:TrackPointExtension>
        </extensions>
      </trkpt>
      <trkpt lat="42.041099332273006439208984375" lon="128.05678538046777248382568359375">
        <ele>1917.199951171875</ele>
        <time>2026-10-03T07:26:16.000Z</time>
        <extensions>
          <ns3:TrackPointExtension>
            <ns3:hr>103</ns3:hr>
            <ns3:cad>72</ns3:cad>
          </ns3:TrackPointExtension>
        </extensions>
      </trkpt>
      <trkpt lat="42.0410864241421222686767578125" lon="128.05680365301668643951416015625">
        <ele>1917.199951171875</ele>
        <time>2026-10-03T07:26:18.000Z</time>
        <extensions>
          <ns3:TrackPointExtension>
            <ns3:hr>103</ns3:hr>
            <ns3:cad>74</ns3:cad>
          </ns3:TrackPointExtension>
        </extensions>
      </trkpt>
      <trkpt lat="42.0410699956119060516357421875" lon="128.05683667771518230438232421875">
        <ele>1917.4000244140625</ele>
        <time>2026-10-03T07:26:20.000Z</time>
        <extensions>
          <ns3:TrackPointExtension>
            <ns3:hr>102</ns3:hr>
            <ns3:cad>79</ns3:cad>
          </ns3:TrackPointExtension>
        </extensions>
      </trkpt>
      <trkpt lat="42.04106136225163936614990234375" lon="128.05681035853922367095947265625">
        <ele>1917.800048828125</ele>
        <time>2026-10-03T07:26:22.000Z</time>
        <extensions>
          <ns3:TrackPointExtension>
            <ns3:hr>102</ns3:hr>
            <ns3:cad>0</ns3:cad>
          </ns3:TrackPointExtension>
        </extensions>
      </trkpt>
      <trkpt lat="42.0410572551190853118896484375" lon="128.05680247955024242401123046875">
        <ele>1918.5999755859375</ele>
        <time>2026-10-03T07:26:23.000Z</time>
        <extensions>
          <ns3:TrackPointExtension>
            <ns3:hr>103</ns3:hr>
            <ns3:cad>0</ns3:cad>
          </ns3:TrackPointExtension>
        </extensions>
      </trkpt>
      <trkpt lat="42.041051387786865234375" lon="128.056798875331878662109375">
        <ele>1919.800048828125</ele>
        <time>2026-10-03T07:26:24.000Z</time>
        <extensions>
          <ns3:TrackPointExtension>
            <ns3:hr>103</ns3:hr>
            <ns3:cad>0</ns3:cad>
          </ns3:TrackPointExtension>
        </extensions>
      </trkpt>
      <trkpt lat="42.04104929231107234954833984375" lon="128.05680264718830585479736328125">
        <ele>1920.800048828125</ele>
        <time>2026-10-03T07:26:25.000Z</time>
        <extensions>
          <ns3:TrackPointExtension>
            <ns3:hr>104</ns3:hr>
            <ns3:cad>0</ns3:cad>
          </ns3:TrackPointExtension>
        </extensions>
      </trkpt>
      <trkpt lat="42.04103604890406131744384765625" lon="128.05681689642369747161865234375">
        <ele>1921.800048828125</ele>
        <time>2026-10-03T07:26:26.000Z</time>
        <extensions>
          <ns3:TrackPointExtension>
            <ns3:hr>104</ns3:hr>
            <ns3:cad>0</ns3:cad>
          </ns3:TrackPointExtension>
        </extensions>
      </trkpt>
      <trkpt lat="42.0410347916185855865478515625" lon="128.0568325705826282501220703125">
        <ele>1922.5999755859375</ele>
        <time>2026-10-03T07:26:27.000Z</time>
        <extensions>
          <ns3:TrackPointExtension>
            <ns3:hr>102</ns3:hr>
            <ns3:cad>0</ns3:cad>
          </ns3:TrackPointExtension>
        </extensions>
      </trkpt>
      <trkpt lat="42.041043676435947418212890625" lon="128.0568295530974864959716796875">
        <ele>1923.199951171875</ele>
        <time>2026-10-03T07:26:28.000Z</time>
        <extensions>
          <ns3:TrackPointExtension>
            <ns3:hr>100</ns3:hr>
            <ns3:cad>0</ns3:cad>
          </ns3:TrackPointExtension>
        </extensions>
      </trkpt>
      <trkpt lat="42.0410414971411228179931640625" lon="128.05683181621134281158447265625">
        <ele>1923.5999755859375</ele>
        <time>2026-10-03T07:26:29.000Z</time>
        <extensions>
          <ns3:TrackPointExtension>
            <ns3:hr>103</ns3:hr>
            <ns3:cad>0</ns3:cad>
          </ns3:TrackPointExtension>
        </extensions>
      </trkpt>
      <trkpt lat="42.041055746376514434814453125" lon="128.0568362586200237274169921875">
        <ele>1923.4000244140625</ele>
        <time>2026-10-03T07:26:34.000Z</time>
        <extensions>
          <ns3:TrackPointExtension>
            <ns3:hr>106</ns3:hr>
            <ns3:cad>0</ns3:cad>
          </ns3:TrackPointExtension>
        </extensions>
      </trkpt>
      <trkpt lat="42.04105700366199016571044921875" lon="128.0568359233438968658447265625">
        <ele>1922.800048828125</ele>
        <time>2026-10-03T07:26:35.000Z</time>
        <extensions>
          <ns3:TrackPointExtension>
            <ns3:hr>106</ns3:hr>
            <ns3:cad>0</ns3:cad>
          </ns3:TrackPointExtension>
        </extensions>
      </trkpt>
      <trkpt lat="42.04105465672910213470458984375" lon="128.0568382702767848968505859375">
        <ele>1921.800048828125</ele>
        <time>2026-10-03T07:26:37.000Z</time>
        <extensions>
          <ns3:TrackPointExtension>
            <ns3:hr>106</ns3:hr>
            <ns3:cad>0</ns3:cad>
          </ns3:TrackPointExtension>
        </extensions>
      </trkpt>
      <trkpt lat="42.041026912629604339599609375" lon="128.05690373294055461883544921875">
        <ele>1920.800048828125</ele>
        <time>2026-10-03T07:26:41.000Z</time>
        <extensions>
          <ns3:TrackPointExtension>
            <ns3:hr>108</ns3:hr>
            <ns3:cad>43</ns3:cad>
          </ns3:TrackPointExtension>
        </extensions>
      </trkpt>
      <trkpt lat="42.0410260744392871856689453125" lon="128.05689367465674877166748046875">
        <ele>1920.5999755859375</ele>
        <time>2026-10-03T07:26:42.000Z</time>
        <extensions>
          <ns3:TrackPointExtension>
            <ns3:hr>108</ns3:hr>
            <ns3:cad>43</ns3:cad>
          </ns3:TrackPointExtension>
        </extensions>
      </trkpt>
      <trkpt lat="42.04096932895481586456298828125" lon="128.0569086782634258270263671875">
        <ele>1920.5999755859375</ele>
        <time>2026-10-03T07:26:48.000Z</time>
        <extensions>
          <ns3:TrackPointExtension>
            <ns3:hr>110</ns3:hr>
            <ns3:cad>42</ns3:cad>
          </ns3:TrackPointExtension>
        </extensions>
      </trkpt>
      <trkpt lat="42.04096698202192783355712890625" lon="128.05694170296192169189453125">
        <ele>1920.5999755859375</ele>
        <time>2026-10-03T07:26:50.000Z</time>
        <extensions>
          <ns3:TrackPointExtension>
            <ns3:hr>111</ns3:hr>
            <ns3:cad>0</ns3:cad>
          </ns3:TrackPointExtension>
        </extensions>
      </trkpt>
      <trkpt lat="42.04096480272710323333740234375" lon="128.056957460939884185791015625">
        <ele>1920.5999755859375</ele>
        <time>2026-10-03T07:26:52.000Z</time>
        <extensions>
          <ns3:TrackPointExtension>
            <ns3:hr>112</ns3:hr>
            <ns3:cad>0</ns3:cad>
          </ns3:TrackPointExtension>
        </extensions>
      </trkpt>
      <trkpt lat="42.0409513078629970550537109375" lon="128.0569720454514026641845703125">
        <ele>1919</ele>
        <time>2026-10-03T07:26:56.000Z</time>
        <extensions>
          <ns3:TrackPointExtension>
            <ns3:hr>114</ns3:hr>
            <ns3:cad>0</ns3:cad>
          </ns3:TrackPointExtension>
        </extensions>
      </trkpt>
      <trkpt lat="42.040937058627605438232421875" lon="128.057000376284122467041015625">
        <ele>1917</ele>
        <time>2026-10-03T07:26:58.000Z</time>
        <extensions>
          <ns3:TrackPointExtension>
            <ns3:hr>114</ns3:hr>
            <ns3:cad>0</ns3:cad>
          </ns3:TrackPointExtension>
        </extensions>
      </trkpt>
      <trkpt lat="42.0409315265715122222900390625" lon="128.05702351033687591552734375">
        <ele>1915.5999755859375</ele>
        <time>2026-10-03T07:27:00.000Z</time>
        <extensions>
          <ns3:TrackPointExtension>
            <ns3:hr>114</ns3:hr>
            <ns3:cad>0</ns3:cad>
          </ns3:TrackPointExtension>
        </extensions>
      </trkpt>
      <trkpt lat="42.0409191213548183441162109375" lon="128.05703029967844486236572265625">
        <ele>1914.800048828125</ele>
        <time>2026-10-03T07:27:05.000Z</time>
        <extensions>
          <ns3:TrackPointExtension>
            <ns3:hr>111</ns3:hr>
            <ns3:cad>0</ns3:cad>
          </ns3:TrackPointExtension>
        </extensions>
      </trkpt>
      <trkpt lat="42.040872685611248016357421875" lon="128.0570803396403789520263671875">
        <ele>1915</ele>
        <time>2026-10-03T07:27:10.000Z</time>
        <extensions>
          <ns3:TrackPointExtension>
            <ns3:hr>108</ns3:hr>
            <ns3:cad>0</ns3:cad>
          </ns3:TrackPointExtension>
        </extensions>
      </trkpt>
      <trkpt lat="42.04088215716183185577392578125" lon="128.057087548077106475830078125">
        <ele>1915.4000244140625</ele>
        <time>2026-10-03T07:27:13.000Z</time>
        <extensions>
          <ns3:TrackPointExtension>
            <ns3:hr>108</ns3:hr>
            <ns3:cad>77</ns3:cad>
          </ns3:TrackPointExtension>
        </extensions>
      </trkpt>
      <trkpt lat="42.040861286222934722900390625" lon="128.0571453832089900970458984375">
        <ele>1915.4000244140625</ele>
        <time>2026-10-03T07:27:17.000Z</time>
        <extensions>
          <ns3:TrackPointExtension>
            <ns3:hr>107</ns3:hr>
            <ns3:cad>0</ns3:cad>
          </ns3:TrackPointExtension>
        </extensions>
      </trkpt>
      <trkpt lat="42.04083387739956378936767578125" lon="128.0571893043816089630126953125">
        <ele>1915.800048828125</ele>
        <time>2026-10-03T07:27:20.000Z</time>
        <extensions>
          <ns3:TrackPointExtension>
            <ns3:hr>108</ns3:hr>
            <ns3:cad>0</ns3:cad>
          </ns3:TrackPointExtension>
        </extensions>
      </trkpt>
      <trkpt lat="42.04083169810473918914794921875" lon="128.057195842266082763671875">
        <ele>1916</ele>
        <time>2026-10-03T07:27:21.000Z</time>
        <extensions>
          <ns3:TrackPointExtension>
            <ns3:hr>113</ns3:hr>
            <ns3:cad>0</ns3:cad>
          </ns3:TrackPointExtension>
        </extensions>
      </trkpt>
      <trkpt lat="42.0408326201140880584716796875" lon="128.05720229633152484893798828125">
        <ele>1916.4000244140625</ele>
        <time>2026-10-03T07:27:22.000Z</time>
        <extensions>
          <ns3:TrackPointExtension>
            <ns3:hr>117</ns3:hr>
            <ns3:cad>0</ns3:cad>
          </ns3:TrackPointExtension>
        </extensions>
      </trkpt>
      <trkpt lat="42.04083303920924663543701171875" lon="128.0572080798447132110595703125">
        <ele>1916.5999755859375</ele>
        <time>2026-10-03T07:27:23.000Z</time>
        <extensions>
          <ns3:TrackPointExtension>
            <ns3:hr>117</ns3:hr>
            <ns3:cad>0</ns3:cad>
          </ns3:TrackPointExtension>
        </extensions>
      </trkpt>
      <trkpt lat="42.04083077609539031982421875" lon="128.0572188086807727813720703125">
        <ele>1916.800048828125</ele>
        <time>2026-10-03T07:27:24.000Z</time>
        <extensions>
          <ns3:TrackPointExtension>
            <ns3:hr>116</ns3:hr>
            <ns3:cad>0</ns3:cad>
          </ns3:TrackPointExtension>
        </extensions>
      </trkpt>
      <trkpt lat="42.04083136282861232757568359375" lon="128.05724554695188999176025390625">
        <ele>1917.5999755859375</ele>
        <time>2026-10-03T07:27:28.000Z</time>
        <extensions>
          <ns3:TrackPointExtension>
            <ns3:hr>115</ns3:hr>
            <ns3:cad>42</ns3:cad>
          </ns3:TrackPointExtension>
        </extensions>
      </trkpt>
      <trkpt lat="42.04083153046667575836181640625" lon="128.057242445647716522216796875">
        <ele>1917.800048828125</ele>
        <time>2026-10-03T07:27:29.000Z</time>
        <extensions>
          <ns3:TrackPointExtension>
            <ns3:hr>115</ns3:hr>
            <ns3:cad>42</ns3:cad>
          </ns3:TrackPointExtension>
        </extensions>
      </trkpt>
      <trkpt lat="42.04082432202994823455810546875" lon="128.05724839679896831512451171875">
        <ele>1917.800048828125</ele>
        <time>2026-10-03T07:27:30.000Z</time>
        <extensions>
          <ns3:TrackPointExtension>
            <ns3:hr>115</ns3:hr>
            <ns3:cad>42</ns3:cad>
          </ns3:TrackPointExtension>
        </extensions>
      </trkpt>
      <trkpt lat="42.04080353491008281707763671875" lon="128.0572454631328582763671875">
        <ele>1918</ele>
        <time>2026-10-03T07:27:31.000Z</time>
        <extensions>
          <ns3:TrackPointExtension>
            <ns3:hr>117</ns3:hr>
            <ns3:cad>42</ns3:cad>
          </ns3:TrackPointExtension>
        </extensions>
      </trkpt>
      <trkpt lat="42.04079431481659412384033203125" lon="128.05723263882100582122802734375">
        <ele>1918</ele>
        <time>2026-10-03T07:27:33.000Z</time>
        <extensions>
          <ns3:TrackPointExtension>
            <ns3:hr>114</ns3:hr>
            <ns3:cad>0</ns3:cad>
          </ns3:TrackPointExtension>
        </extensions>
      </trkpt>
      <trkpt lat="42.04079682938754558563232421875" lon="128.05722375400364398956298828125">
        <ele>1917.5999755859375</ele>
        <time>2026-10-03T07:27:34.000Z</time>
        <extensions>
          <ns3:TrackPointExtension>
            <ns3:hr>113</ns3:hr>
            <ns3:cad>0</ns3:cad>
          </ns3:TrackPointExtension>
        </extensions>
      </trkpt>
      <trkpt lat="42.040793560445308685302734375" lon="128.05722677148878574371337890625">
        <ele>1916.800048828125</ele>
        <time>2026-10-03T07:27:35.000Z</time>
        <extensions>
          <ns3:TrackPointExtension>
            <ns3:hr>113</ns3:hr>
            <ns3:cad>0</ns3:cad>
          </ns3:TrackPointExtension>
        </extensions>
      </trkpt>
      <trkpt lat="42.04078727401793003082275390625" lon="128.0572292022407054901123046875">
        <ele>1916.199951171875</ele>
        <time>2026-10-03T07:27:36.000Z</time>
        <extensions>
          <ns3:TrackPointExtension>
            <ns3:hr>114</ns3:hr>
            <ns3:cad>0</ns3:cad>
          </ns3:TrackPointExtension>
        </extensions>
      </trkpt>
      <trkpt lat="42.040780819952487945556640625" lon="128.05723146535456180572509765625">
        <ele>1915.800048828125</ele>
        <time>2026-10-03T07:27:37.000Z</time>
        <extensions>
          <ns3:TrackPointExtension>
            <ns3:hr>113</ns3:hr>
            <ns3:cad>0</ns3:cad>
          </ns3:TrackPointExtension>
        </extensions>
      </trkpt>
      <trkpt lat="42.04076883383095264434814453125" lon="128.05724537931382656097412109375">
        <ele>1915</ele>
        <time>2026-10-03T07:27:39.000Z</time>
        <extensions>
          <ns3:TrackPointExtension>
            <ns3:hr>113</ns3:hr>
            <ns3:cad>40</ns3:cad>
          </ns3:TrackPointExtension>
        </extensions>
      </trkpt>
      <trkpt lat="42.04075760208070278167724609375" lon="128.05725426413118839263916015625">
        <ele>1914.5999755859375</ele>
        <time>2026-10-03T07:27:41.000Z</time>
        <extensions>
          <ns3:TrackPointExtension>
            <ns3:hr>113</ns3:hr>
            <ns3:cad>74</ns3:cad>
          </ns3:TrackPointExtension>
        </extensions>
      </trkpt>
      <trkpt lat="42.0407397486269474029541015625" lon="128.0572747997939586639404296875">
        <ele>1914.5999755859375</ele>
        <time>2026-10-03T07:27:43.000Z</time>
        <extensions>
          <ns3:TrackPointExtension>
            <ns3:hr>113</ns3:hr>
            <ns3:cad>74</ns3:cad>
          </ns3:TrackPointExtension>
        </extensions>
      </trkpt>
      <trkpt lat="42.04072482883930206298828125" lon="128.05729282088577747344970703125">
        <ele>1915</ele>
        <time>2026-10-03T07:27:45.000Z</time>
        <extensions>
          <ns3:TrackPointExtension>
            <ns3:hr>113</ns3:hr>
            <ns3:cad>74</ns3:cad>
          </ns3:TrackPointExtension>
        </extensions>
      </trkpt>
      <trkpt lat="42.04072005115449428558349609375" lon="128.05730807594954967498779296875">
        <ele>1915.199951171875</ele>
        <time>2026-10-03T07:27:48.000Z</time>
        <extensions>
          <ns3:TrackPointExtension>
            <ns3:hr>113</ns3:hr>
            <ns3:cad>48</ns3:cad>
          </ns3:TrackPointExtension>
        </extensions>
      </trkpt>
      <trkpt lat="42.04072080552577972412109375" lon="128.05731184780597686767578125">
        <ele>1915.199951171875</ele>
        <time>2026-10-03T07:27:49.000Z</time>
        <extensions>
          <ns3:TrackPointExtension>
            <ns3:hr>111</ns3:hr>
            <ns3:cad>48</ns3:cad>
          </ns3:TrackPointExtension>
        </extensions>
      </trkpt>
      <trkpt lat="42.04073019325733184814453125" lon="128.05730514228343963623046875">
        <ele>1915</ele>
        <time>2026-10-03T07:27:52.000Z</time>
        <extensions>
          <ns3:TrackPointExtension>
            <ns3:hr>112</ns3:hr>
            <ns3:cad>40</ns3:cad>
          </ns3:TrackPointExtension>
        </extensions>
      </trkpt>
      <trkpt lat="42.040715105831623077392578125" lon="128.057308159768581390380859375">
        <ele>1914.199951171875</ele>
        <time>2026-10-03T07:27:55.000Z</time>
        <extensions>
          <ns3:TrackPointExtension>
            <ns3:hr>111</ns3:hr>
            <ns3:cad>0</ns3:cad>
          </ns3:TrackPointExtension>
        </extensions>
      </trkpt>
      <trkpt lat="42.0407122559845447540283203125" lon="128.05731729604303836822509765625">
        <ele>1913.5999755859375</ele>
        <time>2026-10-03T07:27:58.000Z</time>
        <extensions>
          <ns3:TrackPointExtension>
            <ns3:hr>110</ns3:hr>
            <ns3:cad>72</ns3:cad>
          </ns3:TrackPointExtension>
        </extensions>
      </trkpt>
      <trkpt lat="42.040713094174861907958984375" lon="128.05731679312884807586669921875">
        <ele>1913.4000244140625</ele>
        <time>2026-10-03T07:27:59.000Z</time>
        <extensions>
          <ns3:TrackPointExtension>
            <ns3:hr>114</ns3:hr>
            <ns3:cad>72</ns3:cad>
          </ns3:TrackPointExtension>
        </extensions>
      </trkpt>
      <trkpt lat="42.04071384854614734649658203125" lon="128.05731587111949920654296875">
        <ele>1913</ele>
        <time>2026-10-03T07:28:00.000Z</time>
        <extensions>
          <ns3:TrackPointExtension>
            <ns3:hr>118</ns3:hr>
            <ns3:cad>72</ns3:cad>
          </ns3:TrackPointExtension>
        </extensions>
      </trkpt>
      <trkpt lat="42.040715105831623077392578125" lon="128.05732249282300472259521484375">
        <ele>1912.5999755859375</ele>
        <time>2026-10-03T07:28:01.000Z</time>
        <extensions>
          <ns3:TrackPointExtension>
            <ns3:hr>117</ns3:hr>
            <ns3:cad>72</ns3:cad>
          </ns3:TrackPointExtension>
        </extensions>
      </trkpt>
      <trkpt lat="42.040716111660003662109375" lon="128.05733405984938144683837890625">
        <ele>1912.199951171875</ele>
        <time>2026-10-03T07:28:02.000Z</time>
        <extensions>
          <ns3:TrackPointExtension>
            <ns3:hr>116</ns3:hr>
            <ns3:cad>72</ns3:cad>
          </ns3:TrackPointExtension>
        </extensions>
      </trkpt>
      <trkpt lat="42.04071544110774993896484375" lon="128.0573452077805995941162109375">
        <ele>1911.800048828125</ele>
        <time>2026-10-03T07:28:03.000Z</time>
        <extensions>
          <ns3:TrackPointExtension>
            <ns3:hr>116</ns3:hr>
            <ns3:cad>72</ns3:cad>
          </ns3:TrackPointExtension>
        </extensions>
      </trkpt>
      <trkpt lat="42.0407146029174327850341796875" lon="128.05737278424203395843505859375">
        <ele>1911</ele>
        <time>2026-10-03T07:28:05.000Z</time>
        <extensions>
          <ns3:TrackPointExtension>
            <ns3:hr>115</ns3:hr>
            <ns3:cad>45</ns3:cad>
          </ns3:TrackPointExtension>
        </extensions>
      </trkpt>
      <trkpt lat="42.040723152458667755126953125" lon="128.0574075691401958465576171875">
        <ele>1909.5999755859375</ele>
        <time>2026-10-03T07:28:08.000Z</time>
        <extensions>
          <ns3:TrackPointExtension>
            <ns3:hr>114</ns3:hr>
            <ns3:cad>49</ns3:cad>
          </ns3:TrackPointExtension>
        </extensions>
      </trkpt>
      <trkpt lat="42.0407120883464813232421875" lon="128.0574327148497104644775390625">
        <ele>1908.5999755859375</ele>
        <time>2026-10-03T07:28:10.000Z</time>
        <extensions>
          <ns3:TrackPointExtension>
            <ns3:hr>114</ns3:hr>
            <ns3:cad>49</ns3:cad>
          </ns3:TrackPointExtension>
        </extensions>
      </trkpt>
      <trkpt lat="42.04070831649005413055419921875" lon="128.057450316846370697021484375">
        <ele>1907.800048828125</ele>
        <time>2026-10-03T07:28:12.000Z</time>
        <extensions>
          <ns3:TrackPointExtension>
            <ns3:hr>113</ns3:hr>
            <ns3:cad>0</ns3:cad>
          </ns3:TrackPointExtension>
        </extensions>
      </trkpt>
      <trkpt lat="42.0407092384994029998779296875" lon="128.0574679188430309295654296875">
        <ele>1907.4000244140625</ele>
        <time>2026-10-03T07:28:14.000Z</time>
        <extensions>
          <ns3:TrackPointExtension>
            <ns3:hr>112</ns3:hr>
            <ns3:cad>0</ns3:cad>
          </ns3:TrackPointExtension>
        </extensions>
      </trkpt>
      <trkpt lat="42.0407089032232761383056640625" lon="128.05747521109879016876220703125">
        <ele>1907.199951171875</ele>
        <time>2026-10-03T07:28:15.000Z</time>
        <extensions>
          <ns3:TrackPointExtension>
            <ns3:hr>112</ns3:hr>
            <ns3:cad>0</ns3:cad>
          </ns3:TrackPointExtension>
        </extensions>
      </trkpt>
      <trkpt lat="42.0407135970890522003173828125" lon="128.0574843473732471466064453125">
        <ele>1907</ele>
        <time>2026-10-03T07:28:17.000Z</time>
        <extensions>
          <ns3:TrackPointExtension>
            <ns3:hr>113</ns3:hr>
            <ns3:cad>0</ns3:cad>
          </ns3:TrackPointExtension>
        </extensions>
      </trkpt>
      <trkpt lat="42.040721140801906585693359375" lon="128.05752248503267765045166015625">
        <ele>1906.800048828125</ele>
        <time>2026-10-03T07:28:21.000Z</time>
        <extensions>
          <ns3:TrackPointExtension>
            <ns3:hr>115</ns3:hr>
            <ns3:cad>0</ns3:cad>
          </ns3:TrackPointExtension>
        </extensions>
      </trkpt>
      <trkpt lat="42.040711753070354461669921875" lon="128.05757747031748294830322265625">
        <ele>1906.5999755859375</ele>
        <time>2026-10-03T07:28:24.000Z</time>
        <extensions>
          <ns3:TrackPointExtension>
            <ns3:hr>115</ns3:hr>
            <ns3:cad>44</ns3:cad>
          </ns3:TrackPointExtension>
        </extensions>
      </trkpt>
      <trkpt lat="42.040700353682041168212890625" lon="128.05760898627340793609619140625">
        <ele>1906.199951171875</ele>
        <time>2026-10-03T07:28:26.000Z</time>
        <extensions>
          <ns3:TrackPointExtension>
            <ns3:hr>116</ns3:hr>
            <ns3:cad>44</ns3:cad>
          </ns3:TrackPointExtension>
        </extensions>
      </trkpt>
      <trkpt lat="42.04068115912377834320068359375" lon="128.05771007202565670013427734375">
        <ele>1905.800048828125</ele>
        <time>2026-10-03T07:28:31.000Z</time>
        <extensions>
          <ns3:TrackPointExtension>
            <ns3:hr>117</ns3:hr>
            <ns3:cad>48</ns3:cad>
          </ns3:TrackPointExtension>
        </extensions>
      </trkpt>
      <trkpt lat="42.0406864397227764129638671875" lon="128.05772398598492145538330078125">
        <ele>1905.199951171875</ele>
        <time>2026-10-03T07:28:33.000Z</time>
        <extensions>
          <ns3:TrackPointExtension>
            <ns3:hr>117</ns3:hr>
            <ns3:cad>50</ns3:cad>
          </ns3:TrackPointExtension>
        </extensions>
      </trkpt>
      <trkpt lat="42.04069197177886962890625" lon="128.05774829350411891937255859375">
        <ele>1904</ele>
        <time>2026-10-03T07:28:36.000Z</time>
        <extensions>
          <ns3:TrackPointExtension>
            <ns3:hr>118</ns3:hr>
            <ns3:cad>53</ns3:cad>
          </ns3:TrackPointExtension>
        </extensions>
      </trkpt>
      <trkpt lat="42.0406854338943958282470703125" lon="128.05781048722565174102783203125">
        <ele>1903</ele>
        <time>2026-10-03T07:28:41.000Z</time>
        <extensions>
          <ns3:TrackPointExtension>
            <ns3:hr>118</ns3:hr>
            <ns3:cad>55</ns3:cad>
          </ns3:TrackPointExtension>
        </extensions>
      </trkpt>
      <trkpt lat="42.0406852662563323974609375" lon="128.0578256584703922271728515625">
        <ele>1903</ele>
        <time>2026-10-03T07:28:42.000Z</time>
        <extensions>
          <ns3:TrackPointExtension>
            <ns3:hr>118</ns3:hr>
            <ns3:cad>54</ns3:cad>
          </ns3:TrackPointExtension>
        </extensions>
      </trkpt>
      <trkpt lat="42.04068937338888645172119140625" lon="128.0578568391501903533935546875">
        <ele>1904.199951171875</ele>
        <time>2026-10-03T07:28:45.000Z</time>
        <extensions>
          <ns3:TrackPointExtension>
            <ns3:hr>117</ns3:hr>
            <ns3:cad>50</ns3:cad>
          </ns3:TrackPointExtension>
        </extensions>
      </trkpt>
      <trkpt lat="42.0406884513795375823974609375" lon="128.05793755687773227691650390625">
        <ele>1905.199951171875</ele>
        <time>2026-10-03T07:28:51.000Z</time>
        <extensions>
          <ns3:TrackPointExtension>
            <ns3:hr>116</ns3:hr>
            <ns3:cad>45</ns3:cad>
          </ns3:TrackPointExtension>
        </extensions>
      </trkpt>
      <trkpt lat="42.0406973361968994140625" lon="128.05794543586671352386474609375">
        <ele>1905.4000244140625</ele>
        <time>2026-10-03T07:28:52.000Z</time>
        <extensions>
          <ns3:TrackPointExtension>
            <ns3:hr>116</ns3:hr>
            <ns3:cad>45</ns3:cad>
          </ns3:TrackPointExtension>
        </extensions>
      </trkpt>
      <trkpt lat="42.0407013595104217529296875" lon="128.05795281194150447845458984375">
        <ele>1905.5999755859375</ele>
        <time>2026-10-03T07:28:53.000Z</time>
        <extensions>
          <ns3:TrackPointExtension>
            <ns3:hr>115</ns3:hr>
            <ns3:cad>45</ns3:cad>
          </ns3:TrackPointExtension>
        </extensions>
      </trkpt>
      <trkpt lat="42.0406852662563323974609375" lon="128.05803797207772731781005859375">
        <ele>1905.800048828125</ele>
        <time>2026-10-03T07:28:58.000Z</time>
        <extensions>
          <ns3:TrackPointExtension>
            <ns3:hr>114</ns3:hr>
            <ns3:cad>49</ns3:cad>
          </ns3:TrackPointExtension>
        </extensions>
      </trkpt>
      <trkpt lat="42.040676884353160858154296875" lon="128.05805456824600696563720703125">
        <ele>1905.5999755859375</ele>
        <time>2026-10-03T07:29:00.000Z</time>
        <extensions>
          <ns3:TrackPointExtension>
            <ns3:hr>113</ns3:hr>
            <ns3:cad>47</ns3:cad>
          </ns3:TrackPointExtension>
        </extensions>
      </trkpt>
      <trkpt lat="42.04067914746701717376708984375" lon="128.05808700621128082275390625">
        <ele>1905.4000244140625</ele>
        <time>2026-10-03T07:29:03.000Z</time>
        <extensions>
          <ns3:TrackPointExtension>
            <ns3:hr>111</ns3:hr>
            <ns3:cad>50</ns3:cad>
          </ns3:TrackPointExtension>
        </extensions>
      </trkpt>
      <trkpt lat="42.0406745374202728271484375" lon="128.058133609592914581298828125">
        <ele>1904.5999755859375</ele>
        <time>2026-10-03T07:29:07.000Z</time>
        <extensions>
          <ns3:TrackPointExtension>
            <ns3:hr>111</ns3:hr>
            <ns3:cad>54</ns3:cad>
          </ns3:TrackPointExtension>
        </extensions>
      </trkpt>
      <trkpt lat="42.040666826069355010986328125" lon="128.05815942585468292236328125">
        <ele>1904</ele>
        <time>2026-10-03T07:29:09.000Z</time>
        <extensions>
          <ns3:TrackPointExtension>
            <ns3:hr>112</ns3:hr>
            <ns3:cad>55</ns3:cad>
          </ns3:TrackPointExtension>
        </extensions>
      </trkpt>
      <trkpt lat="42.04065970145165920257568359375" lon="128.05820862762629985809326171875">
        <ele>1902.800048828125</ele>
        <time>2026-10-03T07:29:12.000Z</time>
        <extensions>
          <ns3:TrackPointExtension>
            <ns3:hr>112</ns3:hr>
            <ns3:cad>56</ns3:cad>
          </ns3:TrackPointExtension>
        </extensions>
      </trkpt>
      <trkpt lat="42.04065936617553234100341796875" lon="128.05822907947003841400146484375">
        <ele>1902.199951171875</ele>
        <time>2026-10-03T07:29:13.000Z</time>
        <extensions>
          <ns3:TrackPointExtension>
            <ns3:hr>113</ns3:hr>
            <ns3:cad>57</ns3:cad>
          </ns3:TrackPointExtension>
        </extensions>
      </trkpt>
      <trkpt lat="42.04065433703362941741943359375" lon="128.05824458599090576171875">
        <ele>1901.800048828125</ele>
        <time>2026-10-03T07:29:14.000Z</time>
        <extensions>
          <ns3:TrackPointExtension>
            <ns3:hr>112</ns3:hr>
            <ns3:cad>57</ns3:cad>
          </ns3:TrackPointExtension>
        </extensions>
      </trkpt>
      <trkpt lat="42.04063774086534976959228515625" lon="128.058302588760852813720703125">
        <ele>1900.5999755859375</ele>
        <time>2026-10-03T07:29:18.000Z</time>
        <extensions>
          <ns3:TrackPointExtension>
            <ns3:hr>110</ns3:hr>
            <ns3:cad>51</ns3:cad>
          </ns3:TrackPointExtension>
        </extensions>
      </trkpt>
      <trkpt lat="42.04062734730541706085205078125" lon="128.0583292432129383087158203125">
        <ele>1900.199951171875</ele>
        <time>2026-10-03T07:29:21.000Z</time>
        <extensions>
          <ns3:TrackPointExtension>
            <ns3:hr>108</ns3:hr>
            <ns3:cad>0</ns3:cad>
          </ns3:TrackPointExtension>
        </extensions>
      </trkpt>
      <trkpt lat="42.04061980359256267547607421875" lon="128.0583478510379791259765625">
        <ele>1900</ele>
        <time>2026-10-03T07:29:24.000Z</time>
        <extensions>
          <ns3:TrackPointExtension>
            <ns3:hr>107</ns3:hr>
            <ns3:cad>0</ns3:cad>
          </ns3:TrackPointExtension>
        </extensions>
      </trkpt>
      <trkpt lat="42.0406267605721950531005859375" lon="128.058364279568195343017578125">
        <ele>1899.800048828125</ele>
        <time>2026-10-03T07:29:27.000Z</time>
        <extensions>
          <ns3:TrackPointExtension>
            <ns3:hr>106</ns3:hr>
            <ns3:cad>45</ns3:cad>
          </ns3:TrackPointExtension>
        </extensions>
      </trkpt>
      <trkpt lat="42.04065886326134204864501953125" lon="128.05839546024799346923828125">
        <ele>1899.5999755859375</ele>
        <time>2026-10-03T07:29:31.000Z</time>
        <extensions>
          <ns3:TrackPointExtension>
            <ns3:hr>105</ns3:hr>
            <ns3:cad>47</ns3:cad>
          </ns3:TrackPointExtension>
        </extensions>
      </trkpt>
      <trkpt lat="42.0406669937074184417724609375" lon="128.05840945802628993988037109375">
        <ele>1899.5999755859375</ele>
        <time>2026-10-03T07:29:33.000Z</time>
        <extensions>
          <ns3:TrackPointExtension>
            <ns3:hr>105</ns3:hr>
            <ns3:cad>48</ns3:cad>
          </ns3:TrackPointExtension>
        </extensions>
      </trkpt>
      <trkpt lat="42.0407078973948955535888671875" lon="128.05842957459390163421630859375">
        <ele>1900.800048828125</ele>
        <time>2026-10-03T07:29:40.000Z</time>
        <extensions>
          <ns3:TrackPointExtension>
            <ns3:hr>102</ns3:hr>
            <ns3:cad>47</ns3:cad>
          </ns3:TrackPointExtension>
        </extensions>
      </trkpt>
      <trkpt lat="42.04072692431509494781494140625" lon="128.05843762122094631195068359375">
        <ele>1901</ele>
        <time>2026-10-03T07:29:42.000Z</time>
        <extensions>
          <ns3:TrackPointExtension>
            <ns3:hr>102</ns3:hr>
            <ns3:cad>46</ns3:cad>
          </ns3:TrackPointExtension>
        </extensions>
      </trkpt>
      <trkpt lat="42.04073421657085418701171875" lon="128.05844248272478580474853515625">
        <ele>1901.800048828125</ele>
        <time>2026-10-03T07:29:46.000Z</time>
        <extensions>
          <ns3:TrackPointExtension>
            <ns3:hr>101</ns3:hr>
            <ns3:cad>46</ns3:cad>
          </ns3:TrackPointExtension>
        </extensions>
      </trkpt>
      <trkpt lat="42.040737569332122802734375" lon="128.05843770503997802734375">
        <ele>1902.199951171875</ele>
        <time>2026-10-03T07:29:47.000Z</time>
        <extensions>
          <ns3:TrackPointExtension>
            <ns3:hr>102</ns3:hr>
            <ns3:cad>0</ns3:cad>
          </ns3:TrackPointExtension>
        </extensions>
      </trkpt>
      <trkpt lat="42.04076263122260570526123046875" lon="128.05844801478087902069091796875">
        <ele>1902.800048828125</ele>
        <time>2026-10-03T07:29:49.000Z</time>
        <extensions>
          <ns3:TrackPointExtension>
            <ns3:hr>102</ns3:hr>
            <ns3:cad>0</ns3:cad>
          </ns3:TrackPointExtension>
        </extensions>
      </trkpt>
      <trkpt lat="42.0407796464860439300537109375" lon="128.05844415910542011260986328125">
        <ele>1903</ele>
        <time>2026-10-03T07:29:50.000Z</time>
        <extensions>
          <ns3:TrackPointExtension>
            <ns3:hr>101</ns3:hr>
            <ns3:cad>43</ns3:cad>
          </ns3:TrackPointExtension>
        </extensions>
      </trkpt>
      <trkpt lat="42.0407943986356258392333984375" lon="128.05844868533313274383544921875">
        <ele>1903.199951171875</ele>
        <time>2026-10-03T07:29:51.000Z</time>
        <extensions>
          <ns3:TrackPointExtension>
            <ns3:hr>101</ns3:hr>
            <ns3:cad>43</ns3:cad>
          </ns3:TrackPointExtension>
        </extensions>
      </trkpt>
      <trkpt lat="42.040832452476024627685546875" lon="128.05847190320491790771484375">
        <ele>1903</ele>
        <time>2026-10-03T07:29:55.000Z</time>
        <extensions>
          <ns3:TrackPointExtension>
            <ns3:hr>101</ns3:hr>
            <ns3:cad>45</ns3:cad>
          </ns3:TrackPointExtension>
        </extensions>
      </trkpt>
      <trkpt lat="42.04083957709372043609619140625" lon="128.0584851466119289398193359375">
        <ele>1903</ele>
        <time>2026-10-03T07:29:57.000Z</time>
        <extensions>
          <ns3:TrackPointExtension>
            <ns3:hr>106</ns3:hr>
            <ns3:cad>48</ns3:cad>
          </ns3:TrackPointExtension>
        </extensions>
      </trkpt>
      <trkpt lat="42.040844522416591644287109375" lon="128.05848933756351470947265625">
        <ele>1903</ele>
        <time>2026-10-03T07:29:58.000Z</time>
        <extensions>
          <ns3:TrackPointExtension>
            <ns3:hr>110</ns3:hr>
            <ns3:cad>48</ns3:cad>
          </ns3:TrackPointExtension>
        </extensions>
      </trkpt>
      <trkpt lat="42.04084661789238452911376953125" lon="128.0584935285151004791259765625">
        <ele>1903</ele>
        <time>2026-10-03T07:29:59.000Z</time>
        <extensions>
          <ns3:TrackPointExtension>
            <ns3:hr>114</ns3:hr>
            <ns3:cad>48</ns3:cad>
          </ns3:TrackPointExtension>
        </extensions>
      </trkpt>
      <trkpt lat="42.04084510914981365203857421875" lon="128.05849746800959110260009765625">
        <ele>1903.199951171875</ele>
        <time>2026-10-03T07:30:00.000Z</time>
        <extensions>
          <ns3:TrackPointExtension>
            <ns3:hr>117</ns3:hr>
            <ns3:cad>46</ns3:cad>
          </ns3:TrackPointExtension>
        </extensions>
      </trkpt>
      <trkpt lat="42.0408413372933864593505859375" lon="128.05849562399089336395263671875">
        <ele>1903.4000244140625</ele>
        <time>2026-10-03T07:30:01.000Z</time>
        <extensions>
          <ns3:TrackPointExtension>
            <ns3:hr>120</ns3:hr>
            <ns3:cad>46</ns3:cad>
          </ns3:TrackPointExtension>
        </extensions>
      </trkpt>
      <trkpt lat="42.04084292985498905181884765625" lon="128.0584975518286228179931640625">
        <ele>1903.4000244140625</ele>
        <time>2026-10-03T07:30:02.000Z</time>
        <extensions>
          <ns3:TrackPointExtension>
            <ns3:hr>123</ns3:hr>
            <ns3:cad>46</ns3:cad>
          </ns3:TrackPointExtension>
        </extensions>
      </trkpt>
      <trkpt lat="42.04085935838520526885986328125" lon="128.05849738419055938720703125">
        <ele>1903.5999755859375</ele>
        <time>2026-10-03T07:30:04.000Z</time>
        <extensions>
          <ns3:TrackPointExtension>
            <ns3:hr>128</ns3:hr>
            <ns3:cad>46</ns3:cad>
          </ns3:TrackPointExtension>
        </extensions>
      </trkpt>
      <trkpt lat="42.04088869504630565643310546875" lon="128.05849059484899044036865234375">
        <ele>1903.800048828125</ele>
        <time>2026-10-03T07:30:06.000Z</time>
        <extensions>
          <ns3:TrackPointExtension>
            <ns3:hr>130</ns3:hr>
            <ns3:cad>47</ns3:cad>
          </ns3:TrackPointExtension>
        </extensions>
      </trkpt>
      <trkpt lat="42.04090453684329986572265625" lon="128.05848975665867328643798828125">
        <ele>1904</ele>
        <time>2026-10-03T07:30:07.000Z</time>
        <extensions>
          <ns3:TrackPointExtension>
            <ns3:hr>131</ns3:hr>
            <ns3:cad>49</ns3:cad>
          </ns3:TrackPointExtension>
        </extensions>
      </trkpt>
      <trkpt lat="42.04091585241258144378662109375" lon="128.0585049279034137725830078125">
        <ele>1904.5999755859375</ele>
        <time>2026-10-03T07:30:09.000Z</time>
        <extensions>
          <ns3:TrackPointExtension>
            <ns3:hr>134</ns3:hr>
            <ns3:cad>50</ns3:cad>
          </ns3:TrackPointExtension>
        </extensions>
      </trkpt>
      <trkpt lat="42.040925659239292144775390625" lon="128.05852697230875492095947265625">
        <ele>1905.199951171875</ele>
        <time>2026-10-03T07:30:11.000Z</time>
        <extensions>
          <ns3:TrackPointExtension>
            <ns3:hr>136</ns3:hr>
            <ns3:cad>51</ns3:cad>
          </ns3:TrackPointExtension>
        </extensions>
      </trkpt>
      <trkpt lat="42.04092356376349925994873046875" lon="128.05855547077953815460205078125">
        <ele>1906</ele>
        <time>2026-10-03T07:30:13.000Z</time>
        <extensions>
          <ns3:TrackPointExtension>
            <ns3:hr>139</ns3:hr>
            <ns3:cad>0</ns3:cad>
          </ns3:TrackPointExtension>
        </extensions>
      </trkpt>
      <trkpt lat="42.0409201271831989288330078125" lon="128.05856603197753429412841796875">
        <ele>1906.5999755859375</ele>
        <time>2026-10-03T07:30:14.000Z</time>
        <extensions>
          <ns3:TrackPointExtension>
            <ns3:hr>140</ns3:hr>
            <ns3:cad>0</ns3:cad>
          </ns3:TrackPointExtension>
        </extensions>
      </trkpt>
      <trkpt lat="42.04092456959187984466552734375" lon="128.0585900880396366119384765625">
        <ele>1907.5999755859375</ele>
        <time>2026-10-03T07:30:16.000Z</time>
        <extensions>
          <ns3:TrackPointExtension>
            <ns3:hr>141</ns3:hr>
            <ns3:cad>0</ns3:cad>
          </ns3:TrackPointExtension>
        </extensions>
      </trkpt>
      <trkpt lat="42.0409348793327808380126953125" lon="128.058585226535797119140625">
        <ele>1908</ele>
        <time>2026-10-03T07:30:17.000Z</time>
        <extensions>
          <ns3:TrackPointExtension>
            <ns3:hr>138</ns3:hr>
            <ns3:cad>0</ns3:cad>
          </ns3:TrackPointExtension>
        </extensions>
      </trkpt>
      <trkpt lat="42.040946446359157562255859375" lon="128.05860978551208972930908203125">
        <ele>1908.5999755859375</ele>
        <time>2026-10-03T07:30:22.000Z</time>
        <extensions>
          <ns3:TrackPointExtension>
            <ns3:hr>135</ns3:hr>
            <ns3:cad>43</ns3:cad>
          </ns3:TrackPointExtension>
        </extensions>
      </trkpt>
      <trkpt lat="42.0409429259598255157470703125" lon="128.05865739472210407257080078125">
        <ele>1906.800048828125</ele>
        <time>2026-10-03T07:30:25.000Z</time>
        <extensions>
          <ns3:TrackPointExtension>
            <ns3:hr>134</ns3:hr>
            <ns3:cad>44</ns3:cad>
          </ns3:TrackPointExtension>
        </extensions>
      </trkpt>
      <trkpt lat="42.04091233201324939727783203125" lon="128.05871573276817798614501953125">
        <ele>1906.199951171875</ele>
        <time>2026-10-03T07:30:31.000Z</time>
        <extensions>
          <ns3:TrackPointExtension>
            <ns3:hr>132</ns3:hr>
            <ns3:cad>42</ns3:cad>
          </ns3:TrackPointExtension>
        </extensions>
      </trkpt>
      <trkpt lat="42.0409043692052364349365234375" lon="128.05880290456116199493408203125">
        <ele>1905.4000244140625</ele>
        <time>2026-10-03T07:30:39.000Z</time>
        <extensions>
          <ns3:TrackPointExtension>
            <ns3:hr>131</ns3:hr>
            <ns3:cad>44</ns3:cad>
          </ns3:TrackPointExtension>
        </extensions>
      </trkpt>
      <trkpt lat="42.04090780578553676605224609375" lon="128.0588331632316112518310546875">
        <ele>1904.4000244140625</ele>
        <time>2026-10-03T07:30:41.000Z</time>
        <extensions>
          <ns3:TrackPointExtension>
            <ns3:hr>128</ns3:hr>
            <ns3:cad>46</ns3:cad>
          </ns3:TrackPointExtension>
        </extensions>
      </trkpt>
      <trkpt lat="42.04090981744229793548583984375" lon="128.05884581990540027618408203125">
        <ele>1904.199951171875</ele>
        <time>2026-10-03T07:30:42.000Z</time>
        <extensions>
          <ns3:TrackPointExtension>
            <ns3:hr>127</ns3:hr>
            <ns3:cad>47</ns3:cad>
          </ns3:TrackPointExtension>
        </extensions>
      </trkpt>
      <trkpt lat="42.0409191213548183441162109375" lon="128.05886928923428058624267578125">
        <ele>1903.5999755859375</ele>
        <time>2026-10-03T07:30:44.000Z</time>
        <extensions>
          <ns3:TrackPointExtension>
            <ns3:hr>126</ns3:hr>
            <ns3:cad>48</ns3:cad>
          </ns3:TrackPointExtension>
        </extensions>
      </trkpt>
      <trkpt lat="42.040927670896053314208984375" lon="128.05888504721224308013916015625">
        <ele>1903</ele>
        <time>2026-10-03T07:30:46.000Z</time>
        <extensions>
          <ns3:TrackPointExtension>
            <ns3:hr>125</ns3:hr>
            <ns3:cad>48</ns3:cad>
          </ns3:TrackPointExtension>
        </extensions>
      </trkpt>
      <trkpt lat="42.04093613661825656890869140625" lon="128.05889376439154148101806640625">
        <ele>1902.800048828125</ele>
        <time>2026-10-03T07:30:47.000Z</time>
        <extensions>
          <ns3:TrackPointExtension>
            <ns3:hr>126</ns3:hr>
            <ns3:cad>47</ns3:cad>
          </ns3:TrackPointExtension>
        </extensions>
      </trkpt>
      <trkpt lat="42.04094451852142810821533203125" lon="128.05888035334646701812744140625">
        <ele>1902.4000244140625</ele>
        <time>2026-10-03T07:30:50.000Z</time>
        <extensions>
          <ns3:TrackPointExtension>
            <ns3:hr>124</ns3:hr>
            <ns3:cad>0</ns3:cad>
          </ns3:TrackPointExtension>
        </extensions>
      </trkpt>
      <trkpt lat="42.0409449376165866851806640625" lon="128.0588842928409576416015625">
        <ele>1902.800048828125</ele>
        <time>2026-10-03T07:30:52.000Z</time>
        <extensions>
          <ns3:TrackPointExtension>
            <ns3:hr>124</ns3:hr>
            <ns3:cad>0</ns3:cad>
          </ns3:TrackPointExtension>
        </extensions>
      </trkpt>
      <trkpt lat="42.0409481227397918701171875" lon="128.05891555733978748321533203125">
        <ele>1903.5999755859375</ele>
        <time>2026-10-03T07:30:56.000Z</time>
        <extensions>
          <ns3:TrackPointExtension>
            <ns3:hr>122</ns3:hr>
            <ns3:cad>0</ns3:cad>
          </ns3:TrackPointExtension>
        </extensions>
      </trkpt>
      <trkpt lat="42.0409456081688404083251953125" lon="128.05892142467200756072998046875">
        <ele>1903.800048828125</ele>
        <time>2026-10-03T07:30:57.000Z</time>
        <extensions>
          <ns3:TrackPointExtension>
            <ns3:hr>121</ns3:hr>
            <ns3:cad>0</ns3:cad>
          </ns3:TrackPointExtension>
        </extensions>
      </trkpt>
      <trkpt lat="42.04094569198787212371826171875" lon="128.05891689844429492950439453125">
        <ele>1904.199951171875</ele>
        <time>2026-10-03T07:30:58.000Z</time>
        <extensions>
          <ns3:TrackPointExtension>
            <ns3:hr>121</ns3:hr>
            <ns3:cad>0</ns3:cad>
          </ns3:TrackPointExtension>
        </extensions>
      </trkpt>
      <trkpt lat="42.04096086323261260986328125" lon="128.05890600197017192840576171875">
        <ele>1905.4000244140625</ele>
        <time>2026-10-03T07:31:01.000Z</time>
        <extensions>
          <ns3:TrackPointExtension>
            <ns3:hr>120</ns3:hr>
            <ns3:cad>48</ns3:cad>
          </ns3:TrackPointExtension>
        </extensions>
      </trkpt>
      <trkpt lat="42.040999419987201690673828125" lon="128.05889862589538097381591796875">
        <ele>1906.199951171875</ele>
        <time>2026-10-03T07:31:06.000Z</time>
        <extensions>
          <ns3:TrackPointExtension>
            <ns3:hr>119</ns3:hr>
            <ns3:cad>52</ns3:cad>
          </ns3:TrackPointExtension>
        </extensions>
      </trkpt>
      <trkpt lat="42.04103596508502960205078125" lon="128.0588831193745136260986328125">
        <ele>1906.4000244140625</ele>
        <time>2026-10-03T07:31:09.000Z</time>
        <extensions>
          <ns3:TrackPointExtension>
            <ns3:hr>118</ns3:hr>
            <ns3:cad>45</ns3:cad>
          </ns3:TrackPointExtension>
        </extensions>
      </trkpt>
      <trkpt lat="42.041076533496379852294921875" lon="128.05885436944663524627685546875">
        <ele>1907</ele>
        <time>2026-10-03T07:31:13.000Z</time>
        <extensions>
          <ns3:TrackPointExtension>
            <ns3:hr>116</ns3:hr>
            <ns3:cad>45</ns3:cad>
          </ns3:TrackPointExtension>
        </extensions>
      </trkpt>
      <trkpt lat="42.0411005057394504547119140625" lon="128.05884313769638538360595703125">
        <ele>1907.199951171875</ele>
        <time>2026-10-03T07:31:16.000Z</time>
        <extensions>
          <ns3:TrackPointExtension>
            <ns3:hr>113</ns3:hr>
            <ns3:cad>48</ns3:cad>
          </ns3:TrackPointExtension>
        </extensions>
      </trkpt>
      <trkpt lat="42.04110913909971714019775390625" lon="128.05883266031742095947265625">
        <ele>1907.4000244140625</ele>
        <time>2026-10-03T07:31:18.000Z</time>
        <extensions>
          <ns3:TrackPointExtension>
            <ns3:hr>113</ns3:hr>
            <ns3:cad>48</ns3:cad>
          </ns3:TrackPointExtension>
        </extensions>
      </trkpt>
      <trkpt lat="42.04111986793577671051025390625" lon="128.05881279520690441131591796875">
        <ele>1907.4000244140625</ele>
        <time>2026-10-03T07:31:20.000Z</time>
        <extensions>
          <ns3:TrackPointExtension>
            <ns3:hr>112</ns3:hr>
            <ns3:cad>48</ns3:cad>
          </ns3:TrackPointExtension>
        </extensions>
      </trkpt>
      <trkpt lat="42.0411548204720020294189453125" lon="128.05879083462059497833251953125">
        <ele>1907.199951171875</ele>
        <time>2026-10-03T07:31:25.000Z</time>
        <extensions>
          <ns3:TrackPointExtension>
            <ns3:hr>112</ns3:hr>
            <ns3:cad>57</ns3:cad>
          </ns3:TrackPointExtension>
        </extensions>
      </trkpt>
      <trkpt lat="42.04116445966064929962158203125" lon="128.05878714658319950103759765625">
        <ele>1907.199951171875</ele>
        <time>2026-10-03T07:31:27.000Z</time>
        <extensions>
          <ns3:TrackPointExtension>
            <ns3:hr>112</ns3:hr>
            <ns3:cad>58</ns3:cad>
          </ns3:TrackPointExtension>
        </extensions>
      </trkpt>
      <trkpt lat="42.04117007553577423095703125" lon="128.05878840386867523193359375">
        <ele>1907</ele>
        <time>2026-10-03T07:31:28.000Z</time>
        <extensions>
          <ns3:TrackPointExtension>
            <ns3:hr>113</ns3:hr>
            <ns3:cad>57</ns3:cad>
          </ns3:TrackPointExtension>
        </extensions>
      </trkpt>
      <trkpt lat="42.04117921181023120880126953125" lon="128.058790080249309539794921875">
        <ele>1907</ele>
        <time>2026-10-03T07:31:30.000Z</time>
        <extensions>
          <ns3:TrackPointExtension>
            <ns3:hr>112</ns3:hr>
            <ns3:cad>56</ns3:cad>
          </ns3:TrackPointExtension>
        </extensions>
      </trkpt>
      <trkpt lat="42.04120368696749210357666015625" lon="128.05874791927635669708251953125">
        <ele>1907</ele>
        <time>2026-10-03T07:31:32.000Z</time>
        <extensions>
          <ns3:TrackPointExtension>
            <ns3:hr>112</ns3:hr>
            <ns3:cad>56</ns3:cad>
          </ns3:TrackPointExtension>
        </extensions>
      </trkpt>
      <trkpt lat="42.04121056012809276580810546875" lon="128.05874339304864406585693359375">
        <ele>1907</ele>
        <time>2026-10-03T07:31:33.000Z</time>
        <extensions>
          <ns3:TrackPointExtension>
            <ns3:hr>112</ns3:hr>
            <ns3:cad>57</ns3:cad>
          </ns3:TrackPointExtension>
        </extensions>
      </trkpt>
      <trkpt lat="42.041234783828258514404296875" lon="128.05872612632811069488525390625">
        <ele>1906.5999755859375</ele>
        <time>2026-10-03T07:31:35.000Z</time>
        <extensions>
          <ns3:TrackPointExtension>
            <ns3:hr>111</ns3:hr>
            <ns3:cad>58</ns3:cad>
          </ns3:TrackPointExtension>
        </extensions>
      </trkpt>
      <trkpt lat="42.04126420430839061737060546875" lon="128.05873417295515537261962890625">
        <ele>1904.800048828125</ele>
        <time>2026-10-03T07:31:37.000Z</time>
        <extensions>
          <ns3:TrackPointExtension>
            <ns3:hr>111</ns3:hr>
            <ns3:cad>58</ns3:cad>
          </ns3:TrackPointExtension>
        </extensions>
      </trkpt>
      <trkpt lat="42.04125666059553623199462890625" lon="128.05872344411909580230712890625">
        <ele>1903.199951171875</ele>
        <time>2026-10-03T07:31:39.000Z</time>
        <extensions>
          <ns3:TrackPointExtension>
            <ns3:hr>111</ns3:hr>
            <ns3:cad>0</ns3:cad>
          </ns3:TrackPointExtension>
        </extensions>
      </trkpt>
      <trkpt lat="42.041268981993198394775390625" lon="128.05873786099255084991455078125">
        <ele>1902.199951171875</ele>
        <time>2026-10-03T07:31:41.000Z</time>
        <extensions>
          <ns3:TrackPointExtension>
            <ns3:hr>111</ns3:hr>
            <ns3:cad>43</ns3:cad>
          </ns3:TrackPointExtension>
        </extensions>
      </trkpt>
      <trkpt lat="42.04128884710371494293212890625" lon="128.058796115219593048095703125">
        <ele>1901.5999755859375</ele>
        <time>2026-10-03T07:31:47.000Z</time>
        <extensions>
          <ns3:TrackPointExtension>
            <ns3:hr>112</ns3:hr>
            <ns3:cad>42</ns3:cad>
          </ns3:TrackPointExtension>
        </extensions>
      </trkpt>
      <trkpt lat="42.04131214879453182220458984375" lon="128.05879318155348300933837890625">
        <ele>1901.4000244140625</ele>
        <time>2026-10-03T07:31:51.000Z</time>
        <extensions>
          <ns3:TrackPointExtension>
            <ns3:hr>110</ns3:hr>
            <ns3:cad>0</ns3:cad>
          </ns3:TrackPointExtension>
        </extensions>
      </trkpt>
      <trkpt lat="42.04131348989903926849365234375" lon="128.05879066698253154754638671875">
        <ele>1901.4000244140625</ele>
        <time>2026-10-03T07:31:52.000Z</time>
        <extensions>
          <ns3:TrackPointExtension>
            <ns3:hr>114</ns3:hr>
            <ns3:cad>0</ns3:cad>
          </ns3:TrackPointExtension>
        </extensions>
      </trkpt>
      <trkpt lat="42.0413157530128955841064453125" lon="128.0587879009544849395751953125">
        <ele>1901.4000244140625</ele>
        <time>2026-10-03T07:31:53.000Z</time>
        <extensions>
          <ns3:TrackPointExtension>
            <ns3:hr>118</ns3:hr>
            <ns3:cad>0</ns3:cad>
          </ns3:TrackPointExtension>
        </extensions>
      </trkpt>
      <trkpt lat="42.0413167588412761688232421875" lon="128.0587808601558208465576171875">
        <ele>1901.199951171875</ele>
        <time>2026-10-03T07:31:54.000Z</time>
        <extensions>
          <ns3:TrackPointExtension>
            <ns3:hr>121</ns3:hr>
            <ns3:cad>0</ns3:cad>
          </ns3:TrackPointExtension>
        </extensions>
      </trkpt>
      <trkpt lat="42.04132002778351306915283203125" lon="128.05877256207168102264404296875">
        <ele>1901.199951171875</ele>
        <time>2026-10-03T07:31:55.000Z</time>
        <extensions>
          <ns3:TrackPointExtension>
            <ns3:hr>120</ns3:hr>
            <ns3:cad>0</ns3:cad>
          </ns3:TrackPointExtension>
        </extensions>
      </trkpt>
      <trkpt lat="42.0413237996399402618408203125" lon="128.05876334197819232940673828125">
        <ele>1901.199951171875</ele>
        <time>2026-10-03T07:31:57.000Z</time>
        <extensions>
          <ns3:TrackPointExtension>
            <ns3:hr>119</ns3:hr>
            <ns3:cad>0</ns3:cad>
          </ns3:TrackPointExtension>
        </extensions>
      </trkpt>
      <trkpt lat="42.041324637830257415771484375" lon="128.05871724151074886322021484375">
        <ele>1902.4000244140625</ele>
        <time>2026-10-03T07:32:01.000Z</time>
        <extensions>
          <ns3:TrackPointExtension>
            <ns3:hr>117</ns3:hr>
            <ns3:cad>40</ns3:cad>
          </ns3:TrackPointExtension>
        </extensions>
      </trkpt>
      <trkpt lat="42.04132656566798686981201171875" lon="128.058702237904071807861328125">
        <ele>1902.5999755859375</ele>
        <time>2026-10-03T07:32:02.000Z</time>
        <extensions>
          <ns3:TrackPointExtension>
            <ns3:hr>117</ns3:hr>
            <ns3:cad>44</ns3:cad>
          </ns3:TrackPointExtension>
        </extensions>
      </trkpt>
      <trkpt lat="42.0413325168192386627197265625" lon="128.0586658604443073272705078125">
        <ele>1903.199951171875</ele>
        <time>2026-10-03T07:32:07.000Z</time>
        <extensions>
          <ns3:TrackPointExtension>
            <ns3:hr>116</ns3:hr>
            <ns3:cad>49</ns3:cad>
          </ns3:TrackPointExtension>
        </extensions>
      </trkpt>
      <trkpt lat="42.0413636974990367889404296875" lon="128.0586155690252780914306640625">
        <ele>1902.4000244140625</ele>
        <time>2026-10-03T07:32:13.000Z</time>
        <extensions>
          <ns3:TrackPointExtension>
            <ns3:hr>113</ns3:hr>
            <ns3:cad>49</ns3:cad>
          </ns3:TrackPointExtension>
        </extensions>
      </trkpt>
      <trkpt lat="42.04136948101222515106201171875" lon="128.0586051754653453826904296875">
        <ele>1902.199951171875</ele>
        <time>2026-10-03T07:32:14.000Z</time>
        <extensions>
          <ns3:TrackPointExtension>
            <ns3:hr>113</ns3:hr>
            <ns3:cad>48</ns3:cad>
          </ns3:TrackPointExtension>
        </extensions>
      </trkpt>
      <trkpt lat="42.04139135777950286865234375" lon="128.05858832783997058868408203125">
        <ele>1901.199951171875</ele>
        <time>2026-10-03T07:32:17.000Z</time>
        <extensions>
          <ns3:TrackPointExtension>
            <ns3:hr>113</ns3:hr>
            <ns3:cad>45</ns3:cad>
          </ns3:TrackPointExtension>
        </extensions>
      </trkpt>
      <trkpt lat="42.04142329283058643341064453125" lon="128.0585961230099201202392578125">
        <ele>1901</ele>
        <time>2026-10-03T07:32:19.000Z</time>
        <extensions>
          <ns3:TrackPointExtension>
            <ns3:hr>112</ns3:hr>
            <ns3:cad>45</ns3:cad>
          </ns3:TrackPointExtension>
        </extensions>
      </trkpt>
      <trkpt lat="42.041435949504375457763671875" lon="128.0585999786853790283203125">
        <ele>1900.800048828125</ele>
        <time>2026-10-03T07:32:20.000Z</time>
        <extensions>
          <ns3:TrackPointExtension>
            <ns3:hr>112</ns3:hr>
            <ns3:cad>44</ns3:cad>
          </ns3:TrackPointExtension>
        </extensions>
      </trkpt>
      <trkpt lat="42.0414475165307521820068359375" lon="128.0586018227040767669677734375">
        <ele>1901.199951171875</ele>
        <time>2026-10-03T07:32:22.000Z</time>
        <extensions>
          <ns3:TrackPointExtension>
            <ns3:hr>116</ns3:hr>
            <ns3:cad>44</ns3:cad>
          </ns3:TrackPointExtension>
        </extensions>
      </trkpt>
      <trkpt lat="42.04145330004394054412841796875" lon="128.05860693566501140594482421875">
        <ele>1901.199951171875</ele>
        <time>2026-10-03T07:32:23.000Z</time>
        <extensions>
          <ns3:TrackPointExtension>
            <ns3:hr>119</ns3:hr>
            <ns3:cad>44</ns3:cad>
          </ns3:TrackPointExtension>
        </extensions>
      </trkpt>
      <trkpt lat="42.04145832918584346771240234375" lon="128.05861816741526126861572265625">
        <ele>1901.4000244140625</ele>
        <time>2026-10-03T07:32:24.000Z</time>
        <extensions>
          <ns3:TrackPointExtension>
            <ns3:hr>122</ns3:hr>
            <ns3:cad>44</ns3:cad>
          </ns3:TrackPointExtension>
        </extensions>
      </trkpt>
      <trkpt lat="42.0414683036506175994873046875" lon="128.05864230729639530181884765625">
        <ele>1901.4000244140625</ele>
        <time>2026-10-03T07:32:25.000Z</time>
        <extensions>
          <ns3:TrackPointExtension>
            <ns3:hr>125</ns3:hr>
            <ns3:cad>44</ns3:cad>
          </ns3:TrackPointExtension>
        </extensions>
      </trkpt>
      <trkpt lat="42.04147274605929851531982421875" lon="128.0586635135114192962646484375">
        <ele>1901.5999755859375</ele>
        <time>2026-10-03T07:32:26.000Z</time>
        <extensions>
          <ns3:TrackPointExtension>
            <ns3:hr>128</ns3:hr>
            <ns3:cad>44</ns3:cad>
          </ns3:TrackPointExtension>
        </extensions>
      </trkpt>
      <trkpt lat="42.04147391952574253082275390625" lon="128.05867751128971576690673828125">
        <ele>1901.5999755859375</ele>
        <time>2026-10-03T07:32:27.000Z</time>
        <extensions>
          <ns3:TrackPointExtension>
            <ns3:hr>130</ns3:hr>
            <ns3:cad>0</ns3:cad>
          </ns3:TrackPointExtension>
        </extensions>
      </trkpt>
      <trkpt lat="42.04148381017148494720458984375" lon="128.05867617018520832061767578125">
        <ele>1901.800048828125</ele>
        <time>2026-10-03T07:32:29.000Z</time>
        <extensions>
          <ns3:TrackPointExtension>
            <ns3:hr>134</ns3:hr>
            <ns3:cad>0</ns3:cad>
          </ns3:TrackPointExtension>
        </extensions>
      </trkpt>
      <trkpt lat="42.04149621538817882537841796875" lon="128.05867466144263744354248046875">
        <ele>1902</ele>
        <time>2026-10-03T07:32:30.000Z</time>
        <extensions>
          <ns3:TrackPointExtension>
            <ns3:hr>133</ns3:hr>
            <ns3:cad>0</ns3:cad>
          </ns3:TrackPointExtension>
        </extensions>
      </trkpt>
      <trkpt lat="42.0415092073380947113037109375" lon="128.05867633782327175140380859375">
        <ele>1902</ele>
        <time>2026-10-03T07:32:31.000Z</time>
        <extensions>
          <ns3:TrackPointExtension>
            <ns3:hr>133</ns3:hr>
            <ns3:cad>0</ns3:cad>
          </ns3:TrackPointExtension>
        </extensions>
      </trkpt>
      <trkpt lat="42.04151331447064876556396484375" lon="128.0586697161197662353515625">
        <ele>1902</ele>
        <time>2026-10-03T07:32:32.000Z</time>
        <extensions>
          <ns3:TrackPointExtension>
            <ns3:hr>132</ns3:hr>
            <ns3:cad>0</ns3:cad>
          </ns3:TrackPointExtension>
        </extensions>
      </trkpt>
      <trkpt lat="42.04151834361255168914794921875" lon="128.05866644717752933502197265625">
        <ele>1901.199951171875</ele>
        <time>2026-10-03T07:32:36.000Z</time>
        <extensions>
          <ns3:TrackPointExtension>
            <ns3:hr>129</ns3:hr>
            <ns3:cad>0</ns3:cad>
          </ns3:TrackPointExtension>
        </extensions>
      </trkpt>
      <trkpt lat="42.04152303747832775115966796875" lon="128.05865739472210407257080078125">
        <ele>1900.5999755859375</ele>
        <time>2026-10-03T07:32:38.000Z</time>
        <extensions>
          <ns3:TrackPointExtension>
            <ns3:hr>128</ns3:hr>
            <ns3:cad>0</ns3:cad>
          </ns3:TrackPointExtension>
        </extensions>
      </trkpt>
      <trkpt lat="42.04153108410537242889404296875" lon="128.05865538306534290313720703125">
        <ele>1900.199951171875</ele>
        <time>2026-10-03T07:32:40.000Z</time>
        <extensions>
          <ns3:TrackPointExtension>
            <ns3:hr>127</ns3:hr>
            <ns3:cad>0</ns3:cad>
          </ns3:TrackPointExtension>
        </extensions>
      </trkpt>
      <trkpt lat="42.04152840189635753631591796875" lon="128.05868103168904781341552734375">
        <ele>1900</ele>
        <time>2026-10-03T07:32:45.000Z</time>
        <extensions>
          <ns3:TrackPointExtension>
            <ns3:hr>124</ns3:hr>
            <ns3:cad>0</ns3:cad>
          </ns3:TrackPointExtension>
        </extensions>
      </trkpt>
      <trkpt lat="42.04153091646730899810791015625" lon="128.0586786009371280670166015625">
        <ele>1900</ele>
        <time>2026-10-03T07:32:46.000Z</time>
        <extensions>
          <ns3:TrackPointExtension>
            <ns3:hr>124</ns3:hr>
            <ns3:cad>0</ns3:cad>
          </ns3:TrackPointExtension>
        </extensions>
      </trkpt>
      <trkpt lat="42.0415269769728183746337890625" lon="128.0587003938853740692138671875">
        <ele>1900</ele>
        <time>2026-10-03T07:32:50.000Z</time>
        <extensions>
          <ns3:TrackPointExtension>
            <ns3:hr>122</ns3:hr>
            <ns3:cad>0</ns3:cad>
          </ns3:TrackPointExtension>
        </extensions>
      </trkpt>
      <trkpt lat="42.04153711907565593719482421875" lon="128.05868958123028278350830078125">
        <ele>1900.199951171875</ele>
        <time>2026-10-03T07:32:56.000Z</time>
        <extensions>
          <ns3:TrackPointExtension>
            <ns3:hr>119</ns3:hr>
            <ns3:cad>0</ns3:cad>
          </ns3:TrackPointExtension>
        </extensions>
      </trkpt>
      <trkpt lat="42.04154348932206630706787109375" lon="128.0586903356015682220458984375">
        <ele>1900.199951171875</ele>
        <time>2026-10-03T07:32:57.000Z</time>
        <extensions>
          <ns3:TrackPointExtension>
            <ns3:hr>119</ns3:hr>
            <ns3:cad>0</ns3:cad>
          </ns3:TrackPointExtension>
        </extensions>
      </trkpt>
      <trkpt lat="42.04154483042657375335693359375" lon="128.05868924595415592193603515625">
        <ele>1900.4000244140625</ele>
        <time>2026-10-03T07:33:01.000Z</time>
        <extensions>
          <ns3:TrackPointExtension>
            <ns3:hr>118</ns3:hr>
            <ns3:cad>0</ns3:cad>
          </ns3:TrackPointExtension>
        </extensions>
      </trkpt>
      <trkpt lat="42.0415541343390941619873046875" lon="128.058689497411251068115234375">
        <ele>1901.4000244140625</ele>
        <time>2026-10-03T07:33:05.000Z</time>
        <extensions>
          <ns3:TrackPointExtension>
            <ns3:hr>117</ns3:hr>
            <ns3:cad>0</ns3:cad>
          </ns3:TrackPointExtension>
        </extensions>
      </trkpt>
      <trkpt lat="42.04154667444527149200439453125" lon="128.0586697161197662353515625">
        <ele>1902.4000244140625</ele>
        <time>2026-10-03T07:33:09.000Z</time>
        <extensions>
          <ns3:TrackPointExtension>
            <ns3:hr>117</ns3:hr>
            <ns3:cad>0</ns3:cad>
          </ns3:TrackPointExtension>
        </extensions>
      </trkpt>
      <trkpt lat="42.04154466278851032257080078125" lon="128.0586631782352924346923828125">
        <ele>1902.4000244140625</ele>
        <time>2026-10-03T07:33:10.000Z</time>
        <extensions>
          <ns3:TrackPointExtension>
            <ns3:hr>117</ns3:hr>
            <ns3:cad>0</ns3:cad>
          </ns3:TrackPointExtension>
        </extensions>
      </trkpt>
      <trkpt lat="42.0415605045855045318603515625" lon="128.05869041942059993743896484375">
        <ele>1902.199951171875</ele>
        <time>2026-10-03T07:33:17.000Z</time>
        <extensions>
          <ns3:TrackPointExtension>
            <ns3:hr>117</ns3:hr>
            <ns3:cad>0</ns3:cad>
          </ns3:TrackPointExtension>
        </extensions>
      </trkpt>
      <trkpt lat="42.04156544990837574005126953125" lon="128.05872562341392040252685546875">
        <ele>1902.199951171875</ele>
        <time>2026-10-03T07:33:23.000Z</time>
        <extensions>
          <ns3:TrackPointExtension>
            <ns3:hr>116</ns3:hr>
            <ns3:cad>0</ns3:cad>
          </ns3:TrackPointExtension>
        </extensions>
      </trkpt>
      <trkpt lat="42.0415454171597957611083984375" lon="128.0587091110646724700927734375">
        <ele>1902.800048828125</ele>
        <time>2026-10-03T07:33:29.000Z</time>
        <extensions>
          <ns3:TrackPointExtension>
            <ns3:hr>114</ns3:hr>
            <ns3:cad>0</ns3:cad>
          </ns3:TrackPointExtension>
        </extensions>
      </trkpt>
      <trkpt lat="42.041542567312717437744140625" lon="128.05869343690574169158935546875">
        <ele>1901.5999755859375</ele>
        <time>2026-10-03T07:33:35.000Z</time>
        <extensions>
          <ns3:TrackPointExtension>
            <ns3:hr>113</ns3:hr>
            <ns3:cad>0</ns3:cad>
          </ns3:TrackPointExtension>
        </extensions>
      </trkpt>
      <trkpt lat="42.04154399223625659942626953125" lon="128.0586963705718517303466796875">
        <ele>1901.4000244140625</ele>
        <time>2026-10-03T07:33:36.000Z</time>
        <extensions>
          <ns3:TrackPointExtension>
            <ns3:hr>113</ns3:hr>
            <ns3:cad>0</ns3:cad>
          </ns3:TrackPointExtension>
        </extensions>
      </trkpt>
      <trkpt lat="42.04155053012073040008544921875" lon="128.058681450784206390380859375">
        <ele>1900.4000244140625</ele>
        <time>2026-10-03T07:33:40.000Z</time>
        <extensions>
          <ns3:TrackPointExtension>
            <ns3:hr>111</ns3:hr>
            <ns3:cad>0</ns3:cad>
          </ns3:TrackPointExtension>
        </extensions>
      </trkpt>
      <trkpt lat="42.04154684208333492279052734375" lon="128.0586889944970607757568359375">
        <ele>1899.199951171875</ele>
        <time>2026-10-03T07:33:44.000Z</time>
        <extensions>
          <ns3:TrackPointExtension>
            <ns3:hr>109</ns3:hr>
            <ns3:cad>0</ns3:cad>
          </ns3:TrackPointExtension>
        </extensions>
      </trkpt>
      <trkpt lat="42.04154684208333492279052734375" lon="128.0586889944970607757568359375">
        <ele>1899</ele>
        <time>2026-10-03T07:33:46.000Z</time>
        <extensions>
          <ns3:TrackPointExtension>
            <ns3:hr>109</ns3:hr>
            <ns3:cad>0</ns3:cad>
          </ns3:TrackPointExtension>
        </extensions>
      </trkpt>
      <trkpt lat="42.04153946600854396820068359375" lon="128.058705590665340423583984375">
        <ele>1898.800048828125</ele>
        <time>2026-10-03T07:34:06.000Z</time>
        <extensions>
          <ns3:TrackPointExtension>
            <ns3:hr>110</ns3:hr>
            <ns3:cad>0</ns3:cad>
          </ns3:TrackPointExtension>
        </extensions>
      </trkpt>
      <trkpt lat="42.04155136831104755401611328125" lon="128.05868874303996562957763671875">
        <ele>1898</ele>
        <time>2026-10-03T07:34:12.000Z</time>
        <extensions>
          <ns3:TrackPointExtension>
            <ns3:hr>109</ns3:hr>
            <ns3:cad>0</ns3:cad>
          </ns3:TrackPointExtension>
        </extensions>
      </trkpt>
      <trkpt lat="42.04155153594911098480224609375" lon="128.05867952294647693634033203125">
        <ele>1897.800048828125</ele>
        <time>2026-10-03T07:34:13.000Z</time>
        <extensions>
          <ns3:TrackPointExtension>
            <ns3:hr>109</ns3:hr>
            <ns3:cad>0</ns3:cad>
          </ns3:TrackPointExtension>
        </extensions>
      </trkpt>
      <trkpt lat="42.04155455343425273895263671875" lon="128.0586775951087474822998046875">
        <ele>1896.800048828125</ele>
        <time>2026-10-03T07:34:16.000Z</time>
        <extensions>
          <ns3:TrackPointExtension>
            <ns3:hr>108</ns3:hr>
            <ns3:cad>0</ns3:cad>
          </ns3:TrackPointExtension>
        </extensions>
      </trkpt>
      <trkpt lat="42.04156100749969482421875" lon="128.05869561620056629180908203125">
        <ele>1896.4000244140625</ele>
        <time>2026-10-03T07:34:21.000Z</time>
        <extensions>
          <ns3:TrackPointExtension>
            <ns3:hr>109</ns3:hr>
            <ns3:cad>0</ns3:cad>
          </ns3:TrackPointExtension>
        </extensions>
      </trkpt>
      <trkpt lat="42.0415843091905117034912109375" lon="128.05871908552944660186767578125">
        <ele>1895.800048828125</ele>
        <time>2026-10-03T07:34:26.000Z</time>
        <extensions>
          <ns3:TrackPointExtension>
            <ns3:hr>108</ns3:hr>
            <ns3:cad>0</ns3:cad>
          </ns3:TrackPointExtension>
        </extensions>
      </trkpt>
      <trkpt lat="42.04158791340887546539306640625" lon="128.0587070994079113006591796875">
        <ele>1895.5999755859375</ele>
        <time>2026-10-03T07:34:27.000Z</time>
        <extensions>
          <ns3:TrackPointExtension>
            <ns3:hr>106</ns3:hr>
            <ns3:cad>0</ns3:cad>
          </ns3:TrackPointExtension>
        </extensions>
      </trkpt>
      <trkpt lat="42.04159612767398357391357421875" lon="128.05867440998554229736328125">
        <ele>1894.800048828125</ele>
        <time>2026-10-03T07:34:31.000Z</time>
        <extensions>
          <ns3:TrackPointExtension>
            <ns3:hr>109</ns3:hr>
            <ns3:cad>0</ns3:cad>
          </ns3:TrackPointExtension>
        </extensions>
      </trkpt>
      <trkpt lat="42.04160015098750591278076171875" lon="128.0586926825344562530517578125">
        <ele>1894.4000244140625</ele>
        <time>2026-10-03T07:34:32.000Z</time>
        <extensions>
          <ns3:TrackPointExtension>
            <ns3:hr>108</ns3:hr>
            <ns3:cad>0</ns3:cad>
          </ns3:TrackPointExtension>
        </extensions>
      </trkpt>
      <trkpt lat="42.0416272245347499847412109375" lon="128.058665692806243896484375">
        <ele>1893.4000244140625</ele>
        <time>2026-10-03T07:34:35.000Z</time>
        <extensions>
          <ns3:TrackPointExtension>
            <ns3:hr>104</ns3:hr>
            <ns3:cad>0</ns3:cad>
          </ns3:TrackPointExtension>
        </extensions>
      </trkpt>
      <trkpt lat="42.04162202775478363037109375" lon="128.0586695484817028045654296875">
        <ele>1893</ele>
        <time>2026-10-03T07:34:36.000Z</time>
        <extensions>
          <ns3:TrackPointExtension>
            <ns3:hr>107</ns3:hr>
            <ns3:cad>0</ns3:cad>
          </ns3:TrackPointExtension>
        </extensions>
      </trkpt>
      <trkpt lat="42.041590847074985504150390625" lon="128.05865027010440826416015625">
        <ele>1892.5999755859375</ele>
        <time>2026-10-03T07:34:40.000Z</time>
        <extensions>
          <ns3:TrackPointExtension>
            <ns3:hr>109</ns3:hr>
            <ns3:cad>0</ns3:cad>
          </ns3:TrackPointExtension>
        </extensions>
      </trkpt>
      <trkpt lat="42.04159294255077838897705078125" lon="128.05865404196083545684814453125">
        <ele>1892.800048828125</ele>
        <time>2026-10-03T07:34:43.000Z</time>
        <extensions>
          <ns3:TrackPointExtension>
            <ns3:hr>106</ns3:hr>
            <ns3:cad>0</ns3:cad>
          </ns3:TrackPointExtension>
        </extensions>
      </trkpt>
      <trkpt lat="42.04159294255077838897705078125" lon="128.05865404196083545684814453125">
        <ele>1893</ele>
        <time>2026-10-03T07:34:46.000Z</time>
        <extensions>
          <ns3:TrackPointExtension>
            <ns3:hr>104</ns3:hr>
            <ns3:cad>0</ns3:cad>
          </ns3:TrackPointExtension>
        </extensions>
      </trkpt>
      <trkpt lat="42.04159294255077838897705078125" lon="128.05865404196083545684814453125">
        <ele>1893.199951171875</ele>
        <time>2026-10-03T07:34:48.000Z</time>
        <extensions>
          <ns3:TrackPointExtension>
            <ns3:hr>107</ns3:hr>
            <ns3:cad>0</ns3:cad>
          </ns3:TrackPointExtension>
        </extensions>
      </trkpt>
      <trkpt lat="42.04161775298416614532470703125" lon="128.058670721948146820068359375">
        <ele>1893.199951171875</ele>
        <time>2026-10-03T07:34:59.000Z</time>
        <extensions>
          <ns3:TrackPointExtension>
            <ns3:hr>104</ns3:hr>
            <ns3:cad>0</ns3:cad>
          </ns3:TrackPointExtension>
        </extensions>
      </trkpt>
      <trkpt lat="42.0416168309748172760009765625" lon="128.05867373943328857421875">
        <ele>1893.199951171875</ele>
        <time>2026-10-03T07:35:00.000Z</time>
        <extensions>
          <ns3:TrackPointExtension>
            <ns3:hr>101</ns3:hr>
            <ns3:cad>0</ns3:cad>
          </ns3:TrackPointExtension>
        </extensions>
      </trkpt>
      <trkpt lat="42.0416111312806606292724609375" lon="128.058655299246311187744140625">
        <ele>1893.4000244140625</ele>
        <time>2026-10-03T07:35:03.000Z</time>
        <extensions>
          <ns3:TrackPointExtension>
            <ns3:hr>103</ns3:hr>
            <ns3:cad>0</ns3:cad>
          </ns3:TrackPointExtension>
        </extensions>
      </trkpt>
      <trkpt lat="42.041604258120059967041015625" lon="128.05869586765766143798828125">
        <ele>1894</ele>
        <time>2026-10-03T07:35:07.000Z</time>
        <extensions>
          <ns3:TrackPointExtension>
            <ns3:hr>100</ns3:hr>
            <ns3:cad>0</ns3:cad>
          </ns3:TrackPointExtension>
        </extensions>
      </trkpt>
      <trkpt lat="42.04161037690937519073486328125" lon="128.058707602322101593017578125">
        <ele>1894.4000244140625</ele>
        <time>2026-10-03T07:35:08.000Z</time>
        <extensions>
          <ns3:TrackPointExtension>
            <ns3:hr>98</ns3:hr>
            <ns3:cad>0</ns3:cad>
          </ns3:TrackPointExtension>
        </extensions>
      </trkpt>
      <trkpt lat="42.04160065390169620513916015625" lon="128.05870634503662586212158203125">
        <ele>1895.5999755859375</ele>
        <time>2026-10-03T07:35:11.000Z</time>
        <extensions>
          <ns3:TrackPointExtension>
            <ns3:hr>100</ns3:hr>
            <ns3:cad>0</ns3:cad>
          </ns3:TrackPointExtension>
        </extensions>
      </trkpt>
      <trkpt lat="42.0415890030562877655029296875" lon="128.05873610079288482666015625">
        <ele>1897</ele>
        <time>2026-10-03T07:35:15.000Z</time>
        <extensions>
          <ns3:TrackPointExtension>
            <ns3:hr>101</ns3:hr>
            <ns3:cad>0</ns3:cad>
          </ns3:TrackPointExtension>
        </extensions>
      </trkpt>
      <trkpt lat="42.04158875159919261932373046875" lon="128.05874842219054698944091796875">
        <ele>1898</ele>
        <time>2026-10-03T07:35:17.000Z</time>
        <extensions>
          <ns3:TrackPointExtension>
            <ns3:hr>101</ns3:hr>
            <ns3:cad>0</ns3:cad>
          </ns3:TrackPointExtension>
        </extensions>
      </trkpt>
      <trkpt lat="42.041599564254283905029296875" lon="128.05872277356684207916259765625">
        <ele>1899</ele>
        <time>2026-10-03T07:35:19.000Z</time>
        <extensions>
          <ns3:TrackPointExtension>
            <ns3:hr>103</ns3:hr>
            <ns3:cad>0</ns3:cad>
          </ns3:TrackPointExtension>
        </extensions>
      </trkpt>
      <trkpt lat="42.0416175015270709991455078125" lon="128.05870416574180126190185546875">
        <ele>1900</ele>
        <time>2026-10-03T07:35:23.000Z</time>
        <extensions>
          <ns3:TrackPointExtension>
            <ns3:hr>106</ns3:hr>
            <ns3:cad>0</ns3:cad>
          </ns3:TrackPointExtension>
        </extensions>
      </trkpt>
      <trkpt lat="42.0416205190122127532958984375" lon="128.058709613978862762451171875">
        <ele>1900.199951171875</ele>
        <time>2026-10-03T07:35:25.000Z</time>
        <extensions>
          <ns3:TrackPointExtension>
            <ns3:hr>109</ns3:hr>
            <ns3:cad>0</ns3:cad>
          </ns3:TrackPointExtension>
        </extensions>
      </trkpt>
      <trkpt lat="42.04161490313708782196044921875" lon="128.05870986543595790863037109375">
        <ele>1900.199951171875</ele>
        <time>2026-10-03T07:35:29.000Z</time>
        <extensions>
          <ns3:TrackPointExtension>
            <ns3:hr>111</ns3:hr>
            <ns3:cad>0</ns3:cad>
          </ns3:TrackPointExtension>
        </extensions>
      </trkpt>
      <trkpt lat="42.041606605052947998046875" lon="128.0586898326873779296875">
        <ele>1900.199951171875</ele>
        <time>2026-10-03T07:35:31.000Z</time>
        <extensions>
          <ns3:TrackPointExtension>
            <ns3:hr>111</ns3:hr>
            <ns3:cad>0</ns3:cad>
          </ns3:TrackPointExtension>
        </extensions>
      </trkpt>
      <trkpt lat="42.0415677130222320556640625" lon="128.05881095118820667266845703125">
        <ele>1900.800048828125</ele>
        <time>2026-10-03T07:35:35.000Z</time>
        <extensions>
          <ns3:TrackPointExtension>
            <ns3:hr>110</ns3:hr>
            <ns3:cad>0</ns3:cad>
          </ns3:TrackPointExtension>
        </extensions>
      </trkpt>
      <trkpt lat="42.04158908687531948089599609375" lon="128.05875579826533794403076171875">
        <ele>1901.199951171875</ele>
        <time>2026-10-03T07:35:37.000Z</time>
        <extensions>
          <ns3:TrackPointExtension>
            <ns3:hr>110</ns3:hr>
            <ns3:cad>0</ns3:cad>
          </ns3:TrackPointExtension>
        </extensions>
      </trkpt>
      <trkpt lat="42.04160031862556934356689453125" lon="128.05873232893645763397216796875">
        <ele>1901.4000244140625</ele>
        <time>2026-10-03T07:35:38.000Z</time>
        <extensions>
          <ns3:TrackPointExtension>
            <ns3:hr>110</ns3:hr>
            <ns3:cad>0</ns3:cad>
          </ns3:TrackPointExtension>
        </extensions>
      </trkpt>
      <trkpt lat="42.04161532223224639892578125" lon="128.058699555695056915283203125">
        <ele>1901.800048828125</ele>
        <time>2026-10-03T07:35:44.000Z</time>
        <extensions>
          <ns3:TrackPointExtension>
            <ns3:hr>108</ns3:hr>
            <ns3:cad>0</ns3:cad>
          </ns3:TrackPointExtension>
        </extensions>
      </trkpt>
      <trkpt lat="42.0416356064379215240478515625" lon="128.0586604960262775421142578125">
        <ele>1902.199951171875</ele>
        <time>2026-10-03T07:35:47.000Z</time>
        <extensions>
          <ns3:TrackPointExtension>
            <ns3:hr>106</ns3:hr>
            <ns3:cad>0</ns3:cad>
          </ns3:TrackPointExtension>
        </extensions>
      </trkpt>
      <trkpt lat="42.04163619317114353179931640625" lon="128.05874573998153209686279296875">
        <ele>1903.4000244140625</ele>
        <time>2026-10-03T07:35:50.000Z</time>
        <extensions>
          <ns3:TrackPointExtension>
            <ns3:hr>106</ns3:hr>
            <ns3:cad>0</ns3:cad>
          </ns3:TrackPointExtension>
        </extensions>
      </trkpt>
      <trkpt lat="42.041614316403865814208984375" lon="128.058859817683696746826171875">
        <ele>1904.5999755859375</ele>
        <time>2026-10-03T07:35:53.000Z</time>
        <extensions>
          <ns3:TrackPointExtension>
            <ns3:hr>105</ns3:hr>
            <ns3:cad>0</ns3:cad>
          </ns3:TrackPointExtension>
        </extensions>
      </trkpt>
      <trkpt lat="42.041580788791179656982421875" lon="128.058860488235950469970703125">
        <ele>1905.199951171875</ele>
        <time>2026-10-03T07:35:55.000Z</time>
        <extensions>
          <ns3:TrackPointExtension>
            <ns3:hr>106</ns3:hr>
            <ns3:cad>0</ns3:cad>
          </ns3:TrackPointExtension>
        </extensions>
      </trkpt>
      <trkpt lat="42.04156125895678997039794921875" lon="128.05887130089104175567626953125">
        <ele>1905.5999755859375</ele>
        <time>2026-10-03T07:35:56.000Z</time>
        <extensions>
          <ns3:TrackPointExtension>
            <ns3:hr>106</ns3:hr>
            <ns3:cad>0</ns3:cad>
          </ns3:TrackPointExtension>
        </extensions>
      </trkpt>
      <trkpt lat="42.04148045741021633148193359375" lon="128.0589344166219234466552734375">
        <ele>1906.5999755859375</ele>
        <time>2026-10-03T07:36:00.000Z</time>
        <extensions>
          <ns3:TrackPointExtension>
            <ns3:hr>107</ns3:hr>
            <ns3:cad>0</ns3:cad>
          </ns3:TrackPointExtension>
        </extensions>
      </trkpt>
      <trkpt lat="42.0413469336926937103271484375" lon="128.0590973608195781707763671875">
        <ele>1907</ele>
        <time>2026-10-03T07:36:06.000Z</time>
        <extensions>
          <ns3:TrackPointExtension>
            <ns3:hr>108</ns3:hr>
            <ns3:cad>0</ns3:cad>
          </ns3:TrackPointExtension>
        </extensions>
      </trkpt>
      <trkpt lat="42.03792854212224483489990234375" lon="128.063780330121517181396484375">
        <ele>1904.800048828125</ele>
        <time>2026-10-03T07:36:33.000Z</time>
        <extensions>
          <ns3:TrackPointExtension>
            <ns3:hr>109</ns3:hr>
            <ns3:cad>0</ns3:cad>
          </ns3:TrackPointExtension>
        </extensions>
      </trkpt>
      <trkpt lat="42.04026256687939167022705078125" lon="128.06047408841550350189208984375">
        <ele>1915.4000244140625</ele>
        <time>2026-10-03T07:36:59.000Z</time>
        <extensions>
          <ns3:TrackPointExtension>
            <ns3:hr>113</ns3:hr>
            <ns3:cad>0</ns3:cad>
          </ns3:TrackPointExtension>
        </extensions>
      </trkpt>
      <trkpt lat="42.040839828550815582275390625" lon="128.0596740357577800750732421875">
        <ele>1918.199951171875</ele>
        <time>2026-10-03T07:37:00.000Z</time>
        <extensions>
          <ns3:TrackPointExtension>
            <ns3:hr>113</ns3:hr>
            <ns3:cad>0</ns3:cad>
          </ns3:TrackPointExtension>
        </extensions>
      </trkpt>
      <trkpt lat="42.04112908802926540374755859375" lon="128.05919182486832141876220703125">
        <ele>1916.199951171875</ele>
        <time>2026-10-03T07:37:01.000Z</time>
        <extensions>
          <ns3:TrackPointExtension>
            <ns3:hr>110</ns3:hr>
            <ns3:cad>0</ns3:cad>
          </ns3:TrackPointExtension>
        </extensions>
      </trkpt>
      <trkpt lat="42.04127141274511814117431640625" lon="128.05901831947267055511474609375">
        <ele>1915.4000244140625</ele>
        <time>2026-10-03T07:37:02.000Z</time>
        <extensions>
          <ns3:TrackPointExtension>
            <ns3:hr>109</ns3:hr>
            <ns3:cad>0</ns3:cad>
          </ns3:TrackPointExtension>
        </extensions>
      </trkpt>
      <trkpt lat="42.04133813269436359405517578125" lon="128.058928214013576507568359375">
        <ele>1914.4000244140625</ele>
        <time>2026-10-03T07:37:03.000Z</time>
        <extensions>
          <ns3:TrackPointExtension>
            <ns3:hr>110</ns3:hr>
            <ns3:cad>0</ns3:cad>
          </ns3:TrackPointExtension>
        </extensions>
      </trkpt>
      <trkpt lat="42.04144642688333988189697265625" lon="128.05886057205498218536376953125">
        <ele>1915.800048828125</ele>
        <time>2026-10-03T07:37:06.000Z</time>
        <extensions>
          <ns3:TrackPointExtension>
            <ns3:hr>109</ns3:hr>
            <ns3:cad>0</ns3:cad>
          </ns3:TrackPointExtension>
        </extensions>
      </trkpt>
      <trkpt lat="42.04149118624627590179443359375" lon="128.05883592925965785980224609375">
        <ele>1915.5999755859375</ele>
        <time>2026-10-03T07:37:08.000Z</time>
        <extensions>
          <ns3:TrackPointExtension>
            <ns3:hr>107</ns3:hr>
            <ns3:cad>0</ns3:cad>
          </ns3:TrackPointExtension>
        </extensions>
      </trkpt>
      <trkpt lat="42.0415551401674747467041015625" lon="128.05875898338854312896728515625">
        <ele>1915.4000244140625</ele>
        <time>2026-10-03T07:37:15.000Z</time>
        <extensions>
          <ns3:TrackPointExtension>
            <ns3:hr>108</ns3:hr>
            <ns3:cad>0</ns3:cad>
          </ns3:TrackPointExtension>
        </extensions>
      </trkpt>
      <trkpt lat="42.04166318289935588836669921875" lon="128.05874959565699100494384765625">
        <ele>1915.5999755859375</ele>
        <time>2026-10-03T07:37:20.000Z</time>
        <extensions>
          <ns3:TrackPointExtension>
            <ns3:hr>106</ns3:hr>
            <ns3:cad>0</ns3:cad>
          </ns3:TrackPointExtension>
        </extensions>
      </trkpt>
      <trkpt lat="42.0416446588933467864990234375" lon="128.05873031727969646453857421875">
        <ele>1915.199951171875</ele>
        <time>2026-10-03T07:37:24.000Z</time>
        <extensions>
          <ns3:TrackPointExtension>
            <ns3:hr>104</ns3:hr>
            <ns3:cad>0</ns3:cad>
          </ns3:TrackPointExtension>
        </extensions>
      </trkpt>
      <trkpt lat="42.04166737385094165802001953125" lon="128.05871891789138317108154296875">
        <ele>1914.800048828125</ele>
        <time>2026-10-03T07:37:26.000Z</time>
        <extensions>
          <ns3:TrackPointExtension>
            <ns3:hr>101</ns3:hr>
            <ns3:cad>0</ns3:cad>
          </ns3:TrackPointExtension>
        </extensions>
      </trkpt>
      <trkpt lat="42.04167240299284458160400390625" lon="128.0587201751768589019775390625">
        <ele>1914.5999755859375</ele>
        <time>2026-10-03T07:37:27.000Z</time>
        <extensions>
          <ns3:TrackPointExtension>
            <ns3:hr>96</ns3:hr>
            <ns3:cad>0</ns3:cad>
          </ns3:TrackPointExtension>
        </extensions>
      </trkpt>
      <trkpt lat="42.04166552983224391937255859375" lon="128.05871975608170032501220703125">
        <ele>1914.199951171875</ele>
        <time>2026-10-03T07:37:29.000Z</time>
        <extensions>
          <ns3:TrackPointExtension>
            <ns3:hr>93</ns3:hr>
            <ns3:cad>0</ns3:cad>
          </ns3:TrackPointExtension>
        </extensions>
      </trkpt>
      <trkpt lat="42.04163610935211181640625" lon="128.05868874303996562957763671875">
        <ele>1914.5999755859375</ele>
        <time>2026-10-03T07:37:32.000Z</time>
        <extensions>
          <ns3:TrackPointExtension>
            <ns3:hr>93</ns3:hr>
            <ns3:cad>0</ns3:cad>
          </ns3:TrackPointExtension>
        </extensions>
      </trkpt>
      <trkpt lat="42.04162177629768848419189453125" lon="128.05866879411041736602783203125">
        <ele>1915.800048828125</ele>
        <time>2026-10-03T07:37:34.000Z</time>
        <extensions>
          <ns3:TrackPointExtension>
            <ns3:hr>91</ns3:hr>
            <ns3:cad>0</ns3:cad>
          </ns3:TrackPointExtension>
        </extensions>
      </trkpt>
      <trkpt lat="42.041617669165134429931640625" lon="128.05865571834146976470947265625">
        <ele>1917</ele>
        <time>2026-10-03T07:37:36.000Z</time>
        <extensions>
          <ns3:TrackPointExtension>
            <ns3:hr>93</ns3:hr>
            <ns3:cad>0</ns3:cad>
          </ns3:TrackPointExtension>
        </extensions>
      </trkpt>
      <trkpt lat="42.04161641187965869903564453125" lon="128.05866862647235393524169921875">
        <ele>1918.199951171875</ele>
        <time>2026-10-03T07:37:38.000Z</time>
        <extensions>
          <ns3:TrackPointExtension>
            <ns3:hr>93</ns3:hr>
            <ns3:cad>0</ns3:cad>
          </ns3:TrackPointExtension>
        </extensions>
      </trkpt>
      <trkpt lat="42.041597552597522735595703125" lon="128.05868513882160186767578125">
        <ele>1919.199951171875</ele>
        <time>2026-10-03T07:37:41.000Z</time>
        <extensions>
          <ns3:TrackPointExtension>
            <ns3:hr>94</ns3:hr>
            <ns3:cad>0</ns3:cad>
          </ns3:TrackPointExtension>
        </extensions>
      </trkpt>
      <trkpt lat="42.04157500527799129486083984375" lon="128.05869913659989833831787109375">
        <ele>1919.800048828125</ele>
        <time>2026-10-03T07:37:43.000Z</time>
        <extensions>
          <ns3:TrackPointExtension>
            <ns3:hr>95</ns3:hr>
            <ns3:cad>0</ns3:cad>
          </ns3:TrackPointExtension>
        </extensions>
      </trkpt>
      <trkpt lat="42.04158439300954341888427734375" lon="128.05872000753879547119140625">
        <ele>1920.4000244140625</ele>
        <time>2026-10-03T07:37:45.000Z</time>
        <extensions>
          <ns3:TrackPointExtension>
            <ns3:hr>96</ns3:hr>
            <ns3:cad>0</ns3:cad>
          </ns3:TrackPointExtension>
        </extensions>
      </trkpt>
      <trkpt lat="42.041588164865970611572265625" lon="128.0587235279381275177001953125">
        <ele>1921.199951171875</ele>
        <time>2026-10-03T07:37:48.000Z</time>
        <extensions>
          <ns3:TrackPointExtension>
            <ns3:hr>97</ns3:hr>
            <ns3:cad>0</ns3:cad>
          </ns3:TrackPointExtension>
        </extensions>
      </trkpt>
      <trkpt lat="42.04159797169268131256103515625" lon="128.05871590040624141693115234375">
        <ele>1921.5999755859375</ele>
        <time>2026-10-03T07:37:49.000Z</time>
        <extensions>
          <ns3:TrackPointExtension>
            <ns3:hr>97</ns3:hr>
            <ns3:cad>0</ns3:cad>
          </ns3:TrackPointExtension>
        </extensions>
      </trkpt>
      <trkpt lat="42.04160518012940883636474609375" lon="128.05870969779789447784423828125">
        <ele>1922.800048828125</ele>
        <time>2026-10-03T07:37:51.000Z</time>
        <extensions>
          <ns3:TrackPointExtension>
            <ns3:hr>98</ns3:hr>
            <ns3:cad>0</ns3:cad>
          </ns3:TrackPointExtension>
        </extensions>
      </trkpt>
      <trkpt lat="42.04161071218550205230712890625" lon="128.0587045848369598388671875">
        <ele>1923.199951171875</ele>
        <time>2026-10-03T07:37:52.000Z</time>
        <extensions>
          <ns3:TrackPointExtension>
            <ns3:hr>96</ns3:hr>
            <ns3:cad>0</ns3:cad>
          </ns3:TrackPointExtension>
        </extensions>
      </trkpt>
      <trkpt lat="42.04161792062222957611083984375" lon="128.05870282463729381561279296875">
        <ele>1924</ele>
        <time>2026-10-03T07:37:55.000Z</time>
        <extensions>
          <ns3:TrackPointExtension>
            <ns3:hr>98</ns3:hr>
            <ns3:cad>0</ns3:cad>
          </ns3:TrackPointExtension>
        </extensions>
      </trkpt>
      <trkpt lat="42.041633427143096923828125" lon="128.058720342814922332763671875">
        <ele>1923.800048828125</ele>
        <time>2026-10-03T07:37:58.000Z</time>
        <extensions>
          <ns3:TrackPointExtension>
            <ns3:hr>98</ns3:hr>
            <ns3:cad>0</ns3:cad>
          </ns3:TrackPointExtension>
        </extensions>
      </trkpt>
      <trkpt lat="42.04172319732606410980224609375" lon="128.05874339304864406585693359375">
        <ele>1923</ele>
        <time>2026-10-03T07:38:03.000Z</time>
        <extensions>
          <ns3:TrackPointExtension>
            <ns3:hr>98</ns3:hr>
            <ns3:cad>0</ns3:cad>
          </ns3:TrackPointExtension>
        </extensions>
      </trkpt>
      <trkpt lat="42.04170039854943752288818359375" lon="128.05876602418720722198486328125">
        <ele>1922.199951171875</ele>
        <time>2026-10-03T07:38:04.000Z</time>
        <extensions>
          <ns3:TrackPointExtension>
            <ns3:hr>98</ns3:hr>
            <ns3:cad>0</ns3:cad>
          </ns3:TrackPointExtension>
        </extensions>
      </trkpt>
      <trkpt lat="42.04169855453073978424072265625" lon="128.05877122096717357635498046875">
        <ele>1921</ele>
        <time>2026-10-03T07:38:05.000Z</time>
        <extensions>
          <ns3:TrackPointExtension>
            <ns3:hr>98</ns3:hr>
            <ns3:cad>0</ns3:cad>
          </ns3:TrackPointExtension>
        </extensions>
      </trkpt>
      <trkpt lat="42.04170693643391132354736328125" lon="128.05877591483294963836669921875">
        <ele>1919.5999755859375</ele>
        <time>2026-10-03T07:38:06.000Z</time>
        <extensions>
          <ns3:TrackPointExtension>
            <ns3:hr>98</ns3:hr>
            <ns3:cad>0</ns3:cad>
          </ns3:TrackPointExtension>
        </extensions>
      </trkpt>
      <trkpt lat="42.0417268015444278717041015625" lon="128.058764599263668060302734375">
        <ele>1918</ele>
        <time>2026-10-03T07:38:08.000Z</time>
        <extensions>
          <ns3:TrackPointExtension>
            <ns3:hr>98</ns3:hr>
            <ns3:cad>0</ns3:cad>
          </ns3:TrackPointExtension>
        </extensions>
      </trkpt>
      <trkpt lat="42.04175018705427646636962890625" lon="128.0587614141404628753662109375">
        <ele>1916.5999755859375</ele>
        <time>2026-10-03T07:38:11.000Z</time>
        <extensions>
          <ns3:TrackPointExtension>
            <ns3:hr>98</ns3:hr>
            <ns3:cad>0</ns3:cad>
          </ns3:TrackPointExtension>
        </extensions>
      </trkpt>
      <trkpt lat="42.04174867831170558929443359375" lon="128.05877340026199817657470703125">
        <ele>1916.199951171875</ele>
        <time>2026-10-03T07:38:13.000Z</time>
        <extensions>
          <ns3:TrackPointExtension>
            <ns3:hr>98</ns3:hr>
            <ns3:cad>0</ns3:cad>
          </ns3:TrackPointExtension>
        </extensions>
      </trkpt>
      <trkpt lat="42.04169251956045627593994140625" lon="128.058812879025936126708984375">
        <ele>1915.199951171875</ele>
        <time>2026-10-03T07:38:17.000Z</time>
        <extensions>
          <ns3:TrackPointExtension>
            <ns3:hr>98</ns3:hr>
            <ns3:cad>0</ns3:cad>
          </ns3:TrackPointExtension>
        </extensions>
      </trkpt>
      <trkpt lat="42.0417023263871669769287109375" lon="128.05884481407701969146728515625">
        <ele>1914.4000244140625</ele>
        <time>2026-10-03T07:38:21.000Z</time>
        <extensions>
          <ns3:TrackPointExtension>
            <ns3:hr>98</ns3:hr>
            <ns3:cad>0</ns3:cad>
          </ns3:TrackPointExtension>
        </extensions>
      </trkpt>
      <trkpt lat="42.04171582125127315521240234375" lon="128.0588331632316112518310546875">
        <ele>1914.199951171875</ele>
        <time>2026-10-03T07:38:22.000Z</time>
        <extensions>
          <ns3:TrackPointExtension>
            <ns3:hr>99</ns3:hr>
            <ns3:cad>0</ns3:cad>
          </ns3:TrackPointExtension>
        </extensions>
      </trkpt>
      <trkpt lat="42.0418069325387477874755859375" lon="128.05881111882627010345458984375">
        <ele>1912.800048828125</ele>
        <time>2026-10-03T07:38:25.000Z</time>
        <extensions>
          <ns3:TrackPointExtension>
            <ns3:hr>98</ns3:hr>
            <ns3:cad>0</ns3:cad>
          </ns3:TrackPointExtension>
        </extensions>
      </trkpt>
      <trkpt lat="42.0418146438896656036376953125" lon="128.0588039942085742950439453125">
        <ele>1911.5999755859375</ele>
        <time>2026-10-03T07:38:26.000Z</time>
        <extensions>
          <ns3:TrackPointExtension>
            <ns3:hr>99</ns3:hr>
            <ns3:cad>0</ns3:cad>
          </ns3:TrackPointExtension>
        </extensions>
      </trkpt>
      <trkpt lat="42.04180701635777950286865234375" lon="128.05879510939121246337890625">
        <ele>1910.4000244140625</ele>
        <time>2026-10-03T07:38:27.000Z</time>
        <extensions>
          <ns3:TrackPointExtension>
            <ns3:hr>98</ns3:hr>
            <ns3:cad>0</ns3:cad>
          </ns3:TrackPointExtension>
        </extensions>
      </trkpt>
      <trkpt lat="42.0418055914342403411865234375" lon="128.058773316442966461181640625">
        <ele>1908.800048828125</ele>
        <time>2026-10-03T07:38:29.000Z</time>
        <extensions>
          <ns3:TrackPointExtension>
            <ns3:hr>97</ns3:hr>
            <ns3:cad>0</ns3:cad>
          </ns3:TrackPointExtension>
        </extensions>
      </trkpt>
      <trkpt lat="42.0417930185794830322265625" lon="128.058772981166839599609375">
        <ele>1907.5999755859375</ele>
        <time>2026-10-03T07:38:32.000Z</time>
        <extensions>
          <ns3:TrackPointExtension>
            <ns3:hr>98</ns3:hr>
            <ns3:cad>0</ns3:cad>
          </ns3:TrackPointExtension>
        </extensions>
      </trkpt>
      <trkpt lat="42.0417905040085315704345703125" lon="128.0587691254913806915283203125">
        <ele>1907.4000244140625</ele>
        <time>2026-10-03T07:38:33.000Z</time>
        <extensions>
          <ns3:TrackPointExtension>
            <ns3:hr>99</ns3:hr>
            <ns3:cad>0</ns3:cad>
          </ns3:TrackPointExtension>
        </extensions>
      </trkpt>
      <trkpt lat="42.04179771244525909423828125" lon="128.0587426386773586273193359375">
        <ele>1907.199951171875</ele>
        <time>2026-10-03T07:38:39.000Z</time>
        <extensions>
          <ns3:TrackPointExtension>
            <ns3:hr>100</ns3:hr>
            <ns3:cad>0</ns3:cad>
          </ns3:TrackPointExtension>
        </extensions>
      </trkpt>
      <trkpt lat="42.041794694960117340087890625" lon="128.05873048491775989532470703125">
        <ele>1906.5999755859375</ele>
        <time>2026-10-03T07:38:48.000Z</time>
        <extensions>
          <ns3:TrackPointExtension>
            <ns3:hr>100</ns3:hr>
            <ns3:cad>0</ns3:cad>
          </ns3:TrackPointExtension>
        </extensions>
      </trkpt>
      <trkpt lat="42.0417945273220539093017578125" lon="128.05872746743261814117431640625">
        <ele>1906.4000244140625</ele>
        <time>2026-10-03T07:38:57.000Z</time>
        <extensions>
          <ns3:TrackPointExtension>
            <ns3:hr>103</ns3:hr>
            <ns3:cad>0</ns3:cad>
          </ns3:TrackPointExtension>
        </extensions>
      </trkpt>
      <trkpt lat="42.0417962037026882171630859375" lon="128.05873266421258449554443359375">
        <ele>1906.4000244140625</ele>
        <time>2026-10-03T07:38:58.000Z</time>
        <extensions>
          <ns3:TrackPointExtension>
            <ns3:hr>103</ns3:hr>
            <ns3:cad>0</ns3:cad>
          </ns3:TrackPointExtension>
        </extensions>
      </trkpt>
      <trkpt lat="42.04180718399584293365478515625" lon="128.05873450823128223419189453125">
        <ele>1906.4000244140625</ele>
        <time>2026-10-03T07:39:00.000Z</time>
        <extensions>
          <ns3:TrackPointExtension>
            <ns3:hr>100</ns3:hr>
            <ns3:cad>0</ns3:cad>
          </ns3:TrackPointExtension>
        </extensions>
      </trkpt>
      <trkpt lat="42.04182059504091739654541015625" lon="128.05874012410640716552734375">
        <ele>1906.199951171875</ele>
        <time>2026-10-03T07:39:01.000Z</time>
        <extensions>
          <ns3:TrackPointExtension>
            <ns3:hr>103</ns3:hr>
            <ns3:cad>0</ns3:cad>
          </ns3:TrackPointExtension>
        </extensions>
      </trkpt>
      <trkpt lat="42.0418171584606170654296875" lon="128.05873534642159938812255859375">
        <ele>1905.5999755859375</ele>
        <time>2026-10-03T07:39:02.000Z</time>
        <extensions>
          <ns3:TrackPointExtension>
            <ns3:hr>104</ns3:hr>
            <ns3:cad>0</ns3:cad>
          </ns3:TrackPointExtension>
        </extensions>
      </trkpt>
      <trkpt lat="42.0418059267103672027587890625" lon="128.0587206780910491943359375">
        <ele>1903.800048828125</ele>
        <time>2026-10-03T07:39:04.000Z</time>
        <extensions>
          <ns3:TrackPointExtension>
            <ns3:hr>103</ns3:hr>
            <ns3:cad>0</ns3:cad>
          </ns3:TrackPointExtension>
        </extensions>
      </trkpt>
      <trkpt lat="42.04178656451404094696044921875" lon="128.05872176773846149444580078125">
        <ele>1902.5999755859375</ele>
        <time>2026-10-03T07:39:06.000Z</time>
        <extensions>
          <ns3:TrackPointExtension>
            <ns3:hr>104</ns3:hr>
            <ns3:cad>0</ns3:cad>
          </ns3:TrackPointExtension>
        </extensions>
      </trkpt>
      <trkpt lat="42.04178027808666229248046875" lon="128.05872679688036441802978515625">
        <ele>1902.199951171875</ele>
        <time>2026-10-03T07:39:07.000Z</time>
        <extensions>
          <ns3:TrackPointExtension>
            <ns3:hr>103</ns3:hr>
            <ns3:cad>0</ns3:cad>
          </ns3:TrackPointExtension>
        </extensions>
      </trkpt>
      <trkpt lat="42.0417784340679645538330078125" lon="128.05873501114547252655029296875">
        <ele>1901.199951171875</ele>
        <time>2026-10-03T07:39:09.000Z</time>
        <extensions>
          <ns3:TrackPointExtension>
            <ns3:hr>103</ns3:hr>
            <ns3:cad>0</ns3:cad>
          </ns3:TrackPointExtension>
        </extensions>
      </trkpt>
      <trkpt lat="42.0417784340679645538330078125" lon="128.05873501114547252655029296875">
        <ele>1900.199951171875</ele>
        <time>2026-10-03T07:39:14.000Z</time>
        <extensions>
          <ns3:TrackPointExtension>
            <ns3:hr>103</ns3:hr>
            <ns3:cad>0</ns3:cad>
          </ns3:TrackPointExtension>
        </extensions>
      </trkpt>
      <trkpt lat="42.0417784340679645538330078125" lon="128.05873501114547252655029296875">
        <ele>1900.199951171875</ele>
        <time>2026-10-03T07:39:15.000Z</time>
        <extensions>
          <ns3:TrackPointExtension>
            <ns3:hr>103</ns3:hr>
            <ns3:cad>0</ns3:cad>
          </ns3:TrackPointExtension>
        </extensions>
      </trkpt>
      <trkpt lat="42.0417784340679645538330078125" lon="128.05873082019388675689697265625">
        <ele>1900</ele>
        <time>2026-10-03T07:39:28.000Z</time>
        <extensions>
          <ns3:TrackPointExtension>
            <ns3:hr>100</ns3:hr>
            <ns3:cad>0</ns3:cad>
          </ns3:TrackPointExtension>
        </extensions>
      </trkpt>
      <trkpt lat="42.04177348874509334564208984375" lon="128.058735430240631103515625">
        <ele>1901.199951171875</ele>
        <time>2026-10-03T07:39:39.000Z</time>
        <extensions>
          <ns3:TrackPointExtension>
            <ns3:hr>98</ns3:hr>
            <ns3:cad>0</ns3:cad>
          </ns3:TrackPointExtension>
        </extensions>
      </trkpt>
      <trkpt lat="42.0417509414255619049072265625" lon="128.0587312392890453338623046875">
        <ele>1900.199951171875</ele>
        <time>2026-10-03T07:39:53.000Z</time>
        <extensions>
          <ns3:TrackPointExtension>
            <ns3:hr>100</ns3:hr>
            <ns3:cad>0</ns3:cad>
          </ns3:TrackPointExtension>
        </extensions>
      </trkpt>
      <trkpt lat="42.0417231135070323944091796875" lon="128.058714307844638824462890625">
        <ele>1899.800048828125</ele>
        <time>2026-10-03T07:40:01.000Z</time>
        <extensions>
          <ns3:TrackPointExtension>
            <ns3:hr>101</ns3:hr>
            <ns3:cad>0</ns3:cad>
          </ns3:TrackPointExtension>
        </extensions>
      </trkpt>
      <trkpt lat="42.04172537662088871002197265625" lon="128.058679103851318359375">
        <ele>1901.4000244140625</ele>
        <time>2026-10-03T07:40:07.000Z</time>
        <extensions>
          <ns3:TrackPointExtension>
            <ns3:hr>101</ns3:hr>
            <ns3:cad>0</ns3:cad>
          </ns3:TrackPointExtension>
        </extensions>
      </trkpt>
      <trkpt lat="42.0417268015444278717041015625" lon="128.0586786009371280670166015625">
        <ele>1901.4000244140625</ele>
        <time>2026-10-03T07:40:08.000Z</time>
        <extensions>
          <ns3:TrackPointExtension>
            <ns3:hr>101</ns3:hr>
            <ns3:cad>0</ns3:cad>
          </ns3:TrackPointExtension>
        </extensions>
      </trkpt>
      <trkpt lat="42.04172017984092235565185546875" lon="128.0586883239448070526123046875">
        <ele>1899.800048828125</ele>
        <time>2026-10-03T07:40:17.000Z</time>
        <extensions>
          <ns3:TrackPointExtension>
            <ns3:hr>100</ns3:hr>
            <ns3:cad>0</ns3:cad>
          </ns3:TrackPointExtension>
        </extensions>
      </trkpt>
      <trkpt lat="42.04172017984092235565185546875" lon="128.0586883239448070526123046875">
        <ele>1898.5999755859375</ele>
        <time>2026-10-03T07:40:19.000Z</time>
        <extensions>
          <ns3:TrackPointExtension>
            <ns3:hr>99</ns3:hr>
            <ns3:cad>0</ns3:cad>
          </ns3:TrackPointExtension>
        </extensions>
      </trkpt>
      <trkpt lat="42.04172017984092235565185546875" lon="128.0586883239448070526123046875">
        <ele>1897.4000244140625</ele>
        <time>2026-10-03T07:40:22.000Z</time>
        <extensions>
          <ns3:TrackPointExtension>
            <ns3:hr>98</ns3:hr>
            <ns3:cad>0</ns3:cad>
          </ns3:TrackPointExtension>
        </extensions>
      </trkpt>
      <trkpt lat="42.0417274720966815948486328125" lon="128.0587179958820343017578125">
        <ele>1896.4000244140625</ele>
        <time>2026-10-03T07:40:37.000Z</time>
        <extensions>
          <ns3:TrackPointExtension>
            <ns3:hr>100</ns3:hr>
            <ns3:cad>0</ns3:cad>
          </ns3:TrackPointExtension>
        </extensions>
      </trkpt>
      <trkpt lat="42.041730321943759918212890625" lon="128.0587399564683437347412109375">
        <ele>1895.4000244140625</ele>
        <time>2026-10-03T07:40:41.000Z</time>
        <extensions>
          <ns3:TrackPointExtension>
            <ns3:hr>102</ns3:hr>
            <ns3:cad>0</ns3:cad>
          </ns3:TrackPointExtension>
        </extensions>
      </trkpt>
      <trkpt lat="42.0417304895818233489990234375" lon="128.05873299948871135711669921875">
        <ele>1894.800048828125</ele>
        <time>2026-10-03T07:40:44.000Z</time>
        <extensions>
          <ns3:TrackPointExtension>
            <ns3:hr>103</ns3:hr>
            <ns3:cad>0</ns3:cad>
          </ns3:TrackPointExtension>
        </extensions>
      </trkpt>
      <trkpt lat="42.04174130223691463470458984375" lon="128.0587221868336200714111328125">
        <ele>1894.4000244140625</ele>
        <time>2026-10-03T07:40:47.000Z</time>
        <extensions>
          <ns3:TrackPointExtension>
            <ns3:hr>104</ns3:hr>
            <ns3:cad>0</ns3:cad>
          </ns3:TrackPointExtension>
        </extensions>
      </trkpt>
      <trkpt lat="42.04173333942890167236328125" lon="128.05873936973512172698974609375">
        <ele>1894</ele>
        <time>2026-10-03T07:40:49.000Z</time>
        <extensions>
          <ns3:TrackPointExtension>
            <ns3:hr>104</ns3:hr>
            <ns3:cad>0</ns3:cad>
          </ns3:TrackPointExtension>
        </extensions>
      </trkpt>
      <trkpt lat="42.0417314954102039337158203125" lon="128.0587366037070751190185546875">
        <ele>1893</ele>
        <time>2026-10-03T07:40:54.000Z</time>
        <extensions>
          <ns3:TrackPointExtension>
            <ns3:hr>104</ns3:hr>
            <ns3:cad>0</ns3:cad>
          </ns3:TrackPointExtension>
        </extensions>
      </trkpt>
      <trkpt lat="42.0417254604399204254150390625" lon="128.0587225221097469329833984375">
        <ele>1892.5999755859375</ele>
        <time>2026-10-03T07:41:00.000Z</time>
        <extensions>
          <ns3:TrackPointExtension>
            <ns3:hr>104</ns3:hr>
            <ns3:cad>0</ns3:cad>
          </ns3:TrackPointExtension>
        </extensions>
      </trkpt>
      <trkpt lat="42.04172353260219097137451171875" lon="128.05871120654046535491943359375">
        <ele>1893.199951171875</ele>
        <time>2026-10-03T07:41:06.000Z</time>
        <extensions>
          <ns3:TrackPointExtension>
            <ns3:hr>104</ns3:hr>
            <ns3:cad>0</ns3:cad>
          </ns3:TrackPointExtension>
        </extensions>
      </trkpt>
      <trkpt lat="42.04172051511704921722412109375" lon="128.05871338583528995513916015625">
        <ele>1894.199951171875</ele>
        <time>2026-10-03T07:41:09.000Z</time>
        <extensions>
          <ns3:TrackPointExtension>
            <ns3:hr>103</ns3:hr>
            <ns3:cad>0</ns3:cad>
          </ns3:TrackPointExtension>
        </extensions>
      </trkpt>
      <trkpt lat="42.04172051511704921722412109375" lon="128.05871338583528995513916015625">
        <ele>1895.4000244140625</ele>
        <time>2026-10-03T07:41:16.000Z</time>
        <extensions>
          <ns3:TrackPointExtension>
            <ns3:hr>104</ns3:hr>
            <ns3:cad>0</ns3:cad>
          </ns3:TrackPointExtension>
        </extensions>
      </trkpt>
      <trkpt lat="42.04172185622155666351318359375" lon="128.05871338583528995513916015625">
        <ele>1895.4000244140625</ele>
        <time>2026-10-03T07:41:18.000Z</time>
        <extensions>
          <ns3:TrackPointExtension>
            <ns3:hr>106</ns3:hr>
            <ns3:cad>0</ns3:cad>
          </ns3:TrackPointExtension>
        </extensions>
      </trkpt>
      <trkpt lat="42.04176108352839946746826171875" lon="128.0587005615234375">
        <ele>1894.5999755859375</ele>
        <time>2026-10-03T07:41:52.000Z</time>
        <extensions>
          <ns3:TrackPointExtension>
            <ns3:hr>101</ns3:hr>
            <ns3:cad>0</ns3:cad>
          </ns3:TrackPointExtension>
        </extensions>
      </trkpt>
      <trkpt lat="42.04176024533808231353759765625" lon="128.058698885142803192138671875">
        <ele>1894.5999755859375</ele>
        <time>2026-10-03T07:42:02.000Z</time>
        <extensions>
          <ns3:TrackPointExtension>
            <ns3:hr>104</ns3:hr>
            <ns3:cad>0</ns3:cad>
          </ns3:TrackPointExtension>
        </extensions>
      </trkpt>
      <trkpt lat="42.0417609997093677520751953125" lon="128.058694861829280853271484375">
        <ele>1894.5999755859375</ele>
        <time>2026-10-03T07:42:03.000Z</time>
        <extensions>
          <ns3:TrackPointExtension>
            <ns3:hr>101</ns3:hr>
            <ns3:cad>0</ns3:cad>
          </ns3:TrackPointExtension>
        </extensions>
      </trkpt>
      <trkpt lat="42.04176091589033603668212890625" lon="128.0586980469524860382080078125">
        <ele>1894.5999755859375</ele>
        <time>2026-10-03T07:42:05.000Z</time>
        <extensions>
          <ns3:TrackPointExtension>
            <ns3:hr>101</ns3:hr>
            <ns3:cad>0</ns3:cad>
          </ns3:TrackPointExtension>
        </extensions>
      </trkpt>
      <trkpt lat="42.041753791272640228271484375" lon="128.0586775951087474822998046875">
        <ele>1894.5999755859375</ele>
        <time>2026-10-03T07:42:11.000Z</time>
        <extensions>
          <ns3:TrackPointExtension>
            <ns3:hr>98</ns3:hr>
            <ns3:cad>0</ns3:cad>
          </ns3:TrackPointExtension>
        </extensions>
      </trkpt>
      <trkpt lat="42.04174406826496124267578125" lon="128.05868270806968212127685546875">
        <ele>1894.800048828125</ele>
        <time>2026-10-03T07:42:12.000Z</time>
        <extensions>
          <ns3:TrackPointExtension>
            <ns3:hr>98</ns3:hr>
            <ns3:cad>0</ns3:cad>
          </ns3:TrackPointExtension>
        </extensions>
      </trkpt>
      <trkpt lat="42.04172252677381038665771484375" lon="128.05867600254714488983154296875">
        <ele>1894.800048828125</ele>
        <time>2026-10-03T07:42:16.000Z</time>
        <extensions>
          <ns3:TrackPointExtension>
            <ns3:hr>101</ns3:hr>
            <ns3:cad>0</ns3:cad>
          </ns3:TrackPointExtension>
        </extensions>
      </trkpt>
      <trkpt lat="42.04171112738549709320068359375" lon="128.0586645193397998809814453125">
        <ele>1894.4000244140625</ele>
        <time>2026-10-03T07:42:21.000Z</time>
        <extensions>
          <ns3:TrackPointExtension>
            <ns3:hr>103</ns3:hr>
            <ns3:cad>0</ns3:cad>
          </ns3:TrackPointExtension>
        </extensions>
      </trkpt>
      <trkpt lat="42.04170509241521358489990234375" lon="128.05868421681225299835205078125">
        <ele>1894.4000244140625</ele>
        <time>2026-10-03T07:42:23.000Z</time>
        <extensions>
          <ns3:TrackPointExtension>
            <ns3:hr>103</ns3:hr>
            <ns3:cad>0</ns3:cad>
          </ns3:TrackPointExtension>
        </extensions>
      </trkpt>
      <trkpt lat="42.04172068275511264801025390625" lon="128.05867617018520832061767578125">
        <ele>1894.800048828125</ele>
        <time>2026-10-03T07:42:26.000Z</time>
        <extensions>
          <ns3:TrackPointExtension>
            <ns3:hr>102</ns3:hr>
            <ns3:cad>0</ns3:cad>
          </ns3:TrackPointExtension>
        </extensions>
      </trkpt>
      <trkpt lat="42.0417998917400836944580078125" lon="128.05860760621726512908935546875">
        <ele>1893.4000244140625</ele>
        <time>2026-10-03T07:42:33.000Z</time>
        <extensions>
          <ns3:TrackPointExtension>
            <ns3:hr>100</ns3:hr>
            <ns3:cad>49</ns3:cad>
          </ns3:TrackPointExtension>
        </extensions>
      </trkpt>
      <trkpt lat="42.04179645515978336334228515625" lon="128.0586148984730243682861328125">
        <ele>1893</ele>
        <time>2026-10-03T07:42:34.000Z</time>
        <extensions>
          <ns3:TrackPointExtension>
            <ns3:hr>99</ns3:hr>
            <ns3:cad>49</ns3:cad>
          </ns3:TrackPointExtension>
        </extensions>
      </trkpt>
      <trkpt lat="42.04181238077580928802490234375" lon="128.05861213244497776031494140625">
        <ele>1892.4000244140625</ele>
        <time>2026-10-03T07:42:40.000Z</time>
        <extensions>
          <ns3:TrackPointExtension>
            <ns3:hr>98</ns3:hr>
            <ns3:cad>49</ns3:cad>
          </ns3:TrackPointExtension>
        </extensions>
      </trkpt>
      <trkpt lat="42.041855044662952423095703125" lon="128.05862654931843280792236328125">
        <ele>1892</ele>
        <time>2026-10-03T07:42:46.000Z</time>
        <extensions>
          <ns3:TrackPointExtension>
            <ns3:hr>99</ns3:hr>
            <ns3:cad>48</ns3:cad>
          </ns3:TrackPointExtension>
        </extensions>
      </trkpt>
      <trkpt lat="42.04187407158315181732177734375" lon="128.0586205981671810150146484375">
        <ele>1891.5999755859375</ele>
        <time>2026-10-03T07:42:48.000Z</time>
        <extensions>
          <ns3:TrackPointExtension>
            <ns3:hr>100</ns3:hr>
            <ns3:cad>48</ns3:cad>
          </ns3:TrackPointExtension>
        </extensions>
      </trkpt>
      <trkpt lat="42.04191732220351696014404296875" lon="128.058600984513759613037109375">
        <ele>1892.4000244140625</ele>
        <time>2026-10-03T07:42:55.000Z</time>
        <extensions>
          <ns3:TrackPointExtension>
            <ns3:hr>103</ns3:hr>
            <ns3:cad>48</ns3:cad>
          </ns3:TrackPointExtension>
        </extensions>
      </trkpt>
      <trkpt lat="42.0419440604746341705322265625" lon="128.0585887469351291656494140625">
        <ele>1893</ele>
        <time>2026-10-03T07:42:57.000Z</time>
        <extensions>
          <ns3:TrackPointExtension>
            <ns3:hr>103</ns3:hr>
            <ns3:cad>49</ns3:cad>
          </ns3:TrackPointExtension>
        </extensions>
      </trkpt>
      <trkpt lat="42.0419547893106937408447265625" lon="128.058584220707416534423828125">
        <ele>1893.4000244140625</ele>
        <time>2026-10-03T07:42:58.000Z</time>
        <extensions>
          <ns3:TrackPointExtension>
            <ns3:hr>103</ns3:hr>
            <ns3:cad>49</ns3:cad>
          </ns3:TrackPointExtension>
        </extensions>
      </trkpt>
      <trkpt lat="42.04202838242053985595703125" lon="128.058558404445648193359375">
        <ele>1893.800048828125</ele>
        <time>2026-10-03T07:43:04.000Z</time>
        <extensions>
          <ns3:TrackPointExtension>
            <ns3:hr>104</ns3:hr>
            <ns3:cad>49</ns3:cad>
          </ns3:TrackPointExtension>
        </extensions>
      </trkpt>
      <trkpt lat="42.0420692861080169677734375" lon="128.05855228565633296966552734375">
        <ele>1894.199951171875</ele>
        <time>2026-10-03T07:43:08.000Z</time>
        <extensions>
          <ns3:TrackPointExtension>
            <ns3:hr>102</ns3:hr>
            <ns3:cad>49</ns3:cad>
          </ns3:TrackPointExtension>
        </extensions>
      </trkpt>
      <trkpt lat="42.0420852117240428924560546875" lon="128.05855044163763523101806640625">
        <ele>1894.4000244140625</ele>
        <time>2026-10-03T07:43:10.000Z</time>
        <extensions>
          <ns3:TrackPointExtension>
            <ns3:hr>105</ns3:hr>
            <ns3:cad>50</ns3:cad>
          </ns3:TrackPointExtension>
        </extensions>
      </trkpt>
      <trkpt lat="42.0421167276799678802490234375" lon="128.05851875804364681243896484375">
        <ele>1895</ele>
        <time>2026-10-03T07:43:14.000Z</time>
        <extensions>
          <ns3:TrackPointExtension>
            <ns3:hr>104</ns3:hr>
            <ns3:cad>51</ns3:cad>
          </ns3:TrackPointExtension>
        </extensions>
      </trkpt>
      <trkpt lat="42.04212519340217113494873046875" lon="128.05851356126368045806884765625">
        <ele>1895.5999755859375</ele>
        <time>2026-10-03T07:43:15.000Z</time>
        <extensions>
          <ns3:TrackPointExtension>
            <ns3:hr>104</ns3:hr>
            <ns3:cad>53</ns3:cad>
          </ns3:TrackPointExtension>
        </extensions>
      </trkpt>
      <trkpt lat="42.04217992722988128662109375" lon="128.05850115604698657989501953125">
        <ele>1896.800048828125</ele>
        <time>2026-10-03T07:43:19.000Z</time>
        <extensions>
          <ns3:TrackPointExtension>
            <ns3:hr>105</ns3:hr>
            <ns3:cad>54</ns3:cad>
          </ns3:TrackPointExtension>
        </extensions>
      </trkpt>
      <trkpt lat="42.0422216691076755523681640625" lon="128.0585221946239471435546875">
        <ele>1895.800048828125</ele>
        <time>2026-10-03T07:43:24.000Z</time>
        <extensions>
          <ns3:TrackPointExtension>
            <ns3:hr>106</ns3:hr>
            <ns3:cad>52</ns3:cad>
          </ns3:TrackPointExtension>
        </extensions>
      </trkpt>
      <trkpt lat="42.0422280393540859222412109375" lon="128.0585300736129283905029296875">
        <ele>1895.4000244140625</ele>
        <time>2026-10-03T07:43:25.000Z</time>
        <extensions>
          <ns3:TrackPointExtension>
            <ns3:hr>107</ns3:hr>
            <ns3:cad>52</ns3:cad>
          </ns3:TrackPointExtension>
        </extensions>
      </trkpt>
      <trkpt lat="42.0422404445707798004150390625" lon="128.0585438199341297149658203125">
        <ele>1894.800048828125</ele>
        <time>2026-10-03T07:43:27.000Z</time>
        <extensions>
          <ns3:TrackPointExtension>
            <ns3:hr>104</ns3:hr>
            <ns3:cad>0</ns3:cad>
          </ns3:TrackPointExtension>
        </extensions>
      </trkpt>
      <trkpt lat="42.04223918728530406951904296875" lon="128.05854809470474720001220703125">
        <ele>1894.4000244140625</ele>
        <time>2026-10-03T07:43:28.000Z</time>
        <extensions>
          <ns3:TrackPointExtension>
            <ns3:hr>104</ns3:hr>
            <ns3:cad>0</ns3:cad>
          </ns3:TrackPointExtension>
        </extensions>
      </trkpt>
      <trkpt lat="42.042238600552082061767578125" lon="128.0585516989231109619140625">
        <ele>1894.199951171875</ele>
        <time>2026-10-03T07:43:30.000Z</time>
        <extensions>
          <ns3:TrackPointExtension>
            <ns3:hr>103</ns3:hr>
            <ns3:cad>0</ns3:cad>
          </ns3:TrackPointExtension>
        </extensions>
      </trkpt>
      <trkpt lat="42.04223482869565486907958984375" lon="128.05855815298855304718017578125">
        <ele>1893.800048828125</ele>
        <time>2026-10-03T07:43:31.000Z</time>
        <extensions>
          <ns3:TrackPointExtension>
            <ns3:hr>103</ns3:hr>
            <ns3:cad>0</ns3:cad>
          </ns3:TrackPointExtension>
        </extensions>
      </trkpt>
      <trkpt lat="42.042248658835887908935546875" lon="128.05856385268270969390869140625">
        <ele>1893.4000244140625</ele>
        <time>2026-10-03T07:43:33.000Z</time>
        <extensions>
          <ns3:TrackPointExtension>
            <ns3:hr>103</ns3:hr>
            <ns3:cad>0</ns3:cad>
          </ns3:TrackPointExtension>
        </extensions>
      </trkpt>
      <trkpt lat="42.04224723391234874725341796875" lon="128.058560751378536224365234375">
        <ele>1892.4000244140625</ele>
        <time>2026-10-03T07:43:39.000Z</time>
        <extensions>
          <ns3:TrackPointExtension>
            <ns3:hr>101</ns3:hr>
            <ns3:cad>0</ns3:cad>
          </ns3:TrackPointExtension>
        </extensions>
      </trkpt>
      <trkpt lat="42.0422464795410633087158203125" lon="128.05856754072010517120361328125">
        <ele>1892</ele>
        <time>2026-10-03T07:43:41.000Z</time>
        <extensions>
          <ns3:TrackPointExtension>
            <ns3:hr>101</ns3:hr>
            <ns3:cad>0</ns3:cad>
          </ns3:TrackPointExtension>
        </extensions>
      </trkpt>
      <trkpt lat="42.04224555753171443939208984375" lon="128.05857944302260875701904296875">
        <ele>1891.199951171875</ele>
        <time>2026-10-03T07:43:50.000Z</time>
        <extensions>
          <ns3:TrackPointExtension>
            <ns3:hr>102</ns3:hr>
            <ns3:cad>0</ns3:cad>
          </ns3:TrackPointExtension>
        </extensions>
      </trkpt>
      <trkpt lat="42.04224555753171443939208984375" lon="128.05857944302260875701904296875">
        <ele>1891.199951171875</ele>
        <time>2026-10-03T07:43:51.000Z</time>
        <extensions>
          <ns3:TrackPointExtension>
            <ns3:hr>103</ns3:hr>
            <ns3:cad>0</ns3:cad>
          </ns3:TrackPointExtension>
        </extensions>
      </trkpt>
      <trkpt lat="42.0422615669667720794677734375" lon="128.05859101004898548126220703125">
        <ele>1890.5999755859375</ele>
        <time>2026-10-03T07:44:18.000Z</time>
        <extensions>
          <ns3:TrackPointExtension>
            <ns3:hr>100</ns3:hr>
            <ns3:cad>0</ns3:cad>
          </ns3:TrackPointExtension>
        </extensions>
      </trkpt>
      <trkpt lat="42.0422625727951526641845703125" lon="128.0585910938680171966552734375">
        <ele>1890.199951171875</ele>
        <time>2026-10-03T07:44:21.000Z</time>
        <extensions>
          <ns3:TrackPointExtension>
            <ns3:hr>101</ns3:hr>
            <ns3:cad>0</ns3:cad>
          </ns3:TrackPointExtension>
        </extensions>
      </trkpt>
      <trkpt lat="42.04226399771869182586669921875" lon="128.0585910938680171966552734375">
        <ele>1889.5999755859375</ele>
        <time>2026-10-03T07:44:25.000Z</time>
        <extensions>
          <ns3:TrackPointExtension>
            <ns3:hr>98</ns3:hr>
            <ns3:cad>0</ns3:cad>
          </ns3:TrackPointExtension>
        </extensions>
      </trkpt>
      <trkpt lat="42.04226575791835784912109375" lon="128.05859285406768321990966796875">
        <ele>1889.199951171875</ele>
        <time>2026-10-03T07:44:31.000Z</time>
        <extensions>
          <ns3:TrackPointExtension>
            <ns3:hr>98</ns3:hr>
            <ns3:cad>0</ns3:cad>
          </ns3:TrackPointExtension>
        </extensions>
      </trkpt>
      <trkpt lat="42.04226181842386722564697265625" lon="128.05860023014247417449951171875">
        <ele>1888</ele>
        <time>2026-10-03T07:44:43.000Z</time>
        <extensions>
          <ns3:TrackPointExtension>
            <ns3:hr>98</ns3:hr>
            <ns3:cad>0</ns3:cad>
          </ns3:TrackPointExtension>
        </extensions>
      </trkpt>
      <trkpt lat="42.04226131550967693328857421875" lon="128.0586004815995693206787109375">
        <ele>1887</ele>
        <time>2026-10-03T07:44:52.000Z</time>
        <extensions>
          <ns3:TrackPointExtension>
            <ns3:hr>95</ns3:hr>
            <ns3:cad>0</ns3:cad>
          </ns3:TrackPointExtension>
        </extensions>
      </trkpt>
      <trkpt lat="42.04226131550967693328857421875" lon="128.0586004815995693206787109375">
        <ele>1887</ele>
        <time>2026-10-03T07:44:54.000Z</time>
        <extensions>
          <ns3:TrackPointExtension>
            <ns3:hr>94</ns3:hr>
            <ns3:cad>0</ns3:cad>
          </ns3:TrackPointExtension>
        </extensions>
      </trkpt>
      <trkpt lat="42.042282186448574066162109375" lon="128.05857525207102298736572265625">
        <ele>1886</ele>
        <time>2026-10-03T07:45:15.000Z</time>
        <extensions>
          <ns3:TrackPointExtension>
            <ns3:hr>91</ns3:hr>
            <ns3:cad>0</ns3:cad>
          </ns3:TrackPointExtension>
        </extensions>
      </trkpt>
      <trkpt lat="42.042282857000827789306640625" lon="128.05857441388070583343505859375">
        <ele>1886</ele>
        <time>2026-10-03T07:45:16.000Z</time>
        <extensions>
          <ns3:TrackPointExtension>
            <ns3:hr>95</ns3:hr>
            <ns3:cad>0</ns3:cad>
          </ns3:TrackPointExtension>
        </extensions>
      </trkpt>
      <trkpt lat="42.042283527553081512451171875" lon="128.05857382714748382568359375">
        <ele>1886</ele>
        <time>2026-10-03T07:45:17.000Z</time>
        <extensions>
          <ns3:TrackPointExtension>
            <ns3:hr>95</ns3:hr>
            <ns3:cad>0</ns3:cad>
          </ns3:TrackPointExtension>
        </extensions>
      </trkpt>
      <trkpt lat="42.0422850362956523895263671875" lon="128.058570139110088348388671875">
        <ele>1885.5999755859375</ele>
        <time>2026-10-03T07:45:22.000Z</time>
        <extensions>
          <ns3:TrackPointExtension>
            <ns3:hr>98</ns3:hr>
            <ns3:cad>0</ns3:cad>
          </ns3:TrackPointExtension>
        </extensions>
      </trkpt>
      <trkpt lat="42.0422870479524135589599609375" lon="128.0585572309792041778564453125">
        <ele>1885.5999755859375</ele>
        <time>2026-10-03T07:45:30.000Z</time>
        <extensions>
          <ns3:TrackPointExtension>
            <ns3:hr>95</ns3:hr>
            <ns3:cad>0</ns3:cad>
          </ns3:TrackPointExtension>
        </extensions>
      </trkpt>
      <trkpt lat="42.04228646121919155120849609375" lon="128.05854993872344493865966796875">
        <ele>1886</ele>
        <time>2026-10-03T07:45:45.000Z</time>
        <extensions>
          <ns3:TrackPointExtension>
            <ns3:hr>98</ns3:hr>
            <ns3:cad>0</ns3:cad>
          </ns3:TrackPointExtension>
        </extensions>
      </trkpt>
      <trkpt lat="42.04227305017411708831787109375" lon="128.0585597455501556396484375">
        <ele>1886.4000244140625</ele>
        <time>2026-10-03T07:46:16.000Z</time>
        <extensions>
          <ns3:TrackPointExtension>
            <ns3:hr>95</ns3:hr>
            <ns3:cad>0</ns3:cad>
          </ns3:TrackPointExtension>
        </extensions>
      </trkpt>
      <trkpt lat="42.04226978123188018798828125" lon="128.0585796944797039031982421875">
        <ele>1886.4000244140625</ele>
        <time>2026-10-03T07:46:47.000Z</time>
        <extensions>
          <ns3:TrackPointExtension>
            <ns3:hr>92</ns3:hr>
            <ns3:cad>0</ns3:cad>
          </ns3:TrackPointExtension>
        </extensions>
      </trkpt>
      <trkpt lat="42.04226802103221416473388671875" lon="128.05858162231743335723876953125">
        <ele>1886.4000244140625</ele>
        <time>2026-10-03T07:47:45.000Z</time>
        <extensions>
          <ns3:TrackPointExtension>
            <ns3:hr>89</ns3:hr>
            <ns3:cad>0</ns3:cad>
          </ns3:TrackPointExtension>
        </extensions>
      </trkpt>
      <trkpt lat="42.04226818867027759552001953125" lon="128.05858128704130649566650390625">
        <ele>1886.4000244140625</ele>
        <time>2026-10-03T07:47:54.000Z</time>
        <extensions>
          <ns3:TrackPointExtension>
            <ns3:hr>92</ns3:hr>
            <ns3:cad>0</ns3:cad>
          </ns3:TrackPointExtension>
        </extensions>
      </trkpt>
      <trkpt lat="42.04226952977478504180908203125" lon="128.05857977829873561859130859375">
        <ele>1886.4000244140625</ele>
        <time>2026-10-03T07:48:30.000Z</time>
        <extensions>
          <ns3:TrackPointExtension>
            <ns3:hr>95</ns3:hr>
            <ns3:cad>0</ns3:cad>
          </ns3:TrackPointExtension>
        </extensions>
      </trkpt>
      <trkpt lat="42.04231395386159420013427734375" lon="128.0586199276149272918701171875">
        <ele>1886.4000244140625</ele>
        <time>2026-10-03T07:49:39.000Z</time>
        <extensions>
          <ns3:TrackPointExtension>
            <ns3:hr>94</ns3:hr>
            <ns3:cad>53</ns3:cad>
          </ns3:TrackPointExtension>
        </extensions>
      </trkpt>
      <trkpt lat="42.0424261875450611114501953125" lon="128.05866795592010021209716796875">
        <ele>1884.800048828125</ele>
        <time>2026-10-03T07:49:47.000Z</time>
        <extensions>
          <ns3:TrackPointExtension>
            <ns3:hr>94</ns3:hr>
            <ns3:cad>57</ns3:cad>
          </ns3:TrackPointExtension>
        </extensions>
      </trkpt>
      <trkpt lat="42.04243071377277374267578125" lon="128.05866393260657787322998046875">
        <ele>1884.5999755859375</ele>
        <time>2026-10-03T07:49:48.000Z</time>
        <extensions>
          <ns3:TrackPointExtension>
            <ns3:hr>94</ns3:hr>
            <ns3:cad>58</ns3:cad>
          </ns3:TrackPointExtension>
        </extensions>
      </trkpt>
      <trkpt lat="42.04245879314839839935302734375" lon="128.05866208858788013458251953125">
        <ele>1883.800048828125</ele>
        <time>2026-10-03T07:49:51.000Z</time>
        <extensions>
          <ns3:TrackPointExtension>
            <ns3:hr>94</ns3:hr>
            <ns3:cad>58</ns3:cad>
          </ns3:TrackPointExtension>
        </extensions>
      </trkpt>
      <trkpt lat="42.04246348701417446136474609375" lon="128.05866770446300506591796875">
        <ele>1883.5999755859375</ele>
        <time>2026-10-03T07:49:52.000Z</time>
        <extensions>
          <ns3:TrackPointExtension>
            <ns3:hr>93</ns3:hr>
            <ns3:cad>57</ns3:cad>
          </ns3:TrackPointExtension>
        </extensions>
      </trkpt>
      <trkpt lat="42.04250724054872989654541015625" lon="128.05866745300590991973876953125">
        <ele>1883.199951171875</ele>
        <time>2026-10-03T07:49:57.000Z</time>
        <extensions>
          <ns3:TrackPointExtension>
            <ns3:hr>96</ns3:hr>
            <ns3:cad>56</ns3:cad>
          </ns3:TrackPointExtension>
        </extensions>
      </trkpt>
      <trkpt lat="42.0425244234502315521240234375" lon="128.05866544134914875030517578125">
        <ele>1883.199951171875</ele>
        <time>2026-10-03T07:49:59.000Z</time>
        <extensions>
          <ns3:TrackPointExtension>
            <ns3:hr>93</ns3:hr>
            <ns3:cad>57</ns3:cad>
          </ns3:TrackPointExtension>
        </extensions>
      </trkpt>
      <trkpt lat="42.0425455458462238311767578125" lon="128.0586447380483150482177734375">
        <ele>1883</ele>
        <time>2026-10-03T07:50:03.000Z</time>
        <extensions>
          <ns3:TrackPointExtension>
            <ns3:hr>94</ns3:hr>
            <ns3:cad>57</ns3:cad>
          </ns3:TrackPointExtension>
        </extensions>
      </trkpt>
      <trkpt lat="42.04256172291934490203857421875" lon="128.05865119211375713348388671875">
        <ele>1883</ele>
        <time>2026-10-03T07:50:05.000Z</time>
        <extensions>
          <ns3:TrackPointExtension>
            <ns3:hr>94</ns3:hr>
            <ns3:cad>57</ns3:cad>
          </ns3:TrackPointExtension>
        </extensions>
      </trkpt>
      <trkpt lat="42.04259491525590419769287109375" lon="128.05866594426333904266357421875">
        <ele>1883.4000244140625</ele>
        <time>2026-10-03T07:50:08.000Z</time>
        <extensions>
          <ns3:TrackPointExtension>
            <ns3:hr>91</ns3:hr>
            <ns3:cad>58</ns3:cad>
          </ns3:TrackPointExtension>
        </extensions>
      </trkpt>
      <trkpt lat="42.04260748811066150665283203125" lon="128.0586712248623371124267578125">
        <ele>1883.5999755859375</ele>
        <time>2026-10-03T07:50:09.000Z</time>
        <extensions>
          <ns3:TrackPointExtension>
            <ns3:hr>96</ns3:hr>
            <ns3:cad>58</ns3:cad>
          </ns3:TrackPointExtension>
        </extensions>
      </trkpt>
      <trkpt lat="42.0426635630428791046142578125" lon="128.05868589319288730621337890625">
        <ele>1884</ele>
        <time>2026-10-03T07:50:11.000Z</time>
        <extensions>
          <ns3:TrackPointExtension>
            <ns3:hr>95</ns3:hr>
            <ns3:cad>58</ns3:cad>
          </ns3:TrackPointExtension>
        </extensions>
      </trkpt>
      <trkpt lat="42.04269818030297756195068359375" lon="128.05869125761091709136962890625">
        <ele>1884</ele>
        <time>2026-10-03T07:50:12.000Z</time>
        <extensions>
          <ns3:TrackPointExtension>
            <ns3:hr>93</ns3:hr>
            <ns3:cad>58</ns3:cad>
          </ns3:TrackPointExtension>
        </extensions>
      </trkpt>
      <trkpt lat="42.04272039234638214111328125" lon="128.058690167963504791259765625">
        <ele>1884.199951171875</ele>
        <time>2026-10-03T07:50:13.000Z</time>
        <extensions>
          <ns3:TrackPointExtension>
            <ns3:hr>96</ns3:hr>
            <ns3:cad>59</ns3:cad>
          </ns3:TrackPointExtension>
        </extensions>
      </trkpt>
      <trkpt lat="42.04276942647993564605712890625" lon="128.05865370668470859527587890625">
        <ele>1884.199951171875</ele>
        <time>2026-10-03T07:50:18.000Z</time>
        <extensions>
          <ns3:TrackPointExtension>
            <ns3:hr>99</ns3:hr>
            <ns3:cad>60</ns3:cad>
          </ns3:TrackPointExtension>
        </extensions>
      </trkpt>
      <trkpt lat="42.04277529381215572357177734375" lon="128.0586574785411357879638671875">
        <ele>1884</ele>
        <time>2026-10-03T07:50:19.000Z</time>
        <extensions>
          <ns3:TrackPointExtension>
            <ns3:hr>98</ns3:hr>
            <ns3:cad>60</ns3:cad>
          </ns3:TrackPointExtension>
        </extensions>
      </trkpt>
      <trkpt lat="42.04279323108494281768798828125" lon="128.0586589872837066650390625">
        <ele>1883.199951171875</ele>
        <time>2026-10-03T07:50:21.000Z</time>
        <extensions>
          <ns3:TrackPointExtension>
            <ns3:hr>93</ns3:hr>
            <ns3:cad>58</ns3:cad>
          </ns3:TrackPointExtension>
        </extensions>
      </trkpt>
      <trkpt lat="42.04280328936874866485595703125" lon="128.05865907110273838043212890625">
        <ele>1883</ele>
        <time>2026-10-03T07:50:22.000Z</time>
        <extensions>
          <ns3:TrackPointExtension>
            <ns3:hr>93</ns3:hr>
            <ns3:cad>57</ns3:cad>
          </ns3:TrackPointExtension>
        </extensions>
      </trkpt>
      <trkpt lat="42.04281167127192020416259765625" lon="128.05865588597953319549560546875">
        <ele>1882.800048828125</ele>
        <time>2026-10-03T07:50:23.000Z</time>
        <extensions>
          <ns3:TrackPointExtension>
            <ns3:hr>93</ns3:hr>
            <ns3:cad>57</ns3:cad>
          </ns3:TrackPointExtension>
        </extensions>
      </trkpt>
      <trkpt lat="42.0428355596959590911865234375" lon="128.0586346797645092010498046875">
        <ele>1882.4000244140625</ele>
        <time>2026-10-03T07:50:26.000Z</time>
        <extensions>
          <ns3:TrackPointExtension>
            <ns3:hr>90</ns3:hr>
            <ns3:cad>111</ns3:cad>
          </ns3:TrackPointExtension>
        </extensions>
      </trkpt>
      <trkpt lat="42.0428949035704135894775390625" lon="128.058598302304744720458984375">
        <ele>1881.5999755859375</ele>
        <time>2026-10-03T07:50:32.000Z</time>
        <extensions>
          <ns3:TrackPointExtension>
            <ns3:hr>90</ns3:hr>
            <ns3:cad>113</ns3:cad>
          </ns3:TrackPointExtension>
        </extensions>
      </trkpt>
      <trkpt lat="42.04291895963251590728759765625" lon="128.05859654210507869720458984375">
        <ele>1881</ele>
        <time>2026-10-03T07:50:35.000Z</time>
        <extensions>
          <ns3:TrackPointExtension>
            <ns3:hr>91</ns3:hr>
            <ns3:cad>117</ns3:cad>
          </ns3:TrackPointExtension>
        </extensions>
      </trkpt>
      <trkpt lat="42.04295768402516841888427734375" lon="128.0586048401892185211181640625">
        <ele>1880.199951171875</ele>
        <time>2026-10-03T07:50:37.000Z</time>
        <extensions>
          <ns3:TrackPointExtension>
            <ns3:hr>94</ns3:hr>
            <ns3:cad>117</ns3:cad>
          </ns3:TrackPointExtension>
        </extensions>
      </trkpt>
      <trkpt lat="42.04300227575004100799560546875" lon="128.05860525928437709808349609375">
        <ele>1879.5999755859375</ele>
        <time>2026-10-03T07:50:39.000Z</time>
        <extensions>
          <ns3:TrackPointExtension>
            <ns3:hr>90</ns3:hr>
            <ns3:cad>116</ns3:cad>
          </ns3:TrackPointExtension>
        </extensions>
      </trkpt>
      <trkpt lat="42.04303328879177570343017578125" lon="128.05859955959022045135498046875">
        <ele>1879.199951171875</ele>
        <time>2026-10-03T07:50:41.000Z</time>
        <extensions>
          <ns3:TrackPointExtension>
            <ns3:hr>93</ns3:hr>
            <ns3:cad>114</ns3:cad>
          </ns3:TrackPointExtension>
        </extensions>
      </trkpt>
      <trkpt lat="42.04308307729661464691162109375" lon="128.05860827676951885223388671875">
        <ele>1878</ele>
        <time>2026-10-03T07:50:46.000Z</time>
        <extensions>
          <ns3:TrackPointExtension>
            <ns3:hr>94</ns3:hr>
            <ns3:cad>59</ns3:cad>
          </ns3:TrackPointExtension>
        </extensions>
      </trkpt>
      <trkpt lat="42.04310772009193897247314453125" lon="128.058613054454326629638671875">
        <ele>1876.4000244140625</ele>
        <time>2026-10-03T07:50:48.000Z</time>
        <extensions>
          <ns3:TrackPointExtension>
            <ns3:hr>98</ns3:hr>
            <ns3:cad>59</ns3:cad>
          </ns3:TrackPointExtension>
        </extensions>
      </trkpt>
      <trkpt lat="42.04313135705888271331787109375" lon="128.05861297063529491424560546875">
        <ele>1875</ele>
        <time>2026-10-03T07:50:50.000Z</time>
        <extensions>
          <ns3:TrackPointExtension>
            <ns3:hr>95</ns3:hr>
            <ns3:cad>59</ns3:cad>
          </ns3:TrackPointExtension>
        </extensions>
      </trkpt>
      <trkpt lat="42.04314912669360637664794921875" lon="128.05862437002360820770263671875">
        <ele>1874</ele>
        <time>2026-10-03T07:50:52.000Z</time>
        <extensions>
          <ns3:TrackPointExtension>
            <ns3:hr>95</ns3:hr>
            <ns3:cad>58</ns3:cad>
          </ns3:TrackPointExtension>
        </extensions>
      </trkpt>
      <trkpt lat="42.04319874756038188934326171875" lon="128.0586356855928897857666015625">
        <ele>1873</ele>
        <time>2026-10-03T07:50:56.000Z</time>
        <extensions>
          <ns3:TrackPointExtension>
            <ns3:hr>95</ns3:hr>
            <ns3:cad>56</ns3:cad>
          </ns3:TrackPointExtension>
        </extensions>
      </trkpt>
      <trkpt lat="42.043208219110965728759765625" lon="128.0586370266973972320556640625">
        <ele>1872.800048828125</ele>
        <time>2026-10-03T07:50:57.000Z</time>
        <extensions>
          <ns3:TrackPointExtension>
            <ns3:hr>95</ns3:hr>
            <ns3:cad>57</ns3:cad>
          </ns3:TrackPointExtension>
        </extensions>
      </trkpt>
      <trkpt lat="42.04325339756906032562255859375" lon="128.058631159365177154541015625">
        <ele>1873</ele>
        <time>2026-10-03T07:51:01.000Z</time>
        <extensions>
          <ns3:TrackPointExtension>
            <ns3:hr>90</ns3:hr>
            <ns3:cad>57</ns3:cad>
          </ns3:TrackPointExtension>
        </extensions>
      </trkpt>
      <trkpt lat="42.0432945527136325836181640625" lon="128.05863493122160434722900390625">
        <ele>1873</ele>
        <time>2026-10-03T07:51:04.000Z</time>
        <extensions>
          <ns3:TrackPointExtension>
            <ns3:hr>90</ns3:hr>
            <ns3:cad>58</ns3:cad>
          </ns3:TrackPointExtension>
        </extensions>
      </trkpt>
      <trkpt lat="42.0433471910655498504638671875" lon="128.0586326681077480316162109375">
        <ele>1872.800048828125</ele>
        <time>2026-10-03T07:51:08.000Z</time>
        <extensions>
          <ns3:TrackPointExtension>
            <ns3:hr>87</ns3:hr>
            <ns3:cad>58</ns3:cad>
          </ns3:TrackPointExtension>
        </extensions>
      </trkpt>
      <trkpt lat="42.04344986937940120697021484375" lon="128.058649264276027679443359375">
        <ele>1872.5999755859375</ele>
        <time>2026-10-03T07:51:16.000Z</time>
        <extensions>
          <ns3:TrackPointExtension>
            <ns3:hr>84</ns3:hr>
            <ns3:cad>58</ns3:cad>
          </ns3:TrackPointExtension>
        </extensions>
      </trkpt>
      <trkpt lat="42.0434960536658763885498046875" lon="128.058693520724773406982421875">
        <ele>1871.800048828125</ele>
        <time>2026-10-03T07:51:21.000Z</time>
        <extensions>
          <ns3:TrackPointExtension>
            <ns3:hr>87</ns3:hr>
            <ns3:cad>57</ns3:cad>
          </ns3:TrackPointExtension>
        </extensions>
      </trkpt>
      <trkpt lat="42.043503932654857635498046875" lon="128.05870391428470611572265625">
        <ele>1871.800048828125</ele>
        <time>2026-10-03T07:51:22.000Z</time>
        <extensions>
          <ns3:TrackPointExtension>
            <ns3:hr>87</ns3:hr>
            <ns3:cad>58</ns3:cad>
          </ns3:TrackPointExtension>
        </extensions>
      </trkpt>
      <trkpt lat="42.04352103173732757568359375" lon="128.058725036680698394775390625">
        <ele>1871.800048828125</ele>
        <time>2026-10-03T07:51:25.000Z</time>
        <extensions>
          <ns3:TrackPointExtension>
            <ns3:hr>88</ns3:hr>
            <ns3:cad>0</ns3:cad>
          </ns3:TrackPointExtension>
        </extensions>
      </trkpt>
      <trkpt lat="42.04351860098540782928466796875" lon="128.05873350240290164947509765625">
        <ele>1872</ele>
        <time>2026-10-03T07:51:26.000Z</time>
        <extensions>
          <ns3:TrackPointExtension>
            <ns3:hr>88</ns3:hr>
            <ns3:cad>0</ns3:cad>
          </ns3:TrackPointExtension>
        </extensions>
      </trkpt>
      <trkpt lat="42.04350896179676055908203125" lon="128.05876560509204864501953125">
        <ele>1873.199951171875</ele>
        <time>2026-10-03T07:51:29.000Z</time>
        <extensions>
          <ns3:TrackPointExtension>
            <ns3:hr>88</ns3:hr>
            <ns3:cad>0</ns3:cad>
          </ns3:TrackPointExtension>
        </extensions>
      </trkpt>
      <trkpt lat="42.04350669868290424346923828125" lon="128.05876535363495349884033203125">
        <ele>1873.4000244140625</ele>
        <time>2026-10-03T07:51:30.000Z</time>
        <extensions>
          <ns3:TrackPointExtension>
            <ns3:hr>88</ns3:hr>
            <ns3:cad>0</ns3:cad>
          </ns3:TrackPointExtension>
        </extensions>
      </trkpt>
      <trkpt lat="42.0435178466141223907470703125" lon="128.05876418016850948333740234375">
        <ele>1873.800048828125</ele>
        <time>2026-10-03T07:51:31.000Z</time>
        <extensions>
          <ns3:TrackPointExtension>
            <ns3:hr>90</ns3:hr>
            <ns3:cad>0</ns3:cad>
          </ns3:TrackPointExtension>
        </extensions>
      </trkpt>
      <trkpt lat="42.04356394708156585693359375" lon="128.05874590761959552764892578125">
        <ele>1874.199951171875</ele>
        <time>2026-10-03T07:51:34.000Z</time>
        <extensions>
          <ns3:TrackPointExtension>
            <ns3:hr>91</ns3:hr>
            <ns3:cad>0</ns3:cad>
          </ns3:TrackPointExtension>
        </extensions>
      </trkpt>
      <trkpt lat="42.043599151074886322021484375" lon="128.058728389441967010498046875">
        <ele>1874.199951171875</ele>
        <time>2026-10-03T07:51:37.000Z</time>
        <extensions>
          <ns3:TrackPointExtension>
            <ns3:hr>92</ns3:hr>
            <ns3:cad>61</ns3:cad>
          </ns3:TrackPointExtension>
        </extensions>
      </trkpt>
      <trkpt lat="42.04367416910827159881591796875" lon="128.05871690623462200164794921875">
        <ele>1873.199951171875</ele>
        <time>2026-10-03T07:51:44.000Z</time>
        <extensions>
          <ns3:TrackPointExtension>
            <ns3:hr>94</ns3:hr>
            <ns3:cad>58</ns3:cad>
          </ns3:TrackPointExtension>
        </extensions>
      </trkpt>
      <trkpt lat="42.0437014102935791015625" lon="128.0587126314640045166015625">
        <ele>1872.199951171875</ele>
        <time>2026-10-03T07:51:46.000Z</time>
        <extensions>
          <ns3:TrackPointExtension>
            <ns3:hr>94</ns3:hr>
            <ns3:cad>57</ns3:cad>
          </ns3:TrackPointExtension>
        </extensions>
      </trkpt>
      <trkpt lat="42.0437119714915752410888671875" lon="128.0587124638259410858154296875">
        <ele>1871.800048828125</ele>
        <time>2026-10-03T07:51:47.000Z</time>
        <extensions>
          <ns3:TrackPointExtension>
            <ns3:hr>93</ns3:hr>
            <ns3:cad>56</ns3:cad>
          </ns3:TrackPointExtension>
        </extensions>
      </trkpt>
      <trkpt lat="42.04374390654265880584716796875" lon="128.0587179958820343017578125">
        <ele>1870.800048828125</ele>
        <time>2026-10-03T07:51:51.000Z</time>
        <extensions>
          <ns3:TrackPointExtension>
            <ns3:hr>92</ns3:hr>
            <ns3:cad>58</ns3:cad>
          </ns3:TrackPointExtension>
        </extensions>
      </trkpt>
      <trkpt lat="42.0437568984925746917724609375" lon="128.0587288923561573028564453125">
        <ele>1870.800048828125</ele>
        <time>2026-10-03T07:51:52.000Z</time>
        <extensions>
          <ns3:TrackPointExtension>
            <ns3:hr>95</ns3:hr>
            <ns3:cad>58</ns3:cad>
          </ns3:TrackPointExtension>
        </extensions>
      </trkpt>
      <trkpt lat="42.04379537142813205718994140625" lon="128.05874171666800975799560546875">
        <ele>1870.5999755859375</ele>
        <time>2026-10-03T07:51:54.000Z</time>
        <extensions>
          <ns3:TrackPointExtension>
            <ns3:hr>96</ns3:hr>
            <ns3:cad>59</ns3:cad>
          </ns3:TrackPointExtension>
        </extensions>
      </trkpt>
      <trkpt lat="42.04388019628822803497314453125" lon="128.05873098783195018768310546875">
        <ele>1869.800048828125</ele>
        <time>2026-10-03T07:52:02.000Z</time>
        <extensions>
          <ns3:TrackPointExtension>
            <ns3:hr>97</ns3:hr>
            <ns3:cad>58</ns3:cad>
          </ns3:TrackPointExtension>
        </extensions>
      </trkpt>
      <trkpt lat="42.043889500200748443603515625" lon="128.05873014964163303375244140625">
        <ele>1869.4000244140625</ele>
        <time>2026-10-03T07:52:03.000Z</time>
        <extensions>
          <ns3:TrackPointExtension>
            <ns3:hr>96</ns3:hr>
            <ns3:cad>58</ns3:cad>
          </ns3:TrackPointExtension>
        </extensions>
      </trkpt>
      <trkpt lat="42.043902575969696044921875" lon="128.05873098783195018768310546875">
        <ele>1868.5999755859375</ele>
        <time>2026-10-03T07:52:05.000Z</time>
        <extensions>
          <ns3:TrackPointExtension>
            <ns3:hr>98</ns3:hr>
            <ns3:cad>58</ns3:cad>
          </ns3:TrackPointExtension>
        </extensions>
      </trkpt>
      <trkpt lat="42.04394079744815826416015625" lon="128.0587077699601650238037109375">
        <ele>1868.199951171875</ele>
        <time>2026-10-03T07:52:10.000Z</time>
        <extensions>
          <ns3:TrackPointExtension>
            <ns3:hr>100</ns3:hr>
            <ns3:cad>58</ns3:cad>
          </ns3:TrackPointExtension>
        </extensions>
      </trkpt>
      <trkpt lat="42.04403174109756946563720703125" lon="128.05872444994747638702392578125">
        <ele>1867.800048828125</ele>
        <time>2026-10-03T07:52:20.000Z</time>
        <extensions>
          <ns3:TrackPointExtension>
            <ns3:hr>98</ns3:hr>
            <ns3:cad>57</ns3:cad>
          </ns3:TrackPointExtension>
        </extensions>
      </trkpt>
      <trkpt lat="42.04405889846384525299072265625" lon="128.05872562341392040252685546875">
        <ele>1867.5999755859375</ele>
        <time>2026-10-03T07:52:24.000Z</time>
        <extensions>
          <ns3:TrackPointExtension>
            <ns3:hr>98</ns3:hr>
            <ns3:cad>55</ns3:cad>
          </ns3:TrackPointExtension>
        </extensions>
      </trkpt>
      <trkpt lat="42.044128216803073883056640625" lon="128.058714307844638824462890625">
        <ele>1866.5999755859375</ele>
        <time>2026-10-03T07:52:30.000Z</time>
        <extensions>
          <ns3:TrackPointExtension>
            <ns3:hr>99</ns3:hr>
            <ns3:cad>56</ns3:cad>
          </ns3:TrackPointExtension>
        </extensions>
      </trkpt>
      <trkpt lat="42.04420021735131740570068359375" lon="128.05871455930173397064208984375">
        <ele>1866</ele>
        <time>2026-10-03T07:52:36.000Z</time>
        <extensions>
          <ns3:TrackPointExtension>
            <ns3:hr>95</ns3:hr>
            <ns3:cad>56</ns3:cad>
          </ns3:TrackPointExtension>
        </extensions>
      </trkpt>
      <trkpt lat="42.0442527718842029571533203125" lon="128.05872646160423755645751953125">
        <ele>1866</ele>
        <time>2026-10-03T07:52:41.000Z</time>
        <extensions>
          <ns3:TrackPointExtension>
            <ns3:hr>98</ns3:hr>
            <ns3:cad>57</ns3:cad>
          </ns3:TrackPointExtension>
        </extensions>
      </trkpt>
      <trkpt lat="42.04427699558436870574951171875" lon="128.0587298981845378875732421875">
        <ele>1865.5999755859375</ele>
        <time>2026-10-03T07:52:43.000Z</time>
        <extensions>
          <ns3:TrackPointExtension>
            <ns3:hr>97</ns3:hr>
            <ns3:cad>57</ns3:cad>
          </ns3:TrackPointExtension>
        </extensions>
      </trkpt>
      <trkpt lat="42.044334076344966888427734375" lon="128.058721683919429779052734375">
        <ele>1864.4000244140625</ele>
        <time>2026-10-03T07:52:48.000Z</time>
        <extensions>
          <ns3:TrackPointExtension>
            <ns3:hr>93</ns3:hr>
            <ns3:cad>57</ns3:cad>
          </ns3:TrackPointExtension>
        </extensions>
      </trkpt>
      <trkpt lat="42.04437104053795337677001953125" lon="128.05871464312076568603515625">
        <ele>1863.800048828125</ele>
        <time>2026-10-03T07:52:51.000Z</time>
        <extensions>
          <ns3:TrackPointExtension>
            <ns3:hr>97</ns3:hr>
            <ns3:cad>58</ns3:cad>
          </ns3:TrackPointExtension>
        </extensions>
      </trkpt>
      <trkpt lat="42.04437154345214366912841796875" lon="128.058711625635623931884765625">
        <ele>1863.5999755859375</ele>
        <time>2026-10-03T07:52:52.000Z</time>
        <extensions>
          <ns3:TrackPointExtension>
            <ns3:hr>97</ns3:hr>
            <ns3:cad>58</ns3:cad>
          </ns3:TrackPointExtension>
        </extensions>
      </trkpt>
      <trkpt lat="42.0443674363195896148681640625" lon="128.05871103890240192413330078125">
        <ele>1863</ele>
        <time>2026-10-03T07:52:53.000Z</time>
        <extensions>
          <ns3:TrackPointExtension>
            <ns3:hr>98</ns3:hr>
            <ns3:cad>58</ns3:cad>
          </ns3:TrackPointExtension>
        </extensions>
      </trkpt>
      <trkpt lat="42.04435293562710285186767578125" lon="128.05871556513011455535888671875">
        <ele>1862.199951171875</ele>
        <time>2026-10-03T07:52:55.000Z</time>
        <extensions>
          <ns3:TrackPointExtension>
            <ns3:hr>96</ns3:hr>
            <ns3:cad>58</ns3:cad>
          </ns3:TrackPointExtension>
        </extensions>
      </trkpt>
      <trkpt lat="42.04435092397034168243408203125" lon="128.05871573276817798614501953125">
        <ele>1862</ele>
        <time>2026-10-03T07:52:56.000Z</time>
        <extensions>
          <ns3:TrackPointExtension>
            <ns3:hr>97</ns3:hr>
            <ns3:cad>0</ns3:cad>
          </ns3:TrackPointExtension>
        </extensions>
      </trkpt>
      <trkpt lat="42.04434312880039215087890625" lon="128.05873668752610683441162109375">
        <ele>1860.800048828125</ele>
        <time>2026-10-03T07:52:59.000Z</time>
        <extensions>
          <ns3:TrackPointExtension>
            <ns3:hr>95</ns3:hr>
            <ns3:cad>0</ns3:cad>
          </ns3:TrackPointExtension>
        </extensions>
      </trkpt>
      <trkpt lat="42.0443637482821941375732421875" lon="128.0587288923561573028564453125">
        <ele>1859.199951171875</ele>
        <time>2026-10-03T07:53:02.000Z</time>
        <extensions>
          <ns3:TrackPointExtension>
            <ns3:hr>96</ns3:hr>
            <ns3:cad>0</ns3:cad>
          </ns3:TrackPointExtension>
        </extensions>
      </trkpt>
      <trkpt lat="42.04437858425080776214599609375" lon="128.0587288923561573028564453125">
        <ele>1858.5999755859375</ele>
        <time>2026-10-03T07:53:03.000Z</time>
        <extensions>
          <ns3:TrackPointExtension>
            <ns3:hr>96</ns3:hr>
            <ns3:cad>0</ns3:cad>
          </ns3:TrackPointExtension>
        </extensions>
      </trkpt>
      <trkpt lat="42.0443902350962162017822265625" lon="128.0587285570800304412841796875">
        <ele>1858</ele>
        <time>2026-10-03T07:53:04.000Z</time>
        <extensions>
          <ns3:TrackPointExtension>
            <ns3:hr>96</ns3:hr>
            <ns3:cad>0</ns3:cad>
          </ns3:TrackPointExtension>
        </extensions>
      </trkpt>
      <trkpt lat="42.04440155066549777984619140625" lon="128.05872537195682525634765625">
        <ele>1857.5999755859375</ele>
        <time>2026-10-03T07:53:05.000Z</time>
        <extensions>
          <ns3:TrackPointExtension>
            <ns3:hr>95</ns3:hr>
            <ns3:cad>0</ns3:cad>
          </ns3:TrackPointExtension>
        </extensions>
      </trkpt>
      <trkpt lat="42.04443004913628101348876953125" lon="128.0587188340723514556884765625">
        <ele>1857</ele>
        <time>2026-10-03T07:53:08.000Z</time>
        <extensions>
          <ns3:TrackPointExtension>
            <ns3:hr>95</ns3:hr>
            <ns3:cad>58</ns3:cad>
          </ns3:TrackPointExtension>
        </extensions>
      </trkpt>
      <trkpt lat="42.0444757305085659027099609375" lon="128.058705590665340423583984375">
        <ele>1856.5999755859375</ele>
        <time>2026-10-03T07:53:11.000Z</time>
        <extensions>
          <ns3:TrackPointExtension>
            <ns3:hr>100</ns3:hr>
            <ns3:cad>58</ns3:cad>
          </ns3:TrackPointExtension>
        </extensions>
      </trkpt>
      <trkpt lat="42.04448528587818145751953125" lon="128.05870684795081615447998046875">
        <ele>1856.5999755859375</ele>
        <time>2026-10-03T07:53:12.000Z</time>
        <extensions>
          <ns3:TrackPointExtension>
            <ns3:hr>97</ns3:hr>
            <ns3:cad>58</ns3:cad>
          </ns3:TrackPointExtension>
        </extensions>
      </trkpt>
      <trkpt lat="42.04452610574662685394287109375" lon="128.0586938560009002685546875">
        <ele>1856</ele>
        <time>2026-10-03T07:53:16.000Z</time>
        <extensions>
          <ns3:TrackPointExtension>
            <ns3:hr>96</ns3:hr>
            <ns3:cad>58</ns3:cad>
          </ns3:TrackPointExtension>
        </extensions>
      </trkpt>
      <trkpt lat="42.0445461384952068328857421875" lon="128.0586896650493144989013671875">
        <ele>1856</ele>
        <time>2026-10-03T07:53:18.000Z</time>
        <extensions>
          <ns3:TrackPointExtension>
            <ns3:hr>95</ns3:hr>
            <ns3:cad>56</ns3:cad>
          </ns3:TrackPointExtension>
        </extensions>
      </trkpt>
      <trkpt lat="42.04457086510956287384033203125" lon="128.05869662202894687652587890625">
        <ele>1856.199951171875</ele>
        <time>2026-10-03T07:53:21.000Z</time>
        <extensions>
          <ns3:TrackPointExtension>
            <ns3:hr>94</ns3:hr>
            <ns3:cad>55</ns3:cad>
          </ns3:TrackPointExtension>
        </extensions>
      </trkpt>
      <trkpt lat="42.044599615037441253662109375" lon="128.0587000586092472076416015625">
        <ele>1856.4000244140625</ele>
        <time>2026-10-03T07:53:24.000Z</time>
        <extensions>
          <ns3:TrackPointExtension>
            <ns3:hr>97</ns3:hr>
            <ns3:cad>55</ns3:cad>
          </ns3:TrackPointExtension>
        </extensions>
      </trkpt>
      <trkpt lat="42.04463607631623744964599609375" lon="128.0587005615234375">
        <ele>1856.5999755859375</ele>
        <time>2026-10-03T07:53:28.000Z</time>
        <extensions>
          <ns3:TrackPointExtension>
            <ns3:hr>94</ns3:hr>
            <ns3:cad>54</ns3:cad>
          </ns3:TrackPointExtension>
        </extensions>
      </trkpt>
      <trkpt lat="42.04465636052191257476806640625" lon="128.05870047770440578460693359375">
        <ele>1856.4000244140625</ele>
        <time>2026-10-03T07:53:30.000Z</time>
        <extensions>
          <ns3:TrackPointExtension>
            <ns3:hr>96</ns3:hr>
            <ns3:cad>54</ns3:cad>
          </ns3:TrackPointExtension>
        </extensions>
      </trkpt>
      <trkpt lat="42.04467899166047573089599609375" lon="128.05869544856250286102294921875">
        <ele>1856</ele>
        <time>2026-10-03T07:53:33.000Z</time>
        <extensions>
          <ns3:TrackPointExtension>
            <ns3:hr>97</ns3:hr>
            <ns3:cad>55</ns3:cad>
          </ns3:TrackPointExtension>
        </extensions>
      </trkpt>
      <trkpt lat="42.04471117816865444183349609375" lon="128.05870450101792812347412109375">
        <ele>1855.5999755859375</ele>
        <time>2026-10-03T07:53:36.000Z</time>
        <extensions>
          <ns3:TrackPointExtension>
            <ns3:hr>99</ns3:hr>
            <ns3:cad>55</ns3:cad>
          </ns3:TrackPointExtension>
        </extensions>
      </trkpt>
      <trkpt lat="42.04475107602775096893310546875" lon="128.0587099492549896240234375">
        <ele>1854.800048828125</ele>
        <time>2026-10-03T07:53:41.000Z</time>
        <extensions>
          <ns3:TrackPointExtension>
            <ns3:hr>97</ns3:hr>
            <ns3:cad>56</ns3:cad>
          </ns3:TrackPointExtension>
        </extensions>
      </trkpt>
      <trkpt lat="42.04477856867015361785888671875" lon="128.0587050877511501312255859375">
        <ele>1853.800048828125</ele>
        <time>2026-10-03T07:53:44.000Z</time>
        <extensions>
          <ns3:TrackPointExtension>
            <ns3:hr>94</ns3:hr>
            <ns3:cad>54</ns3:cad>
          </ns3:TrackPointExtension>
        </extensions>
      </trkpt>
      <trkpt lat="42.04478628002107143402099609375" lon="128.0587003938853740692138671875">
        <ele>1853.5999755859375</ele>
        <time>2026-10-03T07:53:45.000Z</time>
        <extensions>
          <ns3:TrackPointExtension>
            <ns3:hr>95</ns3:hr>
            <ns3:cad>54</ns3:cad>
          </ns3:TrackPointExtension>
        </extensions>
      </trkpt>
      <trkpt lat="42.0449307002127170562744140625" lon="128.0586946941912174224853515625">
        <ele>1853</ele>
        <time>2026-10-03T07:53:54.000Z</time>
        <extensions>
          <ns3:TrackPointExtension>
            <ns3:hr>97</ns3:hr>
            <ns3:cad>58</ns3:cad>
          </ns3:TrackPointExtension>
        </extensions>
      </trkpt>
      <trkpt lat="42.04495894722640514373779296875" lon="128.0586916767060756683349609375">
        <ele>1853</ele>
        <time>2026-10-03T07:53:56.000Z</time>
        <extensions>
          <ns3:TrackPointExtension>
            <ns3:hr>100</ns3:hr>
            <ns3:cad>58</ns3:cad>
          </ns3:TrackPointExtension>
        </extensions>
      </trkpt>
      <trkpt lat="42.04500605352222919464111328125" lon="128.0586678721010684967041015625">
        <ele>1854.4000244140625</ele>
        <time>2026-10-03T07:54:01.000Z</time>
        <extensions>
          <ns3:TrackPointExtension>
            <ns3:hr>99</ns3:hr>
            <ns3:cad>57</ns3:cad>
          </ns3:TrackPointExtension>
        </extensions>
      </trkpt>
      <trkpt lat="42.04502147622406482696533203125" lon="128.05866041220724582672119140625">
        <ele>1854.800048828125</ele>
        <time>2026-10-03T07:54:02.000Z</time>
        <extensions>
          <ns3:TrackPointExtension>
            <ns3:hr>98</ns3:hr>
            <ns3:cad>56</ns3:cad>
          </ns3:TrackPointExtension>
        </extensions>
      </trkpt>
      <trkpt lat="42.04510613344609737396240234375" lon="128.0586558021605014801025390625">
        <ele>1855.199951171875</ele>
        <time>2026-10-03T07:54:09.000Z</time>
        <extensions>
          <ns3:TrackPointExtension>
            <ns3:hr>95</ns3:hr>
            <ns3:cad>58</ns3:cad>
          </ns3:TrackPointExtension>
        </extensions>
      </trkpt>
      <trkpt lat="42.0451204665005207061767578125" lon="128.05865605361759662628173828125">
        <ele>1855.199951171875</ele>
        <time>2026-10-03T07:54:10.000Z</time>
        <extensions>
          <ns3:TrackPointExtension>
            <ns3:hr>98</ns3:hr>
            <ns3:cad>58</ns3:cad>
          </ns3:TrackPointExtension>
        </extensions>
      </trkpt>
      <trkpt lat="42.0451350510120391845703125" lon="128.0586568079888820648193359375">
        <ele>1855</ele>
        <time>2026-10-03T07:54:11.000Z</time>
        <extensions>
          <ns3:TrackPointExtension>
            <ns3:hr>95</ns3:hr>
            <ns3:cad>58</ns3:cad>
          </ns3:TrackPointExtension>
        </extensions>
      </trkpt>
      <trkpt lat="42.04514787532389163970947265625" lon="128.0586589872837066650390625">
        <ele>1855</ele>
        <time>2026-10-03T07:54:12.000Z</time>
        <extensions>
          <ns3:TrackPointExtension>
            <ns3:hr>97</ns3:hr>
            <ns3:cad>58</ns3:cad>
          </ns3:TrackPointExtension>
        </extensions>
      </trkpt>
      <trkpt lat="42.04520143568515777587890625" lon="128.05859738029539585113525390625">
        <ele>1854.4000244140625</ele>
        <time>2026-10-03T07:54:19.000Z</time>
        <extensions>
          <ns3:TrackPointExtension>
            <ns3:hr>97</ns3:hr>
            <ns3:cad>56</ns3:cad>
          </ns3:TrackPointExtension>
        </extensions>
      </trkpt>
      <trkpt lat="42.04520269297063350677490234375" lon="128.0585371144115924835205078125">
        <ele>1854.199951171875</ele>
        <time>2026-10-03T07:54:23.000Z</time>
        <extensions>
          <ns3:TrackPointExtension>
            <ns3:hr>94</ns3:hr>
            <ns3:cad>54</ns3:cad>
          </ns3:TrackPointExtension>
        </extensions>
      </trkpt>
      <trkpt lat="42.04519548453390598297119140625" lon="128.0584754236042499542236328125">
        <ele>1853.5999755859375</ele>
        <time>2026-10-03T07:54:27.000Z</time>
        <extensions>
          <ns3:TrackPointExtension>
            <ns3:hr>92</ns3:hr>
            <ns3:cad>52</ns3:cad>
          </ns3:TrackPointExtension>
        </extensions>
      </trkpt>
      <trkpt lat="42.0452034473419189453125" lon="128.058408536016941070556640625">
        <ele>1853.199951171875</ele>
        <time>2026-10-03T07:54:32.000Z</time>
        <extensions>
          <ns3:TrackPointExtension>
            <ns3:hr>92</ns3:hr>
            <ns3:cad>51</ns3:cad>
          </ns3:TrackPointExtension>
        </extensions>
      </trkpt>
      <trkpt lat="42.04520168714225292205810546875" lon="128.05838330648839473724365234375">
        <ele>1852.5999755859375</ele>
        <time>2026-10-03T07:54:34.000Z</time>
        <extensions>
          <ns3:TrackPointExtension>
            <ns3:hr>91</ns3:hr>
            <ns3:cad>51</ns3:cad>
          </ns3:TrackPointExtension>
        </extensions>
      </trkpt>
      <trkpt lat="42.0452029444277286529541015625" lon="128.05837760679423809051513671875">
        <ele>1852</ele>
        <time>2026-10-03T07:54:36.000Z</time>
        <extensions>
          <ns3:TrackPointExtension>
            <ns3:hr>94</ns3:hr>
            <ns3:cad>54</ns3:cad>
          </ns3:TrackPointExtension>
        </extensions>
      </trkpt>
      <trkpt lat="42.04520269297063350677490234375" lon="128.05837333202362060546875">
        <ele>1851.800048828125</ele>
        <time>2026-10-03T07:54:37.000Z</time>
        <extensions>
          <ns3:TrackPointExtension>
            <ns3:hr>93</ns3:hr>
            <ns3:cad>54</ns3:cad>
          </ns3:TrackPointExtension>
        </extensions>
      </trkpt>
      <trkpt lat="42.0452069677412509918212890625" lon="128.05836754851043224334716796875">
        <ele>1851.5999755859375</ele>
        <time>2026-10-03T07:54:38.000Z</time>
        <extensions>
          <ns3:TrackPointExtension>
            <ns3:hr>93</ns3:hr>
            <ns3:cad>54</ns3:cad>
          </ns3:TrackPointExtension>
        </extensions>
      </trkpt>
      <trkpt lat="42.04521342180669307708740234375" lon="128.05836687795817852020263671875">
        <ele>1851.4000244140625</ele>
        <time>2026-10-03T07:54:39.000Z</time>
        <extensions>
          <ns3:TrackPointExtension>
            <ns3:hr>93</ns3:hr>
            <ns3:cad>54</ns3:cad>
          </ns3:TrackPointExtension>
        </extensions>
      </trkpt>
      <trkpt lat="42.0452396571636199951171875" lon="128.05836771614849567413330078125">
        <ele>1850.199951171875</ele>
        <time>2026-10-03T07:54:42.000Z</time>
        <extensions>
          <ns3:TrackPointExtension>
            <ns3:hr>93</ns3:hr>
            <ns3:cad>0</ns3:cad>
          </ns3:TrackPointExtension>
        </extensions>
      </trkpt>
      <trkpt lat="42.04526446759700775146484375" lon="128.0583666265010833740234375">
        <ele>1849.199951171875</ele>
        <time>2026-10-03T07:54:44.000Z</time>
        <extensions>
          <ns3:TrackPointExtension>
            <ns3:hr>95</ns3:hr>
            <ns3:cad>56</ns3:cad>
          </ns3:TrackPointExtension>
        </extensions>
      </trkpt>
      <trkpt lat="42.04527628608047962188720703125" lon="128.05836671032011508941650390625">
        <ele>1848.800048828125</ele>
        <time>2026-10-03T07:54:45.000Z</time>
        <extensions>
          <ns3:TrackPointExtension>
            <ns3:hr>93</ns3:hr>
            <ns3:cad>49</ns3:cad>
          </ns3:TrackPointExtension>
        </extensions>
      </trkpt>
      <trkpt lat="42.04529657028615474700927734375" lon="128.0583828873932361602783203125">
        <ele>1848.199951171875</ele>
        <time>2026-10-03T07:54:48.000Z</time>
        <extensions>
          <ns3:TrackPointExtension>
            <ns3:hr>93</ns3:hr>
            <ns3:cad>49</ns3:cad>
          </ns3:TrackPointExtension>
        </extensions>
      </trkpt>
      <trkpt lat="42.04529338516294956207275390625" lon="128.05838246829807758331298828125">
        <ele>1848.199951171875</ele>
        <time>2026-10-03T07:54:50.000Z</time>
        <extensions>
          <ns3:TrackPointExtension>
            <ns3:hr>93</ns3:hr>
            <ns3:cad>49</ns3:cad>
          </ns3:TrackPointExtension>
        </extensions>
      </trkpt>
      <trkpt lat="42.04529942013323307037353515625" lon="128.05837911553680896759033203125">
        <ele>1848.4000244140625</ele>
        <time>2026-10-03T07:54:51.000Z</time>
        <extensions>
          <ns3:TrackPointExtension>
            <ns3:hr>93</ns3:hr>
            <ns3:cad>0</ns3:cad>
          </ns3:TrackPointExtension>
        </extensions>
      </trkpt>
      <trkpt lat="42.04525734297931194305419921875" lon="128.0583666265010833740234375">
        <ele>1848.5999755859375</ele>
        <time>2026-10-03T07:54:55.000Z</time>
        <extensions>
          <ns3:TrackPointExtension>
            <ns3:hr>96</ns3:hr>
            <ns3:cad>0</ns3:cad>
          </ns3:TrackPointExtension>
        </extensions>
      </trkpt>
      <trkpt lat="42.04525507986545562744140625" lon="128.058369643986225128173828125">
        <ele>1848.4000244140625</ele>
        <time>2026-10-03T07:54:56.000Z</time>
        <extensions>
          <ns3:TrackPointExtension>
            <ns3:hr>93</ns3:hr>
            <ns3:cad>0</ns3:cad>
          </ns3:TrackPointExtension>
        </extensions>
      </trkpt>
      <trkpt lat="42.0452616177499294281005859375" lon="128.0583751760423183441162109375">
        <ele>1846.800048828125</ele>
        <time>2026-10-03T07:55:00.000Z</time>
        <extensions>
          <ns3:TrackPointExtension>
            <ns3:hr>91</ns3:hr>
            <ns3:cad>42</ns3:cad>
          </ns3:TrackPointExtension>
        </extensions>
      </trkpt>
      <trkpt lat="42.04523555003106594085693359375" lon="128.05836218409240245819091796875">
        <ele>1845.800048828125</ele>
        <time>2026-10-03T07:55:02.000Z</time>
        <extensions>
          <ns3:TrackPointExtension>
            <ns3:hr>94</ns3:hr>
            <ns3:cad>42</ns3:cad>
          </ns3:TrackPointExtension>
        </extensions>
      </trkpt>
      <trkpt lat="42.04522825777530670166015625" lon="128.05835723876953125">
        <ele>1845.4000244140625</ele>
        <time>2026-10-03T07:55:03.000Z</time>
        <extensions>
          <ns3:TrackPointExtension>
            <ns3:hr>93</ns3:hr>
            <ns3:cad>44</ns3:cad>
          </ns3:TrackPointExtension>
        </extensions>
      </trkpt>
      <trkpt lat="42.045223228633403778076171875" lon="128.058359585702419281005859375">
        <ele>1844.5999755859375</ele>
        <time>2026-10-03T07:55:05.000Z</time>
        <extensions>
          <ns3:TrackPointExtension>
            <ns3:hr>96</ns3:hr>
            <ns3:cad>45</ns3:cad>
          </ns3:TrackPointExtension>
        </extensions>
      </trkpt>
      <trkpt lat="42.04522280953824520111083984375" lon="128.05835011415183544158935546875">
        <ele>1844.4000244140625</ele>
        <time>2026-10-03T07:55:06.000Z</time>
        <extensions>
          <ns3:TrackPointExtension>
            <ns3:hr>96</ns3:hr>
            <ns3:cad>45</ns3:cad>
          </ns3:TrackPointExtension>
        </extensions>
      </trkpt>
      <trkpt lat="42.04521912150084972381591796875" lon="128.05834307335317134857177734375">
        <ele>1844</ele>
        <time>2026-10-03T07:55:07.000Z</time>
        <extensions>
          <ns3:TrackPointExtension>
            <ns3:hr>98</ns3:hr>
            <ns3:cad>46</ns3:cad>
          </ns3:TrackPointExtension>
        </extensions>
      </trkpt>
      <trkpt lat="42.04521778039634227752685546875" lon="128.05833033286035060882568359375">
        <ele>1843.4000244140625</ele>
        <time>2026-10-03T07:55:10.000Z</time>
        <extensions>
          <ns3:TrackPointExtension>
            <ns3:hr>97</ns3:hr>
            <ns3:cad>45</ns3:cad>
          </ns3:TrackPointExtension>
        </extensions>
      </trkpt>
      <trkpt lat="42.0452441833913326263427734375" lon="128.05831893347203731536865234375">
        <ele>1843.199951171875</ele>
        <time>2026-10-03T07:55:13.000Z</time>
        <extensions>
          <ns3:TrackPointExtension>
            <ns3:hr>97</ns3:hr>
            <ns3:cad>44</ns3:cad>
          </ns3:TrackPointExtension>
        </extensions>
      </trkpt>
      <trkpt lat="42.0452535711228847503662109375" lon="128.05833033286035060882568359375">
        <ele>1844.5999755859375</ele>
        <time>2026-10-03T07:55:16.000Z</time>
        <extensions>
          <ns3:TrackPointExtension>
            <ns3:hr>97</ns3:hr>
            <ns3:cad>42</ns3:cad>
          </ns3:TrackPointExtension>
        </extensions>
      </trkpt>
      <trkpt lat="42.04525566659867763519287109375" lon="128.0583473481237888336181640625">
        <ele>1845.199951171875</ele>
        <time>2026-10-03T07:55:18.000Z</time>
        <extensions>
          <ns3:TrackPointExtension>
            <ns3:hr>99</ns3:hr>
            <ns3:cad>46</ns3:cad>
          </ns3:TrackPointExtension>
        </extensions>
      </trkpt>
      <trkpt lat="42.045265473425388336181640625" lon="128.05834793485701084136962890625">
        <ele>1845.5999755859375</ele>
        <time>2026-10-03T07:55:19.000Z</time>
        <extensions>
          <ns3:TrackPointExtension>
            <ns3:hr>100</ns3:hr>
            <ns3:cad>47</ns3:cad>
          </ns3:TrackPointExtension>
        </extensions>
      </trkpt>
      <trkpt lat="42.04526103101670742034912109375" lon="128.058407194912433624267578125">
        <ele>1847</ele>
        <time>2026-10-03T07:55:23.000Z</time>
        <extensions>
          <ns3:TrackPointExtension>
            <ns3:hr>101</ns3:hr>
            <ns3:cad>47</ns3:cad>
          </ns3:TrackPointExtension>
        </extensions>
      </trkpt>
      <trkpt lat="42.0452611148357391357421875" lon="128.0584110505878925323486328125">
        <ele>1847.800048828125</ele>
        <time>2026-10-03T07:55:24.000Z</time>
        <extensions>
          <ns3:TrackPointExtension>
            <ns3:hr>101</ns3:hr>
            <ns3:cad>0</ns3:cad>
          </ns3:TrackPointExtension>
        </extensions>
      </trkpt>
      <trkpt lat="42.04526455141603946685791015625" lon="128.05840325541794300079345703125">
        <ele>1848.5999755859375</ele>
        <time>2026-10-03T07:55:25.000Z</time>
        <extensions>
          <ns3:TrackPointExtension>
            <ns3:hr>101</ns3:hr>
            <ns3:cad>0</ns3:cad>
          </ns3:TrackPointExtension>
        </extensions>
      </trkpt>
      <trkpt lat="42.04528726637363433837890625" lon="128.05837894789874553680419921875">
        <ele>1850</ele>
        <time>2026-10-03T07:55:27.000Z</time>
        <extensions>
          <ns3:TrackPointExtension>
            <ns3:hr>102</ns3:hr>
            <ns3:cad>0</ns3:cad>
          </ns3:TrackPointExtension>
        </extensions>
      </trkpt>
      <trkpt lat="42.0452971570193767547607421875" lon="128.05836595594882965087890625">
        <ele>1850.4000244140625</ele>
        <time>2026-10-03T07:55:28.000Z</time>
        <extensions>
          <ns3:TrackPointExtension>
            <ns3:hr>101</ns3:hr>
            <ns3:cad>0</ns3:cad>
          </ns3:TrackPointExtension>
        </extensions>
      </trkpt>
      <trkpt lat="42.0452911220490932464599609375" lon="128.05834089405834674835205078125">
        <ele>1851</ele>
        <time>2026-10-03T07:55:30.000Z</time>
        <extensions>
          <ns3:TrackPointExtension>
            <ns3:hr>100</ns3:hr>
            <ns3:cad>0</ns3:cad>
          </ns3:TrackPointExtension>
        </extensions>
      </trkpt>
      <trkpt lat="42.04528248868882656097412109375" lon="128.0583315901458263397216796875">
        <ele>1851.199951171875</ele>
        <time>2026-10-03T07:55:34.000Z</time>
        <extensions>
          <ns3:TrackPointExtension>
            <ns3:hr>98</ns3:hr>
            <ns3:cad>58</ns3:cad>
          </ns3:TrackPointExtension>
        </extensions>
      </trkpt>
      <trkpt lat="42.04527880065143108367919921875" lon="128.05833184160292148590087890625">
        <ele>1851.199951171875</ele>
        <time>2026-10-03T07:55:35.000Z</time>
        <extensions>
          <ns3:TrackPointExtension>
            <ns3:hr>98</ns3:hr>
            <ns3:cad>58</ns3:cad>
          </ns3:TrackPointExtension>
        </extensions>
      </trkpt>
      <trkpt lat="42.04525365494191646575927734375" lon="128.05832974612712860107421875">
        <ele>1851</ele>
        <time>2026-10-03T07:55:37.000Z</time>
        <extensions>
          <ns3:TrackPointExtension>
            <ns3:hr>97</ns3:hr>
            <ns3:cad>0</ns3:cad>
          </ns3:TrackPointExtension>
        </extensions>
      </trkpt>
      <trkpt lat="42.0452421717345714569091796875" lon="128.0583315901458263397216796875">
        <ele>1850.800048828125</ele>
        <time>2026-10-03T07:55:39.000Z</time>
        <extensions>
          <ns3:TrackPointExtension>
            <ns3:hr>97</ns3:hr>
            <ns3:cad>0</ns3:cad>
          </ns3:TrackPointExtension>
        </extensions>
      </trkpt>
      <trkpt lat="42.04523638822138309478759765625" lon="128.0583382956683635711669921875">
        <ele>1850.800048828125</ele>
        <time>2026-10-03T07:55:41.000Z</time>
        <extensions>
          <ns3:TrackPointExtension>
            <ns3:hr>97</ns3:hr>
            <ns3:cad>0</ns3:cad>
          </ns3:TrackPointExtension>
        </extensions>
      </trkpt>
      <trkpt lat="42.0452321134507656097412109375" lon="128.05833779275417327880859375">
        <ele>1850.800048828125</ele>
        <time>2026-10-03T07:55:42.000Z</time>
        <extensions>
          <ns3:TrackPointExtension>
            <ns3:hr>96</ns3:hr>
            <ns3:cad>0</ns3:cad>
          </ns3:TrackPointExtension>
        </extensions>
      </trkpt>
      <trkpt lat="42.045227251946926116943359375" lon="128.058333434164524078369140625">
        <ele>1850.4000244140625</ele>
        <time>2026-10-03T07:55:48.000Z</time>
        <extensions>
          <ns3:TrackPointExtension>
            <ns3:hr>94</ns3:hr>
            <ns3:cad>0</ns3:cad>
          </ns3:TrackPointExtension>
        </extensions>
      </trkpt>
      <trkpt lat="42.04522817395627498626708984375" lon="128.058333434164524078369140625">
        <ele>1850</ele>
        <time>2026-10-03T07:55:57.000Z</time>
        <extensions>
          <ns3:TrackPointExtension>
            <ns3:hr>94</ns3:hr>
            <ns3:cad>77</ns3:cad>
          </ns3:TrackPointExtension>
        </extensions>
      </trkpt>
      <trkpt lat="42.0452477037906646728515625" lon="128.0583265610039234161376953125">
        <ele>1850</ele>
        <time>2026-10-03T07:56:06.000Z</time>
        <extensions>
          <ns3:TrackPointExtension>
            <ns3:hr>96</ns3:hr>
            <ns3:cad>0</ns3:cad>
          </ns3:TrackPointExtension>
        </extensions>
      </trkpt>
      <trkpt lat="42.045246697962284088134765625" lon="128.05832438170909881591796875">
        <ele>1849.800048828125</ele>
        <time>2026-10-03T07:56:09.000Z</time>
        <extensions>
          <ns3:TrackPointExtension>
            <ns3:hr>96</ns3:hr>
            <ns3:cad>0</ns3:cad>
          </ns3:TrackPointExtension>
        </extensions>
      </trkpt>
      <trkpt lat="42.04528391361236572265625" lon="128.05830853991210460662841796875">
        <ele>1849.199951171875</ele>
        <time>2026-10-03T07:56:14.000Z</time>
        <extensions>
          <ns3:TrackPointExtension>
            <ns3:hr>94</ns3:hr>
            <ns3:cad>41</ns3:cad>
          </ns3:TrackPointExtension>
        </extensions>
      </trkpt>
      <trkpt lat="42.0452854223549365997314453125" lon="128.05830703116953372955322265625">
        <ele>1848.800048828125</ele>
        <time>2026-10-03T07:56:15.000Z</time>
        <extensions>
          <ns3:TrackPointExtension>
            <ns3:hr>93</ns3:hr>
            <ns3:cad>0</ns3:cad>
          </ns3:TrackPointExtension>
        </extensions>
      </trkpt>
      <trkpt lat="42.04531417228281497955322265625" lon="128.05828238837420940399169921875">
        <ele>1847.5999755859375</ele>
        <time>2026-10-03T07:56:18.000Z</time>
        <extensions>
          <ns3:TrackPointExtension>
            <ns3:hr>92</ns3:hr>
            <ns3:cad>0</ns3:cad>
          </ns3:TrackPointExtension>
        </extensions>
      </trkpt>
      <trkpt lat="42.0453102327883243560791015625" lon="128.0582799576222896575927734375">
        <ele>1846.800048828125</ele>
        <time>2026-10-03T07:56:20.000Z</time>
        <extensions>
          <ns3:TrackPointExtension>
            <ns3:hr>92</ns3:hr>
            <ns3:cad>0</ns3:cad>
          </ns3:TrackPointExtension>
        </extensions>
      </trkpt>
      <trkpt lat="42.0453088916838169097900390625" lon="128.05827677249908447265625">
        <ele>1846.4000244140625</ele>
        <time>2026-10-03T07:56:21.000Z</time>
        <extensions>
          <ns3:TrackPointExtension>
            <ns3:hr>92</ns3:hr>
            <ns3:cad>0</ns3:cad>
          </ns3:TrackPointExtension>
        </extensions>
      </trkpt>
      <trkpt lat="42.04525918699800968170166015625" lon="128.05830032564699649810791015625">
        <ele>1845.4000244140625</ele>
        <time>2026-10-03T07:56:26.000Z</time>
        <extensions>
          <ns3:TrackPointExtension>
            <ns3:hr>92</ns3:hr>
            <ns3:cad>40</ns3:cad>
          </ns3:TrackPointExtension>
        </extensions>
      </trkpt>
      <trkpt lat="42.0452611148357391357421875" lon="128.05830099619925022125244140625">
        <ele>1845.4000244140625</ele>
        <time>2026-10-03T07:56:27.000Z</time>
        <extensions>
          <ns3:TrackPointExtension>
            <ns3:hr>93</ns3:hr>
            <ns3:cad>0</ns3:cad>
          </ns3:TrackPointExtension>
        </extensions>
      </trkpt>
      <trkpt lat="42.045261450111865997314453125" lon="128.05829797871410846710205078125">
        <ele>1845.199951171875</ele>
        <time>2026-10-03T07:56:32.000Z</time>
        <extensions>
          <ns3:TrackPointExtension>
            <ns3:hr>91</ns3:hr>
            <ns3:cad>40</ns3:cad>
          </ns3:TrackPointExtension>
        </extensions>
      </trkpt>
      <trkpt lat="42.0452448539435863494873046875" lon="128.05832044221460819244384765625">
        <ele>1845</ele>
        <time>2026-10-03T07:56:37.000Z</time>
        <extensions>
          <ns3:TrackPointExtension>
            <ns3:hr>93</ns3:hr>
            <ns3:cad>0</ns3:cad>
          </ns3:TrackPointExtension>
        </extensions>
      </trkpt>
      <trkpt lat="42.045243345201015472412109375" lon="128.0583285726606845855712890625">
        <ele>1844.800048828125</ele>
        <time>2026-10-03T07:56:41.000Z</time>
        <extensions>
          <ns3:TrackPointExtension>
            <ns3:hr>94</ns3:hr>
            <ns3:cad>0</ns3:cad>
          </ns3:TrackPointExtension>
        </extensions>
      </trkpt>
      <trkpt lat="42.0452492125332355499267578125" lon="128.05831373669207096099853515625">
        <ele>1844.5999755859375</ele>
        <time>2026-10-03T07:56:45.000Z</time>
        <extensions>
          <ns3:TrackPointExtension>
            <ns3:hr>96</ns3:hr>
            <ns3:cad>0</ns3:cad>
          </ns3:TrackPointExtension>
        </extensions>
      </trkpt>
      <trkpt lat="42.04523253254592418670654296875" lon="128.058317340910434722900390625">
        <ele>1844.5999755859375</ele>
        <time>2026-10-03T07:56:51.000Z</time>
        <extensions>
          <ns3:TrackPointExtension>
            <ns3:hr>97</ns3:hr>
            <ns3:cad>0</ns3:cad>
          </ns3:TrackPointExtension>
        </extensions>
      </trkpt>
      <trkpt lat="42.045234628021717071533203125" lon="128.0582823045551776885986328125">
        <ele>1844.5999755859375</ele>
        <time>2026-10-03T07:56:55.000Z</time>
        <extensions>
          <ns3:TrackPointExtension>
            <ns3:hr>95</ns3:hr>
            <ns3:cad>46</ns3:cad>
          </ns3:TrackPointExtension>
        </extensions>
      </trkpt>
      <trkpt lat="42.04522985033690929412841796875" lon="128.05826537311077117919921875">
        <ele>1845.5999755859375</ele>
        <time>2026-10-03T07:56:59.000Z</time>
        <extensions>
          <ns3:TrackPointExtension>
            <ns3:hr>95</ns3:hr>
            <ns3:cad>46</ns3:cad>
          </ns3:TrackPointExtension>
        </extensions>
      </trkpt>
      <trkpt lat="42.04525097273290157318115234375" lon="128.05826646275818347930908203125">
        <ele>1846.5999755859375</ele>
        <time>2026-10-03T07:57:02.000Z</time>
        <extensions>
          <ns3:TrackPointExtension>
            <ns3:hr>93</ns3:hr>
            <ns3:cad>0</ns3:cad>
          </ns3:TrackPointExtension>
        </extensions>
      </trkpt>
      <trkpt lat="42.04523923806846141815185546875" lon="128.05827476084232330322265625">
        <ele>1847.4000244140625</ele>
        <time>2026-10-03T07:57:04.000Z</time>
        <extensions>
          <ns3:TrackPointExtension>
            <ns3:hr>92</ns3:hr>
            <ns3:cad>0</ns3:cad>
          </ns3:TrackPointExtension>
        </extensions>
      </trkpt>
      <trkpt lat="42.04522934742271900177001953125" lon="128.05826227180659770965576171875">
        <ele>1847.800048828125</ele>
        <time>2026-10-03T07:57:06.000Z</time>
        <extensions>
          <ns3:TrackPointExtension>
            <ns3:hr>91</ns3:hr>
            <ns3:cad>0</ns3:cad>
          </ns3:TrackPointExtension>
        </extensions>
      </trkpt>
      <trkpt lat="42.04522850923240184783935546875" lon="128.05823528207838535308837890625">
        <ele>1848.199951171875</ele>
        <time>2026-10-03T07:57:08.000Z</time>
        <extensions>
          <ns3:TrackPointExtension>
            <ns3:hr>88</ns3:hr>
            <ns3:cad>0</ns3:cad>
          </ns3:TrackPointExtension>
        </extensions>
      </trkpt>
      <trkpt lat="42.045232951641082763671875" lon="128.05822757072746753692626953125">
        <ele>1849</ele>
        <time>2026-10-03T07:57:10.000Z</time>
        <extensions>
          <ns3:TrackPointExtension>
            <ns3:hr>87</ns3:hr>
            <ns3:cad>0</ns3:cad>
          </ns3:TrackPointExtension>
        </extensions>
      </trkpt>
      <trkpt lat="42.04519766382873058319091796875" lon="128.05824601091444492340087890625">
        <ele>1849.5999755859375</ele>
        <time>2026-10-03T07:57:13.000Z</time>
        <extensions>
          <ns3:TrackPointExtension>
            <ns3:hr>87</ns3:hr>
            <ns3:cad>0</ns3:cad>
          </ns3:TrackPointExtension>
        </extensions>
      </trkpt>
      <trkpt lat="42.04519129358232021331787109375" lon="128.0582548119127750396728515625">
        <ele>1850</ele>
        <time>2026-10-03T07:57:16.000Z</time>
        <extensions>
          <ns3:TrackPointExtension>
            <ns3:hr>88</ns3:hr>
            <ns3:cad>0</ns3:cad>
          </ns3:TrackPointExtension>
        </extensions>
      </trkpt>
      <trkpt lat="42.04515927471220493316650390625" lon="128.058258332312107086181640625">
        <ele>1849.199951171875</ele>
        <time>2026-10-03T07:57:21.000Z</time>
        <extensions>
          <ns3:TrackPointExtension>
            <ns3:hr>89</ns3:hr>
            <ns3:cad>0</ns3:cad>
          </ns3:TrackPointExtension>
        </extensions>
      </trkpt>
      <trkpt lat="42.04517302103340625762939453125" lon="128.05827551521360874176025390625">
        <ele>1849</ele>
        <time>2026-10-03T07:57:24.000Z</time>
        <extensions>
          <ns3:TrackPointExtension>
            <ns3:hr>90</ns3:hr>
            <ns3:cad>0</ns3:cad>
          </ns3:TrackPointExtension>
        </extensions>
      </trkpt>
      <trkpt lat="42.0452026091516017913818359375" lon="128.05826461873948574066162109375">
        <ele>1849.199951171875</ele>
        <time>2026-10-03T07:57:28.000Z</time>
        <extensions>
          <ns3:TrackPointExtension>
            <ns3:hr>90</ns3:hr>
            <ns3:cad>0</ns3:cad>
          </ns3:TrackPointExtension>
        </extensions>
      </trkpt>
      <trkpt lat="42.0452143438160419464111328125" lon="128.05827585048973560333251953125">
        <ele>1850.199951171875</ele>
        <time>2026-10-03T07:57:31.000Z</time>
        <extensions>
          <ns3:TrackPointExtension>
            <ns3:hr>91</ns3:hr>
            <ns3:cad>0</ns3:cad>
          </ns3:TrackPointExtension>
        </extensions>
      </trkpt>
      <trkpt lat="42.0452200435101985931396484375" lon="128.0582705698907375335693359375">
        <ele>1851.4000244140625</ele>
        <time>2026-10-03T07:57:33.000Z</time>
        <extensions>
          <ns3:TrackPointExtension>
            <ns3:hr>91</ns3:hr>
            <ns3:cad>0</ns3:cad>
          </ns3:TrackPointExtension>
        </extensions>
      </trkpt>
      <trkpt lat="42.04525801353156566619873046875" lon="128.0582405626773834228515625">
        <ele>1852.5999755859375</ele>
        <time>2026-10-03T07:57:36.000Z</time>
        <extensions>
          <ns3:TrackPointExtension>
            <ns3:hr>90</ns3:hr>
            <ns3:cad>0</ns3:cad>
          </ns3:TrackPointExtension>
        </extensions>
      </trkpt>
      <trkpt lat="42.0453622005879878997802734375" lon="128.05819337256252765655517578125">
        <ele>1854</ele>
        <time>2026-10-03T07:57:40.000Z</time>
        <extensions>
          <ns3:TrackPointExtension>
            <ns3:hr>88</ns3:hr>
            <ns3:cad>0</ns3:cad>
          </ns3:TrackPointExtension>
        </extensions>
      </trkpt>
      <trkpt lat="42.0454356260597705841064453125" lon="128.058154396712779998779296875">
        <ele>1855.199951171875</ele>
        <time>2026-10-03T07:57:42.000Z</time>
        <extensions>
          <ns3:TrackPointExtension>
            <ns3:hr>88</ns3:hr>
            <ns3:cad>0</ns3:cad>
          </ns3:TrackPointExtension>
        </extensions>
      </trkpt>
      <trkpt lat="42.0455010049045085906982421875" lon="128.05812782607972621917724609375">
        <ele>1856.5999755859375</ele>
        <time>2026-10-03T07:57:45.000Z</time>
        <extensions>
          <ns3:TrackPointExtension>
            <ns3:hr>88</ns3:hr>
            <ns3:cad>0</ns3:cad>
          </ns3:TrackPointExtension>
        </extensions>
      </trkpt>
      <trkpt lat="42.0454622805118560791015625" lon="128.05818130262196063995361328125">
        <ele>1857.800048828125</ele>
        <time>2026-10-03T07:57:47.000Z</time>
        <extensions>
          <ns3:TrackPointExtension>
            <ns3:hr>87</ns3:hr>
            <ns3:cad>0</ns3:cad>
          </ns3:TrackPointExtension>
        </extensions>
      </trkpt>
      <trkpt lat="42.045510224997997283935546875" lon="128.05817677639424800872802734375">
        <ele>1858.800048828125</ele>
        <time>2026-10-03T07:57:49.000Z</time>
        <extensions>
          <ns3:TrackPointExtension>
            <ns3:hr>91</ns3:hr>
            <ns3:cad>0</ns3:cad>
          </ns3:TrackPointExtension>
        </extensions>
      </trkpt>
      <trkpt lat="42.04557183198630809783935546875" lon="128.05814593099057674407958984375">
        <ele>1859.5999755859375</ele>
        <time>2026-10-03T07:57:51.000Z</time>
        <extensions>
          <ns3:TrackPointExtension>
            <ns3:hr>88</ns3:hr>
            <ns3:cad>0</ns3:cad>
          </ns3:TrackPointExtension>
        </extensions>
      </trkpt>
      <trkpt lat="42.04558339901268482208251953125" lon="128.05815481580793857574462890625">
        <ele>1859.800048828125</ele>
        <time>2026-10-03T07:57:52.000Z</time>
        <extensions>
          <ns3:TrackPointExtension>
            <ns3:hr>88</ns3:hr>
            <ns3:cad>0</ns3:cad>
          </ns3:TrackPointExtension>
        </extensions>
      </trkpt>
      <trkpt lat="42.04557904042303562164306640625" lon="128.0581708252429962158203125">
        <ele>1859.800048828125</ele>
        <time>2026-10-03T07:57:53.000Z</time>
        <extensions>
          <ns3:TrackPointExtension>
            <ns3:hr>88</ns3:hr>
            <ns3:cad>0</ns3:cad>
          </ns3:TrackPointExtension>
        </extensions>
      </trkpt>
      <trkpt lat="42.0456461794674396514892578125" lon="128.05825070478022098541259765625">
        <ele>1858.800048828125</ele>
        <time>2026-10-03T07:57:57.000Z</time>
        <extensions>
          <ns3:TrackPointExtension>
            <ns3:hr>88</ns3:hr>
            <ns3:cad>0</ns3:cad>
          </ns3:TrackPointExtension>
        </extensions>
      </trkpt>
      <trkpt lat="42.04568699933588504791259765625" lon="128.05830066092312335968017578125">
        <ele>1858.199951171875</ele>
        <time>2026-10-03T07:57:58.000Z</time>
        <extensions>
          <ns3:TrackPointExtension>
            <ns3:hr>88</ns3:hr>
            <ns3:cad>0</ns3:cad>
          </ns3:TrackPointExtension>
        </extensions>
      </trkpt>
      <trkpt lat="42.0457142405211925506591796875" lon="128.05832848884165287017822265625">
        <ele>1857.5999755859375</ele>
        <time>2026-10-03T07:57:59.000Z</time>
        <extensions>
          <ns3:TrackPointExtension>
            <ns3:hr>88</ns3:hr>
            <ns3:cad>0</ns3:cad>
          </ns3:TrackPointExtension>
        </extensions>
      </trkpt>
      <trkpt lat="42.04577283002436161041259765625" lon="128.0584050156176090240478515625">
        <ele>1856.4000244140625</ele>
        <time>2026-10-03T07:58:01.000Z</time>
        <extensions>
          <ns3:TrackPointExtension>
            <ns3:hr>89</ns3:hr>
            <ns3:cad>0</ns3:cad>
          </ns3:TrackPointExtension>
        </extensions>
      </trkpt>
      <trkpt lat="42.04592764377593994140625" lon="128.05864465422928333282470703125">
        <ele>1855.4000244140625</ele>
        <time>2026-10-03T07:58:06.000Z</time>
        <extensions>
          <ns3:TrackPointExtension>
            <ns3:hr>88</ns3:hr>
            <ns3:cad>0</ns3:cad>
          </ns3:TrackPointExtension>
        </extensions>
      </trkpt>
      <trkpt lat="42.04595983028411865234375" lon="128.05868421681225299835205078125">
        <ele>1855.4000244140625</ele>
        <time>2026-10-03T07:58:07.000Z</time>
        <extensions>
          <ns3:TrackPointExtension>
            <ns3:hr>89</ns3:hr>
            <ns3:cad>0</ns3:cad>
          </ns3:TrackPointExtension>
        </extensions>
      </trkpt>
      <trkpt lat="42.04619125463068485260009765625" lon="128.0588687025010585784912109375">
        <ele>1856</ele>
        <time>2026-10-03T07:58:12.000Z</time>
        <extensions>
          <ns3:TrackPointExtension>
            <ns3:hr>89</ns3:hr>
            <ns3:cad>0</ns3:cad>
          </ns3:TrackPointExtension>
        </extensions>
      </trkpt>
      <trkpt lat="42.0470152795314788818359375" lon="128.05894531309604644775390625">
        <ele>1855.199951171875</ele>
        <time>2026-10-03T07:58:19.000Z</time>
        <extensions>
          <ns3:TrackPointExtension>
            <ns3:hr>88</ns3:hr>
            <ns3:cad>0</ns3:cad>
          </ns3:TrackPointExtension>
        </extensions>
      </trkpt>
      <trkpt lat="42.04739774577319622039794921875" lon="128.0588626675307750701904296875">
        <ele>1854.199951171875</ele>
        <time>2026-10-03T07:58:21.000Z</time>
        <extensions>
          <ns3:TrackPointExtension>
            <ns3:hr>91</ns3:hr>
            <ns3:cad>0</ns3:cad>
          </ns3:TrackPointExtension>
        </extensions>
      </trkpt>
      <trkpt lat="42.0479911006987094879150390625" lon="128.0589230172336101531982421875">
        <ele>1851.4000244140625</ele>
        <time>2026-10-03T07:58:27.000Z</time>
        <extensions>
          <ns3:TrackPointExtension>
            <ns3:hr>96</ns3:hr>
            <ns3:cad>0</ns3:cad>
          </ns3:TrackPointExtension>
        </extensions>
      </trkpt>
      <trkpt lat="42.04830341041088104248046875" lon="128.058972470462322235107421875">
        <ele>1851.199951171875</ele>
        <time>2026-10-03T07:58:31.000Z</time>
        <extensions>
          <ns3:TrackPointExtension>
            <ns3:hr>92</ns3:hr>
            <ns3:cad>0</ns3:cad>
          </ns3:TrackPointExtension>
        </extensions>
      </trkpt>
      <trkpt lat="42.0484289713203907012939453125" lon="128.05900742299854755401611328125">
        <ele>1851</ele>
        <time>2026-10-03T07:58:32.000Z</time>
        <extensions>
          <ns3:TrackPointExtension>
            <ns3:hr>95</ns3:hr>
            <ns3:cad>0</ns3:cad>
          </ns3:TrackPointExtension>
        </extensions>
      </trkpt>
      <trkpt lat="42.048788554966449737548828125" lon="128.05910867638885974884033203125">
        <ele>1850.5999755859375</ele>
        <time>2026-10-03T07:58:35.000Z</time>
        <extensions>
          <ns3:TrackPointExtension>
            <ns3:hr>92</ns3:hr>
            <ns3:cad>0</ns3:cad>
          </ns3:TrackPointExtension>
        </extensions>
      </trkpt>
      <trkpt lat="42.0491970889270305633544921875" lon="128.05920590646564960479736328125">
        <ele>1850.800048828125</ele>
        <time>2026-10-03T07:58:38.000Z</time>
        <extensions>
          <ns3:TrackPointExtension>
            <ns3:hr>93</ns3:hr>
            <ns3:cad>0</ns3:cad>
          </ns3:TrackPointExtension>
        </extensions>
      </trkpt>
      <trkpt lat="42.049642503261566162109375" lon="128.05927480570971965789794921875">
        <ele>1850.4000244140625</ele>
        <time>2026-10-03T07:58:41.000Z</time>
        <extensions>
          <ns3:TrackPointExtension>
            <ns3:hr>95</ns3:hr>
            <ns3:cad>0</ns3:cad>
          </ns3:TrackPointExtension>
        </extensions>
      </trkpt>
      <trkpt lat="42.04984241165220737457275390625" lon="128.05932107381522655487060546875">
        <ele>1850</ele>
        <time>2026-10-03T07:58:43.000Z</time>
        <extensions>
          <ns3:TrackPointExtension>
            <ns3:hr>96</ns3:hr>
            <ns3:cad>0</ns3:cad>
          </ns3:TrackPointExtension>
        </extensions>
      </trkpt>
      <trkpt lat="42.05811182968318462371826171875" lon="128.05947613902390003204345703125">
        <ele>1747</ele>
        <time>2026-10-03T08:00:05.000Z</time>
        <extensions>
          <ns3:TrackPointExtension>
            <ns3:hr>98</ns3:hr>
            <ns3:cad>0</ns3:cad>
          </ns3:TrackPointExtension>
        </extensions>
      </trkpt>
      <trkpt lat="42.05817569978535175323486328125" lon="128.059373460710048675537109375">
        <ele>1741.4000244140625</ele>
        <time>2026-10-03T08:00:06.000Z</time>
        <extensions>
          <ns3:TrackPointExtension>
            <ns3:hr>98</ns3:hr>
            <ns3:cad>0</ns3:cad>
          </ns3:TrackPointExtension>
        </extensions>
      </trkpt>
      <trkpt lat="42.05832221545279026031494140625" lon="128.059316463768482208251953125">
        <ele>1749.199951171875</ele>
        <time>2026-10-03T08:00:07.000Z</time>
        <extensions>
          <ns3:TrackPointExtension>
            <ns3:hr>99</ns3:hr>
            <ns3:cad>0</ns3:cad>
          </ns3:TrackPointExtension>
        </extensions>
      </trkpt>
      <trkpt lat="42.05801979638636112213134765625" lon="128.05955677293241024017333984375">
        <ele>1741</ele>
        <time>2026-10-03T08:00:08.000Z</time>
        <extensions>
          <ns3:TrackPointExtension>
            <ns3:hr>99</ns3:hr>
            <ns3:cad>0</ns3:cad>
          </ns3:TrackPointExtension>
        </extensions>
      </trkpt>
      <trkpt lat="42.058059610426425933837890625" lon="128.05946524254977703094482421875">
        <ele>1754.4000244140625</ele>
        <time>2026-10-03T08:00:09.000Z</time>
        <extensions>
          <ns3:TrackPointExtension>
            <ns3:hr>99</ns3:hr>
            <ns3:cad>0</ns3:cad>
          </ns3:TrackPointExtension>
        </extensions>
      </trkpt>
      <trkpt lat="42.0580587722361087799072265625" lon="128.05943858809769153594970703125">
        <ele>1761</ele>
        <time>2026-10-03T08:00:10.000Z</time>
        <extensions>
          <ns3:TrackPointExtension>
            <ns3:hr>99</ns3:hr>
            <ns3:cad>0</ns3:cad>
          </ns3:TrackPointExtension>
        </extensions>
      </trkpt>
      <trkpt lat="42.05808408558368682861328125" lon="128.0594255961477756500244140625">
        <ele>1760.800048828125</ele>
        <time>2026-10-03T08:00:11.000Z</time>
        <extensions>
          <ns3:TrackPointExtension>
            <ns3:hr>99</ns3:hr>
            <ns3:cad>119</ns3:cad>
          </ns3:TrackPointExtension>
        </extensions>
      </trkpt>
      <trkpt lat="42.0580430142581462860107421875" lon="128.05945836938917636871337890625">
        <ele>1758.800048828125</ele>
        <time>2026-10-03T08:00:13.000Z</time>
        <extensions>
          <ns3:TrackPointExtension>
            <ns3:hr>99</ns3:hr>
            <ns3:cad>99</ns3:cad>
          </ns3:TrackPointExtension>
        </extensions>
      </trkpt>
      <trkpt lat="42.058096826076507568359375" lon="128.05939726531505584716796875">
        <ele>1760</ele>
        <time>2026-10-03T08:00:16.000Z</time>
        <extensions>
          <ns3:TrackPointExtension>
            <ns3:hr>99</ns3:hr>
            <ns3:cad>99</ns3:cad>
          </ns3:TrackPointExtension>
        </extensions>
      </trkpt>
      <trkpt lat="42.05811166204512119293212890625" lon="128.05936734192073345184326171875">
        <ele>1760.199951171875</ele>
        <time>2026-10-03T08:00:17.000Z</time>
        <extensions>
          <ns3:TrackPointExtension>
            <ns3:hr>100</ns3:hr>
            <ns3:cad>99</ns3:cad>
          </ns3:TrackPointExtension>
        </extensions>
      </trkpt>
      <trkpt lat="42.05811560153961181640625" lon="128.05930380709469318389892578125">
        <ele>1758.800048828125</ele>
        <time>2026-10-03T08:00:24.000Z</time>
        <extensions>
          <ns3:TrackPointExtension>
            <ns3:hr>99</ns3:hr>
            <ns3:cad>52</ns3:cad>
          </ns3:TrackPointExtension>
        </extensions>
      </trkpt>
      <trkpt lat="42.05810579471290111541748046875" lon="128.0592998676002025604248046875">
        <ele>1758.5999755859375</ele>
        <time>2026-10-03T08:00:25.000Z</time>
        <extensions>
          <ns3:TrackPointExtension>
            <ns3:hr>100</ns3:hr>
            <ns3:cad>52</ns3:cad>
          </ns3:TrackPointExtension>
        </extensions>
      </trkpt>
      <trkpt lat="42.05799481831490993499755859375" lon="128.05930313654243946075439453125">
        <ele>1758.5999755859375</ele>
        <time>2026-10-03T08:00:37.000Z</time>
        <extensions>
          <ns3:TrackPointExtension>
            <ns3:hr>99</ns3:hr>
            <ns3:cad>44</ns3:cad>
          </ns3:TrackPointExtension>
        </extensions>
      </trkpt>
      <trkpt lat="42.0579283498227596282958984375" lon="128.0592571198940277099609375">
        <ele>1758.5999755859375</ele>
        <time>2026-10-03T08:00:44.000Z</time>
        <extensions>
          <ns3:TrackPointExtension>
            <ns3:hr>97</ns3:hr>
            <ns3:cad>45</ns3:cad>
          </ns3:TrackPointExtension>
        </extensions>
      </trkpt>
      <trkpt lat="42.0579226501286029815673828125" lon="128.059253431856632232666015625">
        <ele>1758.5999755859375</ele>
        <time>2026-10-03T08:00:45.000Z</time>
        <extensions>
          <ns3:TrackPointExtension>
            <ns3:hr>97</ns3:hr>
            <ns3:cad>46</ns3:cad>
          </ns3:TrackPointExtension>
        </extensions>
      </trkpt>
      <trkpt lat="42.05788870342075824737548828125" lon="128.05923499166965484619140625">
        <ele>1758.800048828125</ele>
        <time>2026-10-03T08:00:51.000Z</time>
        <extensions>
          <ns3:TrackPointExtension>
            <ns3:hr>96</ns3:hr>
            <ns3:cad>46</ns3:cad>
          </ns3:TrackPointExtension>
        </extensions>
      </trkpt>
      <trkpt lat="42.057871185243129730224609375" lon="128.059176318347454071044921875">
        <ele>1759.5999755859375</ele>
        <time>2026-10-03T08:00:58.000Z</time>
        <extensions>
          <ns3:TrackPointExtension>
            <ns3:hr>97</ns3:hr>
            <ns3:cad>0</ns3:cad>
          </ns3:TrackPointExtension>
        </extensions>
      </trkpt>
      <trkpt lat="42.05786657519638538360595703125" lon="128.05916684679687023162841796875">
        <ele>1759.800048828125</ele>
        <time>2026-10-03T08:00:59.000Z</time>
        <extensions>
          <ns3:TrackPointExtension>
            <ns3:hr>97</ns3:hr>
            <ns3:cad>0</ns3:cad>
          </ns3:TrackPointExtension>
        </extensions>
      </trkpt>
      <trkpt lat="42.0578448660671710968017578125" lon="128.05914689786732196807861328125">
        <ele>1760.5999755859375</ele>
        <time>2026-10-03T08:01:03.000Z</time>
        <extensions>
          <ns3:TrackPointExtension>
            <ns3:hr>100</ns3:hr>
            <ns3:cad>86</ns3:cad>
          </ns3:TrackPointExtension>
        </extensions>
      </trkpt>
      <trkpt lat="42.0578287728130817413330078125" lon="128.05914103053510189056396484375">
        <ele>1760.800048828125</ele>
        <time>2026-10-03T08:01:07.000Z</time>
        <extensions>
          <ns3:TrackPointExtension>
            <ns3:hr>99</ns3:hr>
            <ns3:cad>0</ns3:cad>
          </ns3:TrackPointExtension>
        </extensions>
      </trkpt>
      <trkpt lat="42.05783757381141185760498046875" lon="128.0591308884322643280029296875">
        <ele>1760.800048828125</ele>
        <time>2026-10-03T08:01:10.000Z</time>
        <extensions>
          <ns3:TrackPointExtension>
            <ns3:hr>100</ns3:hr>
            <ns3:cad>0</ns3:cad>
          </ns3:TrackPointExtension>
        </extensions>
      </trkpt>
      <trkpt lat="42.0578519068658351898193359375" lon="128.05911923758685588836669921875">
        <ele>1761.4000244140625</ele>
        <time>2026-10-03T08:01:13.000Z</time>
        <extensions>
          <ns3:TrackPointExtension>
            <ns3:hr>103</ns3:hr>
            <ns3:cad>0</ns3:cad>
          </ns3:TrackPointExtension>
        </extensions>
      </trkpt>
      <trkpt lat="42.05786548554897308349609375" lon="128.0591201595962047576904296875">
        <ele>1761.4000244140625</ele>
        <time>2026-10-03T08:01:14.000Z</time>
        <extensions>
          <ns3:TrackPointExtension>
            <ns3:hr>100</ns3:hr>
            <ns3:cad>0</ns3:cad>
          </ns3:TrackPointExtension>
        </extensions>
      </trkpt>
      <trkpt lat="42.057890631258487701416015625" lon="128.05909308604896068572998046875">
        <ele>1762.4000244140625</ele>
        <time>2026-10-03T08:01:18.000Z</time>
        <extensions>
          <ns3:TrackPointExtension>
            <ns3:hr>99</ns3:hr>
            <ns3:cad>44</ns3:cad>
          </ns3:TrackPointExtension>
        </extensions>
      </trkpt>
      <trkpt lat="42.05789758823812007904052734375" lon="128.059079088270664215087890625">
        <ele>1763.4000244140625</ele>
        <time>2026-10-03T08:01:20.000Z</time>
        <extensions>
          <ns3:TrackPointExtension>
            <ns3:hr>100</ns3:hr>
            <ns3:cad>40</ns3:cad>
          </ns3:TrackPointExtension>
        </extensions>
      </trkpt>
      <trkpt lat="42.05790144391357898712158203125" lon="128.0590219236910343170166015625">
        <ele>1763.4000244140625</ele>
        <time>2026-10-03T08:01:27.000Z</time>
        <extensions>
          <ns3:TrackPointExtension>
            <ns3:hr>100</ns3:hr>
            <ns3:cad>45</ns3:cad>
          </ns3:TrackPointExtension>
        </extensions>
      </trkpt>
      <trkpt lat="42.05790680833160877227783203125" lon="128.058951683342456817626953125">
        <ele>1762.800048828125</ele>
        <time>2026-10-03T08:01:34.000Z</time>
        <extensions>
          <ns3:TrackPointExtension>
            <ns3:hr>101</ns3:hr>
            <ns3:cad>44</ns3:cad>
          </ns3:TrackPointExtension>
        </extensions>
      </trkpt>
      <trkpt lat="42.057917118072509765625" lon="128.05886610411107540130615234375">
        <ele>1763</ele>
        <time>2026-10-03T08:01:41.000Z</time>
        <extensions>
          <ns3:TrackPointExtension>
            <ns3:hr>101</ns3:hr>
            <ns3:cad>43</ns3:cad>
          </ns3:TrackPointExtension>
        </extensions>
      </trkpt>
      <trkpt lat="42.05792072229087352752685546875" lon="128.058851771056652069091796875">
        <ele>1762.5999755859375</ele>
        <time>2026-10-03T08:01:43.000Z</time>
        <extensions>
          <ns3:TrackPointExtension>
            <ns3:hr>101</ns3:hr>
            <ns3:cad>43</ns3:cad>
          </ns3:TrackPointExtension>
        </extensions>
      </trkpt>
      <trkpt lat="42.05792449414730072021484375" lon="128.0588360130786895751953125">
        <ele>1762.199951171875</ele>
        <time>2026-10-03T08:01:45.000Z</time>
        <extensions>
          <ns3:TrackPointExtension>
            <ns3:hr>101</ns3:hr>
            <ns3:cad>46</ns3:cad>
          </ns3:TrackPointExtension>
        </extensions>
      </trkpt>
      <trkpt lat="42.05793161876499652862548828125" lon="128.058819584548473358154296875">
        <ele>1761.800048828125</ele>
        <time>2026-10-03T08:01:48.000Z</time>
        <extensions>
          <ns3:TrackPointExtension>
            <ns3:hr>100</ns3:hr>
            <ns3:cad>47</ns3:cad>
          </ns3:TrackPointExtension>
        </extensions>
      </trkpt>
      <trkpt lat="42.05793011002242565155029296875" lon="128.05881011299788951873779296875">
        <ele>1761.5999755859375</ele>
        <time>2026-10-03T08:01:50.000Z</time>
        <extensions>
          <ns3:TrackPointExtension>
            <ns3:hr>100</ns3:hr>
            <ns3:cad>47</ns3:cad>
          </ns3:TrackPointExtension>
        </extensions>
      </trkpt>
      <trkpt lat="42.05793262459337711334228515625" lon="128.05880474857985973358154296875">
        <ele>1761.4000244140625</ele>
        <time>2026-10-03T08:01:51.000Z</time>
        <extensions>
          <ns3:TrackPointExtension>
            <ns3:hr>100</ns3:hr>
            <ns3:cad>47</ns3:cad>
          </ns3:TrackPointExtension>
        </extensions>
      </trkpt>
      <trkpt lat="42.0579345524311065673828125" lon="128.0587295629084110260009765625">
        <ele>1761.5999755859375</ele>
        <time>2026-10-03T08:01:59.000Z</time>
        <extensions>
          <ns3:TrackPointExtension>
            <ns3:hr>100</ns3:hr>
            <ns3:cad>52</ns3:cad>
          </ns3:TrackPointExtension>
        </extensions>
      </trkpt>
      <trkpt lat="42.057900018990039825439453125" lon="128.05865555070340633392333984375">
        <ele>1763.5999755859375</ele>
        <time>2026-10-03T08:02:05.000Z</time>
        <extensions>
          <ns3:TrackPointExtension>
            <ns3:hr>101</ns3:hr>
            <ns3:cad>46</ns3:cad>
          </ns3:TrackPointExtension>
        </extensions>
      </trkpt>
      <trkpt lat="42.05789901316165924072265625" lon="128.058638535439968109130859375">
        <ele>1763.800048828125</ele>
        <time>2026-10-03T08:02:06.000Z</time>
        <extensions>
          <ns3:TrackPointExtension>
            <ns3:hr>101</ns3:hr>
            <ns3:cad>47</ns3:cad>
          </ns3:TrackPointExtension>
        </extensions>
      </trkpt>
      <trkpt lat="42.05790010280907154083251953125" lon="128.05859905667603015899658203125">
        <ele>1764.800048828125</ele>
        <time>2026-10-03T08:02:10.000Z</time>
        <extensions>
          <ns3:TrackPointExtension>
            <ns3:hr>101</ns3:hr>
            <ns3:cad>46</ns3:cad>
          </ns3:TrackPointExtension>
        </extensions>
      </trkpt>
      <trkpt lat="42.0578700117766857147216796875" lon="128.05857927538454532623291015625">
        <ele>1765.199951171875</ele>
        <time>2026-10-03T08:02:14.000Z</time>
        <extensions>
          <ns3:TrackPointExtension>
            <ns3:hr>102</ns3:hr>
            <ns3:cad>45</ns3:cad>
          </ns3:TrackPointExtension>
        </extensions>
      </trkpt>
      <trkpt lat="42.05784813500940799713134765625" lon="128.05857156403362751007080078125">
        <ele>1765.800048828125</ele>
        <time>2026-10-03T08:02:18.000Z</time>
        <extensions>
          <ns3:TrackPointExtension>
            <ns3:hr>102</ns3:hr>
            <ns3:cad>41</ns3:cad>
          </ns3:TrackPointExtension>
        </extensions>
      </trkpt>
      <trkpt lat="42.05784779973328113555908203125" lon="128.05856770835816860198974609375">
        <ele>1766</ele>
        <time>2026-10-03T08:02:19.000Z</time>
        <extensions>
          <ns3:TrackPointExtension>
            <ns3:hr>102</ns3:hr>
            <ns3:cad>41</ns3:cad>
          </ns3:TrackPointExtension>
        </extensions>
      </trkpt>
      <trkpt lat="42.0578277669847011566162109375" lon="128.0585428141057491302490234375">
        <ele>1767.199951171875</ele>
        <time>2026-10-03T08:02:23.000Z</time>
        <extensions>
          <ns3:TrackPointExtension>
            <ns3:hr>100</ns3:hr>
            <ns3:cad>0</ns3:cad>
          </ns3:TrackPointExtension>
        </extensions>
      </trkpt>
      <trkpt lat="42.057817541062831878662109375" lon="128.05854004807770252227783203125">
        <ele>1767.4000244140625</ele>
        <time>2026-10-03T08:02:24.000Z</time>
        <extensions>
          <ns3:TrackPointExtension>
            <ns3:hr>101</ns3:hr>
            <ns3:cad>0</ns3:cad>
          </ns3:TrackPointExtension>
        </extensions>
      </trkpt>
      <trkpt lat="42.05778577364981174468994140625" lon="128.058493025600910186767578125">
        <ele>1767.199951171875</ele>
        <time>2026-10-03T08:02:32.000Z</time>
        <extensions>
          <ns3:TrackPointExtension>
            <ns3:hr>100</ns3:hr>
            <ns3:cad>68</ns3:cad>
          </ns3:TrackPointExtension>
        </extensions>
      </trkpt>
      <trkpt lat="42.0577789843082427978515625" lon="128.05849361233413219451904296875">
        <ele>1766</ele>
        <time>2026-10-03T08:02:34.000Z</time>
        <extensions>
          <ns3:TrackPointExtension>
            <ns3:hr>99</ns3:hr>
            <ns3:cad>0</ns3:cad>
          </ns3:TrackPointExtension>
        </extensions>
      </trkpt>
      <trkpt lat="42.057772614061832427978515625" lon="128.05848774500191211700439453125">
        <ele>1765</ele>
        <time>2026-10-03T08:02:36.000Z</time>
        <extensions>
          <ns3:TrackPointExtension>
            <ns3:hr>96</ns3:hr>
            <ns3:cad>66</ns3:cad>
          </ns3:TrackPointExtension>
        </extensions>
      </trkpt>
      <trkpt lat="42.0577741228044033050537109375" lon="128.05848137475550174713134765625">
        <ele>1764.800048828125</ele>
        <time>2026-10-03T08:02:37.000Z</time>
        <extensions>
          <ns3:TrackPointExtension>
            <ns3:hr>97</ns3:hr>
            <ns3:cad>68</ns3:cad>
          </ns3:TrackPointExtension>
        </extensions>
      </trkpt>
      <trkpt lat="42.05776087939739227294921875" lon="128.0584361962974071502685546875">
        <ele>1763.800048828125</ele>
        <time>2026-10-03T08:02:42.000Z</time>
        <extensions>
          <ns3:TrackPointExtension>
            <ns3:hr>100</ns3:hr>
            <ns3:cad>59</ns3:cad>
          </ns3:TrackPointExtension>
        </extensions>
      </trkpt>
      <trkpt lat="42.0577519945800304412841796875" lon="128.05843443609774112701416015625">
        <ele>1763.5999755859375</ele>
        <time>2026-10-03T08:02:43.000Z</time>
        <extensions>
          <ns3:TrackPointExtension>
            <ns3:hr>100</ns3:hr>
            <ns3:cad>59</ns3:cad>
          </ns3:TrackPointExtension>
        </extensions>
      </trkpt>
      <trkpt lat="42.057730369269847869873046875" lon="128.05841633118689060211181640625">
        <ele>1763.4000244140625</ele>
        <time>2026-10-03T08:02:49.000Z</time>
        <extensions>
          <ns3:TrackPointExtension>
            <ns3:hr>107</ns3:hr>
            <ns3:cad>0</ns3:cad>
          </ns3:TrackPointExtension>
        </extensions>
      </trkpt>
      <trkpt lat="42.05773397348821163177490234375" lon="128.0584231205284595489501953125">
        <ele>1763.800048828125</ele>
        <time>2026-10-03T08:02:50.000Z</time>
        <extensions>
          <ns3:TrackPointExtension>
            <ns3:hr>111</ns3:hr>
            <ns3:cad>0</ns3:cad>
          </ns3:TrackPointExtension>
        </extensions>
      </trkpt>
      <trkpt lat="42.0577399246394634246826171875" lon="128.0584217794239521026611328125">
        <ele>1764</ele>
        <time>2026-10-03T08:02:51.000Z</time>
        <extensions>
          <ns3:TrackPointExtension>
            <ns3:hr>115</ns3:hr>
            <ns3:cad>0</ns3:cad>
          </ns3:TrackPointExtension>
        </extensions>
      </trkpt>
      <trkpt lat="42.0577422715723514556884765625" lon="128.05842119269073009490966796875">
        <ele>1764</ele>
        <time>2026-10-03T08:02:52.000Z</time>
        <extensions>
          <ns3:TrackPointExtension>
            <ns3:hr>118</ns3:hr>
            <ns3:cad>0</ns3:cad>
          </ns3:TrackPointExtension>
        </extensions>
      </trkpt>
      <trkpt lat="42.05773514695465564727783203125" lon="128.0584227852523326873779296875">
        <ele>1764.199951171875</ele>
        <time>2026-10-03T08:02:53.000Z</time>
        <extensions>
          <ns3:TrackPointExtension>
            <ns3:hr>121</ns3:hr>
            <ns3:cad>0</ns3:cad>
          </ns3:TrackPointExtension>
        </extensions>
      </trkpt>
      <trkpt lat="42.05772575922310352325439453125" lon="128.05842588655650615692138671875">
        <ele>1764.4000244140625</ele>
        <time>2026-10-03T08:02:54.000Z</time>
        <extensions>
          <ns3:TrackPointExtension>
            <ns3:hr>125</ns3:hr>
            <ns3:cad>0</ns3:cad>
          </ns3:TrackPointExtension>
        </extensions>
      </trkpt>
      <trkpt lat="42.05771955661475658416748046875" lon="128.0584278143942356109619140625">
        <ele>1764.800048828125</ele>
        <time>2026-10-03T08:02:55.000Z</time>
        <extensions>
          <ns3:TrackPointExtension>
            <ns3:hr>127</ns3:hr>
            <ns3:cad>0</ns3:cad>
          </ns3:TrackPointExtension>
        </extensions>
      </trkpt>
      <trkpt lat="42.05770363099873065948486328125" lon="128.05841046385467052459716796875">
        <ele>1766.199951171875</ele>
        <time>2026-10-03T08:02:58.000Z</time>
        <extensions>
          <ns3:TrackPointExtension>
            <ns3:hr>125</ns3:hr>
            <ns3:cad>73</ns3:cad>
          </ns3:TrackPointExtension>
        </extensions>
      </trkpt>
      <trkpt lat="42.057689130306243896484375" lon="128.05839772336184978485107421875">
        <ele>1767.199951171875</ele>
        <time>2026-10-03T08:03:00.000Z</time>
        <extensions>
          <ns3:TrackPointExtension>
            <ns3:hr>124</ns3:hr>
            <ns3:cad>74</ns3:cad>
          </ns3:TrackPointExtension>
        </extensions>
      </trkpt>
      <trkpt lat="42.0576862804591655731201171875" lon="128.05839001201093196868896484375">
        <ele>1767.800048828125</ele>
        <time>2026-10-03T08:03:01.000Z</time>
        <extensions>
          <ns3:TrackPointExtension>
            <ns3:hr>127</ns3:hr>
            <ns3:cad>74</ns3:cad>
          </ns3:TrackPointExtension>
        </extensions>
      </trkpt>
      <trkpt lat="42.0576775632798671722412109375" lon="128.05838406085968017578125">
        <ele>1768.4000244140625</ele>
        <time>2026-10-03T08:03:02.000Z</time>
        <extensions>
          <ns3:TrackPointExtension>
            <ns3:hr>126</ns3:hr>
            <ns3:cad>74</ns3:cad>
          </ns3:TrackPointExtension>
        </extensions>
      </trkpt>
      <trkpt lat="42.05767094157636165618896484375" lon="128.058381713926792144775390625">
        <ele>1768.800048828125</ele>
        <time>2026-10-03T08:03:03.000Z</time>
        <extensions>
          <ns3:TrackPointExtension>
            <ns3:hr>119</ns3:hr>
            <ns3:cad>74</ns3:cad>
          </ns3:TrackPointExtension>
        </extensions>
      </trkpt>
      <trkpt lat="42.057668678462505340576171875" lon="128.0583808757364749908447265625">
        <ele>1769.199951171875</ele>
        <time>2026-10-03T08:03:04.000Z</time>
        <extensions>
          <ns3:TrackPointExtension>
            <ns3:hr>119</ns3:hr>
            <ns3:cad>40</ns3:cad>
          </ns3:TrackPointExtension>
        </extensions>
      </trkpt>
      <trkpt lat="42.0576587878167629241943359375" lon="128.058384396135807037353515625">
        <ele>1769.4000244140625</ele>
        <time>2026-10-03T08:03:05.000Z</time>
        <extensions>
          <ns3:TrackPointExtension>
            <ns3:hr>117</ns3:hr>
            <ns3:cad>40</ns3:cad>
          </ns3:TrackPointExtension>
        </extensions>
      </trkpt>
      <trkpt lat="42.0576497353613376617431640625" lon="128.05837266147136688232421875">
        <ele>1770</ele>
        <time>2026-10-03T08:03:07.000Z</time>
        <extensions>
          <ns3:TrackPointExtension>
            <ns3:hr>115</ns3:hr>
            <ns3:cad>0</ns3:cad>
          </ns3:TrackPointExtension>
        </extensions>
      </trkpt>
      <trkpt lat="42.0575912296772003173828125" lon="128.05833703838288784027099609375">
        <ele>1770</ele>
        <time>2026-10-03T08:03:15.000Z</time>
        <extensions>
          <ns3:TrackPointExtension>
            <ns3:hr>113</ns3:hr>
            <ns3:cad>0</ns3:cad>
          </ns3:TrackPointExtension>
        </extensions>
      </trkpt>
      <trkpt lat="42.05758863128721714019775390625" lon="128.05834609083831310272216796875">
        <ele>1770.5999755859375</ele>
        <time>2026-10-03T08:03:19.000Z</time>
        <extensions>
          <ns3:TrackPointExtension>
            <ns3:hr>111</ns3:hr>
            <ns3:cad>41</ns3:cad>
          </ns3:TrackPointExtension>
        </extensions>
      </trkpt>
      <trkpt lat="42.05759148113429546356201171875" lon="128.05833351798355579376220703125">
        <ele>1772.4000244140625</ele>
        <time>2026-10-03T08:03:22.000Z</time>
        <extensions>
          <ns3:TrackPointExtension>
            <ns3:hr>111</ns3:hr>
            <ns3:cad>72</ns3:cad>
          </ns3:TrackPointExtension>
        </extensions>
      </trkpt>
      <trkpt lat="42.05758276395499706268310546875" lon="128.05833888240158557891845703125">
        <ele>1774</ele>
        <time>2026-10-03T08:03:24.000Z</time>
        <extensions>
          <ns3:TrackPointExtension>
            <ns3:hr>113</ns3:hr>
            <ns3:cad>72</ns3:cad>
          </ns3:TrackPointExtension>
        </extensions>
      </trkpt>
      <trkpt lat="42.0575644075870513916015625" lon="128.05832815356552600860595703125">
        <ele>1775</ele>
        <time>2026-10-03T08:03:26.000Z</time>
        <extensions>
          <ns3:TrackPointExtension>
            <ns3:hr>110</ns3:hr>
            <ns3:cad>77</ns3:cad>
          </ns3:TrackPointExtension>
        </extensions>
      </trkpt>
      <trkpt lat="42.05756180919706821441650390625" lon="128.05831055156886577606201171875">
        <ele>1775.800048828125</ele>
        <time>2026-10-03T08:03:28.000Z</time>
        <extensions>
          <ns3:TrackPointExtension>
            <ns3:hr>110</ns3:hr>
            <ns3:cad>76</ns3:cad>
          </ns3:TrackPointExtension>
        </extensions>
      </trkpt>
      <trkpt lat="42.05756465904414653778076171875" lon="128.05828892625868320465087890625">
        <ele>1776</ele>
        <time>2026-10-03T08:03:30.000Z</time>
        <extensions>
          <ns3:TrackPointExtension>
            <ns3:hr>109</ns3:hr>
            <ns3:cad>76</ns3:cad>
          </ns3:TrackPointExtension>
        </extensions>
      </trkpt>
      <trkpt lat="42.05756113864481449127197265625" lon="128.05828339420258998870849609375">
        <ele>1776.199951171875</ele>
        <time>2026-10-03T08:03:32.000Z</time>
        <extensions>
          <ns3:TrackPointExtension>
            <ns3:hr>109</ns3:hr>
            <ns3:cad>40</ns3:cad>
          </ns3:TrackPointExtension>
        </extensions>
      </trkpt>
      <trkpt lat="42.0575565285980701446533203125" lon="128.05828037671744823455810546875">
        <ele>1776.199951171875</ele>
        <time>2026-10-03T08:03:33.000Z</time>
        <extensions>
          <ns3:TrackPointExtension>
            <ns3:hr>109</ns3:hr>
            <ns3:cad>40</ns3:cad>
          </ns3:TrackPointExtension>
        </extensions>
      </trkpt>
      <trkpt lat="42.05754303373396396636962890625" lon="128.0582752637565135955810546875">
        <ele>1775.5999755859375</ele>
        <time>2026-10-03T08:03:35.000Z</time>
        <extensions>
          <ns3:TrackPointExtension>
            <ns3:hr>108</ns3:hr>
            <ns3:cad>40</ns3:cad>
          </ns3:TrackPointExtension>
        </extensions>
      </trkpt>
      <trkpt lat="42.05754035152494907379150390625" lon="128.05826193653047084808349609375">
        <ele>1775.199951171875</ele>
        <time>2026-10-03T08:03:39.000Z</time>
        <extensions>
          <ns3:TrackPointExtension>
            <ns3:hr>106</ns3:hr>
            <ns3:cad>71</ns3:cad>
          </ns3:TrackPointExtension>
        </extensions>
      </trkpt>
      <trkpt lat="42.05749802291393280029296875" lon="128.0582507885992527008056640625">
        <ele>1775.4000244140625</ele>
        <time>2026-10-03T08:03:43.000Z</time>
        <extensions>
          <ns3:TrackPointExtension>
            <ns3:hr>108</ns3:hr>
            <ns3:cad>41</ns3:cad>
          </ns3:TrackPointExtension>
        </extensions>
      </trkpt>
      <trkpt lat="42.05747899599373340606689453125" lon="128.05823980830609798431396484375">
        <ele>1776.800048828125</ele>
        <time>2026-10-03T08:03:48.000Z</time>
        <extensions>
          <ns3:TrackPointExtension>
            <ns3:hr>106</ns3:hr>
            <ns3:cad>77</ns3:cad>
          </ns3:TrackPointExtension>
        </extensions>
      </trkpt>
      <trkpt lat="42.05746809951961040496826171875" lon="128.05823452770709991455078125">
        <ele>1777.199951171875</ele>
        <time>2026-10-03T08:03:49.000Z</time>
        <extensions>
          <ns3:TrackPointExtension>
            <ns3:hr>106</ns3:hr>
            <ns3:cad>77</ns3:cad>
          </ns3:TrackPointExtension>
        </extensions>
      </trkpt>
      <trkpt lat="42.05746441148221492767333984375" lon="128.05822522379457950592041015625">
        <ele>1777.4000244140625</ele>
        <time>2026-10-03T08:03:50.000Z</time>
        <extensions>
          <ns3:TrackPointExtension>
            <ns3:hr>107</ns3:hr>
            <ns3:cad>77</ns3:cad>
          </ns3:TrackPointExtension>
        </extensions>
      </trkpt>
      <trkpt lat="42.05746005289256572723388671875" lon="128.0582072027027606964111328125">
        <ele>1777.800048828125</ele>
        <time>2026-10-03T08:03:53.000Z</time>
        <extensions>
          <ns3:TrackPointExtension>
            <ns3:hr>107</ns3:hr>
            <ns3:cad>0</ns3:cad>
          </ns3:TrackPointExtension>
        </extensions>
      </trkpt>
      <trkpt lat="42.057453431189060211181640625" lon="128.05821147747337818145751953125">
        <ele>1777.5999755859375</ele>
        <time>2026-10-03T08:03:56.000Z</time>
        <extensions>
          <ns3:TrackPointExtension>
            <ns3:hr>107</ns3:hr>
            <ns3:cad>42</ns3:cad>
          </ns3:TrackPointExtension>
        </extensions>
      </trkpt>
      <trkpt lat="42.0574418641626834869384765625" lon="128.05819563567638397216796875">
        <ele>1777.199951171875</ele>
        <time>2026-10-03T08:03:59.000Z</time>
        <extensions>
          <ns3:TrackPointExtension>
            <ns3:hr>107</ns3:hr>
            <ns3:cad>77</ns3:cad>
          </ns3:TrackPointExtension>
        </extensions>
      </trkpt>
      <trkpt lat="42.057434655725955963134765625" lon="128.0581911094486713409423828125">
        <ele>1777</ele>
        <time>2026-10-03T08:04:01.000Z</time>
        <extensions>
          <ns3:TrackPointExtension>
            <ns3:hr>107</ns3:hr>
            <ns3:cad>77</ns3:cad>
          </ns3:TrackPointExtension>
        </extensions>
      </trkpt>
      <trkpt lat="42.05743968486785888671875" lon="128.0581917800009250640869140625">
        <ele>1777</ele>
        <time>2026-10-03T08:04:03.000Z</time>
        <extensions>
          <ns3:TrackPointExtension>
            <ns3:hr>107</ns3:hr>
            <ns3:cad>0</ns3:cad>
          </ns3:TrackPointExtension>
        </extensions>
      </trkpt>
      <trkpt lat="42.05743926577270030975341796875" lon="128.058185577392578125">
        <ele>1777.4000244140625</ele>
        <time>2026-10-03T08:04:04.000Z</time>
        <extensions>
          <ns3:TrackPointExtension>
            <ns3:hr>107</ns3:hr>
            <ns3:cad>0</ns3:cad>
          </ns3:TrackPointExtension>
        </extensions>
      </trkpt>
      <trkpt lat="42.05742568708956241607666015625" lon="128.05814827792346477508544921875">
        <ele>1778.199951171875</ele>
        <time>2026-10-03T08:04:10.000Z</time>
        <extensions>
          <ns3:TrackPointExtension>
            <ns3:hr>108</ns3:hr>
            <ns3:cad>0</ns3:cad>
          </ns3:TrackPointExtension>
        </extensions>
      </trkpt>
      <trkpt lat="42.05742300488054752349853515625" lon="128.0581388063728809356689453125">
        <ele>1778.4000244140625</ele>
        <time>2026-10-03T08:04:11.000Z</time>
        <extensions>
          <ns3:TrackPointExtension>
            <ns3:hr>108</ns3:hr>
            <ns3:cad>0</ns3:cad>
          </ns3:TrackPointExtension>
        </extensions>
      </trkpt>
      <trkpt lat="42.057423926889896392822265625" lon="128.05812296457588672637939453125">
        <ele>1779.4000244140625</ele>
        <time>2026-10-03T08:04:13.000Z</time>
        <extensions>
          <ns3:TrackPointExtension>
            <ns3:hr>108</ns3:hr>
            <ns3:cad>74</ns3:cad>
          </ns3:TrackPointExtension>
        </extensions>
      </trkpt>
      <trkpt lat="42.05741780810058116912841796875" lon="128.05812212638556957244873046875">
        <ele>1781.199951171875</ele>
        <time>2026-10-03T08:04:15.000Z</time>
        <extensions>
          <ns3:TrackPointExtension>
            <ns3:hr>108</ns3:hr>
            <ns3:cad>72</ns3:cad>
          </ns3:TrackPointExtension>
        </extensions>
      </trkpt>
      <trkpt lat="42.05741730518639087677001953125" lon="128.05812899954617023468017578125">
        <ele>1782</ele>
        <time>2026-10-03T08:04:16.000Z</time>
        <extensions>
          <ns3:TrackPointExtension>
            <ns3:hr>108</ns3:hr>
            <ns3:cad>72</ns3:cad>
          </ns3:TrackPointExtension>
        </extensions>
      </trkpt>
      <trkpt lat="42.0574190653860569000244140625" lon="128.0581284128129482269287109375">
        <ele>1782.800048828125</ele>
        <time>2026-10-03T08:04:17.000Z</time>
        <extensions>
          <ns3:TrackPointExtension>
            <ns3:hr>108</ns3:hr>
            <ns3:cad>72</ns3:cad>
          </ns3:TrackPointExtension>
        </extensions>
      </trkpt>
      <trkpt lat="42.057415544986724853515625" lon="128.0581243894994258880615234375">
        <ele>1783.4000244140625</ele>
        <time>2026-10-03T08:04:18.000Z</time>
        <extensions>
          <ns3:TrackPointExtension>
            <ns3:hr>108</ns3:hr>
            <ns3:cad>72</ns3:cad>
          </ns3:TrackPointExtension>
        </extensions>
      </trkpt>
      <trkpt lat="42.05740489996969699859619140625" lon="128.05812078528106212615966796875">
        <ele>1784</ele>
        <time>2026-10-03T08:04:19.000Z</time>
        <extensions>
          <ns3:TrackPointExtension>
            <ns3:hr>110</ns3:hr>
            <ns3:cad>72</ns3:cad>
          </ns3:TrackPointExtension>
        </extensions>
      </trkpt>
      <trkpt lat="42.0574046485126018524169921875" lon="128.05810838006436824798583984375">
        <ele>1784.4000244140625</ele>
        <time>2026-10-03T08:04:20.000Z</time>
        <extensions>
          <ns3:TrackPointExtension>
            <ns3:hr>113</ns3:hr>
            <ns3:cad>0</ns3:cad>
          </ns3:TrackPointExtension>
        </extensions>
      </trkpt>
      <trkpt lat="42.05740305595099925994873046875" lon="128.05810066871345043182373046875">
        <ele>1785</ele>
        <time>2026-10-03T08:04:22.000Z</time>
        <extensions>
          <ns3:TrackPointExtension>
            <ns3:hr>120</ns3:hr>
            <ns3:cad>72</ns3:cad>
          </ns3:TrackPointExtension>
        </extensions>
      </trkpt>
      <trkpt lat="42.05740573816001415252685546875" lon="128.05808968842029571533203125">
        <ele>1785.199951171875</ele>
        <time>2026-10-03T08:04:23.000Z</time>
        <extensions>
          <ns3:TrackPointExtension>
            <ns3:hr>119</ns3:hr>
            <ns3:cad>72</ns3:cad>
          </ns3:TrackPointExtension>
        </extensions>
      </trkpt>
      <trkpt lat="42.05740774981677532196044921875" lon="128.05807703174650669097900390625">
        <ele>1785.4000244140625</ele>
        <time>2026-10-03T08:04:24.000Z</time>
        <extensions>
          <ns3:TrackPointExtension>
            <ns3:hr>122</ns3:hr>
            <ns3:cad>0</ns3:cad>
          </ns3:TrackPointExtension>
        </extensions>
      </trkpt>
      <trkpt lat="42.05740816891193389892578125" lon="128.05805691517889499664306640625">
        <ele>1786</ele>
        <time>2026-10-03T08:04:26.000Z</time>
        <extensions>
          <ns3:TrackPointExtension>
            <ns3:hr>127</ns3:hr>
            <ns3:cad>0</ns3:cad>
          </ns3:TrackPointExtension>
        </extensions>
      </trkpt>
      <trkpt lat="42.0574195683002471923828125" lon="128.05804434232413768768310546875">
        <ele>1786.4000244140625</ele>
        <time>2026-10-03T08:04:27.000Z</time>
        <extensions>
          <ns3:TrackPointExtension>
            <ns3:hr>131</ns3:hr>
            <ns3:cad>75</ns3:cad>
          </ns3:TrackPointExtension>
        </extensions>
      </trkpt>
      <trkpt lat="42.05742694437503814697265625" lon="128.05803579278290271759033203125">
        <ele>1786.5999755859375</ele>
        <time>2026-10-03T08:04:28.000Z</time>
        <extensions>
          <ns3:TrackPointExtension>
            <ns3:hr>131</ns3:hr>
            <ns3:cad>77</ns3:cad>
          </ns3:TrackPointExtension>
        </extensions>
      </trkpt>
      <trkpt lat="42.057450748980045318603515625" lon="128.05795490741729736328125">
        <ele>1786.4000244140625</ele>
        <time>2026-10-03T08:04:34.000Z</time>
        <extensions>
          <ns3:TrackPointExtension>
            <ns3:hr>134</ns3:hr>
            <ns3:cad>71</ns3:cad>
          </ns3:TrackPointExtension>
        </extensions>
      </trkpt>
      <trkpt lat="42.05746826715767383575439453125" lon="128.05793546140193939208984375">
        <ele>1786.199951171875</ele>
        <time>2026-10-03T08:04:35.000Z</time>
        <extensions>
          <ns3:TrackPointExtension>
            <ns3:hr>136</ns3:hr>
            <ns3:cad>71</ns3:cad>
          </ns3:TrackPointExtension>
        </extensions>
      </trkpt>
      <trkpt lat="42.0574663393199443817138671875" lon="128.057879470288753509521484375">
        <ele>1785.5999755859375</ele>
        <time>2026-10-03T08:04:39.000Z</time>
        <extensions>
          <ns3:TrackPointExtension>
            <ns3:hr>139</ns3:hr>
            <ns3:cad>43</ns3:cad>
          </ns3:TrackPointExtension>
        </extensions>
      </trkpt>
      <trkpt lat="42.05746424384415149688720703125" lon="128.0578565038740634918212890625">
        <ele>1785.5999755859375</ele>
        <time>2026-10-03T08:04:41.000Z</time>
        <extensions>
          <ns3:TrackPointExtension>
            <ns3:hr>139</ns3:hr>
            <ns3:cad>43</ns3:cad>
          </ns3:TrackPointExtension>
        </extensions>
      </trkpt>
      <trkpt lat="42.05747296102344989776611328125" lon="128.05783345364034175872802734375">
        <ele>1784.4000244140625</ele>
        <time>2026-10-03T08:04:43.000Z</time>
        <extensions>
          <ns3:TrackPointExtension>
            <ns3:hr>141</ns3:hr>
            <ns3:cad>44</ns3:cad>
          </ns3:TrackPointExtension>
        </extensions>
      </trkpt>
      <trkpt lat="42.05747161991894245147705078125" lon="128.05780713446438312530517578125">
        <ele>1783</ele>
        <time>2026-10-03T08:04:45.000Z</time>
        <extensions>
          <ns3:TrackPointExtension>
            <ns3:hr>144</ns3:hr>
            <ns3:cad>44</ns3:cad>
          </ns3:TrackPointExtension>
        </extensions>
      </trkpt>
      <trkpt lat="42.057486958801746368408203125" lon="128.05779037065804004669189453125">
        <ele>1782</ele>
        <time>2026-10-03T08:04:47.000Z</time>
        <extensions>
          <ns3:TrackPointExtension>
            <ns3:hr>146</ns3:hr>
            <ns3:cad>44</ns3:cad>
          </ns3:TrackPointExtension>
        </extensions>
      </trkpt>
      <trkpt lat="42.05749810673296451568603515625" lon="128.05778483860194683074951171875">
        <ele>1781.5999755859375</ele>
        <time>2026-10-03T08:04:48.000Z</time>
        <extensions>
          <ns3:TrackPointExtension>
            <ns3:hr>146</ns3:hr>
            <ns3:cad>44</ns3:cad>
          </ns3:TrackPointExtension>
        </extensions>
      </trkpt>
      <trkpt lat="42.05751419998705387115478515625" lon="128.0577671527862548828125">
        <ele>1781</ele>
        <time>2026-10-03T08:04:51.000Z</time>
        <extensions>
          <ns3:TrackPointExtension>
            <ns3:hr>148</ns3:hr>
            <ns3:cad>45</ns3:cad>
          </ns3:TrackPointExtension>
        </extensions>
      </trkpt>
      <trkpt lat="42.057519815862178802490234375" lon="128.0577518977224826812744140625">
        <ele>1781</ele>
        <time>2026-10-03T08:04:52.000Z</time>
        <extensions>
          <ns3:TrackPointExtension>
            <ns3:hr>148</ns3:hr>
            <ns3:cad>45</ns3:cad>
          </ns3:TrackPointExtension>
        </extensions>
      </trkpt>
      <trkpt lat="42.05752551555633544921875" lon="128.05774292908608913421630859375">
        <ele>1781</ele>
        <time>2026-10-03T08:04:53.000Z</time>
        <extensions>
          <ns3:TrackPointExtension>
            <ns3:hr>148</ns3:hr>
            <ns3:cad>0</ns3:cad>
          </ns3:TrackPointExtension>
        </extensions>
      </trkpt>
      <trkpt lat="42.0575407706201076507568359375" lon="128.05773320607841014862060546875">
        <ele>1781.199951171875</ele>
        <time>2026-10-03T08:04:55.000Z</time>
        <extensions>
          <ns3:TrackPointExtension>
            <ns3:hr>148</ns3:hr>
            <ns3:cad>0</ns3:cad>
          </ns3:TrackPointExtension>
        </extensions>
      </trkpt>
      <trkpt lat="42.0575628988444805145263671875" lon="128.0577274225652217864990234375">
        <ele>1782</ele>
        <time>2026-10-03T08:05:00.000Z</time>
        <extensions>
          <ns3:TrackPointExtension>
            <ns3:hr>146</ns3:hr>
            <ns3:cad>0</ns3:cad>
          </ns3:TrackPointExtension>
        </extensions>
      </trkpt>
      <trkpt lat="42.05757186748087406158447265625" lon="128.05774100124835968017578125">
        <ele>1782.5999755859375</ele>
        <time>2026-10-03T08:05:02.000Z</time>
        <extensions>
          <ns3:TrackPointExtension>
            <ns3:hr>146</ns3:hr>
            <ns3:cad>0</ns3:cad>
          </ns3:TrackPointExtension>
        </extensions>
      </trkpt>
      <trkpt lat="42.05756868235766887664794921875" lon="128.05771526880562305450439453125">
        <ele>1783.199951171875</ele>
        <time>2026-10-03T08:05:05.000Z</time>
        <extensions>
          <ns3:TrackPointExtension>
            <ns3:hr>143</ns3:hr>
            <ns3:cad>0</ns3:cad>
          </ns3:TrackPointExtension>
        </extensions>
      </trkpt>
      <trkpt lat="42.05754420720040798187255859375" lon="128.05774745531380176544189453125">
        <ele>1784.199951171875</ele>
        <time>2026-10-03T08:05:08.000Z</time>
        <extensions>
          <ns3:TrackPointExtension>
            <ns3:hr>140</ns3:hr>
            <ns3:cad>0</ns3:cad>
          </ns3:TrackPointExtension>
        </extensions>
      </trkpt>
      <trkpt lat="42.05755493603646755218505859375" lon="128.0577502213418483734130859375">
        <ele>1785.5999755859375</ele>
        <time>2026-10-03T08:05:11.000Z</time>
        <extensions>
          <ns3:TrackPointExtension>
            <ns3:hr>138</ns3:hr>
            <ns3:cad>0</ns3:cad>
          </ns3:TrackPointExtension>
        </extensions>
      </trkpt>
      <trkpt lat="42.05755493603646755218505859375" lon="128.0577502213418483734130859375">
        <ele>1786.800048828125</ele>
        <time>2026-10-03T08:05:15.000Z</time>
        <extensions>
          <ns3:TrackPointExtension>
            <ns3:hr>137</ns3:hr>
            <ns3:cad>0</ns3:cad>
          </ns3:TrackPointExtension>
        </extensions>
      </trkpt>
      <trkpt lat="42.05758226104080677032470703125" lon="128.0576623789966106414794921875">
        <ele>1787.4000244140625</ele>
        <time>2026-10-03T08:05:25.000Z</time>
        <extensions>
          <ns3:TrackPointExtension>
            <ns3:hr>135</ns3:hr>
            <ns3:cad>49</ns3:cad>
          </ns3:TrackPointExtension>
        </extensions>
      </trkpt>
      <trkpt lat="42.05760740675032138824462890625" lon="128.05760420858860015869140625">
        <ele>1787.4000244140625</ele>
        <time>2026-10-03T08:05:28.000Z</time>
        <extensions>
          <ns3:TrackPointExtension>
            <ns3:hr>135</ns3:hr>
            <ns3:cad>47</ns3:cad>
          </ns3:TrackPointExtension>
        </extensions>
      </trkpt>
      <trkpt lat="42.0576180517673492431640625" lon="128.057550229132175445556640625">
        <ele>1787.199951171875</ele>
        <time>2026-10-03T08:05:31.000Z</time>
        <extensions>
          <ns3:TrackPointExtension>
            <ns3:hr>135</ns3:hr>
            <ns3:cad>47</ns3:cad>
          </ns3:TrackPointExtension>
        </extensions>
      </trkpt>
      <trkpt lat="42.05762316472828388214111328125" lon="128.05752902291715145111083984375">
        <ele>1786.199951171875</ele>
        <time>2026-10-03T08:05:34.000Z</time>
        <extensions>
          <ns3:TrackPointExtension>
            <ns3:hr>133</ns3:hr>
            <ns3:cad>45</ns3:cad>
          </ns3:TrackPointExtension>
        </extensions>
      </trkpt>
      <trkpt lat="42.05762668512761592864990234375" lon="128.05752365849912166595458984375">
        <ele>1785.800048828125</ele>
        <time>2026-10-03T08:05:35.000Z</time>
        <extensions>
          <ns3:TrackPointExtension>
            <ns3:hr>133</ns3:hr>
            <ns3:cad>45</ns3:cad>
          </ns3:TrackPointExtension>
        </extensions>
      </trkpt>
      <trkpt lat="42.0576316304504871368408203125" lon="128.05751703679561614990234375">
        <ele>1785.5999755859375</ele>
        <time>2026-10-03T08:05:36.000Z</time>
        <extensions>
          <ns3:TrackPointExtension>
            <ns3:hr>132</ns3:hr>
            <ns3:cad>0</ns3:cad>
          </ns3:TrackPointExtension>
        </extensions>
      </trkpt>
      <trkpt lat="42.05763406120240688323974609375" lon="128.0575108341872692108154296875">
        <ele>1785.4000244140625</ele>
        <time>2026-10-03T08:05:37.000Z</time>
        <extensions>
          <ns3:TrackPointExtension>
            <ns3:hr>132</ns3:hr>
            <ns3:cad>46</ns3:cad>
          </ns3:TrackPointExtension>
        </extensions>
      </trkpt>
      <trkpt lat="42.05763741396367549896240234375" lon="128.05750320665538311004638671875">
        <ele>1785.199951171875</ele>
        <time>2026-10-03T08:05:38.000Z</time>
        <extensions>
          <ns3:TrackPointExtension>
            <ns3:hr>132</ns3:hr>
            <ns3:cad>46</ns3:cad>
          </ns3:TrackPointExtension>
        </extensions>
      </trkpt>
      <trkpt lat="42.05765048973262310028076171875" lon="128.05746833793818950653076171875">
        <ele>1784.5999755859375</ele>
        <time>2026-10-03T08:05:41.000Z</time>
        <extensions>
          <ns3:TrackPointExtension>
            <ns3:hr>132</ns3:hr>
            <ns3:cad>47</ns3:cad>
          </ns3:TrackPointExtension>
        </extensions>
      </trkpt>
      <trkpt lat="42.05765568651258945465087890625" lon="128.0574397556483745574951171875">
        <ele>1784.5999755859375</ele>
        <time>2026-10-03T08:05:43.000Z</time>
        <extensions>
          <ns3:TrackPointExtension>
            <ns3:hr>132</ns3:hr>
            <ns3:cad>47</ns3:cad>
          </ns3:TrackPointExtension>
        </extensions>
      </trkpt>
      <trkpt lat="42.05766088329255580902099609375" lon="128.05742391385138034820556640625">
        <ele>1784.5999755859375</ele>
        <time>2026-10-03T08:05:44.000Z</time>
        <extensions>
          <ns3:TrackPointExtension>
            <ns3:hr>132</ns3:hr>
            <ns3:cad>47</ns3:cad>
          </ns3:TrackPointExtension>
        </extensions>
      </trkpt>
      <trkpt lat="42.05766943283379077911376953125" lon="128.05740899406373500823974609375">
        <ele>1784.800048828125</ele>
        <time>2026-10-03T08:05:45.000Z</time>
        <extensions>
          <ns3:TrackPointExtension>
            <ns3:hr>132</ns3:hr>
            <ns3:cad>0</ns3:cad>
          </ns3:TrackPointExtension>
        </extensions>
      </trkpt>
      <trkpt lat="42.05768569372594356536865234375" lon="128.05738870985805988311767578125">
        <ele>1785</ele>
        <time>2026-10-03T08:05:49.000Z</time>
        <extensions>
          <ns3:TrackPointExtension>
            <ns3:hr>131</ns3:hr>
            <ns3:cad>0</ns3:cad>
          </ns3:TrackPointExtension>
        </extensions>
      </trkpt>
      <trkpt lat="42.0576990209519863128662109375" lon="128.0573659949004650115966796875">
        <ele>1785.199951171875</ele>
        <time>2026-10-03T08:05:51.000Z</time>
        <extensions>
          <ns3:TrackPointExtension>
            <ns3:hr>130</ns3:hr>
            <ns3:cad>0</ns3:cad>
          </ns3:TrackPointExtension>
        </extensions>
      </trkpt>
      <trkpt lat="42.05769918859004974365234375" lon="128.05735199712216854095458984375">
        <ele>1785.800048828125</ele>
        <time>2026-10-03T08:05:53.000Z</time>
        <extensions>
          <ns3:TrackPointExtension>
            <ns3:hr>129</ns3:hr>
            <ns3:cad>0</ns3:cad>
          </ns3:TrackPointExtension>
        </extensions>
      </trkpt>
      <trkpt lat="42.05769726075232028961181640625" lon="128.05734135210514068603515625">
        <ele>1786.800048828125</ele>
        <time>2026-10-03T08:05:56.000Z</time>
        <extensions>
          <ns3:TrackPointExtension>
            <ns3:hr>128</ns3:hr>
            <ns3:cad>0</ns3:cad>
          </ns3:TrackPointExtension>
        </extensions>
      </trkpt>
      <trkpt lat="42.05768435262143611907958984375" lon="128.0573274381458759307861328125">
        <ele>1787.199951171875</ele>
        <time>2026-10-03T08:05:58.000Z</time>
        <extensions>
          <ns3:TrackPointExtension>
            <ns3:hr>127</ns3:hr>
            <ns3:cad>0</ns3:cad>
          </ns3:TrackPointExtension>
        </extensions>
      </trkpt>
      <trkpt lat="42.05768083222210407257080078125" lon="128.057337664067745208740234375">
        <ele>1785.199951171875</ele>
        <time>2026-10-03T08:06:03.000Z</time>
        <extensions>
          <ns3:TrackPointExtension>
            <ns3:hr>127</ns3:hr>
            <ns3:cad>0</ns3:cad>
          </ns3:TrackPointExtension>
        </extensions>
      </trkpt>
      <trkpt lat="42.05768384970724582672119140625" lon="128.05733690969645977020263671875">
        <ele>1783.4000244140625</ele>
        <time>2026-10-03T08:06:05.000Z</time>
        <extensions>
          <ns3:TrackPointExtension>
            <ns3:hr>127</ns3:hr>
            <ns3:cad>0</ns3:cad>
          </ns3:TrackPointExtension>
        </extensions>
      </trkpt>
      <trkpt lat="42.05770991742610931396484375" lon="128.05730707012116909027099609375">
        <ele>1782.4000244140625</ele>
        <time>2026-10-03T08:06:07.000Z</time>
        <extensions>
          <ns3:TrackPointExtension>
            <ns3:hr>128</ns3:hr>
            <ns3:cad>0</ns3:cad>
          </ns3:TrackPointExtension>
        </extensions>
      </trkpt>
      <trkpt lat="42.05770991742610931396484375" lon="128.05730707012116909027099609375">
        <ele>1781.4000244140625</ele>
        <time>2026-10-03T08:06:09.000Z</time>
        <extensions>
          <ns3:TrackPointExtension>
            <ns3:hr>128</ns3:hr>
            <ns3:cad>0</ns3:cad>
          </ns3:TrackPointExtension>
        </extensions>
      </trkpt>
      <trkpt lat="42.05770991742610931396484375" lon="128.05730707012116909027099609375">
        <ele>1780.199951171875</ele>
        <time>2026-10-03T08:06:11.000Z</time>
        <extensions>
          <ns3:TrackPointExtension>
            <ns3:hr>127</ns3:hr>
            <ns3:cad>0</ns3:cad>
          </ns3:TrackPointExtension>
        </extensions>
      </trkpt>
      <trkpt lat="42.05770991742610931396484375" lon="128.05730707012116909027099609375">
        <ele>1779.800048828125</ele>
        <time>2026-10-03T08:06:12.000Z</time>
        <extensions>
          <ns3:TrackPointExtension>
            <ns3:hr>124</ns3:hr>
            <ns3:cad>0</ns3:cad>
          </ns3:TrackPointExtension>
        </extensions>
      </trkpt>
      <trkpt lat="42.05770991742610931396484375" lon="128.05730707012116909027099609375">
        <ele>1779</ele>
        <time>2026-10-03T08:06:15.000Z</time>
        <extensions>
          <ns3:TrackPointExtension>
            <ns3:hr>126</ns3:hr>
            <ns3:cad>0</ns3:cad>
          </ns3:TrackPointExtension>
        </extensions>
      </trkpt>
      <trkpt lat="42.05770991742610931396484375" lon="128.05730707012116909027099609375">
        <ele>1778.800048828125</ele>
        <time>2026-10-03T08:06:19.000Z</time>
        <extensions>
          <ns3:TrackPointExtension>
            <ns3:hr>123</ns3:hr>
            <ns3:cad>0</ns3:cad>
          </ns3:TrackPointExtension>
        </extensions>
      </trkpt>
      <trkpt lat="42.05772508867084980010986328125" lon="128.0573076568543910980224609375">
        <ele>1780.199951171875</ele>
        <time>2026-10-03T08:06:24.000Z</time>
        <extensions>
          <ns3:TrackPointExtension>
            <ns3:hr>121</ns3:hr>
            <ns3:cad>0</ns3:cad>
          </ns3:TrackPointExtension>
        </extensions>
      </trkpt>
      <trkpt lat="42.05772944726049900054931640625" lon="128.057318218052387237548828125">
        <ele>1782.199951171875</ele>
        <time>2026-10-03T08:06:28.000Z</time>
        <extensions>
          <ns3:TrackPointExtension>
            <ns3:hr>120</ns3:hr>
            <ns3:cad>0</ns3:cad>
          </ns3:TrackPointExtension>
        </extensions>
      </trkpt>
      <trkpt lat="42.05772995017468929290771484375" lon="128.0573183856904506683349609375">
        <ele>1783.199951171875</ele>
        <time>2026-10-03T08:06:29.000Z</time>
        <extensions>
          <ns3:TrackPointExtension>
            <ns3:hr>120</ns3:hr>
            <ns3:cad>0</ns3:cad>
          </ns3:TrackPointExtension>
        </extensions>
      </trkpt>
      <trkpt lat="42.0577372424304485321044921875" lon="128.0573183856904506683349609375">
        <ele>1784.800048828125</ele>
        <time>2026-10-03T08:06:31.000Z</time>
        <extensions>
          <ns3:TrackPointExtension>
            <ns3:hr>119</ns3:hr>
            <ns3:cad>0</ns3:cad>
          </ns3:TrackPointExtension>
        </extensions>
      </trkpt>
      <trkpt lat="42.05773866735398769378662109375" lon="128.0573183856904506683349609375">
        <ele>1786</ele>
        <time>2026-10-03T08:06:33.000Z</time>
        <extensions>
          <ns3:TrackPointExtension>
            <ns3:hr>118</ns3:hr>
            <ns3:cad>0</ns3:cad>
          </ns3:TrackPointExtension>
        </extensions>
      </trkpt>
      <trkpt lat="42.0577395893633365631103515625" lon="128.05732567794620990753173828125">
        <ele>1787.199951171875</ele>
        <time>2026-10-03T08:06:37.000Z</time>
        <extensions>
          <ns3:TrackPointExtension>
            <ns3:hr>120</ns3:hr>
            <ns3:cad>43</ns3:cad>
          </ns3:TrackPointExtension>
        </extensions>
      </trkpt>
      <trkpt lat="42.057739757001399993896484375" lon="128.05732936598360538482666015625">
        <ele>1787.5999755859375</ele>
        <time>2026-10-03T08:06:38.000Z</time>
        <extensions>
          <ns3:TrackPointExtension>
            <ns3:hr>125</ns3:hr>
            <ns3:cad>43</ns3:cad>
          </ns3:TrackPointExtension>
        </extensions>
      </trkpt>
      <trkpt lat="42.05774369649589061737060546875" lon="128.05733154527842998504638671875">
        <ele>1788.199951171875</ele>
        <time>2026-10-03T08:06:40.000Z</time>
        <extensions>
          <ns3:TrackPointExtension>
            <ns3:hr>128</ns3:hr>
            <ns3:cad>0</ns3:cad>
          </ns3:TrackPointExtension>
        </extensions>
      </trkpt>
      <trkpt lat="42.05775476060807704925537109375" lon="128.057333640754222869873046875">
        <ele>1788.800048828125</ele>
        <time>2026-10-03T08:06:42.000Z</time>
        <extensions>
          <ns3:TrackPointExtension>
            <ns3:hr>132</ns3:hr>
            <ns3:cad>44</ns3:cad>
          </ns3:TrackPointExtension>
        </extensions>
      </trkpt>
      <trkpt lat="42.0577870309352874755859375" lon="128.05737446062266826629638671875">
        <ele>1788.800048828125</ele>
        <time>2026-10-03T08:06:46.000Z</time>
        <extensions>
          <ns3:TrackPointExtension>
            <ns3:hr>135</ns3:hr>
            <ns3:cad>0</ns3:cad>
          </ns3:TrackPointExtension>
        </extensions>
      </trkpt>
      <trkpt lat="42.05779180862009525299072265625" lon="128.0573822557926177978515625">
        <ele>1788.5999755859375</ele>
        <time>2026-10-03T08:06:47.000Z</time>
        <extensions>
          <ns3:TrackPointExtension>
            <ns3:hr>139</ns3:hr>
            <ns3:cad>0</ns3:cad>
          </ns3:TrackPointExtension>
        </extensions>
      </trkpt>
      <trkpt lat="42.0577959157526493072509765625" lon="128.05739499628543853759765625">
        <ele>1786.800048828125</ele>
        <time>2026-10-03T08:06:50.000Z</time>
        <extensions>
          <ns3:TrackPointExtension>
            <ns3:hr>141</ns3:hr>
            <ns3:cad>0</ns3:cad>
          </ns3:TrackPointExtension>
        </extensions>
      </trkpt>
      <trkpt lat="42.0577922277152538299560546875" lon="128.0574008636176586151123046875">
        <ele>1785.4000244140625</ele>
        <time>2026-10-03T08:06:52.000Z</time>
        <extensions>
          <ns3:TrackPointExtension>
            <ns3:hr>141</ns3:hr>
            <ns3:cad>0</ns3:cad>
          </ns3:TrackPointExtension>
        </extensions>
      </trkpt>
      <trkpt lat="42.0577905513346195220947265625" lon="128.057404719293117523193359375">
        <ele>1784.5999755859375</ele>
        <time>2026-10-03T08:06:53.000Z</time>
        <extensions>
          <ns3:TrackPointExtension>
            <ns3:hr>144</ns3:hr>
            <ns3:cad>0</ns3:cad>
          </ns3:TrackPointExtension>
        </extensions>
      </trkpt>
      <trkpt lat="42.0577897131443023681640625" lon="128.057410418987274169921875">
        <ele>1784</ele>
        <time>2026-10-03T08:06:54.000Z</time>
        <extensions>
          <ns3:TrackPointExtension>
            <ns3:hr>143</ns3:hr>
            <ns3:cad>0</ns3:cad>
          </ns3:TrackPointExtension>
        </extensions>
      </trkpt>
      <trkpt lat="42.05779298208653926849365234375" lon="128.05742240510880947113037109375">
        <ele>1783</ele>
        <time>2026-10-03T08:06:56.000Z</time>
        <extensions>
          <ns3:TrackPointExtension>
            <ns3:hr>140</ns3:hr>
            <ns3:cad>0</ns3:cad>
          </ns3:TrackPointExtension>
        </extensions>
      </trkpt>
      <trkpt lat="42.05779264681041240692138671875" lon="128.05744084529578685760498046875">
        <ele>1782.199951171875</ele>
        <time>2026-10-03T08:06:58.000Z</time>
        <extensions>
          <ns3:TrackPointExtension>
            <ns3:hr>137</ns3:hr>
            <ns3:cad>0</ns3:cad>
          </ns3:TrackPointExtension>
        </extensions>
      </trkpt>
      <trkpt lat="42.05779616720974445343017578125" lon="128.057444952428340911865234375">
        <ele>1781.800048828125</ele>
        <time>2026-10-03T08:06:59.000Z</time>
        <extensions>
          <ns3:TrackPointExtension>
            <ns3:hr>137</ns3:hr>
            <ns3:cad>0</ns3:cad>
          </ns3:TrackPointExtension>
        </extensions>
      </trkpt>
      <trkpt lat="42.0577989332377910614013671875" lon="128.057450316846370697021484375">
        <ele>1781</ele>
        <time>2026-10-03T08:07:03.000Z</time>
        <extensions>
          <ns3:TrackPointExtension>
            <ns3:hr>134</ns3:hr>
            <ns3:cad>0</ns3:cad>
          </ns3:TrackPointExtension>
        </extensions>
      </trkpt>
      <trkpt lat="42.0577989332377910614013671875" lon="128.057450316846370697021484375">
        <ele>1780.800048828125</ele>
        <time>2026-10-03T08:07:05.000Z</time>
        <extensions>
          <ns3:TrackPointExtension>
            <ns3:hr>133</ns3:hr>
            <ns3:cad>0</ns3:cad>
          </ns3:TrackPointExtension>
        </extensions>
      </trkpt>
      <trkpt lat="42.0577989332377910614013671875" lon="128.057450316846370697021484375">
        <ele>1780.5999755859375</ele>
        <time>2026-10-03T08:07:11.000Z</time>
        <extensions>
          <ns3:TrackPointExtension>
            <ns3:hr>128</ns3:hr>
            <ns3:cad>0</ns3:cad>
          </ns3:TrackPointExtension>
        </extensions>
      </trkpt>
      <trkpt lat="42.0578012801706790924072265625" lon="128.057450316846370697021484375">
        <ele>1780.4000244140625</ele>
        <time>2026-10-03T08:07:16.000Z</time>
        <extensions>
          <ns3:TrackPointExtension>
            <ns3:hr>124</ns3:hr>
            <ns3:cad>0</ns3:cad>
          </ns3:TrackPointExtension>
        </extensions>
      </trkpt>
      <trkpt lat="42.0578084886074066162109375" lon="128.05744461715221405029296875">
        <ele>1780</ele>
        <time>2026-10-03T08:07:25.000Z</time>
        <extensions>
          <ns3:TrackPointExtension>
            <ns3:hr>121</ns3:hr>
            <ns3:cad>0</ns3:cad>
          </ns3:TrackPointExtension>
        </extensions>
      </trkpt>
      <trkpt lat="42.0578084886074066162109375" lon="128.05744461715221405029296875">
        <ele>1779.5999755859375</ele>
        <time>2026-10-03T08:07:27.000Z</time>
        <extensions>
          <ns3:TrackPointExtension>
            <ns3:hr>121</ns3:hr>
            <ns3:cad>0</ns3:cad>
          </ns3:TrackPointExtension>
        </extensions>
      </trkpt>
      <trkpt lat="42.0578086562454700469970703125" lon="128.05741217918694019317626953125">
        <ele>1778.5999755859375</ele>
        <time>2026-10-03T08:07:32.000Z</time>
        <extensions>
          <ns3:TrackPointExtension>
            <ns3:hr>119</ns3:hr>
            <ns3:cad>72</ns3:cad>
          </ns3:TrackPointExtension>
        </extensions>
      </trkpt>
      <trkpt lat="42.0578093267977237701416015625" lon="128.05738803930580615997314453125">
        <ele>1777.5999755859375</ele>
        <time>2026-10-03T08:07:44.000Z</time>
        <extensions>
          <ns3:TrackPointExtension>
            <ns3:hr>118</ns3:hr>
            <ns3:cad>0</ns3:cad>
          </ns3:TrackPointExtension>
        </extensions>
      </trkpt>
      <trkpt lat="42.05781494267284870147705078125" lon="128.05734814144670963287353515625">
        <ele>1777.4000244140625</ele>
        <time>2026-10-03T08:07:51.000Z</time>
        <extensions>
          <ns3:TrackPointExtension>
            <ns3:hr>115</ns3:hr>
            <ns3:cad>44</ns3:cad>
          </ns3:TrackPointExtension>
        </extensions>
      </trkpt>
      <trkpt lat="42.057831287384033203125" lon="128.05731813423335552215576171875">
        <ele>1776.4000244140625</ele>
        <time>2026-10-03T08:07:56.000Z</time>
        <extensions>
          <ns3:TrackPointExtension>
            <ns3:hr>114</ns3:hr>
            <ns3:cad>0</ns3:cad>
          </ns3:TrackPointExtension>
        </extensions>
      </trkpt>
      <trkpt lat="42.0578998513519763946533203125" lon="128.05721134878695011138916015625">
        <ele>1776.4000244140625</ele>
        <time>2026-10-03T08:08:16.000Z</time>
        <extensions>
          <ns3:TrackPointExtension>
            <ns3:hr>111</ns3:hr>
            <ns3:cad>0</ns3:cad>
          </ns3:TrackPointExtension>
        </extensions>
      </trkpt>
      <trkpt lat="42.0579243265092372894287109375" lon="128.0571779049932956695556640625">
        <ele>1776.800048828125</ele>
        <time>2026-10-03T08:08:22.000Z</time>
        <extensions>
          <ns3:TrackPointExtension>
            <ns3:hr>108</ns3:hr>
            <ns3:cad>0</ns3:cad>
          </ns3:TrackPointExtension>
        </extensions>
      </trkpt>
      <trkpt lat="42.0579374022781848907470703125" lon="128.05714898742735385894775390625">
        <ele>1777.5999755859375</ele>
        <time>2026-10-03T08:08:27.000Z</time>
        <extensions>
          <ns3:TrackPointExtension>
            <ns3:hr>107</ns3:hr>
            <ns3:cad>0</ns3:cad>
          </ns3:TrackPointExtension>
        </extensions>
      </trkpt>
      <trkpt lat="42.05796782858669757843017578125" lon="128.057143874466419219970703125">
        <ele>1778.4000244140625</ele>
        <time>2026-10-03T08:08:38.000Z</time>
        <extensions>
          <ns3:TrackPointExtension>
            <ns3:hr>114</ns3:hr>
            <ns3:cad>76</ns3:cad>
          </ns3:TrackPointExtension>
        </extensions>
      </trkpt>
      <trkpt lat="42.05797143280506134033203125" lon="128.0571437068283557891845703125">
        <ele>1778.4000244140625</ele>
        <time>2026-10-03T08:08:39.000Z</time>
        <extensions>
          <ns3:TrackPointExtension>
            <ns3:hr>118</ns3:hr>
            <ns3:cad>76</ns3:cad>
          </ns3:TrackPointExtension>
        </extensions>
      </trkpt>
      <trkpt lat="42.05797671340405941009521484375" lon="128.0571423657238483428955078125">
        <ele>1778.5999755859375</ele>
        <time>2026-10-03T08:08:41.000Z</time>
        <extensions>
          <ns3:TrackPointExtension>
            <ns3:hr>123</ns3:hr>
            <ns3:cad>78</ns3:cad>
          </ns3:TrackPointExtension>
        </extensions>
      </trkpt>
      <trkpt lat="42.05797813832759857177734375" lon="128.057141862809658050537109375">
        <ele>1778.5999755859375</ele>
        <time>2026-10-03T08:08:42.000Z</time>
        <extensions>
          <ns3:TrackPointExtension>
            <ns3:hr>126</ns3:hr>
            <ns3:cad>40</ns3:cad>
          </ns3:TrackPointExtension>
        </extensions>
      </trkpt>
      <trkpt lat="42.05797922797501087188720703125" lon="128.057141192257404327392578125">
        <ele>1778.5999755859375</ele>
        <time>2026-10-03T08:08:43.000Z</time>
        <extensions>
          <ns3:TrackPointExtension>
            <ns3:hr>126</ns3:hr>
            <ns3:cad>74</ns3:cad>
          </ns3:TrackPointExtension>
        </extensions>
      </trkpt>
      <trkpt lat="42.05799884162843227386474609375" lon="128.0571199022233486175537109375">
        <ele>1778.5999755859375</ele>
        <time>2026-10-03T08:08:48.000Z</time>
        <extensions>
          <ns3:TrackPointExtension>
            <ns3:hr>124</ns3:hr>
            <ns3:cad>75</ns3:cad>
          </ns3:TrackPointExtension>
        </extensions>
      </trkpt>
      <trkpt lat="42.0580312795937061309814453125" lon="128.0571051500737667083740234375">
        <ele>1779</ele>
        <time>2026-10-03T08:08:57.000Z</time>
        <extensions>
          <ns3:TrackPointExtension>
            <ns3:hr>121</ns3:hr>
            <ns3:cad>42</ns3:cad>
          </ns3:TrackPointExtension>
        </extensions>
      </trkpt>
      <trkpt lat="42.05806396901607513427734375" lon="128.05710506625473499298095703125">
        <ele>1779.199951171875</ele>
        <time>2026-10-03T08:09:02.000Z</time>
        <extensions>
          <ns3:TrackPointExtension>
            <ns3:hr>118</ns3:hr>
            <ns3:cad>40</ns3:cad>
          </ns3:TrackPointExtension>
        </extensions>
      </trkpt>
      <trkpt lat="42.05808768980205059051513671875" lon="128.05713322944939136505126953125">
        <ele>1779.199951171875</ele>
        <time>2026-10-03T08:09:05.000Z</time>
        <extensions>
          <ns3:TrackPointExtension>
            <ns3:hr>121</ns3:hr>
            <ns3:cad>41</ns3:cad>
          </ns3:TrackPointExtension>
        </extensions>
      </trkpt>
      <trkpt lat="42.05810009501874446868896484375" lon="128.0571494065225124359130859375">
        <ele>1779.4000244140625</ele>
        <time>2026-10-03T08:09:06.000Z</time>
        <extensions>
          <ns3:TrackPointExtension>
            <ns3:hr>125</ns3:hr>
            <ns3:cad>42</ns3:cad>
          </ns3:TrackPointExtension>
        </extensions>
      </trkpt>
      <trkpt lat="42.05812239088118076324462890625" lon="128.05717580951750278472900390625">
        <ele>1779.4000244140625</ele>
        <time>2026-10-03T08:09:08.000Z</time>
        <extensions>
          <ns3:TrackPointExtension>
            <ns3:hr>128</ns3:hr>
            <ns3:cad>43</ns3:cad>
          </ns3:TrackPointExtension>
        </extensions>
      </trkpt>
      <trkpt lat="42.0581358857452869415283203125" lon="128.0571916513144969940185546875">
        <ele>1779.4000244140625</ele>
        <time>2026-10-03T08:09:09.000Z</time>
        <extensions>
          <ns3:TrackPointExtension>
            <ns3:hr>129</ns3:hr>
            <ns3:cad>44</ns3:cad>
          </ns3:TrackPointExtension>
        </extensions>
      </trkpt>
      <trkpt lat="42.05814586021006107330322265625" lon="128.05720782838761806488037109375">
        <ele>1779.5999755859375</ele>
        <time>2026-10-03T08:09:10.000Z</time>
        <extensions>
          <ns3:TrackPointExtension>
            <ns3:hr>131</ns3:hr>
            <ns3:cad>44</ns3:cad>
          </ns3:TrackPointExtension>
        </extensions>
      </trkpt>
      <trkpt lat="42.05815793015062808990478515625" lon="128.05722442455589771270751953125">
        <ele>1779.800048828125</ele>
        <time>2026-10-03T08:09:11.000Z</time>
        <extensions>
          <ns3:TrackPointExtension>
            <ns3:hr>133</ns3:hr>
            <ns3:cad>44</ns3:cad>
          </ns3:TrackPointExtension>
        </extensions>
      </trkpt>
      <trkpt lat="42.05819061957299709320068359375" lon="128.0572486482560634613037109375">
        <ele>1780.800048828125</ele>
        <time>2026-10-03T08:09:14.000Z</time>
        <extensions>
          <ns3:TrackPointExtension>
            <ns3:hr>138</ns3:hr>
            <ns3:cad>44</ns3:cad>
          </ns3:TrackPointExtension>
        </extensions>
      </trkpt>
      <trkpt lat="42.058207802474498748779296875" lon="128.05725476704537868499755859375">
        <ele>1781.5999755859375</ele>
        <time>2026-10-03T08:09:16.000Z</time>
        <extensions>
          <ns3:TrackPointExtension>
            <ns3:hr>141</ns3:hr>
            <ns3:cad>44</ns3:cad>
          </ns3:TrackPointExtension>
        </extensions>
      </trkpt>
      <trkpt lat="42.05821325071156024932861328125" lon="128.05725728161633014678955078125">
        <ele>1782.199951171875</ele>
        <time>2026-10-03T08:09:17.000Z</time>
        <extensions>
          <ns3:TrackPointExtension>
            <ns3:hr>142</ns3:hr>
            <ns3:cad>44</ns3:cad>
          </ns3:TrackPointExtension>
        </extensions>
      </trkpt>
      <trkpt lat="42.058228589594364166259765625" lon="128.0572642385959625244140625">
        <ele>1783.199951171875</ele>
        <time>2026-10-03T08:09:20.000Z</time>
        <extensions>
          <ns3:TrackPointExtension>
            <ns3:hr>142</ns3:hr>
            <ns3:cad>53</ns3:cad>
          </ns3:TrackPointExtension>
        </extensions>
      </trkpt>
      <trkpt lat="42.058244012296199798583984375" lon="128.057269938290119171142578125">
        <ele>1784.199951171875</ele>
        <time>2026-10-03T08:09:24.000Z</time>
        <extensions>
          <ns3:TrackPointExtension>
            <ns3:hr>144</ns3:hr>
            <ns3:cad>53</ns3:cad>
          </ns3:TrackPointExtension>
        </extensions>
      </trkpt>
      <trkpt lat="42.05824828706681728363037109375" lon="128.057268597185611724853515625">
        <ele>1784.199951171875</ele>
        <time>2026-10-03T08:09:25.000Z</time>
        <extensions>
          <ns3:TrackPointExtension>
            <ns3:hr>143</ns3:hr>
            <ns3:cad>53</ns3:cad>
          </ns3:TrackPointExtension>
        </extensions>
      </trkpt>
      <trkpt lat="42.05827695317566394805908203125" lon="128.0572749674320220947265625">
        <ele>1783.800048828125</ele>
        <time>2026-10-03T08:09:29.000Z</time>
        <extensions>
          <ns3:TrackPointExtension>
            <ns3:hr>140</ns3:hr>
            <ns3:cad>0</ns3:cad>
          </ns3:TrackPointExtension>
        </extensions>
      </trkpt>
      <trkpt lat="42.058301009237766265869140625" lon="128.0572848580777645111083984375">
        <ele>1783.199951171875</ele>
        <time>2026-10-03T08:09:32.000Z</time>
        <extensions>
          <ns3:TrackPointExtension>
            <ns3:hr>139</ns3:hr>
            <ns3:cad>56</ns3:cad>
          </ns3:TrackPointExtension>
        </extensions>
      </trkpt>
      <trkpt lat="42.0583303458988666534423828125" lon="128.05728158913552761077880859375">
        <ele>1783</ele>
        <time>2026-10-03T08:09:34.000Z</time>
        <extensions>
          <ns3:TrackPointExtension>
            <ns3:hr>138</ns3:hr>
            <ns3:cad>56</ns3:cad>
          </ns3:TrackPointExtension>
        </extensions>
      </trkpt>
      <trkpt lat="42.05836395733058452606201171875" lon="128.0572751350700855255126953125">
        <ele>1784.4000244140625</ele>
        <time>2026-10-03T08:09:38.000Z</time>
        <extensions>
          <ns3:TrackPointExtension>
            <ns3:hr>135</ns3:hr>
            <ns3:cad>56</ns3:cad>
          </ns3:TrackPointExtension>
        </extensions>
      </trkpt>
      <trkpt lat="42.05838860012590885162353515625" lon="128.05729265324771404266357421875">
        <ele>1785.4000244140625</ele>
        <time>2026-10-03T08:09:41.000Z</time>
        <extensions>
          <ns3:TrackPointExtension>
            <ns3:hr>135</ns3:hr>
            <ns3:cad>45</ns3:cad>
          </ns3:TrackPointExtension>
        </extensions>
      </trkpt>
      <trkpt lat="42.058402262628078460693359375" lon="128.05730246007442474365234375">
        <ele>1785.5999755859375</ele>
        <time>2026-10-03T08:09:42.000Z</time>
        <extensions>
          <ns3:TrackPointExtension>
            <ns3:hr>133</ns3:hr>
            <ns3:cad>45</ns3:cad>
          </ns3:TrackPointExtension>
        </extensions>
      </trkpt>
      <trkpt lat="42.05842229537665843963623046875" lon="128.0573071539402008056640625">
        <ele>1786</ele>
        <time>2026-10-03T08:09:44.000Z</time>
        <extensions>
          <ns3:TrackPointExtension>
            <ns3:hr>134</ns3:hr>
            <ns3:cad>45</ns3:cad>
          </ns3:TrackPointExtension>
        </extensions>
      </trkpt>
      <trkpt lat="42.0584280788898468017578125" lon="128.05731176398694515228271484375">
        <ele>1786</ele>
        <time>2026-10-03T08:09:45.000Z</time>
        <extensions>
          <ns3:TrackPointExtension>
            <ns3:hr>137</ns3:hr>
            <ns3:cad>0</ns3:cad>
          </ns3:TrackPointExtension>
        </extensions>
      </trkpt>
      <trkpt lat="42.058437801897525787353515625" lon="128.05732551030814647674560546875">
        <ele>1786</ele>
        <time>2026-10-03T08:09:48.000Z</time>
        <extensions>
          <ns3:TrackPointExtension>
            <ns3:hr>140</ns3:hr>
            <ns3:cad>0</ns3:cad>
          </ns3:TrackPointExtension>
        </extensions>
      </trkpt>
      <trkpt lat="42.05844542942941188812255859375" lon="128.05732903070747852325439453125">
        <ele>1785.800048828125</ele>
        <time>2026-10-03T08:09:49.000Z</time>
        <extensions>
          <ns3:TrackPointExtension>
            <ns3:hr>140</ns3:hr>
            <ns3:cad>0</ns3:cad>
          </ns3:TrackPointExtension>
        </extensions>
      </trkpt>
      <trkpt lat="42.058477364480495452880859375" lon="128.0573445372283458709716796875">
        <ele>1784.4000244140625</ele>
        <time>2026-10-03T08:09:54.000Z</time>
        <extensions>
          <ns3:TrackPointExtension>
            <ns3:hr>143</ns3:hr>
            <ns3:cad>77</ns3:cad>
          </ns3:TrackPointExtension>
        </extensions>
      </trkpt>
      <trkpt lat="42.0584812201559543609619140625" lon="128.057348728179931640625">
        <ele>1784.199951171875</ele>
        <time>2026-10-03T08:09:55.000Z</time>
        <extensions>
          <ns3:TrackPointExtension>
            <ns3:hr>141</ns3:hr>
            <ns3:cad>77</ns3:cad>
          </ns3:TrackPointExtension>
        </extensions>
      </trkpt>
      <trkpt lat="42.05849111080169677734375" lon="128.0573428608477115631103515625">
        <ele>1783.800048828125</ele>
        <time>2026-10-03T08:09:57.000Z</time>
        <extensions>
          <ns3:TrackPointExtension>
            <ns3:hr>145</ns3:hr>
            <ns3:cad>77</ns3:cad>
          </ns3:TrackPointExtension>
        </extensions>
      </trkpt>
      <trkpt lat="42.058534361422061920166015625" lon="128.05738368071615695953369140625">
        <ele>1784</ele>
        <time>2026-10-03T08:10:04.000Z</time>
        <extensions>
          <ns3:TrackPointExtension>
            <ns3:hr>144</ns3:hr>
            <ns3:cad>0</ns3:cad>
          </ns3:TrackPointExtension>
        </extensions>
      </trkpt>
      <trkpt lat="42.0585449226200580596923828125" lon="128.0574022047221660614013671875">
        <ele>1784.4000244140625</ele>
        <time>2026-10-03T08:10:07.000Z</time>
        <extensions>
          <ns3:TrackPointExtension>
            <ns3:hr>141</ns3:hr>
            <ns3:cad>0</ns3:cad>
          </ns3:TrackPointExtension>
        </extensions>
      </trkpt>
      <trkpt lat="42.05857484601438045501708984375" lon="128.05746196769177913665771484375">
        <ele>1784.800048828125</ele>
        <time>2026-10-03T08:10:11.000Z</time>
        <extensions>
          <ns3:TrackPointExtension>
            <ns3:hr>139</ns3:hr>
            <ns3:cad>41</ns3:cad>
          </ns3:TrackPointExtension>
        </extensions>
      </trkpt>
      <trkpt lat="42.05858691595494747161865234375" lon="128.05747487582266330718994140625">
        <ele>1785.5999755859375</ele>
        <time>2026-10-03T08:10:16.000Z</time>
        <extensions>
          <ns3:TrackPointExtension>
            <ns3:hr>136</ns3:hr>
            <ns3:cad>0</ns3:cad>
          </ns3:TrackPointExtension>
        </extensions>
      </trkpt>
      <trkpt lat="42.05860468558967113494873046875" lon="128.0574793182313442230224609375">
        <ele>1786.800048828125</ele>
        <time>2026-10-03T08:10:19.000Z</time>
        <extensions>
          <ns3:TrackPointExtension>
            <ns3:hr>132</ns3:hr>
            <ns3:cad>0</ns3:cad>
          </ns3:TrackPointExtension>
        </extensions>
      </trkpt>
      <trkpt lat="42.0586185157299041748046875" lon="128.05750136263668537139892578125">
        <ele>1787.199951171875</ele>
        <time>2026-10-03T08:10:22.000Z</time>
        <extensions>
          <ns3:TrackPointExtension>
            <ns3:hr>129</ns3:hr>
            <ns3:cad>43</ns3:cad>
          </ns3:TrackPointExtension>
        </extensions>
      </trkpt>
      <trkpt lat="42.05860988236963748931884765625" lon="128.05752717889845371246337890625">
        <ele>1787</ele>
        <time>2026-10-03T08:10:26.000Z</time>
        <extensions>
          <ns3:TrackPointExtension>
            <ns3:hr>128</ns3:hr>
            <ns3:cad>46</ns3:cad>
          </ns3:TrackPointExtension>
        </extensions>
      </trkpt>
      <trkpt lat="42.05860384739935398101806640625" lon="128.0575383268296718597412109375">
        <ele>1785.199951171875</ele>
        <time>2026-10-03T08:10:31.000Z</time>
        <extensions>
          <ns3:TrackPointExtension>
            <ns3:hr>126</ns3:hr>
            <ns3:cad>0</ns3:cad>
          </ns3:TrackPointExtension>
        </extensions>
      </trkpt>
      <trkpt lat="42.05862463451921939849853515625" lon="128.057530783116817474365234375">
        <ele>1784</ele>
        <time>2026-10-03T08:10:34.000Z</time>
        <extensions>
          <ns3:TrackPointExtension>
            <ns3:hr>125</ns3:hr>
            <ns3:cad>0</ns3:cad>
          </ns3:TrackPointExtension>
        </extensions>
      </trkpt>
      <trkpt lat="42.05862849019467830657958984375" lon="128.05754922330379486083984375">
        <ele>1783.199951171875</ele>
        <time>2026-10-03T08:10:38.000Z</time>
        <extensions>
          <ns3:TrackPointExtension>
            <ns3:hr>122</ns3:hr>
            <ns3:cad>0</ns3:cad>
          </ns3:TrackPointExtension>
        </extensions>
      </trkpt>
      <trkpt lat="42.0586354471743106842041015625" lon="128.05755324661731719970703125">
        <ele>1783.199951171875</ele>
        <time>2026-10-03T08:10:39.000Z</time>
        <extensions>
          <ns3:TrackPointExtension>
            <ns3:hr>122</ns3:hr>
            <ns3:cad>0</ns3:cad>
          </ns3:TrackPointExtension>
        </extensions>
      </trkpt>
      <trkpt lat="42.058649025857448577880859375" lon="128.05752198211848735809326171875">
        <ele>1784.199951171875</ele>
        <time>2026-10-03T08:10:45.000Z</time>
        <extensions>
          <ns3:TrackPointExtension>
            <ns3:hr>119</ns3:hr>
            <ns3:cad>0</ns3:cad>
          </ns3:TrackPointExtension>
        </extensions>
      </trkpt>
      <trkpt lat="42.0586485229432582855224609375" lon="128.0574893765151500701904296875">
        <ele>1784</ele>
        <time>2026-10-03T08:10:50.000Z</time>
        <extensions>
          <ns3:TrackPointExtension>
            <ns3:hr>118</ns3:hr>
            <ns3:cad>44</ns3:cad>
          </ns3:TrackPointExtension>
        </extensions>
      </trkpt>
      <trkpt lat="42.0586424879729747772216796875" lon="128.057479150593280792236328125">
        <ele>1782.4000244140625</ele>
        <time>2026-10-03T08:10:52.000Z</time>
        <extensions>
          <ns3:TrackPointExtension>
            <ns3:hr>117</ns3:hr>
            <ns3:cad>44</ns3:cad>
          </ns3:TrackPointExtension>
        </extensions>
      </trkpt>
      <trkpt lat="42.0586431585252285003662109375" lon="128.05746096186339855194091796875">
        <ele>1781.199951171875</ele>
        <time>2026-10-03T08:10:55.000Z</time>
        <extensions>
          <ns3:TrackPointExtension>
            <ns3:hr>117</ns3:hr>
            <ns3:cad>56</ns3:cad>
          </ns3:TrackPointExtension>
        </extensions>
      </trkpt>
      <trkpt lat="42.05865271389484405517578125" lon="128.0574498139321804046630859375">
        <ele>1780.4000244140625</ele>
        <time>2026-10-03T08:10:57.000Z</time>
        <extensions>
          <ns3:TrackPointExtension>
            <ns3:hr>118</ns3:hr>
            <ns3:cad>56</ns3:cad>
          </ns3:TrackPointExtension>
        </extensions>
      </trkpt>
      <trkpt lat="42.05865807831287384033203125" lon="128.0574467964470386505126953125">
        <ele>1780</ele>
        <time>2026-10-03T08:10:58.000Z</time>
        <extensions>
          <ns3:TrackPointExtension>
            <ns3:hr>116</ns3:hr>
            <ns3:cad>56</ns3:cad>
          </ns3:TrackPointExtension>
        </extensions>
      </trkpt>
      <trkpt lat="42.05867039971053600311279296875" lon="128.05743531323969364166259765625">
        <ele>1779.199951171875</ele>
        <time>2026-10-03T08:11:00.000Z</time>
        <extensions>
          <ns3:TrackPointExtension>
            <ns3:hr>115</ns3:hr>
            <ns3:cad>61</ns3:cad>
          </ns3:TrackPointExtension>
        </extensions>
      </trkpt>
      <trkpt lat="42.0586773566901683807373046875" lon="128.057430870831012725830078125">
        <ele>1778.800048828125</ele>
        <time>2026-10-03T08:11:01.000Z</time>
        <extensions>
          <ns3:TrackPointExtension>
            <ns3:hr>113</ns3:hr>
            <ns3:cad>0</ns3:cad>
          </ns3:TrackPointExtension>
        </extensions>
      </trkpt>
      <trkpt lat="42.0586837269365787506103515625" lon="128.057415783405303955078125">
        <ele>1777.800048828125</ele>
        <time>2026-10-03T08:11:03.000Z</time>
        <extensions>
          <ns3:TrackPointExtension>
            <ns3:hr>114</ns3:hr>
            <ns3:cad>0</ns3:cad>
          </ns3:TrackPointExtension>
        </extensions>
      </trkpt>
      <trkpt lat="42.05868221819400787353515625" lon="128.057402037084102630615234375">
        <ele>1777.199951171875</ele>
        <time>2026-10-03T08:11:04.000Z</time>
        <extensions>
          <ns3:TrackPointExtension>
            <ns3:hr>112</ns3:hr>
            <ns3:cad>0</ns3:cad>
          </ns3:TrackPointExtension>
        </extensions>
      </trkpt>
      <trkpt lat="42.05867844633758068084716796875" lon="128.05739575065672397613525390625">
        <ele>1776.800048828125</ele>
        <time>2026-10-03T08:11:05.000Z</time>
        <extensions>
          <ns3:TrackPointExtension>
            <ns3:hr>112</ns3:hr>
            <ns3:cad>0</ns3:cad>
          </ns3:TrackPointExtension>
        </extensions>
      </trkpt>
      <trkpt lat="42.0586746744811534881591796875" lon="128.05738720111548900604248046875">
        <ele>1776.199951171875</ele>
        <time>2026-10-03T08:11:07.000Z</time>
        <extensions>
          <ns3:TrackPointExtension>
            <ns3:hr>111</ns3:hr>
            <ns3:cad>0</ns3:cad>
          </ns3:TrackPointExtension>
        </extensions>
      </trkpt>
      <trkpt lat="42.05868397839367389678955078125" lon="128.0573488958179950714111328125">
        <ele>1776.199951171875</ele>
        <time>2026-10-03T08:11:12.000Z</time>
        <extensions>
          <ns3:TrackPointExtension>
            <ns3:hr>108</ns3:hr>
            <ns3:cad>0</ns3:cad>
          </ns3:TrackPointExtension>
        </extensions>
      </trkpt>
      <trkpt lat="42.05869571305811405181884765625" lon="128.05728695355355739593505859375">
        <ele>1776.5999755859375</ele>
        <time>2026-10-03T08:11:18.000Z</time>
        <extensions>
          <ns3:TrackPointExtension>
            <ns3:hr>106</ns3:hr>
            <ns3:cad>48</ns3:cad>
          </ns3:TrackPointExtension>
        </extensions>
      </trkpt>
      <trkpt lat="42.05872873775660991668701171875" lon="128.0572293698787689208984375">
        <ele>1777.199951171875</ele>
        <time>2026-10-03T08:11:22.000Z</time>
        <extensions>
          <ns3:TrackPointExtension>
            <ns3:hr>103</ns3:hr>
            <ns3:cad>44</ns3:cad>
          </ns3:TrackPointExtension>
        </extensions>
      </trkpt>
      <trkpt lat="42.058738879859447479248046875" lon="128.05722199380397796630859375">
        <ele>1777.199951171875</ele>
        <time>2026-10-03T08:11:24.000Z</time>
        <extensions>
          <ns3:TrackPointExtension>
            <ns3:hr>102</ns3:hr>
            <ns3:cad>43</ns3:cad>
          </ns3:TrackPointExtension>
        </extensions>
      </trkpt>
      <trkpt lat="42.05876863561570644378662109375" lon="128.05720095522701740264892578125">
        <ele>1776</ele>
        <time>2026-10-03T08:11:28.000Z</time>
        <extensions>
          <ns3:TrackPointExtension>
            <ns3:hr>102</ns3:hr>
            <ns3:cad>49</ns3:cad>
          </ns3:TrackPointExtension>
        </extensions>
      </trkpt>
      <trkpt lat="42.05877768807113170623779296875" lon="128.057194836437702178955078125">
        <ele>1775.800048828125</ele>
        <time>2026-10-03T08:11:29.000Z</time>
        <extensions>
          <ns3:TrackPointExtension>
            <ns3:hr>99</ns3:hr>
            <ns3:cad>49</ns3:cad>
          </ns3:TrackPointExtension>
        </extensions>
      </trkpt>
      <trkpt lat="42.05878975801169872283935546875" lon="128.05718570016324520111083984375">
        <ele>1775.4000244140625</ele>
        <time>2026-10-03T08:11:30.000Z</time>
        <extensions>
          <ns3:TrackPointExtension>
            <ns3:hr>100</ns3:hr>
            <ns3:cad>49</ns3:cad>
          </ns3:TrackPointExtension>
        </extensions>
      </trkpt>
      <trkpt lat="42.05880098976194858551025390625" lon="128.057179749011993408203125">
        <ele>1775.199951171875</ele>
        <time>2026-10-03T08:11:31.000Z</time>
        <extensions>
          <ns3:TrackPointExtension>
            <ns3:hr>100</ns3:hr>
            <ns3:cad>49</ns3:cad>
          </ns3:TrackPointExtension>
        </extensions>
      </trkpt>
      <trkpt lat="42.05881037749350070953369140625" lon="128.05717597715556621551513671875">
        <ele>1775.199951171875</ele>
        <time>2026-10-03T08:11:32.000Z</time>
        <extensions>
          <ns3:TrackPointExtension>
            <ns3:hr>101</ns3:hr>
            <ns3:cad>49</ns3:cad>
          </ns3:TrackPointExtension>
        </extensions>
      </trkpt>
      <trkpt lat="42.05884876661002635955810546875" lon="128.05717765353620052337646484375">
        <ele>1775.199951171875</ele>
        <time>2026-10-03T08:11:36.000Z</time>
        <extensions>
          <ns3:TrackPointExtension>
            <ns3:hr>101</ns3:hr>
            <ns3:cad>48</ns3:cad>
          </ns3:TrackPointExtension>
        </extensions>
      </trkpt>
      <trkpt lat="42.05887525342404842376708984375" lon="128.05718310177326202392578125">
        <ele>1775.5999755859375</ele>
        <time>2026-10-03T08:11:38.000Z</time>
        <extensions>
          <ns3:TrackPointExtension>
            <ns3:hr>101</ns3:hr>
            <ns3:cad>48</ns3:cad>
          </ns3:TrackPointExtension>
        </extensions>
      </trkpt>
      <trkpt lat="42.058892436325550079345703125" lon="128.0571946687996387481689453125">
        <ele>1776.199951171875</ele>
        <time>2026-10-03T08:11:40.000Z</time>
        <extensions>
          <ns3:TrackPointExtension>
            <ns3:hr>102</ns3:hr>
            <ns3:cad>48</ns3:cad>
          </ns3:TrackPointExtension>
        </extensions>
      </trkpt>
      <trkpt lat="42.05889553762972354888916015625" lon="128.05719307623803615570068359375">
        <ele>1776.5999755859375</ele>
        <time>2026-10-03T08:11:41.000Z</time>
        <extensions>
          <ns3:TrackPointExtension>
            <ns3:hr>102</ns3:hr>
            <ns3:cad>48</ns3:cad>
          </ns3:TrackPointExtension>
        </extensions>
      </trkpt>
      <trkpt lat="42.05890157260000705718994140625" lon="128.05719341151416301727294921875">
        <ele>1776.800048828125</ele>
        <time>2026-10-03T08:11:42.000Z</time>
        <extensions>
          <ns3:TrackPointExtension>
            <ns3:hr>103</ns3:hr>
            <ns3:cad>48</ns3:cad>
          </ns3:TrackPointExtension>
        </extensions>
      </trkpt>
      <trkpt lat="42.05891414545476436614990234375" lon="128.0571809224784374237060546875">
        <ele>1777.5999755859375</ele>
        <time>2026-10-03T08:11:44.000Z</time>
        <extensions>
          <ns3:TrackPointExtension>
            <ns3:hr>103</ns3:hr>
            <ns3:cad>52</ns3:cad>
          </ns3:TrackPointExtension>
        </extensions>
      </trkpt>
      <trkpt lat="42.0589251257479190826416015625" lon="128.05717497132718563079833984375">
        <ele>1777.800048828125</ele>
        <time>2026-10-03T08:11:45.000Z</time>
        <extensions>
          <ns3:TrackPointExtension>
            <ns3:hr>103</ns3:hr>
            <ns3:cad>52</ns3:cad>
          </ns3:TrackPointExtension>
        </extensions>
      </trkpt>
      <trkpt lat="42.05894012935459613800048828125" lon="128.0571649968624114990234375">
        <ele>1778</ele>
        <time>2026-10-03T08:11:46.000Z</time>
        <extensions>
          <ns3:TrackPointExtension>
            <ns3:hr>103</ns3:hr>
            <ns3:cad>51</ns3:cad>
          </ns3:TrackPointExtension>
        </extensions>
      </trkpt>
      <trkpt lat="42.058948762714862823486328125" lon="128.05716256611049175262451171875">
        <ele>1778.199951171875</ele>
        <time>2026-10-03T08:11:47.000Z</time>
        <extensions>
          <ns3:TrackPointExtension>
            <ns3:hr>103</ns3:hr>
            <ns3:cad>49</ns3:cad>
          </ns3:TrackPointExtension>
        </extensions>
      </trkpt>
      <trkpt lat="42.0590428076684474945068359375" lon="128.0571950040757656097412109375">
        <ele>1777.5999755859375</ele>
        <time>2026-10-03T08:11:52.000Z</time>
        <extensions>
          <ns3:TrackPointExtension>
            <ns3:hr>102</ns3:hr>
            <ns3:cad>53</ns3:cad>
          </ns3:TrackPointExtension>
        </extensions>
      </trkpt>
      <trkpt lat="42.05912201665341854095458984375" lon="128.05721268989145755767822265625">
        <ele>1777.199951171875</ele>
        <time>2026-10-03T08:11:57.000Z</time>
        <extensions>
          <ns3:TrackPointExtension>
            <ns3:hr>102</ns3:hr>
            <ns3:cad>48</ns3:cad>
          </ns3:TrackPointExtension>
        </extensions>
      </trkpt>
      <trkpt lat="42.05913727171719074249267578125" lon="128.0572620593011379241943359375">
        <ele>1777.800048828125</ele>
        <time>2026-10-03T08:12:00.000Z</time>
        <extensions>
          <ns3:TrackPointExtension>
            <ns3:hr>102</ns3:hr>
            <ns3:cad>0</ns3:cad>
          </ns3:TrackPointExtension>
        </extensions>
      </trkpt>
      <trkpt lat="42.0591480843722820281982421875" lon="128.0572691000998020172119140625">
        <ele>1778.4000244140625</ele>
        <time>2026-10-03T08:12:03.000Z</time>
        <extensions>
          <ns3:TrackPointExtension>
            <ns3:hr>102</ns3:hr>
            <ns3:cad>0</ns3:cad>
          </ns3:TrackPointExtension>
        </extensions>
      </trkpt>
      <trkpt lat="42.0591715537011623382568359375" lon="128.057297766208648681640625">
        <ele>1778.4000244140625</ele>
        <time>2026-10-03T08:12:05.000Z</time>
        <extensions>
          <ns3:TrackPointExtension>
            <ns3:hr>102</ns3:hr>
            <ns3:cad>0</ns3:cad>
          </ns3:TrackPointExtension>
        </extensions>
      </trkpt>
      <trkpt lat="42.05916660837829113006591796875" lon="128.05732584558427333831787109375">
        <ele>1777.5999755859375</ele>
        <time>2026-10-03T08:12:07.000Z</time>
        <extensions>
          <ns3:TrackPointExtension>
            <ns3:hr>103</ns3:hr>
            <ns3:cad>0</ns3:cad>
          </ns3:TrackPointExtension>
        </extensions>
      </trkpt>
      <trkpt lat="42.05915965139865875244140625" lon="128.0573512427508831024169921875">
        <ele>1776</ele>
        <time>2026-10-03T08:12:09.000Z</time>
        <extensions>
          <ns3:TrackPointExtension>
            <ns3:hr>103</ns3:hr>
            <ns3:cad>57</ns3:cad>
          </ns3:TrackPointExtension>
        </extensions>
      </trkpt>
      <trkpt lat="42.05918303690850734710693359375" lon="128.05737345479428768157958984375">
        <ele>1774.199951171875</ele>
        <time>2026-10-03T08:12:11.000Z</time>
        <extensions>
          <ns3:TrackPointExtension>
            <ns3:hr>102</ns3:hr>
            <ns3:cad>57</ns3:cad>
          </ns3:TrackPointExtension>
        </extensions>
      </trkpt>
      <trkpt lat="42.05920281819999217987060546875" lon="128.0573740415275096893310546875">
        <ele>1773.199951171875</ele>
        <time>2026-10-03T08:12:13.000Z</time>
        <extensions>
          <ns3:TrackPointExtension>
            <ns3:hr>102</ns3:hr>
            <ns3:cad>49</ns3:cad>
          </ns3:TrackPointExtension>
        </extensions>
      </trkpt>
      <trkpt lat="42.05920684151351451873779296875" lon="128.0573763884603977203369140625">
        <ele>1772.5999755859375</ele>
        <time>2026-10-03T08:12:15.000Z</time>
        <extensions>
          <ns3:TrackPointExtension>
            <ns3:hr>102</ns3:hr>
            <ns3:cad>45</ns3:cad>
          </ns3:TrackPointExtension>
        </extensions>
      </trkpt>
      <trkpt lat="42.05921522341668605804443359375" lon="128.05737194605171680450439453125">
        <ele>1772.4000244140625</ele>
        <time>2026-10-03T08:12:18.000Z</time>
        <extensions>
          <ns3:TrackPointExtension>
            <ns3:hr>103</ns3:hr>
            <ns3:cad>44</ns3:cad>
          </ns3:TrackPointExtension>
        </extensions>
      </trkpt>
      <trkpt lat="42.05921329557895660400390625" lon="128.0573378317058086395263671875">
        <ele>1772.800048828125</ele>
        <time>2026-10-03T08:12:23.000Z</time>
        <extensions>
          <ns3:TrackPointExtension>
            <ns3:hr>102</ns3:hr>
            <ns3:cad>50</ns3:cad>
          </ns3:TrackPointExtension>
        </extensions>
      </trkpt>
      <trkpt lat="42.0592198334634304046630859375" lon="128.05732869543135166168212890625">
        <ele>1772.800048828125</ele>
        <time>2026-10-03T08:12:24.000Z</time>
        <extensions>
          <ns3:TrackPointExtension>
            <ns3:hr>102</ns3:hr>
            <ns3:cad>50</ns3:cad>
          </ns3:TrackPointExtension>
        </extensions>
      </trkpt>
      <trkpt lat="42.05922846682369709014892578125" lon="128.05732182227075099945068359375">
        <ele>1774.4000244140625</ele>
        <time>2026-10-03T08:12:28.000Z</time>
        <extensions>
          <ns3:TrackPointExtension>
            <ns3:hr>102</ns3:hr>
            <ns3:cad>0</ns3:cad>
          </ns3:TrackPointExtension>
        </extensions>
      </trkpt>
      <trkpt lat="42.0592339150607585906982421875" lon="128.0573039688169956207275390625">
        <ele>1775.5999755859375</ele>
        <time>2026-10-03T08:12:31.000Z</time>
        <extensions>
          <ns3:TrackPointExtension>
            <ns3:hr>101</ns3:hr>
            <ns3:cad>0</ns3:cad>
          </ns3:TrackPointExtension>
        </extensions>
      </trkpt>
      <trkpt lat="42.05922544933855533599853515625" lon="128.05730908177793025970458984375">
        <ele>1775.800048828125</ele>
        <time>2026-10-03T08:12:32.000Z</time>
        <extensions>
          <ns3:TrackPointExtension>
            <ns3:hr>101</ns3:hr>
            <ns3:cad>0</ns3:cad>
          </ns3:TrackPointExtension>
        </extensions>
      </trkpt>
      <trkpt lat="42.0592439733445644378662109375" lon="128.05732190608978271484375">
        <ele>1776</ele>
        <time>2026-10-03T08:12:38.000Z</time>
        <extensions>
          <ns3:TrackPointExtension>
            <ns3:hr>101</ns3:hr>
            <ns3:cad>55</ns3:cad>
          </ns3:TrackPointExtension>
        </extensions>
      </trkpt>
      <trkpt lat="42.05926534719765186309814453125" lon="128.05734361521899700164794921875">
        <ele>1775.199951171875</ele>
        <time>2026-10-03T08:12:43.000Z</time>
        <extensions>
          <ns3:TrackPointExtension>
            <ns3:hr>98</ns3:hr>
            <ns3:cad>54</ns3:cad>
          </ns3:TrackPointExtension>
        </extensions>
      </trkpt>
      <trkpt lat="42.0592707954347133636474609375" lon="128.057350404560565948486328125">
        <ele>1774.800048828125</ele>
        <time>2026-10-03T08:12:44.000Z</time>
        <extensions>
          <ns3:TrackPointExtension>
            <ns3:hr>98</ns3:hr>
            <ns3:cad>54</ns3:cad>
          </ns3:TrackPointExtension>
        </extensions>
      </trkpt>
      <trkpt lat="42.059268616139888763427734375" lon="128.05735669098794460296630859375">
        <ele>1774.4000244140625</ele>
        <time>2026-10-03T08:12:45.000Z</time>
        <extensions>
          <ns3:TrackPointExtension>
            <ns3:hr>97</ns3:hr>
            <ns3:cad>55</ns3:cad>
          </ns3:TrackPointExtension>
        </extensions>
      </trkpt>
      <trkpt lat="42.05926165916025638580322265625" lon="128.05739658884704113006591796875">
        <ele>1773.4000244140625</ele>
        <time>2026-10-03T08:12:48.000Z</time>
        <extensions>
          <ns3:TrackPointExtension>
            <ns3:hr>97</ns3:hr>
            <ns3:cad>54</ns3:cad>
          </ns3:TrackPointExtension>
        </extensions>
      </trkpt>
      <trkpt lat="42.05926023423671722412109375" lon="128.05740882642567157745361328125">
        <ele>1773.199951171875</ele>
        <time>2026-10-03T08:12:49.000Z</time>
        <extensions>
          <ns3:TrackPointExtension>
            <ns3:hr>97</ns3:hr>
            <ns3:cad>54</ns3:cad>
          </ns3:TrackPointExtension>
        </extensions>
      </trkpt>
      <trkpt lat="42.0592595636844635009765625" lon="128.0574273504316806793212890625">
        <ele>1772.199951171875</ele>
        <time>2026-10-03T08:12:51.000Z</time>
        <extensions>
          <ns3:TrackPointExtension>
            <ns3:hr>96</ns3:hr>
            <ns3:cad>0</ns3:cad>
          </ns3:TrackPointExtension>
        </extensions>
      </trkpt>
      <trkpt lat="42.0592577196657657623291015625" lon="128.057454340159893035888671875">
        <ele>1770.5999755859375</ele>
        <time>2026-10-03T08:12:53.000Z</time>
        <extensions>
          <ns3:TrackPointExtension>
            <ns3:hr>96</ns3:hr>
            <ns3:cad>0</ns3:cad>
          </ns3:TrackPointExtension>
        </extensions>
      </trkpt>
      <trkpt lat="42.05925595946609973907470703125" lon="128.0574763007462024688720703125">
        <ele>1769.199951171875</ele>
        <time>2026-10-03T08:12:55.000Z</time>
        <extensions>
          <ns3:TrackPointExtension>
            <ns3:hr>96</ns3:hr>
            <ns3:cad>0</ns3:cad>
          </ns3:TrackPointExtension>
        </extensions>
      </trkpt>
      <trkpt lat="42.05925076268613338470458984375" lon="128.0575011111795902252197265625">
        <ele>1767.800048828125</ele>
        <time>2026-10-03T08:12:57.000Z</time>
        <extensions>
          <ns3:TrackPointExtension>
            <ns3:hr>95</ns3:hr>
            <ns3:cad>0</ns3:cad>
          </ns3:TrackPointExtension>
        </extensions>
      </trkpt>
      <trkpt lat="42.05924950540065765380859375" lon="128.05751142092049121856689453125">
        <ele>1767</ele>
        <time>2026-10-03T08:12:59.000Z</time>
        <extensions>
          <ns3:TrackPointExtension>
            <ns3:hr>95</ns3:hr>
            <ns3:cad>0</ns3:cad>
          </ns3:TrackPointExtension>
        </extensions>
      </trkpt>
      <trkpt lat="42.05924439243972301483154296875" lon="128.05751645006239414215087890625">
        <ele>1766.800048828125</ele>
        <time>2026-10-03T08:13:00.000Z</time>
        <extensions>
          <ns3:TrackPointExtension>
            <ns3:hr>95</ns3:hr>
            <ns3:cad>0</ns3:cad>
          </ns3:TrackPointExtension>
        </extensions>
      </trkpt>
      <trkpt lat="42.0592365972697734832763671875" lon="128.05753857828676700592041015625">
        <ele>1766.4000244140625</ele>
        <time>2026-10-03T08:13:02.000Z</time>
        <extensions>
          <ns3:TrackPointExtension>
            <ns3:hr>94</ns3:hr>
            <ns3:cad>0</ns3:cad>
          </ns3:TrackPointExtension>
        </extensions>
      </trkpt>
      <trkpt lat="42.059247829020023345947265625" lon="128.0575735308229923248291015625">
        <ele>1766.4000244140625</ele>
        <time>2026-10-03T08:13:04.000Z</time>
        <extensions>
          <ns3:TrackPointExtension>
            <ns3:hr>94</ns3:hr>
            <ns3:cad>0</ns3:cad>
          </ns3:TrackPointExtension>
        </extensions>
      </trkpt>
      <trkpt lat="42.05924958921968936920166015625" lon="128.0576137639582157135009765625">
        <ele>1766.4000244140625</ele>
        <time>2026-10-03T08:13:06.000Z</time>
        <extensions>
          <ns3:TrackPointExtension>
            <ns3:hr>95</ns3:hr>
            <ns3:cad>0</ns3:cad>
          </ns3:TrackPointExtension>
        </extensions>
      </trkpt>
      <trkpt lat="42.0592282153666019439697265625" lon="128.0576845072209835052490234375">
        <ele>1766.800048828125</ele>
        <time>2026-10-03T08:13:11.000Z</time>
        <extensions>
          <ns3:TrackPointExtension>
            <ns3:hr>96</ns3:hr>
            <ns3:cad>0</ns3:cad>
          </ns3:TrackPointExtension>
        </extensions>
      </trkpt>
      <trkpt lat="42.05923249013721942901611328125" lon="128.05768408812582492828369140625">
        <ele>1767</ele>
        <time>2026-10-03T08:13:12.000Z</time>
        <extensions>
          <ns3:TrackPointExtension>
            <ns3:hr>95</ns3:hr>
            <ns3:cad>47</ns3:cad>
          </ns3:TrackPointExtension>
        </extensions>
      </trkpt>
      <trkpt lat="42.05922746099531650543212890625" lon="128.057689704000949859619140625">
        <ele>1767.199951171875</ele>
        <time>2026-10-03T08:13:14.000Z</time>
        <extensions>
          <ns3:TrackPointExtension>
            <ns3:hr>95</ns3:hr>
            <ns3:cad>47</ns3:cad>
          </ns3:TrackPointExtension>
        </extensions>
      </trkpt>
      <trkpt lat="42.05924388952553272247314453125" lon="128.057712502777576446533203125">
        <ele>1768</ele>
        <time>2026-10-03T08:13:17.000Z</time>
        <extensions>
          <ns3:TrackPointExtension>
            <ns3:hr>95</ns3:hr>
            <ns3:cad>50</ns3:cad>
          </ns3:TrackPointExtension>
        </extensions>
      </trkpt>
      <trkpt lat="42.05923500470817089080810546875" lon="128.05775080807507038116455078125">
        <ele>1768.199951171875</ele>
        <time>2026-10-03T08:13:19.000Z</time>
        <extensions>
          <ns3:TrackPointExtension>
            <ns3:hr>95</ns3:hr>
            <ns3:cad>50</ns3:cad>
          </ns3:TrackPointExtension>
        </extensions>
      </trkpt>
      <trkpt lat="42.05923466943204402923583984375" lon="128.057772852480411529541015625">
        <ele>1766.800048828125</ele>
        <time>2026-10-03T08:13:24.000Z</time>
        <extensions>
          <ns3:TrackPointExtension>
            <ns3:hr>95</ns3:hr>
            <ns3:cad>49</ns3:cad>
          </ns3:TrackPointExtension>
        </extensions>
      </trkpt>
      <trkpt lat="42.0592355914413928985595703125" lon="128.05777964182198047637939453125">
        <ele>1766.4000244140625</ele>
        <time>2026-10-03T08:13:25.000Z</time>
        <extensions>
          <ns3:TrackPointExtension>
            <ns3:hr>95</ns3:hr>
            <ns3:cad>47</ns3:cad>
          </ns3:TrackPointExtension>
        </extensions>
      </trkpt>
      <trkpt lat="42.0592389442026615142822265625" lon="128.05779573507606983184814453125">
        <ele>1765.800048828125</ele>
        <time>2026-10-03T08:13:27.000Z</time>
        <extensions>
          <ns3:TrackPointExtension>
            <ns3:hr>93</ns3:hr>
            <ns3:cad>47</ns3:cad>
          </ns3:TrackPointExtension>
        </extensions>
      </trkpt>
      <trkpt lat="42.05922762863337993621826171875" lon="128.057870753109455108642578125">
        <ele>1765.199951171875</ele>
        <time>2026-10-03T08:13:32.000Z</time>
        <extensions>
          <ns3:TrackPointExtension>
            <ns3:hr>94</ns3:hr>
            <ns3:cad>50</ns3:cad>
          </ns3:TrackPointExtension>
        </extensions>
      </trkpt>
      <trkpt lat="42.05922259949147701263427734375" lon="128.0578766204416751861572265625">
        <ele>1765.4000244140625</ele>
        <time>2026-10-03T08:13:35.000Z</time>
        <extensions>
          <ns3:TrackPointExtension>
            <ns3:hr>95</ns3:hr>
            <ns3:cad>49</ns3:cad>
          </ns3:TrackPointExtension>
        </extensions>
      </trkpt>
      <trkpt lat="42.0592640899121761322021484375" lon="128.0578665621578693389892578125">
        <ele>1765.800048828125</ele>
        <time>2026-10-03T08:13:38.000Z</time>
        <extensions>
          <ns3:TrackPointExtension>
            <ns3:hr>95</ns3:hr>
            <ns3:cad>49</ns3:cad>
          </ns3:TrackPointExtension>
        </extensions>
      </trkpt>
      <trkpt lat="42.0592992939054965972900390625" lon="128.05796228349208831787109375">
        <ele>1766.4000244140625</ele>
        <time>2026-10-03T08:13:45.000Z</time>
        <extensions>
          <ns3:TrackPointExtension>
            <ns3:hr>93</ns3:hr>
            <ns3:cad>0</ns3:cad>
          </ns3:TrackPointExtension>
        </extensions>
      </trkpt>
      <trkpt lat="42.05929904244840145111083984375" lon="128.05796555243432521820068359375">
        <ele>1766.4000244140625</ele>
        <time>2026-10-03T08:13:46.000Z</time>
        <extensions>
          <ns3:TrackPointExtension>
            <ns3:hr>92</ns3:hr>
            <ns3:cad>0</ns3:cad>
          </ns3:TrackPointExtension>
        </extensions>
      </trkpt>
      <trkpt lat="42.05927741713821887969970703125" lon="128.05805473588407039642333984375">
        <ele>1766.199951171875</ele>
        <time>2026-10-03T08:13:51.000Z</time>
        <extensions>
          <ns3:TrackPointExtension>
            <ns3:hr>91</ns3:hr>
            <ns3:cad>57</ns3:cad>
          </ns3:TrackPointExtension>
        </extensions>
      </trkpt>
      <trkpt lat="42.05924120731651782989501953125" lon="128.05818356573581695556640625">
        <ele>1765</ele>
        <time>2026-10-03T08:14:00.000Z</time>
        <extensions>
          <ns3:TrackPointExtension>
            <ns3:hr>92</ns3:hr>
            <ns3:cad>57</ns3:cad>
          </ns3:TrackPointExtension>
        </extensions>
      </trkpt>
      <trkpt lat="42.05923533998429775238037109375" lon="128.0581937916576862335205078125">
        <ele>1764.5999755859375</ele>
        <time>2026-10-03T08:14:01.000Z</time>
        <extensions>
          <ns3:TrackPointExtension>
            <ns3:hr>92</ns3:hr>
            <ns3:cad>52</ns3:cad>
          </ns3:TrackPointExtension>
        </extensions>
      </trkpt>
      <trkpt lat="42.0592067576944828033447265625" lon="128.0581502057611942291259765625">
        <ele>1763.800048828125</ele>
        <time>2026-10-03T08:14:06.000Z</time>
        <extensions>
          <ns3:TrackPointExtension>
            <ns3:hr>92</ns3:hr>
            <ns3:cad>0</ns3:cad>
          </ns3:TrackPointExtension>
        </extensions>
      </trkpt>
      <trkpt lat="42.05918555147945880889892578125" lon="128.0581884272396564483642578125">
        <ele>1763.800048828125</ele>
        <time>2026-10-03T08:14:16.000Z</time>
        <extensions>
          <ns3:TrackPointExtension>
            <ns3:hr>93</ns3:hr>
            <ns3:cad>49</ns3:cad>
          </ns3:TrackPointExtension>
        </extensions>
      </trkpt>
      <trkpt lat="42.05917901359498500823974609375" lon="128.05818951688706874847412109375">
        <ele>1763.5999755859375</ele>
        <time>2026-10-03T08:14:17.000Z</time>
        <extensions>
          <ns3:TrackPointExtension>
            <ns3:hr>92</ns3:hr>
            <ns3:cad>46</ns3:cad>
          </ns3:TrackPointExtension>
        </extensions>
      </trkpt>
      <trkpt lat="42.05916778184473514556884765625" lon="128.0581917800009250640869140625">
        <ele>1762.5999755859375</ele>
        <time>2026-10-03T08:14:20.000Z</time>
        <extensions>
          <ns3:TrackPointExtension>
            <ns3:hr>94</ns3:hr>
            <ns3:cad>0</ns3:cad>
          </ns3:TrackPointExtension>
        </extensions>
      </trkpt>
      <trkpt lat="42.05915571190416812896728515625" lon="128.058212064206600189208984375">
        <ele>1761.800048828125</ele>
        <time>2026-10-03T08:14:23.000Z</time>
        <extensions>
          <ns3:TrackPointExtension>
            <ns3:hr>93</ns3:hr>
            <ns3:cad>0</ns3:cad>
          </ns3:TrackPointExtension>
        </extensions>
      </trkpt>
      <trkpt lat="42.05915571190416812896728515625" lon="128.058212064206600189208984375">
        <ele>1763.800048828125</ele>
        <time>2026-10-03T08:14:30.000Z</time>
        <extensions>
          <ns3:TrackPointExtension>
            <ns3:hr>93</ns3:hr>
            <ns3:cad>0</ns3:cad>
          </ns3:TrackPointExtension>
        </extensions>
      </trkpt>
      <trkpt lat="42.05915571190416812896728515625" lon="128.058212064206600189208984375">
        <ele>1764.4000244140625</ele>
        <time>2026-10-03T08:14:37.000Z</time>
        <extensions>
          <ns3:TrackPointExtension>
            <ns3:hr>96</ns3:hr>
            <ns3:cad>48</ns3:cad>
          </ns3:TrackPointExtension>
        </extensions>
      </trkpt>
      <trkpt lat="42.0591289736330509185791015625" lon="128.05827015079557895660400390625">
        <ele>1764</ele>
        <time>2026-10-03T08:14:41.000Z</time>
        <extensions>
          <ns3:TrackPointExtension>
            <ns3:hr>98</ns3:hr>
            <ns3:cad>48</ns3:cad>
          </ns3:TrackPointExtension>
        </extensions>
      </trkpt>
      <trkpt lat="42.05910106189548969268798828125" lon="128.0583222024142742156982421875">
        <ele>1763.5999755859375</ele>
        <time>2026-10-03T08:14:44.000Z</time>
        <extensions>
          <ns3:TrackPointExtension>
            <ns3:hr>99</ns3:hr>
            <ns3:cad>44</ns3:cad>
          </ns3:TrackPointExtension>
        </extensions>
      </trkpt>
      <trkpt lat="42.0590723119676113128662109375" lon="128.0583621002733707427978515625">
        <ele>1762.800048828125</ele>
        <time>2026-10-03T08:14:47.000Z</time>
        <extensions>
          <ns3:TrackPointExtension>
            <ns3:hr>99</ns3:hr>
            <ns3:cad>44</ns3:cad>
          </ns3:TrackPointExtension>
        </extensions>
      </trkpt>
      <trkpt lat="42.0590696297585964202880859375" lon="128.05836671032011508941650390625">
        <ele>1762.4000244140625</ele>
        <time>2026-10-03T08:14:48.000Z</time>
        <extensions>
          <ns3:TrackPointExtension>
            <ns3:hr>99</ns3:hr>
            <ns3:cad>44</ns3:cad>
          </ns3:TrackPointExtension>
        </extensions>
      </trkpt>
      <trkpt lat="42.0590622536838054656982421875" lon="128.0583731643855571746826171875">
        <ele>1762</ele>
        <time>2026-10-03T08:14:49.000Z</time>
        <extensions>
          <ns3:TrackPointExtension>
            <ns3:hr>99</ns3:hr>
            <ns3:cad>44</ns3:cad>
          </ns3:TrackPointExtension>
        </extensions>
      </trkpt>
      <trkpt lat="42.05905764363706111907958984375" lon="128.0583788640797138214111328125">
        <ele>1761.5999755859375</ele>
        <time>2026-10-03T08:14:50.000Z</time>
        <extensions>
          <ns3:TrackPointExtension>
            <ns3:hr>99</ns3:hr>
            <ns3:cad>44</ns3:cad>
          </ns3:TrackPointExtension>
        </extensions>
      </trkpt>
      <trkpt lat="42.05905647017061710357666015625" lon="128.058387078344821929931640625">
        <ele>1761</ele>
        <time>2026-10-03T08:14:51.000Z</time>
        <extensions>
          <ns3:TrackPointExtension>
            <ns3:hr>99</ns3:hr>
            <ns3:cad>44</ns3:cad>
          </ns3:TrackPointExtension>
        </extensions>
      </trkpt>
      <trkpt lat="42.0590521953999996185302734375" lon="128.05839789099991321563720703125">
        <ele>1760.5999755859375</ele>
        <time>2026-10-03T08:14:52.000Z</time>
        <extensions>
          <ns3:TrackPointExtension>
            <ns3:hr>99</ns3:hr>
            <ns3:cad>44</ns3:cad>
          </ns3:TrackPointExtension>
        </extensions>
      </trkpt>
      <trkpt lat="42.05903618596494197845458984375" lon="128.0584261380136013031005859375">
        <ele>1759.800048828125</ele>
        <time>2026-10-03T08:14:55.000Z</time>
        <extensions>
          <ns3:TrackPointExtension>
            <ns3:hr>99</ns3:hr>
            <ns3:cad>42</ns3:cad>
          </ns3:TrackPointExtension>
        </extensions>
      </trkpt>
      <trkpt lat="42.05901623703539371490478515625" lon="128.058457486331462860107421875">
        <ele>1759.5999755859375</ele>
        <time>2026-10-03T08:14:58.000Z</time>
        <extensions>
          <ns3:TrackPointExtension>
            <ns3:hr>99</ns3:hr>
            <ns3:cad>48</ns3:cad>
          </ns3:TrackPointExtension>
        </extensions>
      </trkpt>
      <trkpt lat="42.05899863503873348236083984375" lon="128.05846997536718845367431640625">
        <ele>1759.4000244140625</ele>
        <time>2026-10-03T08:15:00.000Z</time>
        <extensions>
          <ns3:TrackPointExtension>
            <ns3:hr>100</ns3:hr>
            <ns3:cad>47</ns3:cad>
          </ns3:TrackPointExtension>
        </extensions>
      </trkpt>
      <trkpt lat="42.05897013656795024871826171875" lon="128.05848397314548492431640625">
        <ele>1759.199951171875</ele>
        <time>2026-10-03T08:15:02.000Z</time>
        <extensions>
          <ns3:TrackPointExtension>
            <ns3:hr>100</ns3:hr>
            <ns3:cad>47</ns3:cad>
          </ns3:TrackPointExtension>
        </extensions>
      </trkpt>
      <trkpt lat="42.058950774371623992919921875" lon="128.0585076101124286651611328125">
        <ele>1758.5999755859375</ele>
        <time>2026-10-03T08:15:04.000Z</time>
        <extensions>
          <ns3:TrackPointExtension>
            <ns3:hr>100</ns3:hr>
            <ns3:cad>46</ns3:cad>
          </ns3:TrackPointExtension>
        </extensions>
      </trkpt>
      <trkpt lat="42.058944404125213623046875" lon="128.0585206858813762664794921875">
        <ele>1757.5999755859375</ele>
        <time>2026-10-03T08:15:06.000Z</time>
        <extensions>
          <ns3:TrackPointExtension>
            <ns3:hr>100</ns3:hr>
            <ns3:cad>47</ns3:cad>
          </ns3:TrackPointExtension>
        </extensions>
      </trkpt>
      <trkpt lat="42.0589318312704563140869140625" lon="128.058542311191558837890625">
        <ele>1756.5999755859375</ele>
        <time>2026-10-03T08:15:09.000Z</time>
        <extensions>
          <ns3:TrackPointExtension>
            <ns3:hr>104</ns3:hr>
            <ns3:cad>46</ns3:cad>
          </ns3:TrackPointExtension>
        </extensions>
      </trkpt>
      <trkpt lat="42.0589242875576019287109375" lon="128.0585558898746967315673828125">
        <ele>1756.5999755859375</ele>
        <time>2026-10-03T08:15:10.000Z</time>
        <extensions>
          <ns3:TrackPointExtension>
            <ns3:hr>108</ns3:hr>
            <ns3:cad>46</ns3:cad>
          </ns3:TrackPointExtension>
        </extensions>
      </trkpt>
      <trkpt lat="42.0589200966060161590576171875" lon="128.05856452323496341705322265625">
        <ele>1756.4000244140625</ele>
        <time>2026-10-03T08:15:11.000Z</time>
        <extensions>
          <ns3:TrackPointExtension>
            <ns3:hr>112</ns3:hr>
            <ns3:cad>45</ns3:cad>
          </ns3:TrackPointExtension>
        </extensions>
      </trkpt>
      <trkpt lat="42.05891397781670093536376953125" lon="128.05857290513813495635986328125">
        <ele>1756.5999755859375</ele>
        <time>2026-10-03T08:15:12.000Z</time>
        <extensions>
          <ns3:TrackPointExtension>
            <ns3:hr>116</ns3:hr>
            <ns3:cad>45</ns3:cad>
          </ns3:TrackPointExtension>
        </extensions>
      </trkpt>
      <trkpt lat="42.0589076913893222808837890625" lon="128.0585853941738605499267578125">
        <ele>1756.800048828125</ele>
        <time>2026-10-03T08:15:13.000Z</time>
        <extensions>
          <ns3:TrackPointExtension>
            <ns3:hr>119</ns3:hr>
            <ns3:cad>46</ns3:cad>
          </ns3:TrackPointExtension>
        </extensions>
      </trkpt>
      <trkpt lat="42.0589013211429119110107421875" lon="128.05861364118754863739013671875">
        <ele>1757.4000244140625</ele>
        <time>2026-10-03T08:15:15.000Z</time>
        <extensions>
          <ns3:TrackPointExtension>
            <ns3:hr>123</ns3:hr>
            <ns3:cad>47</ns3:cad>
          </ns3:TrackPointExtension>
        </extensions>
      </trkpt>
      <trkpt lat="42.05889754928648471832275390625" lon="128.05862437002360820770263671875">
        <ele>1757.5999755859375</ele>
        <time>2026-10-03T08:15:16.000Z</time>
        <extensions>
          <ns3:TrackPointExtension>
            <ns3:hr>124</ns3:hr>
            <ns3:cad>47</ns3:cad>
          </ns3:TrackPointExtension>
        </extensions>
      </trkpt>
      <trkpt lat="42.0588808692991733551025390625" lon="128.0586470849812030792236328125">
        <ele>1758</ele>
        <time>2026-10-03T08:15:18.000Z</time>
        <extensions>
          <ns3:TrackPointExtension>
            <ns3:hr>127</ns3:hr>
            <ns3:cad>46</ns3:cad>
          </ns3:TrackPointExtension>
        </extensions>
      </trkpt>
      <trkpt lat="42.05886997282505035400390625" lon="128.05866275914013385772705078125">
        <ele>1758.5999755859375</ele>
        <time>2026-10-03T08:15:20.000Z</time>
        <extensions>
          <ns3:TrackPointExtension>
            <ns3:hr>129</ns3:hr>
            <ns3:cad>46</ns3:cad>
          </ns3:TrackPointExtension>
        </extensions>
      </trkpt>
      <trkpt lat="42.0588701404631137847900390625" lon="128.05867784656584262847900390625">
        <ele>1759</ele>
        <time>2026-10-03T08:15:21.000Z</time>
        <extensions>
          <ns3:TrackPointExtension>
            <ns3:hr>130</ns3:hr>
            <ns3:cad>46</ns3:cad>
          </ns3:TrackPointExtension>
        </extensions>
      </trkpt>
      <trkpt lat="42.05886737443506717681884765625" lon="128.0587221868336200714111328125">
        <ele>1759.800048828125</ele>
        <time>2026-10-03T08:15:24.000Z</time>
        <extensions>
          <ns3:TrackPointExtension>
            <ns3:hr>133</ns3:hr>
            <ns3:cad>46</ns3:cad>
          </ns3:TrackPointExtension>
        </extensions>
      </trkpt>
      <trkpt lat="42.05886485986411571502685546875" lon="128.058724701404571533203125">
        <ele>1760.199951171875</ele>
        <time>2026-10-03T08:15:25.000Z</time>
        <extensions>
          <ns3:TrackPointExtension>
            <ns3:hr>134</ns3:hr>
            <ns3:cad>46</ns3:cad>
          </ns3:TrackPointExtension>
        </extensions>
      </trkpt>
      <trkpt lat="42.0588275603950023651123046875" lon="128.05876116268336772918701171875">
        <ele>1760.5999755859375</ele>
        <time>2026-10-03T08:15:29.000Z</time>
        <extensions>
          <ns3:TrackPointExtension>
            <ns3:hr>137</ns3:hr>
            <ns3:cad>51</ns3:cad>
          </ns3:TrackPointExtension>
        </extensions>
      </trkpt>
      <trkpt lat="42.05882596783339977264404296875" lon="128.0587785132229328155517578125">
        <ele>1760.4000244140625</ele>
        <time>2026-10-03T08:15:31.000Z</time>
        <extensions>
          <ns3:TrackPointExtension>
            <ns3:hr>141</ns3:hr>
            <ns3:cad>0</ns3:cad>
          </ns3:TrackPointExtension>
        </extensions>
      </trkpt>
      <trkpt lat="42.05882932059466838836669921875" lon="128.05878664366900920867919921875">
        <ele>1760.4000244140625</ele>
        <time>2026-10-03T08:15:32.000Z</time>
        <extensions>
          <ns3:TrackPointExtension>
            <ns3:hr>139</ns3:hr>
            <ns3:cad>0</ns3:cad>
          </ns3:TrackPointExtension>
        </extensions>
      </trkpt>
      <trkpt lat="42.05883066169917583465576171875" lon="128.058817572891712188720703125">
        <ele>1760.4000244140625</ele>
        <time>2026-10-03T08:15:36.000Z</time>
        <extensions>
          <ns3:TrackPointExtension>
            <ns3:hr>138</ns3:hr>
            <ns3:cad>56</ns3:cad>
          </ns3:TrackPointExtension>
        </extensions>
      </trkpt>
      <trkpt lat="42.0588339306414127349853515625" lon="128.058825619518756866455078125">
        <ele>1760.5999755859375</ele>
        <time>2026-10-03T08:15:37.000Z</time>
        <extensions>
          <ns3:TrackPointExtension>
            <ns3:hr>137</ns3:hr>
            <ns3:cad>56</ns3:cad>
          </ns3:TrackPointExtension>
        </extensions>
      </trkpt>
      <trkpt lat="42.05882965587079524993896484375" lon="128.0588482506573200225830078125">
        <ele>1760.5999755859375</ele>
        <time>2026-10-03T08:15:40.000Z</time>
        <extensions>
          <ns3:TrackPointExtension>
            <ns3:hr>134</ns3:hr>
            <ns3:cad>56</ns3:cad>
          </ns3:TrackPointExtension>
        </extensions>
      </trkpt>
      <trkpt lat="42.0588223636150360107421875" lon="128.05887155234813690185546875">
        <ele>1760.4000244140625</ele>
        <time>2026-10-03T08:15:42.000Z</time>
        <extensions>
          <ns3:TrackPointExtension>
            <ns3:hr>133</ns3:hr>
            <ns3:cad>56</ns3:cad>
          </ns3:TrackPointExtension>
        </extensions>
      </trkpt>
      <trkpt lat="42.0588282309472560882568359375" lon="128.05888739414513111114501953125">
        <ele>1760</ele>
        <time>2026-10-03T08:15:45.000Z</time>
        <extensions>
          <ns3:TrackPointExtension>
            <ns3:hr>131</ns3:hr>
            <ns3:cad>60</ns3:cad>
          </ns3:TrackPointExtension>
        </extensions>
      </trkpt>
      <trkpt lat="42.05883820541203022003173828125" lon="128.058913461863994598388671875">
        <ele>1759.4000244140625</ele>
        <time>2026-10-03T08:15:48.000Z</time>
        <extensions>
          <ns3:TrackPointExtension>
            <ns3:hr>129</ns3:hr>
            <ns3:cad>60</ns3:cad>
          </ns3:TrackPointExtension>
        </extensions>
      </trkpt>
      <trkpt lat="42.0588392950594425201416015625" lon="128.058936260640621185302734375">
        <ele>1759.199951171875</ele>
        <time>2026-10-03T08:15:50.000Z</time>
        <extensions>
          <ns3:TrackPointExtension>
            <ns3:hr>129</ns3:hr>
            <ns3:cad>60</ns3:cad>
          </ns3:TrackPointExtension>
        </extensions>
      </trkpt>
      <trkpt lat="42.058840803802013397216796875" lon="128.05894556455314159393310546875">
        <ele>1759</ele>
        <time>2026-10-03T08:15:51.000Z</time>
        <extensions>
          <ns3:TrackPointExtension>
            <ns3:hr>128</ns3:hr>
            <ns3:cad>60</ns3:cad>
          </ns3:TrackPointExtension>
        </extensions>
      </trkpt>
      <trkpt lat="42.05884776078164577484130859375" lon="128.0589873902499675750732421875">
        <ele>1758.800048828125</ele>
        <time>2026-10-03T08:15:55.000Z</time>
        <extensions>
          <ns3:TrackPointExtension>
            <ns3:hr>125</ns3:hr>
            <ns3:cad>51</ns3:cad>
          </ns3:TrackPointExtension>
        </extensions>
      </trkpt>
      <trkpt lat="42.0588423125445842742919921875" lon="128.05901102721691131591796875">
        <ele>1758.800048828125</ele>
        <time>2026-10-03T08:15:57.000Z</time>
        <extensions>
          <ns3:TrackPointExtension>
            <ns3:hr>123</ns3:hr>
            <ns3:cad>51</ns3:cad>
          </ns3:TrackPointExtension>
        </extensions>
      </trkpt>
      <trkpt lat="42.0588453300297260284423828125" lon="128.059022091329097747802734375">
        <ele>1759</ele>
        <time>2026-10-03T08:15:58.000Z</time>
        <extensions>
          <ns3:TrackPointExtension>
            <ns3:hr>124</ns3:hr>
            <ns3:cad>49</ns3:cad>
          </ns3:TrackPointExtension>
        </extensions>
      </trkpt>
      <trkpt lat="42.05886326730251312255859375" lon="128.0590621568262577056884765625">
        <ele>1758.800048828125</ele>
        <time>2026-10-03T08:16:02.000Z</time>
        <extensions>
          <ns3:TrackPointExtension>
            <ns3:hr>124</ns3:hr>
            <ns3:cad>57</ns3:cad>
          </ns3:TrackPointExtension>
        </extensions>
      </trkpt>
      <trkpt lat="42.058862932026386260986328125" lon="128.059080429375171661376953125">
        <ele>1758.4000244140625</ele>
        <time>2026-10-03T08:16:03.000Z</time>
        <extensions>
          <ns3:TrackPointExtension>
            <ns3:hr>127</ns3:hr>
            <ns3:cad>57</ns3:cad>
          </ns3:TrackPointExtension>
        </extensions>
      </trkpt>
      <trkpt lat="42.0588624291121959686279296875" lon="128.05910314433276653289794921875">
        <ele>1758</ele>
        <time>2026-10-03T08:16:04.000Z</time>
        <extensions>
          <ns3:TrackPointExtension>
            <ns3:hr>127</ns3:hr>
            <ns3:cad>57</ns3:cad>
          </ns3:TrackPointExtension>
        </extensions>
      </trkpt>
      <trkpt lat="42.05888262949883937835693359375" lon="128.059113286435604095458984375">
        <ele>1756.5999755859375</ele>
        <time>2026-10-03T08:16:07.000Z</time>
        <extensions>
          <ns3:TrackPointExtension>
            <ns3:hr>125</ns3:hr>
            <ns3:cad>53</ns3:cad>
          </ns3:TrackPointExtension>
        </extensions>
      </trkpt>
      <trkpt lat="42.058893777430057525634765625" lon="128.05913046933710575103759765625">
        <ele>1755.800048828125</ele>
        <time>2026-10-03T08:16:09.000Z</time>
        <extensions>
          <ns3:TrackPointExtension>
            <ns3:hr>128</ns3:hr>
            <ns3:cad>53</ns3:cad>
          </ns3:TrackPointExtension>
        </extensions>
      </trkpt>
      <trkpt lat="42.05889805220067501068115234375" lon="128.0591391026973724365234375">
        <ele>1755.5999755859375</ele>
        <time>2026-10-03T08:16:10.000Z</time>
        <extensions>
          <ns3:TrackPointExtension>
            <ns3:hr>129</ns3:hr>
            <ns3:cad>53</ns3:cad>
          </ns3:TrackPointExtension>
        </extensions>
      </trkpt>
      <trkpt lat="42.058904170989990234375" lon="128.05914237163960933685302734375">
        <ele>1755.4000244140625</ele>
        <time>2026-10-03T08:16:11.000Z</time>
        <extensions>
          <ns3:TrackPointExtension>
            <ns3:hr>130</ns3:hr>
            <ns3:cad>51</ns3:cad>
          </ns3:TrackPointExtension>
        </extensions>
      </trkpt>
      <trkpt lat="42.05893023870885372161865234375" lon="128.05919584818184375762939453125">
        <ele>1755.4000244140625</ele>
        <time>2026-10-03T08:16:18.000Z</time>
        <extensions>
          <ns3:TrackPointExtension>
            <ns3:hr>128</ns3:hr>
            <ns3:cad>101</ns3:cad>
          </ns3:TrackPointExtension>
        </extensions>
      </trkpt>
      <trkpt lat="42.0589402131736278533935546875" lon="128.0592284537851810455322265625">
        <ele>1755.5999755859375</ele>
        <time>2026-10-03T08:16:23.000Z</time>
        <extensions>
          <ns3:TrackPointExtension>
            <ns3:hr>126</ns3:hr>
            <ns3:cad>52</ns3:cad>
          </ns3:TrackPointExtension>
        </extensions>
      </trkpt>
      <trkpt lat="42.0589509420096874237060546875" lon="128.0592321418225765228271484375">
        <ele>1755.5999755859375</ele>
        <time>2026-10-03T08:16:24.000Z</time>
        <extensions>
          <ns3:TrackPointExtension>
            <ns3:hr>126</ns3:hr>
            <ns3:cad>52</ns3:cad>
          </ns3:TrackPointExtension>
        </extensions>
      </trkpt>
      <trkpt lat="42.05897533334791660308837890625" lon="128.0592368356883525848388671875">
        <ele>1755.800048828125</ele>
        <time>2026-10-03T08:16:26.000Z</time>
        <extensions>
          <ns3:TrackPointExtension>
            <ns3:hr>125</ns3:hr>
            <ns3:cad>52</ns3:cad>
          </ns3:TrackPointExtension>
        </extensions>
      </trkpt>
      <trkpt lat="42.0589915104210376739501953125" lon="128.059233985841274261474609375">
        <ele>1755.800048828125</ele>
        <time>2026-10-03T08:16:29.000Z</time>
        <extensions>
          <ns3:TrackPointExtension>
            <ns3:hr>125</ns3:hr>
            <ns3:cad>0</ns3:cad>
          </ns3:TrackPointExtension>
        </extensions>
      </trkpt>
      <trkpt lat="42.0589965395629405975341796875" lon="128.0592405237257480621337890625">
        <ele>1756</ele>
        <time>2026-10-03T08:16:31.000Z</time>
        <extensions>
          <ns3:TrackPointExtension>
            <ns3:hr>124</ns3:hr>
            <ns3:cad>0</ns3:cad>
          </ns3:TrackPointExtension>
        </extensions>
      </trkpt>
      <trkpt lat="42.05899612046778202056884765625" lon="128.05924530141055583953857421875">
        <ele>1756</ele>
        <time>2026-10-03T08:16:32.000Z</time>
        <extensions>
          <ns3:TrackPointExtension>
            <ns3:hr>124</ns3:hr>
            <ns3:cad>45</ns3:cad>
          </ns3:TrackPointExtension>
        </extensions>
      </trkpt>
      <trkpt lat="42.0589958690106868743896484375" lon="128.0592448823153972625732421875">
        <ele>1756</ele>
        <time>2026-10-03T08:16:33.000Z</time>
        <extensions>
          <ns3:TrackPointExtension>
            <ns3:hr>124</ns3:hr>
            <ns3:cad>45</ns3:cad>
          </ns3:TrackPointExtension>
        </extensions>
      </trkpt>
      <trkpt lat="42.0590423047542572021484375" lon="128.0592222511768341064453125">
        <ele>1755.800048828125</ele>
        <time>2026-10-03T08:16:38.000Z</time>
        <extensions>
          <ns3:TrackPointExtension>
            <ns3:hr>121</ns3:hr>
            <ns3:cad>0</ns3:cad>
          </ns3:TrackPointExtension>
        </extensions>
      </trkpt>
      <trkpt lat="42.05904725007712841033935546875" lon="128.05921646766364574432373046875">
        <ele>1755.199951171875</ele>
        <time>2026-10-03T08:16:41.000Z</time>
        <extensions>
          <ns3:TrackPointExtension>
            <ns3:hr>121</ns3:hr>
            <ns3:cad>46</ns3:cad>
          </ns3:TrackPointExtension>
        </extensions>
      </trkpt>
      <trkpt lat="42.05906032584607601165771484375" lon="128.0592160485684871673583984375">
        <ele>1755</ele>
        <time>2026-10-03T08:16:43.000Z</time>
        <extensions>
          <ns3:TrackPointExtension>
            <ns3:hr>118</ns3:hr>
            <ns3:cad>45</ns3:cad>
          </ns3:TrackPointExtension>
        </extensions>
      </trkpt>
      <trkpt lat="42.059107683598995208740234375" lon="128.059213869273662567138671875">
        <ele>1754.5999755859375</ele>
        <time>2026-10-03T08:16:47.000Z</time>
        <extensions>
          <ns3:TrackPointExtension>
            <ns3:hr>118</ns3:hr>
            <ns3:cad>45</ns3:cad>
          </ns3:TrackPointExtension>
        </extensions>
      </trkpt>
      <trkpt lat="42.0591281354427337646484375" lon="128.05921529419720172882080078125">
        <ele>1754.4000244140625</ele>
        <time>2026-10-03T08:16:49.000Z</time>
        <extensions>
          <ns3:TrackPointExtension>
            <ns3:hr>116</ns3:hr>
            <ns3:cad>45</ns3:cad>
          </ns3:TrackPointExtension>
        </extensions>
      </trkpt>
      <trkpt lat="42.05917733721435070037841796875" lon="128.05922803469002246856689453125">
        <ele>1753.800048828125</ele>
        <time>2026-10-03T08:16:52.000Z</time>
        <extensions>
          <ns3:TrackPointExtension>
            <ns3:hr>116</ns3:hr>
            <ns3:cad>56</ns3:cad>
          </ns3:TrackPointExtension>
        </extensions>
      </trkpt>
      <trkpt lat="42.05918991006910800933837890625" lon="128.05922199971973896026611328125">
        <ele>1753.4000244140625</ele>
        <time>2026-10-03T08:16:53.000Z</time>
        <extensions>
          <ns3:TrackPointExtension>
            <ns3:hr>117</ns3:hr>
            <ns3:cad>18</ns3:cad>
          </ns3:TrackPointExtension>
        </extensions>
      </trkpt>
      <trkpt lat="42.0592382736504077911376953125" lon="128.059217222034931182861328125">
        <ele>1752.4000244140625</ele>
        <time>2026-10-03T08:16:56.000Z</time>
        <extensions>
          <ns3:TrackPointExtension>
            <ns3:hr>115</ns3:hr>
            <ns3:cad>18</ns3:cad>
          </ns3:TrackPointExtension>
        </extensions>
      </trkpt>
      <trkpt lat="42.0592262037098407745361328125" lon="128.059209845960140228271484375">
        <ele>1751.800048828125</ele>
        <time>2026-10-03T08:16:58.000Z</time>
        <extensions>
          <ns3:TrackPointExtension>
            <ns3:hr>115</ns3:hr>
            <ns3:cad>0</ns3:cad>
          </ns3:TrackPointExtension>
        </extensions>
      </trkpt>
      <trkpt lat="42.0592205040156841278076171875" lon="128.0592076666653156280517578125">
        <ele>1751.4000244140625</ele>
        <time>2026-10-03T08:17:00.000Z</time>
        <extensions>
          <ns3:TrackPointExtension>
            <ns3:hr>112</ns3:hr>
            <ns3:cad>0</ns3:cad>
          </ns3:TrackPointExtension>
        </extensions>
      </trkpt>
      <trkpt lat="42.059227712452411651611328125" lon="128.05921713821589946746826171875">
        <ele>1751.199951171875</ele>
        <time>2026-10-03T08:17:01.000Z</time>
        <extensions>
          <ns3:TrackPointExtension>
            <ns3:hr>112</ns3:hr>
            <ns3:cad>0</ns3:cad>
          </ns3:TrackPointExtension>
        </extensions>
      </trkpt>
      <trkpt lat="42.05925143323838710784912109375" lon="128.0592522583901882171630859375">
        <ele>1751</ele>
        <time>2026-10-03T08:17:03.000Z</time>
        <extensions>
          <ns3:TrackPointExtension>
            <ns3:hr>113</ns3:hr>
            <ns3:cad>0</ns3:cad>
          </ns3:TrackPointExtension>
        </extensions>
      </trkpt>
      <trkpt lat="42.0592734776437282562255859375" lon="128.0593079142272472381591796875">
        <ele>1751.199951171875</ele>
        <time>2026-10-03T08:17:09.000Z</time>
        <extensions>
          <ns3:TrackPointExtension>
            <ns3:hr>111</ns3:hr>
            <ns3:cad>59</ns3:cad>
          </ns3:TrackPointExtension>
        </extensions>
      </trkpt>
      <trkpt lat="42.0592379383742809295654296875" lon="128.0593333952128887176513671875">
        <ele>1751.800048828125</ele>
        <time>2026-10-03T08:17:15.000Z</time>
        <extensions>
          <ns3:TrackPointExtension>
            <ns3:hr>111</ns3:hr>
            <ns3:cad>53</ns3:cad>
          </ns3:TrackPointExtension>
        </extensions>
      </trkpt>
      <trkpt lat="42.0592354238033294677734375" lon="128.05933691561222076416015625">
        <ele>1752.5999755859375</ele>
        <time>2026-10-03T08:17:17.000Z</time>
        <extensions>
          <ns3:TrackPointExtension>
            <ns3:hr>108</ns3:hr>
            <ns3:cad>52</ns3:cad>
          </ns3:TrackPointExtension>
        </extensions>
      </trkpt>
      <trkpt lat="42.059234417974948883056640625" lon="128.0593387596309185028076171875">
        <ele>1753.800048828125</ele>
        <time>2026-10-03T08:17:21.000Z</time>
        <extensions>
          <ns3:TrackPointExtension>
            <ns3:hr>110</ns3:hr>
            <ns3:cad>51</ns3:cad>
          </ns3:TrackPointExtension>
        </extensions>
      </trkpt>
      <trkpt lat="42.05922394059598445892333984375" lon="128.05932744406163692474365234375">
        <ele>1753.800048828125</ele>
        <time>2026-10-03T08:17:29.000Z</time>
        <extensions>
          <ns3:TrackPointExtension>
            <ns3:hr>109</ns3:hr>
            <ns3:cad>0</ns3:cad>
          </ns3:TrackPointExtension>
        </extensions>
      </trkpt>
      <trkpt lat="42.05923332832753658294677734375" lon="128.05933482013642787933349609375">
        <ele>1752.4000244140625</ele>
        <time>2026-10-03T08:17:31.000Z</time>
        <extensions>
          <ns3:TrackPointExtension>
            <ns3:hr>109</ns3:hr>
            <ns3:cad>0</ns3:cad>
          </ns3:TrackPointExtension>
        </extensions>
      </trkpt>
      <trkpt lat="42.059235759079456329345703125" lon="128.05932979099452495574951171875">
        <ele>1751</ele>
        <time>2026-10-03T08:17:34.000Z</time>
        <extensions>
          <ns3:TrackPointExtension>
            <ns3:hr>109</ns3:hr>
            <ns3:cad>0</ns3:cad>
          </ns3:TrackPointExtension>
        </extensions>
      </trkpt>
      <trkpt lat="42.05923701636493206024169921875" lon="128.05935342796146869659423828125">
        <ele>1750.5999755859375</ele>
        <time>2026-10-03T08:17:39.000Z</time>
        <extensions>
          <ns3:TrackPointExtension>
            <ns3:hr>110</ns3:hr>
            <ns3:cad>0</ns3:cad>
          </ns3:TrackPointExtension>
        </extensions>
      </trkpt>
      <trkpt lat="42.0592023991048336029052734375" lon="128.05934001691639423370361328125">
        <ele>1751.800048828125</ele>
        <time>2026-10-03T08:17:43.000Z</time>
        <extensions>
          <ns3:TrackPointExtension>
            <ns3:hr>110</ns3:hr>
            <ns3:cad>0</ns3:cad>
          </ns3:TrackPointExtension>
        </extensions>
      </trkpt>
      <trkpt lat="42.0592023991048336029052734375" lon="128.05934001691639423370361328125">
        <ele>1752.4000244140625</ele>
        <time>2026-10-03T08:17:44.000Z</time>
        <extensions>
          <ns3:TrackPointExtension>
            <ns3:hr>110</ns3:hr>
            <ns3:cad>0</ns3:cad>
          </ns3:TrackPointExtension>
        </extensions>
      </trkpt>
      <trkpt lat="42.05918102525174617767333984375" lon="128.0593498237431049346923828125">
        <ele>1753.4000244140625</ele>
        <time>2026-10-03T08:17:48.000Z</time>
        <extensions>
          <ns3:TrackPointExtension>
            <ns3:hr>109</ns3:hr>
            <ns3:cad>0</ns3:cad>
          </ns3:TrackPointExtension>
        </extensions>
      </trkpt>
      <trkpt lat="42.05911941826343536376953125" lon="128.059380166232585906982421875">
        <ele>1753.199951171875</ele>
        <time>2026-10-03T08:17:53.000Z</time>
        <extensions>
          <ns3:TrackPointExtension>
            <ns3:hr>106</ns3:hr>
            <ns3:cad>0</ns3:cad>
          </ns3:TrackPointExtension>
        </extensions>
      </trkpt>
      <trkpt lat="42.05910005606710910797119140625" lon="128.0593756400048732757568359375">
        <ele>1753</ele>
        <time>2026-10-03T08:17:54.000Z</time>
        <extensions>
          <ns3:TrackPointExtension>
            <ns3:hr>105</ns3:hr>
            <ns3:cad>0</ns3:cad>
          </ns3:TrackPointExtension>
        </extensions>
      </trkpt>
      <trkpt lat="42.05908614210784435272216796875" lon="128.05939332582056522369384765625">
        <ele>1752.199951171875</ele>
        <time>2026-10-03T08:17:56.000Z</time>
        <extensions>
          <ns3:TrackPointExtension>
            <ns3:hr>106</ns3:hr>
            <ns3:cad>0</ns3:cad>
          </ns3:TrackPointExtension>
        </extensions>
      </trkpt>
      <trkpt lat="42.05910391174256801605224609375" lon="128.0594058148562908172607421875">
        <ele>1751.5999755859375</ele>
        <time>2026-10-03T08:17:59.000Z</time>
        <extensions>
          <ns3:TrackPointExtension>
            <ns3:hr>107</ns3:hr>
            <ns3:cad>0</ns3:cad>
          </ns3:TrackPointExtension>
        </extensions>
      </trkpt>
      <trkpt lat="42.05915319733321666717529296875" lon="128.0594524182379245758056640625">
        <ele>1753</ele>
        <time>2026-10-03T08:18:05.000Z</time>
        <extensions>
          <ns3:TrackPointExtension>
            <ns3:hr>107</ns3:hr>
            <ns3:cad>0</ns3:cad>
          </ns3:TrackPointExtension>
        </extensions>
      </trkpt>
      <trkpt lat="42.0591564662754535675048828125" lon="128.059443868696689605712890625">
        <ele>1753.5999755859375</ele>
        <time>2026-10-03T08:18:06.000Z</time>
        <extensions>
          <ns3:TrackPointExtension>
            <ns3:hr>106</ns3:hr>
            <ns3:cad>0</ns3:cad>
          </ns3:TrackPointExtension>
        </extensions>
      </trkpt>
      <trkpt lat="42.05916996113955974578857421875" lon="128.05942115373909473419189453125">
        <ele>1755</ele>
        <time>2026-10-03T08:18:09.000Z</time>
        <extensions>
          <ns3:TrackPointExtension>
            <ns3:hr>106</ns3:hr>
            <ns3:cad>0</ns3:cad>
          </ns3:TrackPointExtension>
        </extensions>
      </trkpt>
      <trkpt lat="42.0591916702687740325927734375" lon="128.05940791033208370208740234375">
        <ele>1755.5999755859375</ele>
        <time>2026-10-03T08:18:13.000Z</time>
        <extensions>
          <ns3:TrackPointExtension>
            <ns3:hr>104</ns3:hr>
            <ns3:cad>0</ns3:cad>
          </ns3:TrackPointExtension>
        </extensions>
      </trkpt>
      <trkpt lat="42.05920013599097728729248046875" lon="128.05937438271939754486083984375">
        <ele>1755.4000244140625</ele>
        <time>2026-10-03T08:18:19.000Z</time>
        <extensions>
          <ns3:TrackPointExtension>
            <ns3:hr>103</ns3:hr>
            <ns3:cad>0</ns3:cad>
          </ns3:TrackPointExtension>
        </extensions>
      </trkpt>
      <trkpt lat="42.05922746099531650543212890625" lon="128.05939131416380405426025390625">
        <ele>1754.800048828125</ele>
        <time>2026-10-03T08:18:23.000Z</time>
        <extensions>
          <ns3:TrackPointExtension>
            <ns3:hr>103</ns3:hr>
            <ns3:cad>0</ns3:cad>
          </ns3:TrackPointExtension>
        </extensions>
      </trkpt>
      <trkpt lat="42.059235088527202606201171875" lon="128.05938326753675937652587890625">
        <ele>1754.199951171875</ele>
        <time>2026-10-03T08:18:25.000Z</time>
        <extensions>
          <ns3:TrackPointExtension>
            <ns3:hr>100</ns3:hr>
            <ns3:cad>0</ns3:cad>
          </ns3:TrackPointExtension>
        </extensions>
      </trkpt>
      <trkpt lat="42.059249840676784515380859375" lon="128.05937689729034900665283203125">
        <ele>1753.800048828125</ele>
        <time>2026-10-03T08:18:26.000Z</time>
        <extensions>
          <ns3:TrackPointExtension>
            <ns3:hr>100</ns3:hr>
            <ns3:cad>0</ns3:cad>
          </ns3:TrackPointExtension>
        </extensions>
      </trkpt>
      <trkpt lat="42.0593016408383846282958984375" lon="128.05933381430804729461669921875">
        <ele>1753.4000244140625</ele>
        <time>2026-10-03T08:18:29.000Z</time>
        <extensions>
          <ns3:TrackPointExtension>
            <ns3:hr>99</ns3:hr>
            <ns3:cad>0</ns3:cad>
          </ns3:TrackPointExtension>
        </extensions>
      </trkpt>
      <trkpt lat="42.05927775241434574127197265625" lon="128.05933557450771331787109375">
        <ele>1753.4000244140625</ele>
        <time>2026-10-03T08:18:33.000Z</time>
        <extensions>
          <ns3:TrackPointExtension>
            <ns3:hr>100</ns3:hr>
            <ns3:cad>0</ns3:cad>
          </ns3:TrackPointExtension>
        </extensions>
      </trkpt>
      <trkpt lat="42.05927490256726741790771484375" lon="128.059386871755123138427734375">
        <ele>1752.5999755859375</ele>
        <time>2026-10-03T08:18:35.000Z</time>
        <extensions>
          <ns3:TrackPointExtension>
            <ns3:hr>99</ns3:hr>
            <ns3:cad>0</ns3:cad>
          </ns3:TrackPointExtension>
        </extensions>
      </trkpt>
      <trkpt lat="42.05926015041768550872802734375" lon="128.05942014791071414947509765625">
        <ele>1751.5999755859375</ele>
        <time>2026-10-03T08:18:40.000Z</time>
        <extensions>
          <ns3:TrackPointExtension>
            <ns3:hr>98</ns3:hr>
            <ns3:cad>0</ns3:cad>
          </ns3:TrackPointExtension>
        </extensions>
      </trkpt>
      <trkpt lat="42.059259898960590362548828125" lon="128.05942945182323455810546875">
        <ele>1751.5999755859375</ele>
        <time>2026-10-03T08:18:41.000Z</time>
        <extensions>
          <ns3:TrackPointExtension>
            <ns3:hr>98</ns3:hr>
            <ns3:cad>0</ns3:cad>
          </ns3:TrackPointExtension>
        </extensions>
      </trkpt>
      <trkpt lat="42.0591782592236995697021484375" lon="128.05948418565094470977783203125">
        <ele>1752.800048828125</ele>
        <time>2026-10-03T08:18:48.000Z</time>
        <extensions>
          <ns3:TrackPointExtension>
            <ns3:hr>99</ns3:hr>
            <ns3:cad>0</ns3:cad>
          </ns3:TrackPointExtension>
        </extensions>
      </trkpt>
      <trkpt lat="42.05916945822536945343017578125" lon="128.05948820896446704864501953125">
        <ele>1753</ele>
        <time>2026-10-03T08:18:49.000Z</time>
        <extensions>
          <ns3:TrackPointExtension>
            <ns3:hr>99</ns3:hr>
            <ns3:cad>0</ns3:cad>
          </ns3:TrackPointExtension>
        </extensions>
      </trkpt>
      <trkpt lat="42.0591557957231998443603515625" lon="128.059453256428241729736328125">
        <ele>1753.4000244140625</ele>
        <time>2026-10-03T08:18:56.000Z</time>
        <extensions>
          <ns3:TrackPointExtension>
            <ns3:hr>99</ns3:hr>
            <ns3:cad>0</ns3:cad>
          </ns3:TrackPointExtension>
        </extensions>
      </trkpt>
      <trkpt lat="42.05919988453388214111328125" lon="128.0593833513557910919189453125">
        <ele>1752.5999755859375</ele>
        <time>2026-10-03T08:19:01.000Z</time>
        <extensions>
          <ns3:TrackPointExtension>
            <ns3:hr>100</ns3:hr>
            <ns3:cad>0</ns3:cad>
          </ns3:TrackPointExtension>
        </extensions>
      </trkpt>
      <trkpt lat="42.05919644795358180999755859375" lon="128.05937656201422214508056640625">
        <ele>1752.199951171875</ele>
        <time>2026-10-03T08:19:02.000Z</time>
        <extensions>
          <ns3:TrackPointExtension>
            <ns3:hr>100</ns3:hr>
            <ns3:cad>0</ns3:cad>
          </ns3:TrackPointExtension>
        </extensions>
      </trkpt>
      <trkpt lat="42.059193514287471771240234375" lon="128.05937371216714382171630859375">
        <ele>1751.800048828125</ele>
        <time>2026-10-03T08:19:03.000Z</time>
        <extensions>
          <ns3:TrackPointExtension>
            <ns3:hr>100</ns3:hr>
            <ns3:cad>0</ns3:cad>
          </ns3:TrackPointExtension>
        </extensions>
      </trkpt>
      <trkpt lat="42.059196867048740386962890625" lon="128.059379495680332183837890625">
        <ele>1750.5999755859375</ele>
        <time>2026-10-03T08:19:05.000Z</time>
        <extensions>
          <ns3:TrackPointExtension>
            <ns3:hr>100</ns3:hr>
            <ns3:cad>0</ns3:cad>
          </ns3:TrackPointExtension>
        </extensions>
      </trkpt>
      <trkpt lat="42.059223018586635589599609375" lon="128.05938653647899627685546875">
        <ele>1749.5999755859375</ele>
        <time>2026-10-03T08:19:08.000Z</time>
        <extensions>
          <ns3:TrackPointExtension>
            <ns3:hr>100</ns3:hr>
            <ns3:cad>0</ns3:cad>
          </ns3:TrackPointExtension>
        </extensions>
      </trkpt>
      <trkpt lat="42.059161327779293060302734375" lon="128.05942350067198276519775390625">
        <ele>1748.800048828125</ele>
        <time>2026-10-03T08:19:16.000Z</time>
        <extensions>
          <ns3:TrackPointExtension>
            <ns3:hr>98</ns3:hr>
            <ns3:cad>0</ns3:cad>
          </ns3:TrackPointExtension>
        </extensions>
      </trkpt>
      <trkpt lat="42.05916912294924259185791015625" lon="128.05939986370503902435302734375">
        <ele>1749</ele>
        <time>2026-10-03T08:19:23.000Z</time>
        <extensions>
          <ns3:TrackPointExtension>
            <ns3:hr>98</ns3:hr>
            <ns3:cad>0</ns3:cad>
          </ns3:TrackPointExtension>
        </extensions>
      </trkpt>
      <trkpt lat="42.05918110907077789306640625" lon="128.0593779869377613067626953125">
        <ele>1749.800048828125</ele>
        <time>2026-10-03T08:19:29.000Z</time>
        <extensions>
          <ns3:TrackPointExtension>
            <ns3:hr>96</ns3:hr>
            <ns3:cad>0</ns3:cad>
          </ns3:TrackPointExtension>
        </extensions>
      </trkpt>
      <trkpt lat="42.0592493377625942230224609375" lon="128.0593659169971942901611328125">
        <ele>1749.5999755859375</ele>
        <time>2026-10-03T08:19:34.000Z</time>
        <extensions>
          <ns3:TrackPointExtension>
            <ns3:hr>95</ns3:hr>
            <ns3:cad>0</ns3:cad>
          </ns3:TrackPointExtension>
        </extensions>
      </trkpt>
      <trkpt lat="42.05927272327244281768798828125" lon="128.05932409130036830902099609375">
        <ele>1749.800048828125</ele>
        <time>2026-10-03T08:19:37.000Z</time>
        <extensions>
          <ns3:TrackPointExtension>
            <ns3:hr>95</ns3:hr>
            <ns3:cad>0</ns3:cad>
          </ns3:TrackPointExtension>
        </extensions>
      </trkpt>
      <trkpt lat="42.05927557311952114105224609375" lon="128.05931814014911651611328125">
        <ele>1750</ele>
        <time>2026-10-03T08:19:38.000Z</time>
        <extensions>
          <ns3:TrackPointExtension>
            <ns3:hr>95</ns3:hr>
            <ns3:cad>0</ns3:cad>
          </ns3:TrackPointExtension>
        </extensions>
      </trkpt>
      <trkpt lat="42.05929300747811794281005859375" lon="128.05932057090103626251220703125">
        <ele>1751.800048828125</ele>
        <time>2026-10-03T08:19:40.000Z</time>
        <extensions>
          <ns3:TrackPointExtension>
            <ns3:hr>94</ns3:hr>
            <ns3:cad>0</ns3:cad>
          </ns3:TrackPointExtension>
        </extensions>
      </trkpt>
      <trkpt lat="42.0593002997338771820068359375" lon="128.0593206547200679779052734375">
        <ele>1752.800048828125</ele>
        <time>2026-10-03T08:19:41.000Z</time>
        <extensions>
          <ns3:TrackPointExtension>
            <ns3:hr>94</ns3:hr>
            <ns3:cad>0</ns3:cad>
          </ns3:TrackPointExtension>
        </extensions>
      </trkpt>
      <trkpt lat="42.0593056641519069671630859375" lon="128.05932727642357349395751953125">
        <ele>1754.199951171875</ele>
        <time>2026-10-03T08:19:43.000Z</time>
        <extensions>
          <ns3:TrackPointExtension>
            <ns3:hr>94</ns3:hr>
            <ns3:cad>0</ns3:cad>
          </ns3:TrackPointExtension>
        </extensions>
      </trkpt>
      <trkpt lat="42.059308178722858428955078125" lon="128.05934370495378971099853515625">
        <ele>1755.4000244140625</ele>
        <time>2026-10-03T08:19:45.000Z</time>
        <extensions>
          <ns3:TrackPointExtension>
            <ns3:hr>96</ns3:hr>
            <ns3:cad>0</ns3:cad>
          </ns3:TrackPointExtension>
        </extensions>
      </trkpt>
      <trkpt lat="42.05931161530315876007080078125" lon="128.059349320828914642333984375">
        <ele>1755.800048828125</ele>
        <time>2026-10-03T08:19:46.000Z</time>
        <extensions>
          <ns3:TrackPointExtension>
            <ns3:hr>94</ns3:hr>
            <ns3:cad>0</ns3:cad>
          </ns3:TrackPointExtension>
        </extensions>
      </trkpt>
      <trkpt lat="42.0593267865478992462158203125" lon="128.0593320541083812713623046875">
        <ele>1756.4000244140625</ele>
        <time>2026-10-03T08:19:49.000Z</time>
        <extensions>
          <ns3:TrackPointExtension>
            <ns3:hr>93</ns3:hr>
            <ns3:cad>0</ns3:cad>
          </ns3:TrackPointExtension>
        </extensions>
      </trkpt>
      <trkpt lat="42.0593435503542423248291015625" lon="128.05933515541255474090576171875">
        <ele>1756.5999755859375</ele>
        <time>2026-10-03T08:19:52.000Z</time>
        <extensions>
          <ns3:TrackPointExtension>
            <ns3:hr>95</ns3:hr>
            <ns3:cad>73</ns3:cad>
          </ns3:TrackPointExtension>
        </extensions>
      </trkpt>
      <trkpt lat="42.05938168801367282867431640625" lon="128.0593069083988666534423828125">
        <ele>1756.199951171875</ele>
        <time>2026-10-03T08:20:00.000Z</time>
        <extensions>
          <ns3:TrackPointExtension>
            <ns3:hr>96</ns3:hr>
            <ns3:cad>0</ns3:cad>
          </ns3:TrackPointExtension>
        </extensions>
      </trkpt>
      <trkpt lat="42.059488557279109954833984375" lon="128.05929995141923427581787109375">
        <ele>1756</ele>
        <time>2026-10-03T08:20:10.000Z</time>
        <extensions>
          <ns3:TrackPointExtension>
            <ns3:hr>97</ns3:hr>
            <ns3:cad>0</ns3:cad>
          </ns3:TrackPointExtension>
        </extensions>
      </trkpt>
      <trkpt lat="42.059529125690460205078125" lon="128.0593032203614711761474609375">
        <ele>1756.800048828125</ele>
        <time>2026-10-03T08:20:15.000Z</time>
        <extensions>
          <ns3:TrackPointExtension>
            <ns3:hr>104</ns3:hr>
            <ns3:cad>0</ns3:cad>
          </ns3:TrackPointExtension>
        </extensions>
      </trkpt>
      <trkpt lat="42.059536837041378021240234375" lon="128.05929777212440967559814453125">
        <ele>1756.800048828125</ele>
        <time>2026-10-03T08:20:16.000Z</time>
        <extensions>
          <ns3:TrackPointExtension>
            <ns3:hr>111</ns3:hr>
            <ns3:cad>0</ns3:cad>
          </ns3:TrackPointExtension>
        </extensions>
      </trkpt>
      <trkpt lat="42.0595393516123294830322265625" lon="128.05929810740053653717041015625">
        <ele>1757</ele>
        <time>2026-10-03T08:20:17.000Z</time>
        <extensions>
          <ns3:TrackPointExtension>
            <ns3:hr>111</ns3:hr>
            <ns3:cad>0</ns3:cad>
          </ns3:TrackPointExtension>
        </extensions>
      </trkpt>
      <trkpt lat="42.05953608267009258270263671875" lon="128.05930330418050289154052734375">
        <ele>1757</ele>
        <time>2026-10-03T08:20:18.000Z</time>
        <extensions>
          <ns3:TrackPointExtension>
            <ns3:hr>114</ns3:hr>
            <ns3:cad>0</ns3:cad>
          </ns3:TrackPointExtension>
        </extensions>
      </trkpt>
      <trkpt lat="42.05953222699463367462158203125" lon="128.05930531583726406097412109375">
        <ele>1757</ele>
        <time>2026-10-03T08:20:19.000Z</time>
        <extensions>
          <ns3:TrackPointExtension>
            <ns3:hr>118</ns3:hr>
            <ns3:cad>0</ns3:cad>
          </ns3:TrackPointExtension>
        </extensions>
      </trkpt>
      <trkpt lat="42.0595323108136653900146484375" lon="128.059306405484676361083984375">
        <ele>1756.800048828125</ele>
        <time>2026-10-03T08:20:20.000Z</time>
        <extensions>
          <ns3:TrackPointExtension>
            <ns3:hr>121</ns3:hr>
            <ns3:cad>0</ns3:cad>
          </ns3:TrackPointExtension>
        </extensions>
      </trkpt>
      <trkpt lat="42.0595349930226802825927734375" lon="128.05931168608367443084716796875">
        <ele>1756.800048828125</ele>
        <time>2026-10-03T08:20:21.000Z</time>
        <extensions>
          <ns3:TrackPointExtension>
            <ns3:hr>123</ns3:hr>
            <ns3:cad>0</ns3:cad>
          </ns3:TrackPointExtension>
        </extensions>
      </trkpt>
      <trkpt lat="42.05952753312885761260986328125" lon="128.05931671522557735443115234375">
        <ele>1756.5999755859375</ele>
        <time>2026-10-03T08:20:22.000Z</time>
        <extensions>
          <ns3:TrackPointExtension>
            <ns3:hr>126</ns3:hr>
            <ns3:cad>0</ns3:cad>
          </ns3:TrackPointExtension>
        </extensions>
      </trkpt>
      <trkpt lat="42.0595653355121612548828125" lon="128.05926944129168987274169921875">
        <ele>1755.199951171875</ele>
        <time>2026-10-03T08:20:28.000Z</time>
        <extensions>
          <ns3:TrackPointExtension>
            <ns3:hr>126</ns3:hr>
            <ns3:cad>44</ns3:cad>
          </ns3:TrackPointExtension>
        </extensions>
      </trkpt>
      <trkpt lat="42.05955552868545055389404296875" lon="128.0592626519501209259033203125">
        <ele>1754.199951171875</ele>
        <time>2026-10-03T08:20:31.000Z</time>
        <extensions>
          <ns3:TrackPointExtension>
            <ns3:hr>124</ns3:hr>
            <ns3:cad>0</ns3:cad>
          </ns3:TrackPointExtension>
        </extensions>
      </trkpt>
      <trkpt lat="42.0595477335155010223388671875" lon="128.05926960892975330352783203125">
        <ele>1753</ele>
        <time>2026-10-03T08:20:33.000Z</time>
        <extensions>
          <ns3:TrackPointExtension>
            <ns3:hr>123</ns3:hr>
            <ns3:cad>0</ns3:cad>
          </ns3:TrackPointExtension>
        </extensions>
      </trkpt>
      <trkpt lat="42.0595440454781055450439453125" lon="128.05927162058651447296142578125">
        <ele>1751.4000244140625</ele>
        <time>2026-10-03T08:20:35.000Z</time>
        <extensions>
          <ns3:TrackPointExtension>
            <ns3:hr>123</ns3:hr>
            <ns3:cad>0</ns3:cad>
          </ns3:TrackPointExtension>
        </extensions>
      </trkpt>
      <trkpt lat="42.0595440454781055450439453125" lon="128.05927162058651447296142578125">
        <ele>1750.800048828125</ele>
        <time>2026-10-03T08:20:36.000Z</time>
        <extensions>
          <ns3:TrackPointExtension>
            <ns3:hr>121</ns3:hr>
            <ns3:cad>0</ns3:cad>
          </ns3:TrackPointExtension>
        </extensions>
      </trkpt>
      <trkpt lat="42.0595440454781055450439453125" lon="128.05927162058651447296142578125">
        <ele>1750.199951171875</ele>
        <time>2026-10-03T08:20:37.000Z</time>
        <extensions>
          <ns3:TrackPointExtension>
            <ns3:hr>122</ns3:hr>
            <ns3:cad>0</ns3:cad>
          </ns3:TrackPointExtension>
        </extensions>
      </trkpt>
      <trkpt lat="42.0595440454781055450439453125" lon="128.05927162058651447296142578125">
        <ele>1749.199951171875</ele>
        <time>2026-10-03T08:20:40.000Z</time>
        <extensions>
          <ns3:TrackPointExtension>
            <ns3:hr>119</ns3:hr>
            <ns3:cad>0</ns3:cad>
          </ns3:TrackPointExtension>
        </extensions>
      </trkpt>
      <trkpt lat="42.0595440454781055450439453125" lon="128.0592696927487850189208984375">
        <ele>1748.4000244140625</ele>
        <time>2026-10-03T08:20:45.000Z</time>
        <extensions>
          <ns3:TrackPointExtension>
            <ns3:hr>116</ns3:hr>
            <ns3:cad>0</ns3:cad>
          </ns3:TrackPointExtension>
        </extensions>
      </trkpt>
      <trkpt lat="42.0595440454781055450439453125" lon="128.0592623166739940643310546875">
        <ele>1748.4000244140625</ele>
        <time>2026-10-03T08:20:53.000Z</time>
        <extensions>
          <ns3:TrackPointExtension>
            <ns3:hr>113</ns3:hr>
            <ns3:cad>0</ns3:cad>
          </ns3:TrackPointExtension>
        </extensions>
      </trkpt>
      <trkpt lat="42.05954547040164470672607421875" lon="128.0592371709644794464111328125">
        <ele>1748.4000244140625</ele>
        <time>2026-10-03T08:21:04.000Z</time>
        <extensions>
          <ns3:TrackPointExtension>
            <ns3:hr>110</ns3:hr>
            <ns3:cad>0</ns3:cad>
          </ns3:TrackPointExtension>
        </extensions>
      </trkpt>
      <trkpt lat="42.059600539505481719970703125" lon="128.059239350259304046630859375">
        <ele>1748</ele>
        <time>2026-10-03T08:21:08.000Z</time>
        <extensions>
          <ns3:TrackPointExtension>
            <ns3:hr>109</ns3:hr>
            <ns3:cad>0</ns3:cad>
          </ns3:TrackPointExtension>
        </extensions>
      </trkpt>
      <trkpt lat="42.0596806704998016357421875" lon="128.059231303632259368896484375">
        <ele>1748</ele>
        <time>2026-10-03T08:21:13.000Z</time>
        <extensions>
          <ns3:TrackPointExtension>
            <ns3:hr>109</ns3:hr>
            <ns3:cad>0</ns3:cad>
          </ns3:TrackPointExtension>
        </extensions>
      </trkpt>
      <trkpt lat="42.059725262224674224853515625" lon="128.059221915900707244873046875">
        <ele>1748</ele>
        <time>2026-10-03T08:21:15.000Z</time>
        <extensions>
          <ns3:TrackPointExtension>
            <ns3:hr>112</ns3:hr>
            <ns3:cad>79</ns3:cad>
          </ns3:TrackPointExtension>
        </extensions>
      </trkpt>
      <trkpt lat="42.059746049344539642333984375" lon="128.05921713821589946746826171875">
        <ele>1748</ele>
        <time>2026-10-03T08:21:16.000Z</time>
        <extensions>
          <ns3:TrackPointExtension>
            <ns3:hr>115</ns3:hr>
            <ns3:cad>79</ns3:cad>
          </ns3:TrackPointExtension>
        </extensions>
      </trkpt>
      <trkpt lat="42.05975971184670925140380859375" lon="128.05922183208167552947998046875">
        <ele>1747.800048828125</ele>
        <time>2026-10-03T08:21:17.000Z</time>
        <extensions>
          <ns3:TrackPointExtension>
            <ns3:hr>118</ns3:hr>
            <ns3:cad>0</ns3:cad>
          </ns3:TrackPointExtension>
        </extensions>
      </trkpt>
      <trkpt lat="42.059763483703136444091796875" lon="128.05923054926097393035888671875">
        <ele>1747.800048828125</ele>
        <time>2026-10-03T08:21:18.000Z</time>
        <extensions>
          <ns3:TrackPointExtension>
            <ns3:hr>120</ns3:hr>
            <ns3:cad>0</ns3:cad>
          </ns3:TrackPointExtension>
        </extensions>
      </trkpt>
      <trkpt lat="42.05977496691048145294189453125" lon="128.05922920815646648406982421875">
        <ele>1747.4000244140625</ele>
        <time>2026-10-03T08:21:20.000Z</time>
        <extensions>
          <ns3:TrackPointExtension>
            <ns3:hr>124</ns3:hr>
            <ns3:cad>41</ns3:cad>
          </ns3:TrackPointExtension>
        </extensions>
      </trkpt>
      <trkpt lat="42.059781588613986968994140625" lon="128.05921680293977260589599609375">
        <ele>1747</ele>
        <time>2026-10-03T08:21:22.000Z</time>
        <extensions>
          <ns3:TrackPointExtension>
            <ns3:hr>125</ns3:hr>
            <ns3:cad>0</ns3:cad>
          </ns3:TrackPointExtension>
        </extensions>
      </trkpt>
      <trkpt lat="42.0597968436777591705322265625" lon="128.05922267027199268341064453125">
        <ele>1746.800048828125</ele>
        <time>2026-10-03T08:21:27.000Z</time>
        <extensions>
          <ns3:TrackPointExtension>
            <ns3:hr>122</ns3:hr>
            <ns3:cad>0</ns3:cad>
          </ns3:TrackPointExtension>
        </extensions>
      </trkpt>
      <trkpt lat="42.05979709513485431671142578125" lon="128.05922158062458038330078125">
        <ele>1747.4000244140625</ele>
        <time>2026-10-03T08:21:30.000Z</time>
        <extensions>
          <ns3:TrackPointExtension>
            <ns3:hr>121</ns3:hr>
            <ns3:cad>0</ns3:cad>
          </ns3:TrackPointExtension>
        </extensions>
      </trkpt>
      <trkpt lat="42.05981033854186534881591796875" lon="128.05921219289302825927734375">
        <ele>1748.4000244140625</ele>
        <time>2026-10-03T08:21:32.000Z</time>
        <extensions>
          <ns3:TrackPointExtension>
            <ns3:hr>120</ns3:hr>
            <ns3:cad>0</ns3:cad>
          </ns3:TrackPointExtension>
        </extensions>
      </trkpt>
      <trkpt lat="42.059824168682098388671875" lon="128.05921085178852081298828125">
        <ele>1750</ele>
        <time>2026-10-03T08:21:34.000Z</time>
        <extensions>
          <ns3:TrackPointExtension>
            <ns3:hr>120</ns3:hr>
            <ns3:cad>0</ns3:cad>
          </ns3:TrackPointExtension>
        </extensions>
      </trkpt>
      <trkpt lat="42.05983313731849193572998046875" lon="128.059209845960140228271484375">
        <ele>1751.199951171875</ele>
        <time>2026-10-03T08:21:36.000Z</time>
        <extensions>
          <ns3:TrackPointExtension>
            <ns3:hr>121</ns3:hr>
            <ns3:cad>44</ns3:cad>
          </ns3:TrackPointExtension>
        </extensions>
      </trkpt>
      <trkpt lat="42.0598411001265048980712890625" lon="128.0592106841504573822021484375">
        <ele>1751.4000244140625</ele>
        <time>2026-10-03T08:21:37.000Z</time>
        <extensions>
          <ns3:TrackPointExtension>
            <ns3:hr>119</ns3:hr>
            <ns3:cad>44</ns3:cad>
          </ns3:TrackPointExtension>
        </extensions>
      </trkpt>
      <trkpt lat="42.059836573898792266845703125" lon="128.05921428836882114410400390625">
        <ele>1752</ele>
        <time>2026-10-03T08:21:42.000Z</time>
        <extensions>
          <ns3:TrackPointExtension>
            <ns3:hr>119</ns3:hr>
            <ns3:cad>0</ns3:cad>
          </ns3:TrackPointExtension>
        </extensions>
      </trkpt>
      <trkpt lat="42.05982374958693981170654296875" lon="128.0592063255608081817626953125">
        <ele>1750.4000244140625</ele>
        <time>2026-10-03T08:21:48.000Z</time>
        <extensions>
          <ns3:TrackPointExtension>
            <ns3:hr>116</ns3:hr>
            <ns3:cad>0</ns3:cad>
          </ns3:TrackPointExtension>
        </extensions>
      </trkpt>
      <trkpt lat="42.05982374958693981170654296875" lon="128.0592063255608081817626953125">
        <ele>1750</ele>
        <time>2026-10-03T08:21:49.000Z</time>
        <extensions>
          <ns3:TrackPointExtension>
            <ns3:hr>117</ns3:hr>
            <ns3:cad>0</ns3:cad>
          </ns3:TrackPointExtension>
        </extensions>
      </trkpt>
      <trkpt lat="42.05982374958693981170654296875" lon="128.0592063255608081817626953125">
        <ele>1749.199951171875</ele>
        <time>2026-10-03T08:21:52.000Z</time>
        <extensions>
          <ns3:TrackPointExtension>
            <ns3:hr>117</ns3:hr>
            <ns3:cad>0</ns3:cad>
          </ns3:TrackPointExtension>
        </extensions>
      </trkpt>
      <trkpt lat="42.05982911400496959686279296875" lon="128.0592063255608081817626953125">
        <ele>1749</ele>
        <time>2026-10-03T08:21:56.000Z</time>
        <extensions>
          <ns3:TrackPointExtension>
            <ns3:hr>117</ns3:hr>
            <ns3:cad>0</ns3:cad>
          </ns3:TrackPointExtension>
        </extensions>
      </trkpt>
      <trkpt lat="42.0598977617919445037841796875" lon="128.05912862531840801239013671875">
        <ele>1748.800048828125</ele>
        <time>2026-10-03T08:22:07.000Z</time>
        <extensions>
          <ns3:TrackPointExtension>
            <ns3:hr>117</ns3:hr>
            <ns3:cad>53</ns3:cad>
          </ns3:TrackPointExtension>
        </extensions>
      </trkpt>
      <trkpt lat="42.05990907736122608184814453125" lon="128.05911538191139698028564453125">
        <ele>1748.5999755859375</ele>
        <time>2026-10-03T08:22:08.000Z</time>
        <extensions>
          <ns3:TrackPointExtension>
            <ns3:hr>117</ns3:hr>
            <ns3:cad>54</ns3:cad>
          </ns3:TrackPointExtension>
        </extensions>
      </trkpt>
      <trkpt lat="42.05994729883968830108642578125" lon="128.0590561218559741973876953125">
        <ele>1747.800048828125</ele>
        <time>2026-10-03T08:22:13.000Z</time>
        <extensions>
          <ns3:TrackPointExtension>
            <ns3:hr>115</ns3:hr>
            <ns3:cad>45</ns3:cad>
          </ns3:TrackPointExtension>
        </extensions>
      </trkpt>
      <trkpt lat="42.059955261647701263427734375" lon="128.05905503220856189727783203125">
        <ele>1747.5999755859375</ele>
        <time>2026-10-03T08:22:16.000Z</time>
        <extensions>
          <ns3:TrackPointExtension>
            <ns3:hr>114</ns3:hr>
            <ns3:cad>0</ns3:cad>
          </ns3:TrackPointExtension>
        </extensions>
      </trkpt>
      <trkpt lat="42.05996775068342685699462890625" lon="128.05905033834278583526611328125">
        <ele>1747.5999755859375</ele>
        <time>2026-10-03T08:22:17.000Z</time>
        <extensions>
          <ns3:TrackPointExtension>
            <ns3:hr>113</ns3:hr>
            <ns3:cad>0</ns3:cad>
          </ns3:TrackPointExtension>
        </extensions>
      </trkpt>
      <trkpt lat="42.06004209816455841064453125" lon="128.058966435492038726806640625">
        <ele>1747.5999755859375</ele>
        <time>2026-10-03T08:22:24.000Z</time>
        <extensions>
          <ns3:TrackPointExtension>
            <ns3:hr>113</ns3:hr>
            <ns3:cad>51</ns3:cad>
          </ns3:TrackPointExtension>
        </extensions>
      </trkpt>
      <trkpt lat="42.060114182531833648681640625" lon="128.05893165059387683868408203125">
        <ele>1747.800048828125</ele>
        <time>2026-10-03T08:22:31.000Z</time>
        <extensions>
          <ns3:TrackPointExtension>
            <ns3:hr>113</ns3:hr>
            <ns3:cad>43</ns3:cad>
          </ns3:TrackPointExtension>
        </extensions>
      </trkpt>
      <trkpt lat="42.0601291023194789886474609375" lon="128.0589293874800205230712890625">
        <ele>1747.800048828125</ele>
        <time>2026-10-03T08:22:32.000Z</time>
        <extensions>
          <ns3:TrackPointExtension>
            <ns3:hr>112</ns3:hr>
            <ns3:cad>43</ns3:cad>
          </ns3:TrackPointExtension>
        </extensions>
      </trkpt>
      <trkpt lat="42.06012952141463756561279296875" lon="128.05891807191073894500732421875">
        <ele>1747.800048828125</ele>
        <time>2026-10-03T08:22:33.000Z</time>
        <extensions>
          <ns3:TrackPointExtension>
            <ns3:hr>110</ns3:hr>
            <ns3:cad>43</ns3:cad>
          </ns3:TrackPointExtension>
        </extensions>
      </trkpt>
      <trkpt lat="42.06014276482164859771728515625" lon="128.05891488678753376007080078125">
        <ele>1747.800048828125</ele>
        <time>2026-10-03T08:22:34.000Z</time>
        <extensions>
          <ns3:TrackPointExtension>
            <ns3:hr>113</ns3:hr>
            <ns3:cad>44</ns3:cad>
          </ns3:TrackPointExtension>
        </extensions>
      </trkpt>
      <trkpt lat="42.0601485483348369598388671875" lon="128.05890818126499652862548828125">
        <ele>1747.800048828125</ele>
        <time>2026-10-03T08:22:35.000Z</time>
        <extensions>
          <ns3:TrackPointExtension>
            <ns3:hr>115</ns3:hr>
            <ns3:cad>44</ns3:cad>
          </ns3:TrackPointExtension>
        </extensions>
      </trkpt>
      <trkpt lat="42.06015885807573795318603515625" lon="128.058901727199554443359375">
        <ele>1748</ele>
        <time>2026-10-03T08:22:36.000Z</time>
        <extensions>
          <ns3:TrackPointExtension>
            <ns3:hr>112</ns3:hr>
            <ns3:cad>44</ns3:cad>
          </ns3:TrackPointExtension>
        </extensions>
      </trkpt>
      <trkpt lat="42.06016682088375091552734375" lon="128.05889946408569812774658203125">
        <ele>1748.199951171875</ele>
        <time>2026-10-03T08:22:37.000Z</time>
        <extensions>
          <ns3:TrackPointExtension>
            <ns3:hr>112</ns3:hr>
            <ns3:cad>44</ns3:cad>
          </ns3:TrackPointExtension>
        </extensions>
      </trkpt>
      <trkpt lat="42.06018031574785709381103515625" lon="128.058890998363494873046875">
        <ele>1749</ele>
        <time>2026-10-03T08:22:38.000Z</time>
        <extensions>
          <ns3:TrackPointExtension>
            <ns3:hr>111</ns3:hr>
            <ns3:cad>44</ns3:cad>
          </ns3:TrackPointExtension>
        </extensions>
      </trkpt>
      <trkpt lat="42.06019137986004352569580078125" lon="128.058879934251308441162109375">
        <ele>1749.4000244140625</ele>
        <time>2026-10-03T08:22:39.000Z</time>
        <extensions>
          <ns3:TrackPointExtension>
            <ns3:hr>111</ns3:hr>
            <ns3:cad>44</ns3:cad>
          </ns3:TrackPointExtension>
        </extensions>
      </trkpt>
      <trkpt lat="42.0602010190486907958984375" lon="128.058871217072010040283203125">
        <ele>1750</ele>
        <time>2026-10-03T08:22:41.000Z</time>
        <extensions>
          <ns3:TrackPointExtension>
            <ns3:hr>110</ns3:hr>
            <ns3:cad>44</ns3:cad>
          </ns3:TrackPointExtension>
        </extensions>
      </trkpt>
      <trkpt lat="42.0602192915976047515869140625" lon="128.0588609911501407623291015625">
        <ele>1750.199951171875</ele>
        <time>2026-10-03T08:22:44.000Z</time>
        <extensions>
          <ns3:TrackPointExtension>
            <ns3:hr>107</ns3:hr>
            <ns3:cad>48</ns3:cad>
          </ns3:TrackPointExtension>
        </extensions>
      </trkpt>
      <trkpt lat="42.06024192273616790771484375" lon="128.0588539503514766693115234375">
        <ele>1750</ele>
        <time>2026-10-03T08:22:46.000Z</time>
        <extensions>
          <ns3:TrackPointExtension>
            <ns3:hr>105</ns3:hr>
            <ns3:cad>48</ns3:cad>
          </ns3:TrackPointExtension>
        </extensions>
      </trkpt>
      <trkpt lat="42.06025692634284496307373046875" lon="128.05884732864797115325927734375">
        <ele>1749.5999755859375</ele>
        <time>2026-10-03T08:22:47.000Z</time>
        <extensions>
          <ns3:TrackPointExtension>
            <ns3:hr>105</ns3:hr>
            <ns3:cad>48</ns3:cad>
          </ns3:TrackPointExtension>
        </extensions>
      </trkpt>
      <trkpt lat="42.06027871929109096527099609375" lon="128.05884799920022487640380859375">
        <ele>1748.800048828125</ele>
        <time>2026-10-03T08:22:49.000Z</time>
        <extensions>
          <ns3:TrackPointExtension>
            <ns3:hr>104</ns3:hr>
            <ns3:cad>48</ns3:cad>
          </ns3:TrackPointExtension>
        </extensions>
      </trkpt>
      <trkpt lat="42.06030520610511302947998046875" lon="128.05883391760289669036865234375">
        <ele>1748</ele>
        <time>2026-10-03T08:22:53.000Z</time>
        <extensions>
          <ns3:TrackPointExtension>
            <ns3:hr>101</ns3:hr>
            <ns3:cad>42</ns3:cad>
          </ns3:TrackPointExtension>
        </extensions>
      </trkpt>
      <trkpt lat="42.06034460105001926422119140625" lon="128.05883509106934070587158203125">
        <ele>1747.800048828125</ele>
        <time>2026-10-03T08:22:56.000Z</time>
        <extensions>
          <ns3:TrackPointExtension>
            <ns3:hr>103</ns3:hr>
            <ns3:cad>41</ns3:cad>
          </ns3:TrackPointExtension>
        </extensions>
      </trkpt>
      <trkpt lat="42.06035298295319080352783203125" lon="128.0588492564857006072998046875">
        <ele>1747.800048828125</ele>
        <time>2026-10-03T08:22:58.000Z</time>
        <extensions>
          <ns3:TrackPointExtension>
            <ns3:hr>101</ns3:hr>
            <ns3:cad>0</ns3:cad>
          </ns3:TrackPointExtension>
        </extensions>
      </trkpt>
      <trkpt lat="42.06036438234150409698486328125" lon="128.058859817683696746826171875">
        <ele>1747.800048828125</ele>
        <time>2026-10-03T08:23:00.000Z</time>
        <extensions>
          <ns3:TrackPointExtension>
            <ns3:hr>103</ns3:hr>
            <ns3:cad>0</ns3:cad>
          </ns3:TrackPointExtension>
        </extensions>
      </trkpt>
      <trkpt lat="42.06036756746470928192138671875" lon="128.0588681995868682861328125">
        <ele>1747.5999755859375</ele>
        <time>2026-10-03T08:23:01.000Z</time>
        <extensions>
          <ns3:TrackPointExtension>
            <ns3:hr>104</ns3:hr>
            <ns3:cad>0</ns3:cad>
          </ns3:TrackPointExtension>
        </extensions>
      </trkpt>
      <trkpt lat="42.06038064323365688323974609375" lon="128.058881945908069610595703125">
        <ele>1747.199951171875</ele>
        <time>2026-10-03T08:23:03.000Z</time>
        <extensions>
          <ns3:TrackPointExtension>
            <ns3:hr>102</ns3:hr>
            <ns3:cad>0</ns3:cad>
          </ns3:TrackPointExtension>
        </extensions>
      </trkpt>
      <trkpt lat="42.06038014031946659088134765625" lon="128.0588878132402896881103515625">
        <ele>1747</ele>
        <time>2026-10-03T08:23:04.000Z</time>
        <extensions>
          <ns3:TrackPointExtension>
            <ns3:hr>102</ns3:hr>
            <ns3:cad>0</ns3:cad>
          </ns3:TrackPointExtension>
        </extensions>
      </trkpt>
      <trkpt lat="42.06038651056587696075439453125" lon="128.05888538248836994171142578125">
        <ele>1746.4000244140625</ele>
        <time>2026-10-03T08:23:06.000Z</time>
        <extensions>
          <ns3:TrackPointExtension>
            <ns3:hr>101</ns3:hr>
            <ns3:cad>0</ns3:cad>
          </ns3:TrackPointExtension>
        </extensions>
      </trkpt>
      <trkpt lat="42.0603847503662109375" lon="128.058881945908069610595703125">
        <ele>1746</ele>
        <time>2026-10-03T08:23:07.000Z</time>
        <extensions>
          <ns3:TrackPointExtension>
            <ns3:hr>100</ns3:hr>
            <ns3:cad>0</ns3:cad>
          </ns3:TrackPointExtension>
        </extensions>
      </trkpt>
      <trkpt lat="42.06039790995419025421142578125" lon="128.05889108218252658843994140625">
        <ele>1745.4000244140625</ele>
        <time>2026-10-03T08:23:09.000Z</time>
        <extensions>
          <ns3:TrackPointExtension>
            <ns3:hr>103</ns3:hr>
            <ns3:cad>0</ns3:cad>
          </ns3:TrackPointExtension>
        </extensions>
      </trkpt>
      <trkpt lat="42.060417942702770233154296875" lon="128.05892025120556354522705078125">
        <ele>1744.800048828125</ele>
        <time>2026-10-03T08:23:12.000Z</time>
        <extensions>
          <ns3:TrackPointExtension>
            <ns3:hr>103</ns3:hr>
            <ns3:cad>0</ns3:cad>
          </ns3:TrackPointExtension>
        </extensions>
      </trkpt>
      <trkpt lat="42.06042909063398838043212890625" lon="128.05894665420055389404296875">
        <ele>1745.4000244140625</ele>
        <time>2026-10-03T08:23:15.000Z</time>
        <extensions>
          <ns3:TrackPointExtension>
            <ns3:hr>99</ns3:hr>
            <ns3:cad>0</ns3:cad>
          </ns3:TrackPointExtension>
        </extensions>
      </trkpt>
      <trkpt lat="42.0604301802814006805419921875" lon="128.05895981378853321075439453125">
        <ele>1745.5999755859375</ele>
        <time>2026-10-03T08:23:18.000Z</time>
        <extensions>
          <ns3:TrackPointExtension>
            <ns3:hr>100</ns3:hr>
            <ns3:cad>50</ns3:cad>
          </ns3:TrackPointExtension>
        </extensions>
      </trkpt>
      <trkpt lat="42.060432694852352142333984375" lon="128.0589612387120723724365234375">
        <ele>1745.5999755859375</ele>
        <time>2026-10-03T08:23:19.000Z</time>
        <extensions>
          <ns3:TrackPointExtension>
            <ns3:hr>98</ns3:hr>
            <ns3:cad>51</ns3:cad>
          </ns3:TrackPointExtension>
        </extensions>
      </trkpt>
      <trkpt lat="42.0604462735354900360107421875" lon="128.05896065197885036468505859375">
        <ele>1745.199951171875</ele>
        <time>2026-10-03T08:23:22.000Z</time>
        <extensions>
          <ns3:TrackPointExtension>
            <ns3:hr>101</ns3:hr>
            <ns3:cad>51</ns3:cad>
          </ns3:TrackPointExtension>
        </extensions>
      </trkpt>
      <trkpt lat="42.06045960076153278350830078125" lon="128.058958388864994049072265625">
        <ele>1744.199951171875</ele>
        <time>2026-10-03T08:23:23.000Z</time>
        <extensions>
          <ns3:TrackPointExtension>
            <ns3:hr>101</ns3:hr>
            <ns3:cad>51</ns3:cad>
          </ns3:TrackPointExtension>
        </extensions>
      </trkpt>
      <trkpt lat="42.0604694075882434844970703125" lon="128.05895579047501087188720703125">
        <ele>1743.800048828125</ele>
        <time>2026-10-03T08:23:25.000Z</time>
        <extensions>
          <ns3:TrackPointExtension>
            <ns3:hr>99</ns3:hr>
            <ns3:cad>46</ns3:cad>
          </ns3:TrackPointExtension>
        </extensions>
      </trkpt>
      <trkpt lat="42.06048868596553802490234375" lon="128.05894774384796619415283203125">
        <ele>1743.4000244140625</ele>
        <time>2026-10-03T08:23:26.000Z</time>
        <extensions>
          <ns3:TrackPointExtension>
            <ns3:hr>100</ns3:hr>
            <ns3:cad>46</ns3:cad>
          </ns3:TrackPointExtension>
        </extensions>
      </trkpt>
      <trkpt lat="42.06049899570643901824951171875" lon="128.05894372053444385528564453125">
        <ele>1743</ele>
        <time>2026-10-03T08:23:27.000Z</time>
        <extensions>
          <ns3:TrackPointExtension>
            <ns3:hr>99</ns3:hr>
            <ns3:cad>49</ns3:cad>
          </ns3:TrackPointExtension>
        </extensions>
      </trkpt>
      <trkpt lat="42.06050503067672252655029296875" lon="128.05893785320222377777099609375">
        <ele>1742.5999755859375</ele>
        <time>2026-10-03T08:23:28.000Z</time>
        <extensions>
          <ns3:TrackPointExtension>
            <ns3:hr>99</ns3:hr>
            <ns3:cad>51</ns3:cad>
          </ns3:TrackPointExtension>
        </extensions>
      </trkpt>
      <trkpt lat="42.06053134985268115997314453125" lon="128.05893802084028720855712890625">
        <ele>1742</ele>
        <time>2026-10-03T08:23:31.000Z</time>
        <extensions>
          <ns3:TrackPointExtension>
            <ns3:hr>100</ns3:hr>
            <ns3:cad>50</ns3:cad>
          </ns3:TrackPointExtension>
        </extensions>
      </trkpt>
      <trkpt lat="42.06054006703197956085205078125" lon="128.05894321762025356292724609375">
        <ele>1741.800048828125</ele>
        <time>2026-10-03T08:23:32.000Z</time>
        <extensions>
          <ns3:TrackPointExtension>
            <ns3:hr>101</ns3:hr>
            <ns3:cad>50</ns3:cad>
          </ns3:TrackPointExtension>
        </extensions>
      </trkpt>
      <trkpt lat="42.06060192547738552093505859375" lon="128.0589270405471324920654296875">
        <ele>1742.800048828125</ele>
        <time>2026-10-03T08:23:37.000Z</time>
        <extensions>
          <ns3:TrackPointExtension>
            <ns3:hr>100</ns3:hr>
            <ns3:cad>57</ns3:cad>
          </ns3:TrackPointExtension>
        </extensions>
      </trkpt>
      <trkpt lat="42.0606192760169506072998046875" lon="128.05893198587000370025634765625">
        <ele>1743.199951171875</ele>
        <time>2026-10-03T08:23:38.000Z</time>
        <extensions>
          <ns3:TrackPointExtension>
            <ns3:hr>98</ns3:hr>
            <ns3:cad>57</ns3:cad>
          </ns3:TrackPointExtension>
        </extensions>
      </trkpt>
      <trkpt lat="42.060637213289737701416015625" lon="128.0589327402412891387939453125">
        <ele>1744.4000244140625</ele>
        <time>2026-10-03T08:23:40.000Z</time>
        <extensions>
          <ns3:TrackPointExtension>
            <ns3:hr>100</ns3:hr>
            <ns3:cad>57</ns3:cad>
          </ns3:TrackPointExtension>
        </extensions>
      </trkpt>
      <trkpt lat="42.06064852885901927947998046875" lon="128.058929555118083953857421875">
        <ele>1745.5999755859375</ele>
        <time>2026-10-03T08:23:43.000Z</time>
        <extensions>
          <ns3:TrackPointExtension>
            <ns3:hr>101</ns3:hr>
            <ns3:cad>0</ns3:cad>
          </ns3:TrackPointExtension>
        </extensions>
      </trkpt>
      <trkpt lat="42.06066034734249114990234375" lon="128.05891874246299266815185546875">
        <ele>1745.800048828125</ele>
        <time>2026-10-03T08:23:44.000Z</time>
        <extensions>
          <ns3:TrackPointExtension>
            <ns3:hr>100</ns3:hr>
            <ns3:cad>0</ns3:cad>
          </ns3:TrackPointExtension>
        </extensions>
      </trkpt>
      <trkpt lat="42.06068004481494426727294921875" lon="128.0589072592556476593017578125">
        <ele>1746.199951171875</ele>
        <time>2026-10-03T08:23:46.000Z</time>
        <extensions>
          <ns3:TrackPointExtension>
            <ns3:hr>100</ns3:hr>
            <ns3:cad>52</ns3:cad>
          </ns3:TrackPointExtension>
        </extensions>
      </trkpt>
      <trkpt lat="42.06069194711744785308837890625" lon="128.0588881485164165496826171875">
        <ele>1746.4000244140625</ele>
        <time>2026-10-03T08:23:48.000Z</time>
        <extensions>
          <ns3:TrackPointExtension>
            <ns3:hr>98</ns3:hr>
            <ns3:cad>52</ns3:cad>
          </ns3:TrackPointExtension>
        </extensions>
      </trkpt>
      <trkpt lat="42.06075430847704410552978515625" lon="128.05889074690639972686767578125">
        <ele>1746</ele>
        <time>2026-10-03T08:23:52.000Z</time>
        <extensions>
          <ns3:TrackPointExtension>
            <ns3:hr>99</ns3:hr>
            <ns3:cad>48</ns3:cad>
          </ns3:TrackPointExtension>
        </extensions>
      </trkpt>
      <trkpt lat="42.0607641153037548065185546875" lon="128.0588915012776851654052734375">
        <ele>1746</ele>
        <time>2026-10-03T08:23:53.000Z</time>
        <extensions>
          <ns3:TrackPointExtension>
            <ns3:hr>98</ns3:hr>
            <ns3:cad>48</ns3:cad>
          </ns3:TrackPointExtension>
        </extensions>
      </trkpt>
      <trkpt lat="42.060795128345489501953125" lon="128.05889477021992206573486328125">
        <ele>1745.800048828125</ele>
        <time>2026-10-03T08:23:55.000Z</time>
        <extensions>
          <ns3:TrackPointExtension>
            <ns3:hr>100</ns3:hr>
            <ns3:cad>47</ns3:cad>
          </ns3:TrackPointExtension>
        </extensions>
      </trkpt>
      <trkpt lat="42.06081264652311801910400390625" lon="128.058916814625263214111328125">
        <ele>1745.5999755859375</ele>
        <time>2026-10-03T08:23:59.000Z</time>
        <extensions>
          <ns3:TrackPointExtension>
            <ns3:hr>100</ns3:hr>
            <ns3:cad>52</ns3:cad>
          </ns3:TrackPointExtension>
        </extensions>
      </trkpt>
      <trkpt lat="42.060810886323451995849609375" lon="128.05891538970172405242919921875">
        <ele>1745.5999755859375</ele>
        <time>2026-10-03T08:24:00.000Z</time>
        <extensions>
          <ns3:TrackPointExtension>
            <ns3:hr>101</ns3:hr>
            <ns3:cad>52</ns3:cad>
          </ns3:TrackPointExtension>
        </extensions>
      </trkpt>
      <trkpt lat="42.06081985495984554290771484375" lon="128.058915473520755767822265625">
        <ele>1744.800048828125</ele>
        <time>2026-10-03T08:24:02.000Z</time>
        <extensions>
          <ns3:TrackPointExtension>
            <ns3:hr>100</ns3:hr>
            <ns3:cad>52</ns3:cad>
          </ns3:TrackPointExtension>
        </extensions>
      </trkpt>
      <trkpt lat="42.06082454882562160491943359375" lon="128.0589159764349460601806640625">
        <ele>1744</ele>
        <time>2026-10-03T08:24:03.000Z</time>
        <extensions>
          <ns3:TrackPointExtension>
            <ns3:hr>100</ns3:hr>
            <ns3:cad>67</ns3:cad>
          </ns3:TrackPointExtension>
        </extensions>
      </trkpt>
      <trkpt lat="42.06082639284431934356689453125" lon="128.05891337804496288299560546875">
        <ele>1742.5999755859375</ele>
        <time>2026-10-03T08:24:05.000Z</time>
        <extensions>
          <ns3:TrackPointExtension>
            <ns3:hr>97</ns3:hr>
            <ns3:cad>67</ns3:cad>
          </ns3:TrackPointExtension>
        </extensions>
      </trkpt>
      <trkpt lat="42.06085422076284885406494140625" lon="128.058921508491039276123046875">
        <ele>1741.5999755859375</ele>
        <time>2026-10-03T08:24:07.000Z</time>
        <extensions>
          <ns3:TrackPointExtension>
            <ns3:hr>96</ns3:hr>
            <ns3:cad>67</ns3:cad>
          </ns3:TrackPointExtension>
        </extensions>
      </trkpt>
      <trkpt lat="42.06087760627269744873046875" lon="128.058934248983860015869140625">
        <ele>1740.199951171875</ele>
        <time>2026-10-03T08:24:10.000Z</time>
        <extensions>
          <ns3:TrackPointExtension>
            <ns3:hr>97</ns3:hr>
            <ns3:cad>0</ns3:cad>
          </ns3:TrackPointExtension>
        </extensions>
      </trkpt>
      <trkpt lat="42.06087266094982624053955078125" lon="128.05894807912409305572509765625">
        <ele>1740.4000244140625</ele>
        <time>2026-10-03T08:24:14.000Z</time>
        <extensions>
          <ns3:TrackPointExtension>
            <ns3:hr>96</ns3:hr>
            <ns3:cad>0</ns3:cad>
          </ns3:TrackPointExtension>
        </extensions>
      </trkpt>
      <trkpt lat="42.0608988963067531585693359375" lon="128.0589277110993862152099609375">
        <ele>1738.800048828125</ele>
        <time>2026-10-03T08:24:21.000Z</time>
        <extensions>
          <ns3:TrackPointExtension>
            <ns3:hr>96</ns3:hr>
            <ns3:cad>0</ns3:cad>
          </ns3:TrackPointExtension>
        </extensions>
      </trkpt>
      <trkpt lat="42.0608988963067531585693359375" lon="128.0589277110993862152099609375">
        <ele>1738.4000244140625</ele>
        <time>2026-10-03T08:24:22.000Z</time>
        <extensions>
          <ns3:TrackPointExtension>
            <ns3:hr>100</ns3:hr>
            <ns3:cad>0</ns3:cad>
          </ns3:TrackPointExtension>
        </extensions>
      </trkpt>
      <trkpt lat="42.0608988963067531585693359375" lon="128.0589277110993862152099609375">
        <ele>1738.199951171875</ele>
        <time>2026-10-03T08:24:23.000Z</time>
        <extensions>
          <ns3:TrackPointExtension>
            <ns3:hr>97</ns3:hr>
            <ns3:cad>0</ns3:cad>
          </ns3:TrackPointExtension>
        </extensions>
      </trkpt>
      <trkpt lat="42.060933597385883331298828125" lon="128.05894874967634677886962890625">
        <ele>1738</ele>
        <time>2026-10-03T08:24:35.000Z</time>
        <extensions>
          <ns3:TrackPointExtension>
            <ns3:hr>97</ns3:hr>
            <ns3:cad>50</ns3:cad>
          </ns3:TrackPointExtension>
        </extensions>
      </trkpt>
      <trkpt lat="42.0609493553638458251953125" lon="128.05895595811307430267333984375">
        <ele>1738</ele>
        <time>2026-10-03T08:24:36.000Z</time>
        <extensions>
          <ns3:TrackPointExtension>
            <ns3:hr>96</ns3:hr>
            <ns3:cad>49</ns3:cad>
          </ns3:TrackPointExtension>
        </extensions>
      </trkpt>
      <trkpt lat="42.06099788658320903778076171875" lon="128.05896568112075328826904296875">
        <ele>1738</ele>
        <time>2026-10-03T08:24:40.000Z</time>
        <extensions>
          <ns3:TrackPointExtension>
            <ns3:hr>95</ns3:hr>
            <ns3:cad>48</ns3:cad>
          </ns3:TrackPointExtension>
        </extensions>
      </trkpt>
      <trkpt lat="42.06102001480758190155029296875" lon="128.0589666031301021575927734375">
        <ele>1737.5999755859375</ele>
        <time>2026-10-03T08:24:42.000Z</time>
        <extensions>
          <ns3:TrackPointExtension>
            <ns3:hr>96</ns3:hr>
            <ns3:cad>49</ns3:cad>
          </ns3:TrackPointExtension>
        </extensions>
      </trkpt>
      <trkpt lat="42.0610604993999004364013671875" lon="128.05898378603160381317138671875">
        <ele>1736.800048828125</ele>
        <time>2026-10-03T08:24:46.000Z</time>
        <extensions>
          <ns3:TrackPointExtension>
            <ns3:hr>96</ns3:hr>
            <ns3:cad>54</ns3:cad>
          </ns3:TrackPointExtension>
        </extensions>
      </trkpt>
      <trkpt lat="42.06109075807034969329833984375" lon="128.0590145476162433624267578125">
        <ele>1737.199951171875</ele>
        <time>2026-10-03T08:24:50.000Z</time>
        <extensions>
          <ns3:TrackPointExtension>
            <ns3:hr>94</ns3:hr>
            <ns3:cad>51</ns3:cad>
          </ns3:TrackPointExtension>
        </extensions>
      </trkpt>
      <trkpt lat="42.06110433675348758697509765625" lon="128.05901530198752880096435546875">
        <ele>1737.4000244140625</ele>
        <time>2026-10-03T08:24:51.000Z</time>
        <extensions>
          <ns3:TrackPointExtension>
            <ns3:hr>95</ns3:hr>
            <ns3:cad>50</ns3:cad>
          </ns3:TrackPointExtension>
        </extensions>
      </trkpt>
      <trkpt lat="42.06118874251842498779296875" lon="128.05902301333844661712646484375">
        <ele>1738.5999755859375</ele>
        <time>2026-10-03T08:24:58.000Z</time>
        <extensions>
          <ns3:TrackPointExtension>
            <ns3:hr>98</ns3:hr>
            <ns3:cad>50</ns3:cad>
          </ns3:TrackPointExtension>
        </extensions>
      </trkpt>
      <trkpt lat="42.06118932925164699554443359375" lon="128.05902552790939807891845703125">
        <ele>1738.800048828125</ele>
        <time>2026-10-03T08:24:59.000Z</time>
        <extensions>
          <ns3:TrackPointExtension>
            <ns3:hr>95</ns3:hr>
            <ns3:cad>50</ns3:cad>
          </ns3:TrackPointExtension>
        </extensions>
      </trkpt>
      <trkpt lat="42.06123040057718753814697265625" lon="128.0590546131134033203125">
        <ele>1738.4000244140625</ele>
        <time>2026-10-03T08:25:02.000Z</time>
        <extensions>
          <ns3:TrackPointExtension>
            <ns3:hr>92</ns3:hr>
            <ns3:cad>55</ns3:cad>
          </ns3:TrackPointExtension>
        </extensions>
      </trkpt>
      <trkpt lat="42.06123928539454936981201171875" lon="128.05905972607433795928955078125">
        <ele>1738.199951171875</ele>
        <time>2026-10-03T08:25:03.000Z</time>
        <extensions>
          <ns3:TrackPointExtension>
            <ns3:hr>94</ns3:hr>
            <ns3:cad>55</ns3:cad>
          </ns3:TrackPointExtension>
        </extensions>
      </trkpt>
      <trkpt lat="42.06125185824930667877197265625" lon="128.05908017791807651519775390625">
        <ele>1737.5999755859375</ele>
        <time>2026-10-03T08:25:06.000Z</time>
        <extensions>
          <ns3:TrackPointExtension>
            <ns3:hr>97</ns3:hr>
            <ns3:cad>56</ns3:cad>
          </ns3:TrackPointExtension>
        </extensions>
      </trkpt>
      <trkpt lat="42.06128203310072422027587890625" lon="128.0591057427227497100830078125">
        <ele>1737.800048828125</ele>
        <time>2026-10-03T08:25:10.000Z</time>
        <extensions>
          <ns3:TrackPointExtension>
            <ns3:hr>95</ns3:hr>
            <ns3:cad>60</ns3:cad>
          </ns3:TrackPointExtension>
        </extensions>
      </trkpt>
      <trkpt lat="42.06130214966833591461181640625" lon="128.05910884402692317962646484375">
        <ele>1737.800048828125</ele>
        <time>2026-10-03T08:25:11.000Z</time>
        <extensions>
          <ns3:TrackPointExtension>
            <ns3:hr>94</ns3:hr>
            <ns3:cad>58</ns3:cad>
          </ns3:TrackPointExtension>
        </extensions>
      </trkpt>
      <trkpt lat="42.06134070642292499542236328125" lon="128.0591154657304286956787109375">
        <ele>1737.5999755859375</ele>
        <time>2026-10-03T08:25:15.000Z</time>
        <extensions>
          <ns3:TrackPointExtension>
            <ns3:hr>92</ns3:hr>
            <ns3:cad>50</ns3:cad>
          </ns3:TrackPointExtension>
        </extensions>
      </trkpt>
      <trkpt lat="42.0613726414740085601806640625" lon="128.05909912101924419403076171875">
        <ele>1737.5999755859375</ele>
        <time>2026-10-03T08:25:17.000Z</time>
        <extensions>
          <ns3:TrackPointExtension>
            <ns3:hr>95</ns3:hr>
            <ns3:cad>51</ns3:cad>
          </ns3:TrackPointExtension>
        </extensions>
      </trkpt>
      <trkpt lat="42.06138647161424160003662109375" lon="128.059094846248626708984375">
        <ele>1737.800048828125</ele>
        <time>2026-10-03T08:25:18.000Z</time>
        <extensions>
          <ns3:TrackPointExtension>
            <ns3:hr>94</ns3:hr>
            <ns3:cad>51</ns3:cad>
          </ns3:TrackPointExtension>
        </extensions>
      </trkpt>
      <trkpt lat="42.0614316500723361968994140625" lon="128.059109933674335479736328125">
        <ele>1738.5999755859375</ele>
        <time>2026-10-03T08:25:22.000Z</time>
        <extensions>
          <ns3:TrackPointExtension>
            <ns3:hr>97</ns3:hr>
            <ns3:cad>56</ns3:cad>
          </ns3:TrackPointExtension>
        </extensions>
      </trkpt>
      <trkpt lat="42.06143776886165142059326171875" lon="128.05911672301590442657470703125">
        <ele>1738.5999755859375</ele>
        <time>2026-10-03T08:25:23.000Z</time>
        <extensions>
          <ns3:TrackPointExtension>
            <ns3:hr>97</ns3:hr>
            <ns3:cad>50</ns3:cad>
          </ns3:TrackPointExtension>
        </extensions>
      </trkpt>
      <trkpt lat="42.06150197423994541168212890625" lon="128.05915226228535175323486328125">
        <ele>1738.5999755859375</ele>
        <time>2026-10-03T08:25:27.000Z</time>
        <extensions>
          <ns3:TrackPointExtension>
            <ns3:hr>98</ns3:hr>
            <ns3:cad>0</ns3:cad>
          </ns3:TrackPointExtension>
        </extensions>
      </trkpt>
      <trkpt lat="42.06149761565029621124267578125" lon="128.0591637454926967620849609375">
        <ele>1738.4000244140625</ele>
        <time>2026-10-03T08:25:28.000Z</time>
        <extensions>
          <ns3:TrackPointExtension>
            <ns3:hr>99</ns3:hr>
            <ns3:cad>0</ns3:cad>
          </ns3:TrackPointExtension>
        </extensions>
      </trkpt>
      <trkpt lat="42.061483450233936309814453125" lon="128.05919433943927288055419921875">
        <ele>1737.800048828125</ele>
        <time>2026-10-03T08:25:32.000Z</time>
        <extensions>
          <ns3:TrackPointExtension>
            <ns3:hr>100</ns3:hr>
            <ns3:cad>49</ns3:cad>
          </ns3:TrackPointExtension>
        </extensions>
      </trkpt>
      <trkpt lat="42.061480097472667694091796875" lon="128.0592143721878528594970703125">
        <ele>1737</ele>
        <time>2026-10-03T08:25:33.000Z</time>
        <extensions>
          <ns3:TrackPointExtension>
            <ns3:hr>98</ns3:hr>
            <ns3:cad>49</ns3:cad>
          </ns3:TrackPointExtension>
        </extensions>
      </trkpt>
      <trkpt lat="42.061486132442951202392578125" lon="128.05924043990671634674072265625">
        <ele>1736.199951171875</ele>
        <time>2026-10-03T08:25:34.000Z</time>
        <extensions>
          <ns3:TrackPointExtension>
            <ns3:hr>100</ns3:hr>
            <ns3:cad>49</ns3:cad>
          </ns3:TrackPointExtension>
        </extensions>
      </trkpt>
      <trkpt lat="42.0614889822900295257568359375" lon="128.05926055647432804107666015625">
        <ele>1735.5999755859375</ele>
        <time>2026-10-03T08:25:35.000Z</time>
        <extensions>
          <ns3:TrackPointExtension>
            <ns3:hr>102</ns3:hr>
            <ns3:cad>57</ns3:cad>
          </ns3:TrackPointExtension>
        </extensions>
      </trkpt>
      <trkpt lat="42.06148135475814342498779296875" lon="128.05929425172507762908935546875">
        <ele>1734.800048828125</ele>
        <time>2026-10-03T08:25:37.000Z</time>
        <extensions>
          <ns3:TrackPointExtension>
            <ns3:hr>100</ns3:hr>
            <ns3:cad>57</ns3:cad>
          </ns3:TrackPointExtension>
        </extensions>
      </trkpt>
      <trkpt lat="42.06148420460522174835205078125" lon="128.05930062197148799896240234375">
        <ele>1734.4000244140625</ele>
        <time>2026-10-03T08:25:38.000Z</time>
        <extensions>
          <ns3:TrackPointExtension>
            <ns3:hr>101</ns3:hr>
            <ns3:cad>0</ns3:cad>
          </ns3:TrackPointExtension>
        </extensions>
      </trkpt>
      <trkpt lat="42.061481773853302001953125" lon="128.059291653335094451904296875">
        <ele>1734.4000244140625</ele>
        <time>2026-10-03T08:25:40.000Z</time>
        <extensions>
          <ns3:TrackPointExtension>
            <ns3:hr>101</ns3:hr>
            <ns3:cad>0</ns3:cad>
          </ns3:TrackPointExtension>
        </extensions>
      </trkpt>
      <trkpt lat="42.06148671917617321014404296875" lon="128.0592901445925235748291015625">
        <ele>1734.4000244140625</ele>
        <time>2026-10-03T08:25:41.000Z</time>
        <extensions>
          <ns3:TrackPointExtension>
            <ns3:hr>101</ns3:hr>
            <ns3:cad>0</ns3:cad>
          </ns3:TrackPointExtension>
        </extensions>
      </trkpt>
      <trkpt lat="42.06149342469871044158935546875" lon="128.0592812597751617431640625">
        <ele>1735.5999755859375</ele>
        <time>2026-10-03T08:25:44.000Z</time>
        <extensions>
          <ns3:TrackPointExtension>
            <ns3:hr>101</ns3:hr>
            <ns3:cad>0</ns3:cad>
          </ns3:TrackPointExtension>
        </extensions>
      </trkpt>
      <trkpt lat="42.06146911717951297760009765625" lon="128.05929265916347503662109375">
        <ele>1736.199951171875</ele>
        <time>2026-10-03T08:25:47.000Z</time>
        <extensions>
          <ns3:TrackPointExtension>
            <ns3:hr>101</ns3:hr>
            <ns3:cad>0</ns3:cad>
          </ns3:TrackPointExtension>
        </extensions>
      </trkpt>
      <trkpt lat="42.06147934310138225555419921875" lon="128.059286288917064666748046875">
        <ele>1736.800048828125</ele>
        <time>2026-10-03T08:25:53.000Z</time>
        <extensions>
          <ns3:TrackPointExtension>
            <ns3:hr>101</ns3:hr>
            <ns3:cad>0</ns3:cad>
          </ns3:TrackPointExtension>
        </extensions>
      </trkpt>
      <trkpt lat="42.06147934310138225555419921875" lon="128.059286288917064666748046875">
        <ele>1738</ele>
        <time>2026-10-03T08:25:56.000Z</time>
        <extensions>
          <ns3:TrackPointExtension>
            <ns3:hr>99</ns3:hr>
            <ns3:cad>0</ns3:cad>
          </ns3:TrackPointExtension>
        </extensions>
      </trkpt>
      <trkpt lat="42.06147934310138225555419921875" lon="128.059286288917064666748046875">
        <ele>1738.4000244140625</ele>
        <time>2026-10-03T08:25:58.000Z</time>
        <extensions>
          <ns3:TrackPointExtension>
            <ns3:hr>96</ns3:hr>
            <ns3:cad>40</ns3:cad>
          </ns3:TrackPointExtension>
        </extensions>
      </trkpt>
      <trkpt lat="42.061449922621250152587890625" lon="128.0593112669885158538818359375">
        <ele>1738.800048828125</ele>
        <time>2026-10-03T08:26:02.000Z</time>
        <extensions>
          <ns3:TrackPointExtension>
            <ns3:hr>98</ns3:hr>
            <ns3:cad>41</ns3:cad>
          </ns3:TrackPointExtension>
        </extensions>
      </trkpt>
      <trkpt lat="42.061411030590534210205078125" lon="128.05933557450771331787109375">
        <ele>1738.800048828125</ele>
        <time>2026-10-03T08:26:05.000Z</time>
        <extensions>
          <ns3:TrackPointExtension>
            <ns3:hr>98</ns3:hr>
            <ns3:cad>41</ns3:cad>
          </ns3:TrackPointExtension>
        </extensions>
      </trkpt>
      <trkpt lat="42.0613650977611541748046875" lon="128.059373460710048675537109375">
        <ele>1738.5999755859375</ele>
        <time>2026-10-03T08:26:08.000Z</time>
        <extensions>
          <ns3:TrackPointExtension>
            <ns3:hr>97</ns3:hr>
            <ns3:cad>44</ns3:cad>
          </ns3:TrackPointExtension>
        </extensions>
      </trkpt>
      <trkpt lat="42.06134271807968616485595703125" lon="128.0593893863260746002197265625">
        <ele>1738.4000244140625</ele>
        <time>2026-10-03T08:26:10.000Z</time>
        <extensions>
          <ns3:TrackPointExtension>
            <ns3:hr>98</ns3:hr>
            <ns3:cad>45</ns3:cad>
          </ns3:TrackPointExtension>
        </extensions>
      </trkpt>
      <trkpt lat="42.0612988807260990142822265625" lon="128.05941126309335231781005859375">
        <ele>1737.4000244140625</ele>
        <time>2026-10-03T08:26:18.000Z</time>
        <extensions>
          <ns3:TrackPointExtension>
            <ns3:hr>98</ns3:hr>
            <ns3:cad>79</ns3:cad>
          </ns3:TrackPointExtension>
        </extensions>
      </trkpt>
      <trkpt lat="42.06129603087902069091796875" lon="128.05941067636013031005859375">
        <ele>1737.199951171875</ele>
        <time>2026-10-03T08:26:20.000Z</time>
        <extensions>
          <ns3:TrackPointExtension>
            <ns3:hr>98</ns3:hr>
            <ns3:cad>79</ns3:cad>
          </ns3:TrackPointExtension>
        </extensions>
      </trkpt>
      <trkpt lat="42.06129678525030612945556640625" lon="128.05941226892173290252685546875">
        <ele>1736.800048828125</ele>
        <time>2026-10-03T08:26:21.000Z</time>
        <extensions>
          <ns3:TrackPointExtension>
            <ns3:hr>96</ns3:hr>
            <ns3:cad>74</ns3:cad>
          </ns3:TrackPointExtension>
        </extensions>
      </trkpt>
      <trkpt lat="42.061304412782192230224609375" lon="128.0594299547374248504638671875">
        <ele>1735.800048828125</ele>
        <time>2026-10-03T08:26:24.000Z</time>
        <extensions>
          <ns3:TrackPointExtension>
            <ns3:hr>95</ns3:hr>
            <ns3:cad>0</ns3:cad>
          </ns3:TrackPointExtension>
        </extensions>
      </trkpt>
      <trkpt lat="42.06131287850439548492431640625" lon="128.059436492621898651123046875">
        <ele>1735.4000244140625</ele>
        <time>2026-10-03T08:26:25.000Z</time>
        <extensions>
          <ns3:TrackPointExtension>
            <ns3:hr>96</ns3:hr>
            <ns3:cad>0</ns3:cad>
          </ns3:TrackPointExtension>
        </extensions>
      </trkpt>
      <trkpt lat="42.0613230206072330474853515625" lon="128.0594524182379245758056640625">
        <ele>1735.199951171875</ele>
        <time>2026-10-03T08:26:27.000Z</time>
        <extensions>
          <ns3:TrackPointExtension>
            <ns3:hr>95</ns3:hr>
            <ns3:cad>0</ns3:cad>
          </ns3:TrackPointExtension>
        </extensions>
      </trkpt>
      <trkpt lat="42.06133299507200717926025390625" lon="128.05946926586329936981201171875">
        <ele>1734.800048828125</ele>
        <time>2026-10-03T08:26:29.000Z</time>
        <extensions>
          <ns3:TrackPointExtension>
            <ns3:hr>95</ns3:hr>
            <ns3:cad>0</ns3:cad>
          </ns3:TrackPointExtension>
        </extensions>
      </trkpt>
      <trkpt lat="42.0613371022045612335205078125" lon="128.05947597138583660125732421875">
        <ele>1734.800048828125</ele>
        <time>2026-10-03T08:26:30.000Z</time>
        <extensions>
          <ns3:TrackPointExtension>
            <ns3:hr>95</ns3:hr>
            <ns3:cad>0</ns3:cad>
          </ns3:TrackPointExtension>
        </extensions>
      </trkpt>
      <trkpt lat="42.0613508485257625579833984375" lon="128.05948720313608646392822265625">
        <ele>1734.5999755859375</ele>
        <time>2026-10-03T08:26:32.000Z</time>
        <extensions>
          <ns3:TrackPointExtension>
            <ns3:hr>94</ns3:hr>
            <ns3:cad>0</ns3:cad>
          </ns3:TrackPointExtension>
        </extensions>
      </trkpt>
      <trkpt lat="42.061370126903057098388671875" lon="128.05950446985661983489990234375">
        <ele>1733.5999755859375</ele>
        <time>2026-10-03T08:26:35.000Z</time>
        <extensions>
          <ns3:TrackPointExtension>
            <ns3:hr>94</ns3:hr>
            <ns3:cad>46</ns3:cad>
          </ns3:TrackPointExtension>
        </extensions>
      </trkpt>
      <trkpt lat="42.0613749884068965911865234375" lon="128.05951653979718685150146484375">
        <ele>1733.4000244140625</ele>
        <time>2026-10-03T08:26:36.000Z</time>
        <extensions>
          <ns3:TrackPointExtension>
            <ns3:hr>93</ns3:hr>
            <ns3:cad>46</ns3:cad>
          </ns3:TrackPointExtension>
        </extensions>
      </trkpt>
      <trkpt lat="42.06140197813510894775390625" lon="128.059555850923061370849609375">
        <ele>1732.5999755859375</ele>
        <time>2026-10-03T08:26:41.000Z</time>
        <extensions>
          <ns3:TrackPointExtension>
            <ns3:hr>91</ns3:hr>
            <ns3:cad>49</ns3:cad>
          </ns3:TrackPointExtension>
        </extensions>
      </trkpt>
      <trkpt lat="42.06140608526766300201416015625" lon="128.059565238654613494873046875">
        <ele>1732.5999755859375</ele>
        <time>2026-10-03T08:26:42.000Z</time>
        <extensions>
          <ns3:TrackPointExtension>
            <ns3:hr>90</ns3:hr>
            <ns3:cad>49</ns3:cad>
          </ns3:TrackPointExtension>
        </extensions>
      </trkpt>
      <trkpt lat="42.06141128204762935638427734375" lon="128.059588372707366943359375">
        <ele>1732.4000244140625</ele>
        <time>2026-10-03T08:26:47.000Z</time>
        <extensions>
          <ns3:TrackPointExtension>
            <ns3:hr>90</ns3:hr>
            <ns3:cad>41</ns3:cad>
          </ns3:TrackPointExtension>
        </extensions>
      </trkpt>
      <trkpt lat="42.0614205859601497650146484375" lon="128.0595992691814899444580078125">
        <ele>1732.199951171875</ele>
        <time>2026-10-03T08:26:49.000Z</time>
        <extensions>
          <ns3:TrackPointExtension>
            <ns3:hr>90</ns3:hr>
            <ns3:cad>41</ns3:cad>
          </ns3:TrackPointExtension>
        </extensions>
      </trkpt>
      <trkpt lat="42.0614241063594818115234375" lon="128.05960807017982006072998046875">
        <ele>1732.199951171875</ele>
        <time>2026-10-03T08:26:50.000Z</time>
        <extensions>
          <ns3:TrackPointExtension>
            <ns3:hr>90</ns3:hr>
            <ns3:cad>41</ns3:cad>
          </ns3:TrackPointExtension>
        </extensions>
      </trkpt>
      <trkpt lat="42.0614376850426197052001953125" lon="128.05962751619517803192138671875">
        <ele>1731.800048828125</ele>
        <time>2026-10-03T08:26:53.000Z</time>
        <extensions>
          <ns3:TrackPointExtension>
            <ns3:hr>89</ns3:hr>
            <ns3:cad>0</ns3:cad>
          </ns3:TrackPointExtension>
        </extensions>
      </trkpt>
      <trkpt lat="42.0614373497664928436279296875" lon="128.059628941118717193603515625">
        <ele>1731.5999755859375</ele>
        <time>2026-10-03T08:26:55.000Z</time>
        <extensions>
          <ns3:TrackPointExtension>
            <ns3:hr>90</ns3:hr>
            <ns3:cad>0</ns3:cad>
          </ns3:TrackPointExtension>
        </extensions>
      </trkpt>
      <trkpt lat="42.0614370144903659820556640625" lon="128.059631623327732086181640625">
        <ele>1731.5999755859375</ele>
        <time>2026-10-03T08:26:56.000Z</time>
        <extensions>
          <ns3:TrackPointExtension>
            <ns3:hr>90</ns3:hr>
            <ns3:cad>0</ns3:cad>
          </ns3:TrackPointExtension>
        </extensions>
      </trkpt>
      <trkpt lat="42.0614393614232540130615234375" lon="128.0596326291561126708984375">
        <ele>1731.4000244140625</ele>
        <time>2026-10-03T08:26:57.000Z</time>
        <extensions>
          <ns3:TrackPointExtension>
            <ns3:hr>90</ns3:hr>
            <ns3:cad>0</ns3:cad>
          </ns3:TrackPointExtension>
        </extensions>
      </trkpt>
      <trkpt lat="42.06141530536115169525146484375" lon="128.05961787700653076171875">
        <ele>1731.199951171875</ele>
        <time>2026-10-03T08:27:03.000Z</time>
        <extensions>
          <ns3:TrackPointExtension>
            <ns3:hr>90</ns3:hr>
            <ns3:cad>0</ns3:cad>
          </ns3:TrackPointExtension>
        </extensions>
      </trkpt>
      <trkpt lat="42.06141530536115169525146484375" lon="128.05961787700653076171875">
        <ele>1730</ele>
        <time>2026-10-03T08:27:07.000Z</time>
        <extensions>
          <ns3:TrackPointExtension>
            <ns3:hr>90</ns3:hr>
            <ns3:cad>0</ns3:cad>
          </ns3:TrackPointExtension>
        </extensions>
      </trkpt>
      <trkpt lat="42.06141530536115169525146484375" lon="128.05961787700653076171875">
        <ele>1728.5999755859375</ele>
        <time>2026-10-03T08:27:10.000Z</time>
        <extensions>
          <ns3:TrackPointExtension>
            <ns3:hr>91</ns3:hr>
            <ns3:cad>0</ns3:cad>
          </ns3:TrackPointExtension>
        </extensions>
      </trkpt>
      <trkpt lat="42.06141530536115169525146484375" lon="128.05962332524359226226806640625">
        <ele>1728.199951171875</ele>
        <time>2026-10-03T08:27:13.000Z</time>
        <extensions>
          <ns3:TrackPointExtension>
            <ns3:hr>94</ns3:hr>
            <ns3:cad>0</ns3:cad>
          </ns3:TrackPointExtension>
        </extensions>
      </trkpt>
      <trkpt lat="42.06141698174178600311279296875" lon="128.05964293889701366424560546875">
        <ele>1727.800048828125</ele>
        <time>2026-10-03T08:27:17.000Z</time>
        <extensions>
          <ns3:TrackPointExtension>
            <ns3:hr>94</ns3:hr>
            <ns3:cad>0</ns3:cad>
          </ns3:TrackPointExtension>
        </extensions>
      </trkpt>
      <trkpt lat="42.061426453292369842529296875" lon="128.05969121865928173065185546875">
        <ele>1727.5999755859375</ele>
        <time>2026-10-03T08:27:21.000Z</time>
        <extensions>
          <ns3:TrackPointExtension>
            <ns3:hr>95</ns3:hr>
            <ns3:cad>0</ns3:cad>
          </ns3:TrackPointExtension>
        </extensions>
      </trkpt>
      <trkpt lat="42.06142100505530834197998046875" lon="128.05970865301787853240966796875">
        <ele>1727.199951171875</ele>
        <time>2026-10-03T08:27:22.000Z</time>
        <extensions>
          <ns3:TrackPointExtension>
            <ns3:hr>95</ns3:hr>
            <ns3:cad>0</ns3:cad>
          </ns3:TrackPointExtension>
        </extensions>
      </trkpt>
      <trkpt lat="42.06139753572642803192138671875" lon="128.05979632772505283355712890625">
        <ele>1726.5999755859375</ele>
        <time>2026-10-03T08:27:27.000Z</time>
        <extensions>
          <ns3:TrackPointExtension>
            <ns3:hr>93</ns3:hr>
            <ns3:cad>99</ns3:cad>
          </ns3:TrackPointExtension>
        </extensions>
      </trkpt>
      <trkpt lat="42.0613927580416202545166015625" lon="128.05981091223657131195068359375">
        <ele>1726.5999755859375</ele>
        <time>2026-10-03T08:27:28.000Z</time>
        <extensions>
          <ns3:TrackPointExtension>
            <ns3:hr>90</ns3:hr>
            <ns3:cad>101</ns3:cad>
          </ns3:TrackPointExtension>
        </extensions>
      </trkpt>
      <trkpt lat="42.06137322820723056793212890625" lon="128.05985592305660247802734375">
        <ele>1727</ele>
        <time>2026-10-03T08:27:31.000Z</time>
        <extensions>
          <ns3:TrackPointExtension>
            <ns3:hr>93</ns3:hr>
            <ns3:cad>102</ns3:cad>
          </ns3:TrackPointExtension>
        </extensions>
      </trkpt>
      <trkpt lat="42.0613669417798519134521484375" lon="128.05987344123423099517822265625">
        <ele>1727.5999755859375</ele>
        <time>2026-10-03T08:27:32.000Z</time>
        <extensions>
          <ns3:TrackPointExtension>
            <ns3:hr>93</ns3:hr>
            <ns3:cad>104</ns3:cad>
          </ns3:TrackPointExtension>
        </extensions>
      </trkpt>
      <trkpt lat="42.06134825013577938079833984375" lon="128.05989221669733524322509765625">
        <ele>1729</ele>
        <time>2026-10-03T08:27:34.000Z</time>
        <extensions>
          <ns3:TrackPointExtension>
            <ns3:hr>94</ns3:hr>
            <ns3:cad>106</ns3:cad>
          </ns3:TrackPointExtension>
        </extensions>
      </trkpt>
      <trkpt lat="42.0613136328756809234619140625" lon="128.059893138706684112548828125">
        <ele>1730.199951171875</ele>
        <time>2026-10-03T08:27:37.000Z</time>
        <extensions>
          <ns3:TrackPointExtension>
            <ns3:hr>93</ns3:hr>
            <ns3:cad>54</ns3:cad>
          </ns3:TrackPointExtension>
        </extensions>
      </trkpt>
      <trkpt lat="42.06127331592142581939697265625" lon="128.0599008500576019287109375">
        <ele>1730.5999755859375</ele>
        <time>2026-10-03T08:27:40.000Z</time>
        <extensions>
          <ns3:TrackPointExtension>
            <ns3:hr>92</ns3:hr>
            <ns3:cad>52</ns3:cad>
          </ns3:TrackPointExtension>
        </extensions>
      </trkpt>
      <trkpt lat="42.06125169061124324798583984375" lon="128.05992306210100650787353515625">
        <ele>1730.5999755859375</ele>
        <time>2026-10-03T08:27:43.000Z</time>
        <extensions>
          <ns3:TrackPointExtension>
            <ns3:hr>89</ns3:hr>
            <ns3:cad>51</ns3:cad>
          </ns3:TrackPointExtension>
        </extensions>
      </trkpt>
      <trkpt lat="42.0611946098506450653076171875" lon="128.05998709984123706817626953125">
        <ele>1730.5999755859375</ele>
        <time>2026-10-03T08:27:49.000Z</time>
        <extensions>
          <ns3:TrackPointExtension>
            <ns3:hr>88</ns3:hr>
            <ns3:cad>50</ns3:cad>
          </ns3:TrackPointExtension>
        </extensions>
      </trkpt>
      <trkpt lat="42.0611701346933841705322265625" lon="128.060009479522705078125">
        <ele>1731.4000244140625</ele>
        <time>2026-10-03T08:27:52.000Z</time>
        <extensions>
          <ns3:TrackPointExtension>
            <ns3:hr>88</ns3:hr>
            <ns3:cad>49</ns3:cad>
          </ns3:TrackPointExtension>
        </extensions>
      </trkpt>
      <trkpt lat="42.061161585152149200439453125" lon="128.06000570766627788543701171875">
        <ele>1731.5999755859375</ele>
        <time>2026-10-03T08:27:53.000Z</time>
        <extensions>
          <ns3:TrackPointExtension>
            <ns3:hr>89</ns3:hr>
            <ns3:cad>49</ns3:cad>
          </ns3:TrackPointExtension>
        </extensions>
      </trkpt>
      <trkpt lat="42.06115378998219966888427734375" lon="128.060006462037563323974609375">
        <ele>1731.800048828125</ele>
        <time>2026-10-03T08:27:54.000Z</time>
        <extensions>
          <ns3:TrackPointExtension>
            <ns3:hr>92</ns3:hr>
            <ns3:cad>48</ns3:cad>
          </ns3:TrackPointExtension>
        </extensions>
      </trkpt>
      <trkpt lat="42.0611369423568248748779296875" lon="128.060005120933055877685546875">
        <ele>1732.4000244140625</ele>
        <time>2026-10-03T08:27:57.000Z</time>
        <extensions>
          <ns3:TrackPointExtension>
            <ns3:hr>90</ns3:hr>
            <ns3:cad>47</ns3:cad>
          </ns3:TrackPointExtension>
        </extensions>
      </trkpt>
      <trkpt lat="42.0610799454152584075927734375" lon="128.060018531978130340576171875">
        <ele>1731</ele>
        <time>2026-10-03T08:28:02.000Z</time>
        <extensions>
          <ns3:TrackPointExtension>
            <ns3:hr>89</ns3:hr>
            <ns3:cad>45</ns3:cad>
          </ns3:TrackPointExtension>
        </extensions>
      </trkpt>
      <trkpt lat="42.06105739809572696685791015625" lon="128.06003252975642681121826171875">
        <ele>1730.199951171875</ele>
        <time>2026-10-03T08:28:05.000Z</time>
        <extensions>
          <ns3:TrackPointExtension>
            <ns3:hr>91</ns3:hr>
            <ns3:cad>47</ns3:cad>
          </ns3:TrackPointExtension>
        </extensions>
      </trkpt>
      <trkpt lat="42.06104784272611141204833984375" lon="128.0600456893444061279296875">
        <ele>1730</ele>
        <time>2026-10-03T08:28:06.000Z</time>
        <extensions>
          <ns3:TrackPointExtension>
            <ns3:hr>87</ns3:hr>
            <ns3:cad>48</ns3:cad>
          </ns3:TrackPointExtension>
        </extensions>
      </trkpt>
      <trkpt lat="42.0610430650413036346435546875" lon="128.06005566380918025970458984375">
        <ele>1729.800048828125</ele>
        <time>2026-10-03T08:28:07.000Z</time>
        <extensions>
          <ns3:TrackPointExtension>
            <ns3:hr>90</ns3:hr>
            <ns3:cad>49</ns3:cad>
          </ns3:TrackPointExtension>
        </extensions>
      </trkpt>
      <trkpt lat="42.0609766803681850433349609375" lon="128.06010277010500431060791015625">
        <ele>1730.199951171875</ele>
        <time>2026-10-03T08:28:14.000Z</time>
        <extensions>
          <ns3:TrackPointExtension>
            <ns3:hr>92</ns3:hr>
            <ns3:cad>48</ns3:cad>
          </ns3:TrackPointExtension>
        </extensions>
      </trkpt>
      <trkpt lat="42.0609439909458160400390625" lon="128.06010411120951175689697265625">
        <ele>1730.800048828125</ele>
        <time>2026-10-03T08:28:18.000Z</time>
        <extensions>
          <ns3:TrackPointExtension>
            <ns3:hr>93</ns3:hr>
            <ns3:cad>0</ns3:cad>
          </ns3:TrackPointExtension>
        </extensions>
      </trkpt>
      <trkpt lat="42.060937620699405670166015625" lon="128.0601112358272075653076171875">
        <ele>1731</ele>
        <time>2026-10-03T08:28:20.000Z</time>
        <extensions>
          <ns3:TrackPointExtension>
            <ns3:hr>92</ns3:hr>
            <ns3:cad>0</ns3:cad>
          </ns3:TrackPointExtension>
        </extensions>
      </trkpt>
      <trkpt lat="42.060944326221942901611328125" lon="128.06013244204223155975341796875">
        <ele>1731.4000244140625</ele>
        <time>2026-10-03T08:28:21.000Z</time>
        <extensions>
          <ns3:TrackPointExtension>
            <ns3:hr>92</ns3:hr>
            <ns3:cad>0</ns3:cad>
          </ns3:TrackPointExtension>
        </extensions>
      </trkpt>
      <trkpt lat="42.06094658933579921722412109375" lon="128.0601461045444011688232421875">
        <ele>1732</ele>
        <time>2026-10-03T08:28:22.000Z</time>
        <extensions>
          <ns3:TrackPointExtension>
            <ns3:hr>92</ns3:hr>
            <ns3:cad>0</ns3:cad>
          </ns3:TrackPointExtension>
        </extensions>
      </trkpt>
      <trkpt lat="42.06094725988805294036865234375" lon="128.06015222333371639251708984375">
        <ele>1732.4000244140625</ele>
        <time>2026-10-03T08:28:23.000Z</time>
        <extensions>
          <ns3:TrackPointExtension>
            <ns3:hr>92</ns3:hr>
            <ns3:cad>0</ns3:cad>
          </ns3:TrackPointExtension>
        </extensions>
      </trkpt>
      <trkpt lat="42.06093938089907169342041015625" lon="128.0601487867534160614013671875">
        <ele>1732.800048828125</ele>
        <time>2026-10-03T08:28:24.000Z</time>
        <extensions>
          <ns3:TrackPointExtension>
            <ns3:hr>92</ns3:hr>
            <ns3:cad>0</ns3:cad>
          </ns3:TrackPointExtension>
        </extensions>
      </trkpt>
      <trkpt lat="42.06092379055917263031005859375" lon="128.06013889610767364501953125">
        <ele>1733.800048828125</ele>
        <time>2026-10-03T08:28:26.000Z</time>
        <extensions>
          <ns3:TrackPointExtension>
            <ns3:hr>93</ns3:hr>
            <ns3:cad>0</ns3:cad>
          </ns3:TrackPointExtension>
        </extensions>
      </trkpt>
      <trkpt lat="42.06092429347336292266845703125" lon="128.06013160385191440582275390625">
        <ele>1734.5999755859375</ele>
        <time>2026-10-03T08:28:27.000Z</time>
        <extensions>
          <ns3:TrackPointExtension>
            <ns3:hr>92</ns3:hr>
            <ns3:cad>0</ns3:cad>
          </ns3:TrackPointExtension>
        </extensions>
      </trkpt>
      <trkpt lat="42.06091071479022502899169921875" lon="128.0601202882826328277587890625">
        <ele>1735.4000244140625</ele>
        <time>2026-10-03T08:28:28.000Z</time>
        <extensions>
          <ns3:TrackPointExtension>
            <ns3:hr>94</ns3:hr>
            <ns3:cad>0</ns3:cad>
          </ns3:TrackPointExtension>
        </extensions>
      </trkpt>
      <trkpt lat="42.06088255159556865692138671875" lon="128.0601239763200283050537109375">
        <ele>1736.800048828125</ele>
        <time>2026-10-03T08:28:31.000Z</time>
        <extensions>
          <ns3:TrackPointExtension>
            <ns3:hr>93</ns3:hr>
            <ns3:cad>0</ns3:cad>
          </ns3:TrackPointExtension>
        </extensions>
      </trkpt>
      <trkpt lat="42.060867883265018463134765625" lon="128.0601326934993267059326171875">
        <ele>1737</ele>
        <time>2026-10-03T08:28:32.000Z</time>
        <extensions>
          <ns3:TrackPointExtension>
            <ns3:hr>96</ns3:hr>
            <ns3:cad>0</ns3:cad>
          </ns3:TrackPointExtension>
        </extensions>
      </trkpt>
      <trkpt lat="42.0608623512089252471923828125" lon="128.06016244925558567047119140625">
        <ele>1737</ele>
        <time>2026-10-03T08:28:35.000Z</time>
        <extensions>
          <ns3:TrackPointExtension>
            <ns3:hr>96</ns3:hr>
            <ns3:cad>46</ns3:cad>
          </ns3:TrackPointExtension>
        </extensions>
      </trkpt>
      <trkpt lat="42.06081029959022998809814453125" lon="128.06018424220383167266845703125">
        <ele>1737</ele>
        <time>2026-10-03T08:28:41.000Z</time>
        <extensions>
          <ns3:TrackPointExtension>
            <ns3:hr>97</ns3:hr>
            <ns3:cad>46</ns3:cad>
          </ns3:TrackPointExtension>
        </extensions>
      </trkpt>
      <trkpt lat="42.0607882551848888397216796875" lon="128.06018860079348087310791015625">
        <ele>1737.199951171875</ele>
        <time>2026-10-03T08:28:43.000Z</time>
        <extensions>
          <ns3:TrackPointExtension>
            <ns3:hr>94</ns3:hr>
            <ns3:cad>46</ns3:cad>
          </ns3:TrackPointExtension>
        </extensions>
      </trkpt>
      <trkpt lat="42.06077970564365386962890625" lon="128.0601933784782886505126953125">
        <ele>1737.4000244140625</ele>
        <time>2026-10-03T08:28:44.000Z</time>
        <extensions>
          <ns3:TrackPointExtension>
            <ns3:hr>94</ns3:hr>
            <ns3:cad>44</ns3:cad>
          </ns3:TrackPointExtension>
        </extensions>
      </trkpt>
      <trkpt lat="42.0607688091695308685302734375" lon="128.06019111536443233489990234375">
        <ele>1737.800048828125</ele>
        <time>2026-10-03T08:28:45.000Z</time>
        <extensions>
          <ns3:TrackPointExtension>
            <ns3:hr>94</ns3:hr>
            <ns3:cad>43</ns3:cad>
          </ns3:TrackPointExtension>
        </extensions>
      </trkpt>
      <trkpt lat="42.06076252274215221405029296875" lon="128.060182146728038787841796875">
        <ele>1738.199951171875</ele>
        <time>2026-10-03T08:28:46.000Z</time>
        <extensions>
          <ns3:TrackPointExtension>
            <ns3:hr>94</ns3:hr>
            <ns3:cad>43</ns3:cad>
          </ns3:TrackPointExtension>
        </extensions>
      </trkpt>
      <trkpt lat="42.06075916998088359832763671875" lon="128.0601829849183559417724609375">
        <ele>1738.5999755859375</ele>
        <time>2026-10-03T08:28:47.000Z</time>
        <extensions>
          <ns3:TrackPointExtension>
            <ns3:hr>95</ns3:hr>
            <ns3:cad>46</ns3:cad>
          </ns3:TrackPointExtension>
        </extensions>
      </trkpt>
      <trkpt lat="42.06076386384665966033935546875" lon="128.0601878464221954345703125">
        <ele>1739</ele>
        <time>2026-10-03T08:28:48.000Z</time>
        <extensions>
          <ns3:TrackPointExtension>
            <ns3:hr>95</ns3:hr>
            <ns3:cad>46</ns3:cad>
          </ns3:TrackPointExtension>
        </extensions>
      </trkpt>
      <trkpt lat="42.06076654605567455291748046875" lon="128.06020955555140972137451171875">
        <ele>1740</ele>
        <time>2026-10-03T08:28:51.000Z</time>
        <extensions>
          <ns3:TrackPointExtension>
            <ns3:hr>96</ns3:hr>
            <ns3:cad>40</ns3:cad>
          </ns3:TrackPointExtension>
        </extensions>
      </trkpt>
      <trkpt lat="42.06075950525701045989990234375" lon="128.060216009616851806640625">
        <ele>1740.4000244140625</ele>
        <time>2026-10-03T08:28:52.000Z</time>
        <extensions>
          <ns3:TrackPointExtension>
            <ns3:hr>96</ns3:hr>
            <ns3:cad>0</ns3:cad>
          </ns3:TrackPointExtension>
        </extensions>
      </trkpt>
      <trkpt lat="42.06073544919490814208984375" lon="128.06022648699581623077392578125">
        <ele>1741.800048828125</ele>
        <time>2026-10-03T08:28:54.000Z</time>
        <extensions>
          <ns3:TrackPointExtension>
            <ns3:hr>96</ns3:hr>
            <ns3:cad>0</ns3:cad>
          </ns3:TrackPointExtension>
        </extensions>
      </trkpt>
      <trkpt lat="42.060707621276378631591796875" lon="128.060227744281291961669921875">
        <ele>1743.199951171875</ele>
        <time>2026-10-03T08:28:56.000Z</time>
        <extensions>
          <ns3:TrackPointExtension>
            <ns3:hr>97</ns3:hr>
            <ns3:cad>41</ns3:cad>
          </ns3:TrackPointExtension>
        </extensions>
      </trkpt>
      <trkpt lat="42.06070317886769771575927734375" lon="128.06024157442152500152587890625">
        <ele>1744.199951171875</ele>
        <time>2026-10-03T08:28:58.000Z</time>
        <extensions>
          <ns3:TrackPointExtension>
            <ns3:hr>98</ns3:hr>
            <ns3:cad>41</ns3:cad>
          </ns3:TrackPointExtension>
        </extensions>
      </trkpt>
      <trkpt lat="42.060691528022289276123046875" lon="128.0602647922933101654052734375">
        <ele>1745</ele>
        <time>2026-10-03T08:29:00.000Z</time>
        <extensions>
          <ns3:TrackPointExtension>
            <ns3:hr>99</ns3:hr>
            <ns3:cad>43</ns3:cad>
          </ns3:TrackPointExtension>
        </extensions>
      </trkpt>
      <trkpt lat="42.0606806315481662750244140625" lon="128.06028197519481182098388671875">
        <ele>1745.5999755859375</ele>
        <time>2026-10-03T08:29:02.000Z</time>
        <extensions>
          <ns3:TrackPointExtension>
            <ns3:hr>99</ns3:hr>
            <ns3:cad>42</ns3:cad>
          </ns3:TrackPointExtension>
        </extensions>
      </trkpt>
      <trkpt lat="42.06066529266536235809326171875" lon="128.06028784252703189849853515625">
        <ele>1747</ele>
        <time>2026-10-03T08:29:05.000Z</time>
        <extensions>
          <ns3:TrackPointExtension>
            <ns3:hr>100</ns3:hr>
            <ns3:cad>46</ns3:cad>
          </ns3:TrackPointExtension>
        </extensions>
      </trkpt>
      <trkpt lat="42.0606558211147785186767578125" lon="128.06027946062386035919189453125">
        <ele>1747.5999755859375</ele>
        <time>2026-10-03T08:29:06.000Z</time>
        <extensions>
          <ns3:TrackPointExtension>
            <ns3:hr>100</ns3:hr>
            <ns3:cad>46</ns3:cad>
          </ns3:TrackPointExtension>
        </extensions>
      </trkpt>
      <trkpt lat="42.060643918812274932861328125" lon="128.06027376092970371246337890625">
        <ele>1748</ele>
        <time>2026-10-03T08:29:07.000Z</time>
        <extensions>
          <ns3:TrackPointExtension>
            <ns3:hr>100</ns3:hr>
            <ns3:cad>46</ns3:cad>
          </ns3:TrackPointExtension>
        </extensions>
      </trkpt>
      <trkpt lat="42.060616426169872283935546875" lon="128.06026001460850238800048828125">
        <ele>1749</ele>
        <time>2026-10-03T08:29:10.000Z</time>
        <extensions>
          <ns3:TrackPointExtension>
            <ns3:hr>100</ns3:hr>
            <ns3:cad>42</ns3:cad>
          </ns3:TrackPointExtension>
        </extensions>
      </trkpt>
      <trkpt lat="42.06057728268206119537353515625" lon="128.06019027717411518096923828125">
        <ele>1749.4000244140625</ele>
        <time>2026-10-03T08:29:12.000Z</time>
        <extensions>
          <ns3:TrackPointExtension>
            <ns3:hr>100</ns3:hr>
            <ns3:cad>42</ns3:cad>
          </ns3:TrackPointExtension>
        </extensions>
      </trkpt>
      <trkpt lat="42.060559093952178955078125" lon="128.06013797409832477569580078125">
        <ele>1750.199951171875</ele>
        <time>2026-10-03T08:29:16.000Z</time>
        <extensions>
          <ns3:TrackPointExtension>
            <ns3:hr>98</ns3:hr>
            <ns3:cad>46</ns3:cad>
          </ns3:TrackPointExtension>
        </extensions>
      </trkpt>
      <trkpt lat="42.0605542324483394622802734375" lon="128.06012171320617198944091796875">
        <ele>1750.4000244140625</ele>
        <time>2026-10-03T08:29:17.000Z</time>
        <extensions>
          <ns3:TrackPointExtension>
            <ns3:hr>98</ns3:hr>
            <ns3:cad>46</ns3:cad>
          </ns3:TrackPointExtension>
        </extensions>
      </trkpt>
      <trkpt lat="42.06055146642029285430908203125" lon="128.0600912868976593017578125">
        <ele>1751.4000244140625</ele>
        <time>2026-10-03T08:29:19.000Z</time>
        <extensions>
          <ns3:TrackPointExtension>
            <ns3:hr>97</ns3:hr>
            <ns3:cad>46</ns3:cad>
          </ns3:TrackPointExtension>
        </extensions>
      </trkpt>
      <trkpt lat="42.0605497062206268310546875" lon="128.06006689555943012237548828125">
        <ele>1751.5999755859375</ele>
        <time>2026-10-03T08:29:20.000Z</time>
        <extensions>
          <ns3:TrackPointExtension>
            <ns3:hr>98</ns3:hr>
            <ns3:cad>0</ns3:cad>
          </ns3:TrackPointExtension>
        </extensions>
      </trkpt>
      <trkpt lat="42.0605270750820636749267578125" lon="128.0600186996161937713623046875">
        <ele>1752.4000244140625</ele>
        <time>2026-10-03T08:29:24.000Z</time>
        <extensions>
          <ns3:TrackPointExtension>
            <ns3:hr>98</ns3:hr>
            <ns3:cad>0</ns3:cad>
          </ns3:TrackPointExtension>
        </extensions>
      </trkpt>
      <trkpt lat="42.06051349639892578125" lon="128.06001442484557628631591796875">
        <ele>1752.4000244140625</ele>
        <time>2026-10-03T08:29:25.000Z</time>
        <extensions>
          <ns3:TrackPointExtension>
            <ns3:hr>98</ns3:hr>
            <ns3:cad>0</ns3:cad>
          </ns3:TrackPointExtension>
        </extensions>
      </trkpt>
      <trkpt lat="42.060497738420963287353515625" lon="128.06000537239015102386474609375">
        <ele>1753.4000244140625</ele>
        <time>2026-10-03T08:29:29.000Z</time>
        <extensions>
          <ns3:TrackPointExtension>
            <ns3:hr>96</ns3:hr>
            <ns3:cad>0</ns3:cad>
          </ns3:TrackPointExtension>
        </extensions>
      </trkpt>
      <trkpt lat="42.060499079525470733642578125" lon="128.05999631993472576141357421875">
        <ele>1754</ele>
        <time>2026-10-03T08:29:30.000Z</time>
        <extensions>
          <ns3:TrackPointExtension>
            <ns3:hr>94</ns3:hr>
            <ns3:cad>0</ns3:cad>
          </ns3:TrackPointExtension>
        </extensions>
      </trkpt>
      <trkpt lat="42.060496397316455841064453125" lon="128.0599918775260448455810546875">
        <ele>1754.4000244140625</ele>
        <time>2026-10-03T08:29:31.000Z</time>
        <extensions>
          <ns3:TrackPointExtension>
            <ns3:hr>95</ns3:hr>
            <ns3:cad>0</ns3:cad>
          </ns3:TrackPointExtension>
        </extensions>
      </trkpt>
      <trkpt lat="42.06049673259258270263671875" lon="128.0599908716976642608642578125">
        <ele>1755.5999755859375</ele>
        <time>2026-10-03T08:29:34.000Z</time>
        <extensions>
          <ns3:TrackPointExtension>
            <ns3:hr>96</ns3:hr>
            <ns3:cad>0</ns3:cad>
          </ns3:TrackPointExtension>
        </extensions>
      </trkpt>
      <trkpt lat="42.06050553359091281890869140625" lon="128.05998332798480987548828125">
        <ele>1755.800048828125</ele>
        <time>2026-10-03T08:29:36.000Z</time>
        <extensions>
          <ns3:TrackPointExtension>
            <ns3:hr>96</ns3:hr>
            <ns3:cad>0</ns3:cad>
          </ns3:TrackPointExtension>
        </extensions>
      </trkpt>
      <trkpt lat="42.060481645166873931884765625" lon="128.0599660612642765045166015625">
        <ele>1756</ele>
        <time>2026-10-03T08:29:42.000Z</time>
        <extensions>
          <ns3:TrackPointExtension>
            <ns3:hr>97</ns3:hr>
            <ns3:cad>41</ns3:cad>
          </ns3:TrackPointExtension>
        </extensions>
      </trkpt>
      <trkpt lat="42.06047871150076389312744140625" lon="128.0599657259881496429443359375">
        <ele>1756</ele>
        <time>2026-10-03T08:29:43.000Z</time>
        <extensions>
          <ns3:TrackPointExtension>
            <ns3:hr>102</ns3:hr>
            <ns3:cad>41</ns3:cad>
          </ns3:TrackPointExtension>
        </extensions>
      </trkpt>
      <trkpt lat="42.0604781247675418853759765625" lon="128.0599660612642765045166015625">
        <ele>1756</ele>
        <time>2026-10-03T08:29:44.000Z</time>
        <extensions>
          <ns3:TrackPointExtension>
            <ns3:hr>110</ns3:hr>
            <ns3:cad>41</ns3:cad>
          </ns3:TrackPointExtension>
        </extensions>
      </trkpt>
      <trkpt lat="42.06047904677689075469970703125" lon="128.05996455252170562744140625">
        <ele>1756.199951171875</ele>
        <time>2026-10-03T08:29:45.000Z</time>
        <extensions>
          <ns3:TrackPointExtension>
            <ns3:hr>115</ns3:hr>
            <ns3:cad>42</ns3:cad>
          </ns3:TrackPointExtension>
        </extensions>
      </trkpt>
      <trkpt lat="42.060480304062366485595703125" lon="128.059943430125713348388671875">
        <ele>1756.4000244140625</ele>
        <time>2026-10-03T08:29:47.000Z</time>
        <extensions>
          <ns3:TrackPointExtension>
            <ns3:hr>119</ns3:hr>
            <ns3:cad>43</ns3:cad>
          </ns3:TrackPointExtension>
        </extensions>
      </trkpt>
      <trkpt lat="42.060483992099761962890625" lon="128.05993898771703243255615234375">
        <ele>1756.5999755859375</ele>
        <time>2026-10-03T08:29:48.000Z</time>
        <extensions>
          <ns3:TrackPointExtension>
            <ns3:hr>122</ns3:hr>
            <ns3:cad>44</ns3:cad>
          </ns3:TrackPointExtension>
        </extensions>
      </trkpt>
      <trkpt lat="42.06048759631812572479248046875" lon="128.0599298514425754547119140625">
        <ele>1756.800048828125</ele>
        <time>2026-10-03T08:29:49.000Z</time>
        <extensions>
          <ns3:TrackPointExtension>
            <ns3:hr>125</ns3:hr>
            <ns3:cad>44</ns3:cad>
          </ns3:TrackPointExtension>
        </extensions>
      </trkpt>
      <trkpt lat="42.0604798011481761932373046875" lon="128.059903867542743682861328125">
        <ele>1756.800048828125</ele>
        <time>2026-10-03T08:29:51.000Z</time>
        <extensions>
          <ns3:TrackPointExtension>
            <ns3:hr>129</ns3:hr>
            <ns3:cad>45</ns3:cad>
          </ns3:TrackPointExtension>
        </extensions>
      </trkpt>
      <trkpt lat="42.06047804094851016998291015625" lon="128.05987964384257793426513671875">
        <ele>1756.5999755859375</ele>
        <time>2026-10-03T08:29:54.000Z</time>
        <extensions>
          <ns3:TrackPointExtension>
            <ns3:hr>132</ns3:hr>
            <ns3:cad>45</ns3:cad>
          </ns3:TrackPointExtension>
        </extensions>
      </trkpt>
      <trkpt lat="42.06047720275819301605224609375" lon="128.05985315702855587005615234375">
        <ele>1756</ele>
        <time>2026-10-03T08:29:56.000Z</time>
        <extensions>
          <ns3:TrackPointExtension>
            <ns3:hr>135</ns3:hr>
            <ns3:cad>45</ns3:cad>
          </ns3:TrackPointExtension>
        </extensions>
      </trkpt>
      <trkpt lat="42.06048524938523769378662109375" lon="128.05984041653573513031005859375">
        <ele>1755.5999755859375</ele>
        <time>2026-10-03T08:29:57.000Z</time>
        <extensions>
          <ns3:TrackPointExtension>
            <ns3:hr>134</ns3:hr>
            <ns3:cad>45</ns3:cad>
          </ns3:TrackPointExtension>
        </extensions>
      </trkpt>
      <trkpt lat="42.06049212254583835601806640625" lon="128.05981929413974285125732421875">
        <ele>1753.4000244140625</ele>
        <time>2026-10-03T08:29:59.000Z</time>
        <extensions>
          <ns3:TrackPointExtension>
            <ns3:hr>131</ns3:hr>
            <ns3:cad>46</ns3:cad>
          </ns3:TrackPointExtension>
        </extensions>
      </trkpt>
      <trkpt lat="42.06050452776253223419189453125" lon="128.05980856530368328094482421875">
        <ele>1752</ele>
        <time>2026-10-03T08:30:00.000Z</time>
        <extensions>
          <ns3:TrackPointExtension>
            <ns3:hr>130</ns3:hr>
            <ns3:cad>46</ns3:cad>
          </ns3:TrackPointExtension>
        </extensions>
      </trkpt>
      <trkpt lat="42.06052648834884166717529296875" lon="128.05979213677346706390380859375">
        <ele>1750.5999755859375</ele>
        <time>2026-10-03T08:30:01.000Z</time>
        <extensions>
          <ns3:TrackPointExtension>
            <ns3:hr>128</ns3:hr>
            <ns3:cad>46</ns3:cad>
          </ns3:TrackPointExtension>
        </extensions>
      </trkpt>
      <trkpt lat="42.060536630451679229736328125" lon="128.05978526361286640167236328125">
        <ele>1749</ele>
        <time>2026-10-03T08:30:02.000Z</time>
        <extensions>
          <ns3:TrackPointExtension>
            <ns3:hr>127</ns3:hr>
            <ns3:cad>46</ns3:cad>
          </ns3:TrackPointExtension>
        </extensions>
      </trkpt>
      <trkpt lat="42.06054241396486759185791015625" lon="128.05978216230869293212890625">
        <ele>1747.5999755859375</ele>
        <time>2026-10-03T08:30:03.000Z</time>
        <extensions>
          <ns3:TrackPointExtension>
            <ns3:hr>125</ns3:hr>
            <ns3:cad>46</ns3:cad>
          </ns3:TrackPointExtension>
        </extensions>
      </trkpt>
      <trkpt lat="42.06055037677288055419921875" lon="128.05977679789066314697265625">
        <ele>1746.199951171875</ele>
        <time>2026-10-03T08:30:04.000Z</time>
        <extensions>
          <ns3:TrackPointExtension>
            <ns3:hr>124</ns3:hr>
            <ns3:cad>46</ns3:cad>
          </ns3:TrackPointExtension>
        </extensions>
      </trkpt>
      <trkpt lat="42.0605612732470035552978515625" lon="128.05977805517613887786865234375">
        <ele>1744.800048828125</ele>
        <time>2026-10-03T08:30:05.000Z</time>
        <extensions>
          <ns3:TrackPointExtension>
            <ns3:hr>124</ns3:hr>
            <ns3:cad>46</ns3:cad>
          </ns3:TrackPointExtension>
        </extensions>
      </trkpt>
      <trkpt lat="42.06058532930910587310791015625" lon="128.059775121510028839111328125">
        <ele>1739.800048828125</ele>
        <time>2026-10-03T08:30:09.000Z</time>
        <extensions>
          <ns3:TrackPointExtension>
            <ns3:hr>122</ns3:hr>
            <ns3:cad>53</ns3:cad>
          </ns3:TrackPointExtension>
        </extensions>
      </trkpt>
      <trkpt lat="42.0605857484042644500732421875" lon="128.0597659014165401458740234375">
        <ele>1739.5999755859375</ele>
        <time>2026-10-03T08:30:10.000Z</time>
        <extensions>
          <ns3:TrackPointExtension>
            <ns3:hr>122</ns3:hr>
            <ns3:cad>53</ns3:cad>
          </ns3:TrackPointExtension>
        </extensions>
      </trkpt>
      <trkpt lat="42.06055104732513427734375" lon="128.0597561784088611602783203125">
        <ele>1738.800048828125</ele>
        <time>2026-10-03T08:30:11.000Z</time>
        <extensions>
          <ns3:TrackPointExtension>
            <ns3:hr>121</ns3:hr>
            <ns3:cad>53</ns3:cad>
          </ns3:TrackPointExtension>
        </extensions>
      </trkpt>
      <trkpt lat="42.0605465210974216461181640625" lon="128.0597427673637866973876953125">
        <ele>1738.4000244140625</ele>
        <time>2026-10-03T08:30:12.000Z</time>
        <extensions>
          <ns3:TrackPointExtension>
            <ns3:hr>121</ns3:hr>
            <ns3:cad>53</ns3:cad>
          </ns3:TrackPointExtension>
        </extensions>
      </trkpt>
      <trkpt lat="42.06053562462329864501953125" lon="128.05974888615310192108154296875">
        <ele>1738.199951171875</ele>
        <time>2026-10-03T08:30:14.000Z</time>
        <extensions>
          <ns3:TrackPointExtension>
            <ns3:hr>120</ns3:hr>
            <ns3:cad>54</ns3:cad>
          </ns3:TrackPointExtension>
        </extensions>
      </trkpt>
      <trkpt lat="42.06055163405835628509521484375" lon="128.059776127338409423828125">
        <ele>1738</ele>
        <time>2026-10-03T08:30:15.000Z</time>
        <extensions>
          <ns3:TrackPointExtension>
            <ns3:hr>120</ns3:hr>
            <ns3:cad>54</ns3:cad>
          </ns3:TrackPointExtension>
        </extensions>
      </trkpt>
      <trkpt lat="42.06051257438957691192626953125" lon="128.05983421392738819122314453125">
        <ele>1738.4000244140625</ele>
        <time>2026-10-03T08:30:19.000Z</time>
        <extensions>
          <ns3:TrackPointExtension>
            <ns3:hr>119</ns3:hr>
            <ns3:cad>47</ns3:cad>
          </ns3:TrackPointExtension>
        </extensions>
      </trkpt>
      <trkpt lat="42.0605331100523471832275390625" lon="128.05984309874475002288818359375">
        <ele>1738.4000244140625</ele>
        <time>2026-10-03T08:30:20.000Z</time>
        <extensions>
          <ns3:TrackPointExtension>
            <ns3:hr>118</ns3:hr>
            <ns3:cad>47</ns3:cad>
          </ns3:TrackPointExtension>
        </extensions>
      </trkpt>
      <trkpt lat="42.06055171787738800048828125" lon="128.05983580648899078369140625">
        <ele>1738.4000244140625</ele>
        <time>2026-10-03T08:30:21.000Z</time>
        <extensions>
          <ns3:TrackPointExtension>
            <ns3:hr>118</ns3:hr>
            <ns3:cad>47</ns3:cad>
          </ns3:TrackPointExtension>
        </extensions>
      </trkpt>
      <trkpt lat="42.06059672869741916656494140625" lon="128.05983044207096099853515625">
        <ele>1739</ele>
        <time>2026-10-03T08:30:23.000Z</time>
        <extensions>
          <ns3:TrackPointExtension>
            <ns3:hr>118</ns3:hr>
            <ns3:cad>0</ns3:cad>
          </ns3:TrackPointExtension>
        </extensions>
      </trkpt>
      <trkpt lat="42.0606414042413234710693359375" lon="128.0598163604736328125">
        <ele>1739.5999755859375</ele>
        <time>2026-10-03T08:30:25.000Z</time>
        <extensions>
          <ns3:TrackPointExtension>
            <ns3:hr>117</ns3:hr>
            <ns3:cad>0</ns3:cad>
          </ns3:TrackPointExtension>
        </extensions>
      </trkpt>
      <trkpt lat="42.06061248667538166046142578125" lon="128.05993362329900264739990234375">
        <ele>1715.4000244140625</ele>
        <time>2026-10-03T08:31:42.000Z</time>
        <extensions>
          <ns3:TrackPointExtension>
            <ns3:hr>100</ns3:hr>
            <ns3:cad>51</ns3:cad>
          </ns3:TrackPointExtension>
        </extensions>
      </trkpt>
      <trkpt lat="42.06054744310677051544189453125" lon="128.0598151870071887969970703125">
        <ele>1735.5999755859375</ele>
        <time>2026-10-03T08:31:43.000Z</time>
        <extensions>
          <ns3:TrackPointExtension>
            <ns3:hr>100</ns3:hr>
            <ns3:cad>51</ns3:cad>
          </ns3:TrackPointExtension>
        </extensions>
      </trkpt>
      <trkpt lat="42.0604509674012660980224609375" lon="128.0597506463527679443359375">
        <ele>1719.800048828125</ele>
        <time>2026-10-03T08:31:44.000Z</time>
        <extensions>
          <ns3:TrackPointExtension>
            <ns3:hr>100</ns3:hr>
            <ns3:cad>50</ns3:cad>
          </ns3:TrackPointExtension>
        </extensions>
      </trkpt>
      <trkpt lat="42.0605146698653697967529296875" lon="128.059836812317371368408203125">
        <ele>1727.800048828125</ele>
        <time>2026-10-03T08:31:45.000Z</time>
        <extensions>
          <ns3:TrackPointExtension>
            <ns3:hr>101</ns3:hr>
            <ns3:cad>50</ns3:cad>
          </ns3:TrackPointExtension>
        </extensions>
      </trkpt>
      <trkpt lat="42.06046496517956256866455078125" lon="128.05982784368097782135009765625">
        <ele>1722.4000244140625</ele>
        <time>2026-10-03T08:31:46.000Z</time>
        <extensions>
          <ns3:TrackPointExtension>
            <ns3:hr>101</ns3:hr>
            <ns3:cad>50</ns3:cad>
          </ns3:TrackPointExtension>
        </extensions>
      </trkpt>
      <trkpt lat="42.06043898127973079681396484375" lon="128.05980957113206386566162109375">
        <ele>1719</ele>
        <time>2026-10-03T08:31:47.000Z</time>
        <extensions>
          <ns3:TrackPointExtension>
            <ns3:hr>101</ns3:hr>
            <ns3:cad>51</ns3:cad>
          </ns3:TrackPointExtension>
        </extensions>
      </trkpt>
      <trkpt lat="42.0604531466960906982421875" lon="128.0598557554185390472412109375">
        <ele>1723.199951171875</ele>
        <time>2026-10-03T08:31:48.000Z</time>
        <extensions>
          <ns3:TrackPointExtension>
            <ns3:hr>100</ns3:hr>
            <ns3:cad>51</ns3:cad>
          </ns3:TrackPointExtension>
        </extensions>
      </trkpt>
      <trkpt lat="42.060433365404605865478515625" lon="128.05986153893172740936279296875">
        <ele>1726.199951171875</ele>
        <time>2026-10-03T08:31:49.000Z</time>
        <extensions>
          <ns3:TrackPointExtension>
            <ns3:hr>101</ns3:hr>
            <ns3:cad>49</ns3:cad>
          </ns3:TrackPointExtension>
        </extensions>
      </trkpt>
      <trkpt lat="42.060401178896427154541015625" lon="128.05986807681620121002197265625">
        <ele>1726.4000244140625</ele>
        <time>2026-10-03T08:31:53.000Z</time>
        <extensions>
          <ns3:TrackPointExtension>
            <ns3:hr>99</ns3:hr>
            <ns3:cad>49</ns3:cad>
          </ns3:TrackPointExtension>
        </extensions>
      </trkpt>
      <trkpt lat="42.06039891578257083892822265625" lon="128.0598711781203746795654296875">
        <ele>1727.5999755859375</ele>
        <time>2026-10-03T08:31:55.000Z</time>
        <extensions>
          <ns3:TrackPointExtension>
            <ns3:hr>99</ns3:hr>
            <ns3:cad>49</ns3:cad>
          </ns3:TrackPointExtension>
        </extensions>
      </trkpt>
      <trkpt lat="42.0603969879448413848876953125" lon="128.05988517589867115020751953125">
        <ele>1728.5999755859375</ele>
        <time>2026-10-03T08:31:57.000Z</time>
        <extensions>
          <ns3:TrackPointExtension>
            <ns3:hr>99</ns3:hr>
            <ns3:cad>48</ns3:cad>
          </ns3:TrackPointExtension>
        </extensions>
      </trkpt>
      <trkpt lat="42.06038684584200382232666015625" lon="128.05989221669733524322509765625">
        <ele>1728.800048828125</ele>
        <time>2026-10-03T08:31:58.000Z</time>
        <extensions>
          <ns3:TrackPointExtension>
            <ns3:hr>101</ns3:hr>
            <ns3:cad>48</ns3:cad>
          </ns3:TrackPointExtension>
        </extensions>
      </trkpt>
      <trkpt lat="42.06037938594818115234375" lon="128.05990596301853656768798828125">
        <ele>1729</ele>
        <time>2026-10-03T08:31:59.000Z</time>
        <extensions>
          <ns3:TrackPointExtension>
            <ns3:hr>101</ns3:hr>
            <ns3:cad>48</ns3:cad>
          </ns3:TrackPointExtension>
        </extensions>
      </trkpt>
      <trkpt lat="42.06033454276621341705322265625" lon="128.05994845926761627197265625">
        <ele>1729.800048828125</ele>
        <time>2026-10-03T08:32:05.000Z</time>
        <extensions>
          <ns3:TrackPointExtension>
            <ns3:hr>101</ns3:hr>
            <ns3:cad>46</ns3:cad>
          </ns3:TrackPointExtension>
        </extensions>
      </trkpt>
      <trkpt lat="42.0603292621672153472900390625" lon="128.05995658971369266510009765625">
        <ele>1731.800048828125</ele>
        <time>2026-10-03T08:32:08.000Z</time>
        <extensions>
          <ns3:TrackPointExtension>
            <ns3:hr>101</ns3:hr>
            <ns3:cad>0</ns3:cad>
          </ns3:TrackPointExtension>
        </extensions>
      </trkpt>
      <trkpt lat="42.060333453118801116943359375" lon="128.05995558388531208038330078125">
        <ele>1732.800048828125</ele>
        <time>2026-10-03T08:32:09.000Z</time>
        <extensions>
          <ns3:TrackPointExtension>
            <ns3:hr>101</ns3:hr>
            <ns3:cad>0</ns3:cad>
          </ns3:TrackPointExtension>
        </extensions>
      </trkpt>
      <trkpt lat="42.06033119000494480133056640625" lon="128.059952817857265472412109375">
        <ele>1734.4000244140625</ele>
        <time>2026-10-03T08:32:11.000Z</time>
        <extensions>
          <ns3:TrackPointExtension>
            <ns3:hr>101</ns3:hr>
            <ns3:cad>0</ns3:cad>
          </ns3:TrackPointExtension>
        </extensions>
      </trkpt>
      <trkpt lat="42.06032775342464447021484375" lon="128.05995206348598003387451171875">
        <ele>1735.5999755859375</ele>
        <time>2026-10-03T08:32:14.000Z</time>
        <extensions>
          <ns3:TrackPointExtension>
            <ns3:hr>101</ns3:hr>
            <ns3:cad>0</ns3:cad>
          </ns3:TrackPointExtension>
        </extensions>
      </trkpt>
      <trkpt lat="42.06032297573983669281005859375" lon="128.05996161885559558868408203125">
        <ele>1736.5999755859375</ele>
        <time>2026-10-03T08:32:19.000Z</time>
        <extensions>
          <ns3:TrackPointExtension>
            <ns3:hr>102</ns3:hr>
            <ns3:cad>0</ns3:cad>
          </ns3:TrackPointExtension>
        </extensions>
      </trkpt>
      <trkpt lat="42.06029447726905345916748046875" lon="128.05997251532971858978271484375">
        <ele>1737</ele>
        <time>2026-10-03T08:32:22.000Z</time>
        <extensions>
          <ns3:TrackPointExtension>
            <ns3:hr>102</ns3:hr>
            <ns3:cad>74</ns3:cad>
          </ns3:TrackPointExtension>
        </extensions>
      </trkpt>
      <trkpt lat="42.06026882864534854888916015625" lon="128.05999548174440860748291015625">
        <ele>1736.4000244140625</ele>
        <time>2026-10-03T08:32:27.000Z</time>
        <extensions>
          <ns3:TrackPointExtension>
            <ns3:hr>102</ns3:hr>
            <ns3:cad>79</ns3:cad>
          </ns3:TrackPointExtension>
        </extensions>
      </trkpt>
      <trkpt lat="42.0602498017251491546630859375" lon="128.059995062649250030517578125">
        <ele>1735.800048828125</ele>
        <time>2026-10-03T08:32:29.000Z</time>
        <extensions>
          <ns3:TrackPointExtension>
            <ns3:hr>103</ns3:hr>
            <ns3:cad>73</ns3:cad>
          </ns3:TrackPointExtension>
        </extensions>
      </trkpt>
      <trkpt lat="42.0602427609264850616455078125" lon="128.06000621058046817779541015625">
        <ele>1735.5999755859375</ele>
        <time>2026-10-03T08:32:30.000Z</time>
        <extensions>
          <ns3:TrackPointExtension>
            <ns3:hr>103</ns3:hr>
            <ns3:cad>73</ns3:cad>
          </ns3:TrackPointExtension>
        </extensions>
      </trkpt>
      <trkpt lat="42.0602350495755672454833984375" lon="128.06001760996878147125244140625">
        <ele>1735.4000244140625</ele>
        <time>2026-10-03T08:32:31.000Z</time>
        <extensions>
          <ns3:TrackPointExtension>
            <ns3:hr>103</ns3:hr>
            <ns3:cad>41</ns3:cad>
          </ns3:TrackPointExtension>
        </extensions>
      </trkpt>
      <trkpt lat="42.06023932434618473052978515625" lon="128.06000000797212123870849609375">
        <ele>1735</ele>
        <time>2026-10-03T08:32:35.000Z</time>
        <extensions>
          <ns3:TrackPointExtension>
            <ns3:hr>105</ns3:hr>
            <ns3:cad>0</ns3:cad>
          </ns3:TrackPointExtension>
        </extensions>
      </trkpt>
      <trkpt lat="42.06025441177189350128173828125" lon="128.0599813163280487060546875">
        <ele>1736.199951171875</ele>
        <time>2026-10-03T08:32:44.000Z</time>
        <extensions>
          <ns3:TrackPointExtension>
            <ns3:hr>103</ns3:hr>
            <ns3:cad>0</ns3:cad>
          </ns3:TrackPointExtension>
        </extensions>
      </trkpt>
      <trkpt lat="42.06024301238358020782470703125" lon="128.05998466908931732177734375">
        <ele>1736.5999755859375</ele>
        <time>2026-10-03T08:32:59.000Z</time>
        <extensions>
          <ns3:TrackPointExtension>
            <ns3:hr>104</ns3:hr>
            <ns3:cad>0</ns3:cad>
          </ns3:TrackPointExtension>
        </extensions>
      </trkpt>
      <trkpt lat="42.06020034849643707275390625" lon="128.06000336073338985443115234375">
        <ele>1737.199951171875</ele>
        <time>2026-10-03T08:33:02.000Z</time>
        <extensions>
          <ns3:TrackPointExtension>
            <ns3:hr>101</ns3:hr>
            <ns3:cad>0</ns3:cad>
          </ns3:TrackPointExtension>
        </extensions>
      </trkpt>
      <trkpt lat="42.06019171513617038726806640625" lon="128.06000771932303905487060546875">
        <ele>1737.5999755859375</ele>
        <time>2026-10-03T08:33:03.000Z</time>
        <extensions>
          <ns3:TrackPointExtension>
            <ns3:hr>101</ns3:hr>
            <ns3:cad>0</ns3:cad>
          </ns3:TrackPointExtension>
        </extensions>
      </trkpt>
      <trkpt lat="42.0601820759475231170654296875" lon="128.060014508664608001708984375">
        <ele>1738</ele>
        <time>2026-10-03T08:33:04.000Z</time>
        <extensions>
          <ns3:TrackPointExtension>
            <ns3:hr>100</ns3:hr>
            <ns3:cad>0</ns3:cad>
          </ns3:TrackPointExtension>
        </extensions>
      </trkpt>
      <trkpt lat="42.06015701405704021453857421875" lon="128.06003320030868053436279296875">
        <ele>1739.199951171875</ele>
        <time>2026-10-03T08:33:06.000Z</time>
        <extensions>
          <ns3:TrackPointExtension>
            <ns3:hr>99</ns3:hr>
            <ns3:cad>0</ns3:cad>
          </ns3:TrackPointExtension>
        </extensions>
      </trkpt>
      <trkpt lat="42.060134299099445343017578125" lon="128.06005951948463916778564453125">
        <ele>1740.5999755859375</ele>
        <time>2026-10-03T08:33:08.000Z</time>
        <extensions>
          <ns3:TrackPointExtension>
            <ns3:hr>99</ns3:hr>
            <ns3:cad>0</ns3:cad>
          </ns3:TrackPointExtension>
        </extensions>
      </trkpt>
      <trkpt lat="42.0601098239421844482421875" lon="128.06008717976510524749755859375">
        <ele>1741.5999755859375</ele>
        <time>2026-10-03T08:33:11.000Z</time>
        <extensions>
          <ns3:TrackPointExtension>
            <ns3:hr>99</ns3:hr>
            <ns3:cad>47</ns3:cad>
          </ns3:TrackPointExtension>
        </extensions>
      </trkpt>
      <trkpt lat="42.0600835047662258148193359375" lon="128.06009908206760883331298828125">
        <ele>1741.5999755859375</ele>
        <time>2026-10-03T08:33:13.000Z</time>
        <extensions>
          <ns3:TrackPointExtension>
            <ns3:hr>100</ns3:hr>
            <ns3:cad>47</ns3:cad>
          </ns3:TrackPointExtension>
        </extensions>
      </trkpt>
      <trkpt lat="42.0600680820643901824951171875" lon="128.06012372486293315887451171875">
        <ele>1741.199951171875</ele>
        <time>2026-10-03T08:33:16.000Z</time>
        <extensions>
          <ns3:TrackPointExtension>
            <ns3:hr>98</ns3:hr>
            <ns3:cad>47</ns3:cad>
          </ns3:TrackPointExtension>
        </extensions>
      </trkpt>
      <trkpt lat="42.060045115649700164794921875" lon="128.06014166213572025299072265625">
        <ele>1741</ele>
        <time>2026-10-03T08:33:18.000Z</time>
        <extensions>
          <ns3:TrackPointExtension>
            <ns3:hr>98</ns3:hr>
            <ns3:cad>48</ns3:cad>
          </ns3:TrackPointExtension>
        </extensions>
      </trkpt>
      <trkpt lat="42.06001787446439266204833984375" lon="128.0601655505597591400146484375">
        <ele>1741</ele>
        <time>2026-10-03T08:33:21.000Z</time>
        <extensions>
          <ns3:TrackPointExtension>
            <ns3:hr>94</ns3:hr>
            <ns3:cad>48</ns3:cad>
          </ns3:TrackPointExtension>
        </extensions>
      </trkpt>
      <trkpt lat="42.06001460552215576171875" lon="128.06017971597611904144287109375">
        <ele>1741.199951171875</ele>
        <time>2026-10-03T08:33:22.000Z</time>
        <extensions>
          <ns3:TrackPointExtension>
            <ns3:hr>97</ns3:hr>
            <ns3:cad>48</ns3:cad>
          </ns3:TrackPointExtension>
        </extensions>
      </trkpt>
      <trkpt lat="42.0600167848169803619384765625" lon="128.06020435877144336700439453125">
        <ele>1741.4000244140625</ele>
        <time>2026-10-03T08:33:25.000Z</time>
        <extensions>
          <ns3:TrackPointExtension>
            <ns3:hr>97</ns3:hr>
            <ns3:cad>47</ns3:cad>
          </ns3:TrackPointExtension>
        </extensions>
      </trkpt>
      <trkpt lat="42.059995830059051513671875" lon="128.0602010898292064666748046875">
        <ele>1741.4000244140625</ele>
        <time>2026-10-03T08:33:27.000Z</time>
        <extensions>
          <ns3:TrackPointExtension>
            <ns3:hr>99</ns3:hr>
            <ns3:cad>46</ns3:cad>
          </ns3:TrackPointExtension>
        </extensions>
      </trkpt>
      <trkpt lat="42.05995115451514720916748046875" lon="128.06019513867795467376708984375">
        <ele>1741.4000244140625</ele>
        <time>2026-10-03T08:33:29.000Z</time>
        <extensions>
          <ns3:TrackPointExtension>
            <ns3:hr>99</ns3:hr>
            <ns3:cad>45</ns3:cad>
          </ns3:TrackPointExtension>
        </extensions>
      </trkpt>
      <trkpt lat="42.059931121766567230224609375" lon="128.0602171830832958221435546875">
        <ele>1741.5999755859375</ele>
        <time>2026-10-03T08:33:32.000Z</time>
        <extensions>
          <ns3:TrackPointExtension>
            <ns3:hr>102</ns3:hr>
            <ns3:cad>45</ns3:cad>
          </ns3:TrackPointExtension>
        </extensions>
      </trkpt>
      <trkpt lat="42.05992734991014003753662109375" lon="128.0602208711206912994384765625">
        <ele>1742</ele>
        <time>2026-10-03T08:33:33.000Z</time>
        <extensions>
          <ns3:TrackPointExtension>
            <ns3:hr>103</ns3:hr>
            <ns3:cad>44</ns3:cad>
          </ns3:TrackPointExtension>
        </extensions>
      </trkpt>
      <trkpt lat="42.05991595052182674407958984375" lon="128.06022397242486476898193359375">
        <ele>1742.4000244140625</ele>
        <time>2026-10-03T08:33:34.000Z</time>
        <extensions>
          <ns3:TrackPointExtension>
            <ns3:hr>100</ns3:hr>
            <ns3:cad>44</ns3:cad>
          </ns3:TrackPointExtension>
        </extensions>
      </trkpt>
      <trkpt lat="42.059911005198955535888671875" lon="128.06022631935775279998779296875">
        <ele>1742.800048828125</ele>
        <time>2026-10-03T08:33:35.000Z</time>
        <extensions>
          <ns3:TrackPointExtension>
            <ns3:hr>103</ns3:hr>
            <ns3:cad>42</ns3:cad>
          </ns3:TrackPointExtension>
        </extensions>
      </trkpt>
      <trkpt lat="42.05984788946807384490966796875" lon="128.06025062687695026397705078125">
        <ele>1742.800048828125</ele>
        <time>2026-10-03T08:33:42.000Z</time>
        <extensions>
          <ns3:TrackPointExtension>
            <ns3:hr>105</ns3:hr>
            <ns3:cad>45</ns3:cad>
          </ns3:TrackPointExtension>
        </extensions>
      </trkpt>
      <trkpt lat="42.05981947481632232666015625" lon="128.060265295207500457763671875">
        <ele>1742</ele>
        <time>2026-10-03T08:33:46.000Z</time>
        <extensions>
          <ns3:TrackPointExtension>
            <ns3:hr>106</ns3:hr>
            <ns3:cad>46</ns3:cad>
          </ns3:TrackPointExtension>
        </extensions>
      </trkpt>
      <trkpt lat="42.05980447120964527130126953125" lon="128.06027560494840145111083984375">
        <ele>1741.800048828125</ele>
        <time>2026-10-03T08:33:48.000Z</time>
        <extensions>
          <ns3:TrackPointExtension>
            <ns3:hr>106</ns3:hr>
            <ns3:cad>47</ns3:cad>
          </ns3:TrackPointExtension>
        </extensions>
      </trkpt>
      <trkpt lat="42.0597879588603973388671875" lon="128.06028013117611408233642578125">
        <ele>1742</ele>
        <time>2026-10-03T08:33:50.000Z</time>
        <extensions>
          <ns3:TrackPointExtension>
            <ns3:hr>106</ns3:hr>
            <ns3:cad>0</ns3:cad>
          </ns3:TrackPointExtension>
        </extensions>
      </trkpt>
      <trkpt lat="42.059777565300464630126953125" lon="128.0602822266519069671630859375">
        <ele>1742.199951171875</ele>
        <time>2026-10-03T08:33:51.000Z</time>
        <extensions>
          <ns3:TrackPointExtension>
            <ns3:hr>103</ns3:hr>
            <ns3:cad>44</ns3:cad>
          </ns3:TrackPointExtension>
        </extensions>
      </trkpt>
      <trkpt lat="42.059770859777927398681640625" lon="128.0602844059467315673828125">
        <ele>1742.4000244140625</ele>
        <time>2026-10-03T08:33:52.000Z</time>
        <extensions>
          <ns3:TrackPointExtension>
            <ns3:hr>106</ns3:hr>
            <ns3:cad>44</ns3:cad>
          </ns3:TrackPointExtension>
        </extensions>
      </trkpt>
      <trkpt lat="42.0597638189792633056640625" lon="128.06028951890766620635986328125">
        <ele>1742.5999755859375</ele>
        <time>2026-10-03T08:33:53.000Z</time>
        <extensions>
          <ns3:TrackPointExtension>
            <ns3:hr>112</ns3:hr>
            <ns3:cad>44</ns3:cad>
          </ns3:TrackPointExtension>
        </extensions>
      </trkpt>
      <trkpt lat="42.05975770018994808197021484375" lon="128.060291446745395660400390625">
        <ele>1743.199951171875</ele>
        <time>2026-10-03T08:33:54.000Z</time>
        <extensions>
          <ns3:TrackPointExtension>
            <ns3:hr>116</ns3:hr>
            <ns3:cad>45</ns3:cad>
          </ns3:TrackPointExtension>
        </extensions>
      </trkpt>
      <trkpt lat="42.0597477257251739501953125" lon="128.06029153056442737579345703125">
        <ele>1743.5999755859375</ele>
        <time>2026-10-03T08:33:55.000Z</time>
        <extensions>
          <ns3:TrackPointExtension>
            <ns3:hr>120</ns3:hr>
            <ns3:cad>45</ns3:cad>
          </ns3:TrackPointExtension>
        </extensions>
      </trkpt>
      <trkpt lat="42.0597369968891143798828125" lon="128.06029320694506168365478515625">
        <ele>1744</ele>
        <time>2026-10-03T08:33:56.000Z</time>
        <extensions>
          <ns3:TrackPointExtension>
            <ns3:hr>123</ns3:hr>
            <ns3:cad>46</ns3:cad>
          </ns3:TrackPointExtension>
        </extensions>
      </trkpt>
      <trkpt lat="42.05972383730113506317138671875" lon="128.0602993257343769073486328125">
        <ele>1744.199951171875</ele>
        <time>2026-10-03T08:33:57.000Z</time>
        <extensions>
          <ns3:TrackPointExtension>
            <ns3:hr>126</ns3:hr>
            <ns3:cad>45</ns3:cad>
          </ns3:TrackPointExtension>
        </extensions>
      </trkpt>
      <trkpt lat="42.0597088336944580078125" lon="128.06031567044556140899658203125">
        <ele>1744.5999755859375</ele>
        <time>2026-10-03T08:33:59.000Z</time>
        <extensions>
          <ns3:TrackPointExtension>
            <ns3:hr>130</ns3:hr>
            <ns3:cad>45</ns3:cad>
          </ns3:TrackPointExtension>
        </extensions>
      </trkpt>
      <trkpt lat="42.0597006194293498992919921875" lon="128.0603254772722721099853515625">
        <ele>1744.5999755859375</ele>
        <time>2026-10-03T08:34:00.000Z</time>
        <extensions>
          <ns3:TrackPointExtension>
            <ns3:hr>132</ns3:hr>
            <ns3:cad>45</ns3:cad>
          </ns3:TrackPointExtension>
        </extensions>
      </trkpt>
      <trkpt lat="42.0596771501004695892333984375" lon="128.06034869514405727386474609375">
        <ele>1744.800048828125</ele>
        <time>2026-10-03T08:34:03.000Z</time>
        <extensions>
          <ns3:TrackPointExtension>
            <ns3:hr>137</ns3:hr>
            <ns3:cad>44</ns3:cad>
          </ns3:TrackPointExtension>
        </extensions>
      </trkpt>
      <trkpt lat="42.05967203713953495025634765625" lon="128.06036395020782947540283203125">
        <ele>1744.800048828125</ele>
        <time>2026-10-03T08:34:04.000Z</time>
        <extensions>
          <ns3:TrackPointExtension>
            <ns3:hr>141</ns3:hr>
            <ns3:cad>0</ns3:cad>
          </ns3:TrackPointExtension>
        </extensions>
      </trkpt>
      <trkpt lat="42.05966030247509479522705078125" lon="128.0603702366352081298828125">
        <ele>1744.4000244140625</ele>
        <time>2026-10-03T08:34:07.000Z</time>
        <extensions>
          <ns3:TrackPointExtension>
            <ns3:hr>141</ns3:hr>
            <ns3:cad>0</ns3:cad>
          </ns3:TrackPointExtension>
        </extensions>
      </trkpt>
      <trkpt lat="42.05965728498995304107666015625" lon="128.06039504706859588623046875">
        <ele>1743.4000244140625</ele>
        <time>2026-10-03T08:34:09.000Z</time>
        <extensions>
          <ns3:TrackPointExtension>
            <ns3:hr>145</ns3:hr>
            <ns3:cad>0</ns3:cad>
          </ns3:TrackPointExtension>
        </extensions>
      </trkpt>
      <trkpt lat="42.0596647448837757110595703125" lon="128.0604139901697635650634765625">
        <ele>1742.5999755859375</ele>
        <time>2026-10-03T08:34:10.000Z</time>
        <extensions>
          <ns3:TrackPointExtension>
            <ns3:hr>146</ns3:hr>
            <ns3:cad>0</ns3:cad>
          </ns3:TrackPointExtension>
        </extensions>
      </trkpt>
      <trkpt lat="42.0596553571522235870361328125" lon="128.06043452583253383636474609375">
        <ele>1741</ele>
        <time>2026-10-03T08:34:12.000Z</time>
        <extensions>
          <ns3:TrackPointExtension>
            <ns3:hr>146</ns3:hr>
            <ns3:cad>0</ns3:cad>
          </ns3:TrackPointExtension>
        </extensions>
      </trkpt>
      <trkpt lat="42.05964270047843456268310546875" lon="128.06044927798211574554443359375">
        <ele>1739.5999755859375</ele>
        <time>2026-10-03T08:34:14.000Z</time>
        <extensions>
          <ns3:TrackPointExtension>
            <ns3:hr>147</ns3:hr>
            <ns3:cad>0</ns3:cad>
          </ns3:TrackPointExtension>
        </extensions>
      </trkpt>
      <trkpt lat="42.059636414051055908203125" lon="128.060449697077274322509765625">
        <ele>1739.199951171875</ele>
        <time>2026-10-03T08:34:15.000Z</time>
        <extensions>
          <ns3:TrackPointExtension>
            <ns3:hr>145</ns3:hr>
            <ns3:cad>0</ns3:cad>
          </ns3:TrackPointExtension>
        </extensions>
      </trkpt>
      <trkpt lat="42.05961562693119049072265625" lon="128.0604465119540691375732421875">
        <ele>1738.4000244140625</ele>
        <time>2026-10-03T08:34:17.000Z</time>
        <extensions>
          <ns3:TrackPointExtension>
            <ns3:hr>143</ns3:hr>
            <ns3:cad>0</ns3:cad>
          </ns3:TrackPointExtension>
        </extensions>
      </trkpt>
      <trkpt lat="42.05960112623870372772216796875" lon="128.06045732460916042327880859375">
        <ele>1738.5999755859375</ele>
        <time>2026-10-03T08:34:18.000Z</time>
        <extensions>
          <ns3:TrackPointExtension>
            <ns3:hr>142</ns3:hr>
            <ns3:cad>0</ns3:cad>
          </ns3:TrackPointExtension>
        </extensions>
      </trkpt>
      <trkpt lat="42.059545554220676422119140625" lon="128.06046201847493648529052734375">
        <ele>1739.199951171875</ele>
        <time>2026-10-03T08:34:21.000Z</time>
        <extensions>
          <ns3:TrackPointExtension>
            <ns3:hr>139</ns3:hr>
            <ns3:cad>47</ns3:cad>
          </ns3:TrackPointExtension>
        </extensions>
      </trkpt>
      <trkpt lat="42.05954010598361492156982421875" lon="128.06046604178845882415771484375">
        <ele>1739.5999755859375</ele>
        <time>2026-10-03T08:34:22.000Z</time>
        <extensions>
          <ns3:TrackPointExtension>
            <ns3:hr>139</ns3:hr>
            <ns3:cad>47</ns3:cad>
          </ns3:TrackPointExtension>
        </extensions>
      </trkpt>
      <trkpt lat="42.059507332742214202880859375" lon="128.06047827936708927154541015625">
        <ele>1740.5999755859375</ele>
        <time>2026-10-03T08:34:25.000Z</time>
        <extensions>
          <ns3:TrackPointExtension>
            <ns3:hr>137</ns3:hr>
            <ns3:cad>47</ns3:cad>
          </ns3:TrackPointExtension>
        </extensions>
      </trkpt>
      <trkpt lat="42.05948160029947757720947265625" lon="128.060484565794467926025390625">
        <ele>1741</ele>
        <time>2026-10-03T08:34:27.000Z</time>
        <extensions>
          <ns3:TrackPointExtension>
            <ns3:hr>136</ns3:hr>
            <ns3:cad>47</ns3:cad>
          </ns3:TrackPointExtension>
        </extensions>
      </trkpt>
      <trkpt lat="42.059486210346221923828125" lon="128.0605068616569042205810546875">
        <ele>1741.800048828125</ele>
        <time>2026-10-03T08:34:30.000Z</time>
        <extensions>
          <ns3:TrackPointExtension>
            <ns3:hr>134</ns3:hr>
            <ns3:cad>0</ns3:cad>
          </ns3:TrackPointExtension>
        </extensions>
      </trkpt>
      <trkpt lat="42.05946735106408596038818359375" lon="128.060534186661243438720703125">
        <ele>1742</ele>
        <time>2026-10-03T08:34:32.000Z</time>
        <extensions>
          <ns3:TrackPointExtension>
            <ns3:hr>134</ns3:hr>
            <ns3:cad>53</ns3:cad>
          </ns3:TrackPointExtension>
        </extensions>
      </trkpt>
      <trkpt lat="42.05943851731717586517333984375" lon="128.06056939065456390380859375">
        <ele>1740.800048828125</ele>
        <time>2026-10-03T08:34:38.000Z</time>
        <extensions>
          <ns3:TrackPointExtension>
            <ns3:hr>131</ns3:hr>
            <ns3:cad>0</ns3:cad>
          </ns3:TrackPointExtension>
        </extensions>
      </trkpt>
      <trkpt lat="42.05944421701133251190185546875" lon="128.06055790744721889495849609375">
        <ele>1740.199951171875</ele>
        <time>2026-10-03T08:34:39.000Z</time>
        <extensions>
          <ns3:TrackPointExtension>
            <ns3:hr>130</ns3:hr>
            <ns3:cad>0</ns3:cad>
          </ns3:TrackPointExtension>
        </extensions>
      </trkpt>
      <trkpt lat="42.05944689922034740447998046875" lon="128.060548603534698486328125">
        <ele>1739.5999755859375</ele>
        <time>2026-10-03T08:34:40.000Z</time>
        <extensions>
          <ns3:TrackPointExtension>
            <ns3:hr>130</ns3:hr>
            <ns3:cad>0</ns3:cad>
          </ns3:TrackPointExtension>
        </extensions>
      </trkpt>
      <trkpt lat="42.0594526827335357666015625" lon="128.06054659187793731689453125">
        <ele>1738.800048828125</ele>
        <time>2026-10-03T08:34:41.000Z</time>
        <extensions>
          <ns3:TrackPointExtension>
            <ns3:hr>129</ns3:hr>
            <ns3:cad>0</ns3:cad>
          </ns3:TrackPointExtension>
        </extensions>
      </trkpt>
      <trkpt lat="42.05945980735123157501220703125" lon="128.06056402623653411865234375">
        <ele>1737.800048828125</ele>
        <time>2026-10-03T08:34:43.000Z</time>
        <extensions>
          <ns3:TrackPointExtension>
            <ns3:hr>128</ns3:hr>
            <ns3:cad>0</ns3:cad>
          </ns3:TrackPointExtension>
        </extensions>
      </trkpt>
      <trkpt lat="42.05945863388478755950927734375" lon="128.0605702288448810577392578125">
        <ele>1737.5999755859375</ele>
        <time>2026-10-03T08:34:44.000Z</time>
        <extensions>
          <ns3:TrackPointExtension>
            <ns3:hr>127</ns3:hr>
            <ns3:cad>0</ns3:cad>
          </ns3:TrackPointExtension>
        </extensions>
      </trkpt>
      <trkpt lat="42.059447653591632843017578125" lon="128.06057819165289402008056640625">
        <ele>1737.4000244140625</ele>
        <time>2026-10-03T08:34:48.000Z</time>
        <extensions>
          <ns3:TrackPointExtension>
            <ns3:hr>125</ns3:hr>
            <ns3:cad>0</ns3:cad>
          </ns3:TrackPointExtension>
        </extensions>
      </trkpt>
      <trkpt lat="42.0594049058854579925537109375" lon="128.0605687201023101806640625">
        <ele>1738.4000244140625</ele>
        <time>2026-10-03T08:34:53.000Z</time>
        <extensions>
          <ns3:TrackPointExtension>
            <ns3:hr>122</ns3:hr>
            <ns3:cad>0</ns3:cad>
          </ns3:TrackPointExtension>
        </extensions>
      </trkpt>
      <trkpt lat="42.05940415151417255401611328125" lon="128.06056964211165904998779296875">
        <ele>1738.800048828125</ele>
        <time>2026-10-03T08:34:55.000Z</time>
        <extensions>
          <ns3:TrackPointExtension>
            <ns3:hr>120</ns3:hr>
            <ns3:cad>0</ns3:cad>
          </ns3:TrackPointExtension>
        </extensions>
      </trkpt>
      <trkpt lat="42.05940415151417255401611328125" lon="128.06056964211165904998779296875">
        <ele>1739.800048828125</ele>
        <time>2026-10-03T08:35:00.000Z</time>
        <extensions>
          <ns3:TrackPointExtension>
            <ns3:hr>118</ns3:hr>
            <ns3:cad>0</ns3:cad>
          </ns3:TrackPointExtension>
        </extensions>
      </trkpt>
      <trkpt lat="42.05940415151417255401611328125" lon="128.0605863220989704132080078125">
        <ele>1740.4000244140625</ele>
        <time>2026-10-03T08:35:12.000Z</time>
        <extensions>
          <ns3:TrackPointExtension>
            <ns3:hr>115</ns3:hr>
            <ns3:cad>0</ns3:cad>
          </ns3:TrackPointExtension>
        </extensions>
      </trkpt>
      <trkpt lat="42.0594018884003162384033203125" lon="128.06058959104120731353759765625">
        <ele>1740.5999755859375</ele>
        <time>2026-10-03T08:35:16.000Z</time>
        <extensions>
          <ns3:TrackPointExtension>
            <ns3:hr>112</ns3:hr>
            <ns3:cad>0</ns3:cad>
          </ns3:TrackPointExtension>
        </extensions>
      </trkpt>
      <trkpt lat="42.05940867774188518524169921875" lon="128.06058657355606555938720703125">
        <ele>1740.5999755859375</ele>
        <time>2026-10-03T08:35:25.000Z</time>
        <extensions>
          <ns3:TrackPointExtension>
            <ns3:hr>110</ns3:hr>
            <ns3:cad>0</ns3:cad>
          </ns3:TrackPointExtension>
        </extensions>
      </trkpt>
      <trkpt lat="42.0594116114079952239990234375" lon="128.06061272509396076202392578125">
        <ele>1740.5999755859375</ele>
        <time>2026-10-03T08:35:28.000Z</time>
        <extensions>
          <ns3:TrackPointExtension>
            <ns3:hr>107</ns3:hr>
            <ns3:cad>0</ns3:cad>
          </ns3:TrackPointExtension>
        </extensions>
      </trkpt>
      <trkpt lat="42.05941236577928066253662109375" lon="128.060616664588451385498046875">
        <ele>1740.4000244140625</ele>
        <time>2026-10-03T08:35:31.000Z</time>
        <extensions>
          <ns3:TrackPointExtension>
            <ns3:hr>106</ns3:hr>
            <ns3:cad>0</ns3:cad>
          </ns3:TrackPointExtension>
        </extensions>
      </trkpt>
      <trkpt lat="42.05941739492118358612060546875" lon="128.06061389856040477752685546875">
        <ele>1741</ele>
        <time>2026-10-03T08:35:38.000Z</time>
        <extensions>
          <ns3:TrackPointExtension>
            <ns3:hr>104</ns3:hr>
            <ns3:cad>0</ns3:cad>
          </ns3:TrackPointExtension>
        </extensions>
      </trkpt>
      <trkpt lat="42.05941370688378810882568359375" lon="128.06061507202684879302978515625">
        <ele>1741</ele>
        <time>2026-10-03T08:35:42.000Z</time>
        <extensions>
          <ns3:TrackPointExtension>
            <ns3:hr>104</ns3:hr>
            <ns3:cad>0</ns3:cad>
          </ns3:TrackPointExtension>
        </extensions>
      </trkpt>
      <trkpt lat="42.05941370688378810882568359375" lon="128.06061507202684879302978515625">
        <ele>1741</ele>
        <time>2026-10-03T08:35:45.000Z</time>
        <extensions>
          <ns3:TrackPointExtension>
            <ns3:hr>101</ns3:hr>
            <ns3:cad>0</ns3:cad>
          </ns3:TrackPointExtension>
        </extensions>
      </trkpt>
      <trkpt lat="42.05941370688378810882568359375" lon="128.06061507202684879302978515625">
        <ele>1741</ele>
        <time>2026-10-03T08:35:46.000Z</time>
        <extensions>
          <ns3:TrackPointExtension>
            <ns3:hr>104</ns3:hr>
            <ns3:cad>0</ns3:cad>
          </ns3:TrackPointExtension>
        </extensions>
      </trkpt>
      <trkpt lat="42.05941043794155120849609375" lon="128.06061901152133941650390625">
        <ele>1741</ele>
        <time>2026-10-03T08:35:57.000Z</time>
        <extensions>
          <ns3:TrackPointExtension>
            <ns3:hr>101</ns3:hr>
            <ns3:cad>0</ns3:cad>
          </ns3:TrackPointExtension>
        </extensions>
      </trkpt>
      <trkpt lat="42.05940465442836284637451171875" lon="128.06063334457576274871826171875">
        <ele>1741.4000244140625</ele>
        <time>2026-10-03T08:36:02.000Z</time>
        <extensions>
          <ns3:TrackPointExtension>
            <ns3:hr>98</ns3:hr>
            <ns3:cad>0</ns3:cad>
          </ns3:TrackPointExtension>
        </extensions>
      </trkpt>
      <trkpt lat="42.059400379657745361328125" lon="128.06064181029796600341796875">
        <ele>1742</ele>
        <time>2026-10-03T08:36:06.000Z</time>
        <extensions>
          <ns3:TrackPointExtension>
            <ns3:hr>98</ns3:hr>
            <ns3:cad>0</ns3:cad>
          </ns3:TrackPointExtension>
        </extensions>
      </trkpt>
      <trkpt lat="42.05939694307744503021240234375" lon="128.06064784526824951171875">
        <ele>1743.199951171875</ele>
        <time>2026-10-03T08:36:10.000Z</time>
        <extensions>
          <ns3:TrackPointExtension>
            <ns3:hr>98</ns3:hr>
            <ns3:cad>0</ns3:cad>
          </ns3:TrackPointExtension>
        </extensions>
      </trkpt>
      <trkpt lat="42.05939141102135181427001953125" lon="128.06065932847559452056884765625">
        <ele>1744.199951171875</ele>
        <time>2026-10-03T08:36:14.000Z</time>
        <extensions>
          <ns3:TrackPointExtension>
            <ns3:hr>97</ns3:hr>
            <ns3:cad>0</ns3:cad>
          </ns3:TrackPointExtension>
        </extensions>
      </trkpt>
      <trkpt lat="42.05939962528645992279052734375" lon="128.06066234596073627471923828125">
        <ele>1744.800048828125</ele>
        <time>2026-10-03T08:36:25.000Z</time>
        <extensions>
          <ns3:TrackPointExtension>
            <ns3:hr>100</ns3:hr>
            <ns3:cad>0</ns3:cad>
          </ns3:TrackPointExtension>
        </extensions>
      </trkpt>
      <trkpt lat="42.059407420456409454345703125" lon="128.0606614239513874053955078125">
        <ele>1745</ele>
        <time>2026-10-03T08:36:39.000Z</time>
        <extensions>
          <ns3:TrackPointExtension>
            <ns3:hr>97</ns3:hr>
            <ns3:cad>0</ns3:cad>
          </ns3:TrackPointExtension>
        </extensions>
      </trkpt>
      <trkpt lat="42.05942527391016483306884765625" lon="128.06065781973302364349365234375">
        <ele>1745.199951171875</ele>
        <time>2026-10-03T08:37:01.000Z</time>
        <extensions>
          <ns3:TrackPointExtension>
            <ns3:hr>97</ns3:hr>
            <ns3:cad>0</ns3:cad>
          </ns3:TrackPointExtension>
        </extensions>
      </trkpt>
      <trkpt lat="42.059444971382617950439453125" lon="128.06063787080347537994384765625">
        <ele>1744.199951171875</ele>
        <time>2026-10-03T08:37:21.000Z</time>
        <extensions>
          <ns3:TrackPointExtension>
            <ns3:hr>97</ns3:hr>
            <ns3:cad>0</ns3:cad>
          </ns3:TrackPointExtension>
        </extensions>
      </trkpt>
      <trkpt lat="42.05944673158228397369384765625" lon="128.06064239703118801116943359375">
        <ele>1743.199951171875</ele>
        <time>2026-10-03T08:37:32.000Z</time>
        <extensions>
          <ns3:TrackPointExtension>
            <ns3:hr>96</ns3:hr>
            <ns3:cad>0</ns3:cad>
          </ns3:TrackPointExtension>
        </extensions>
      </trkpt>
      <trkpt lat="42.05947573296725749969482421875" lon="128.0606272257864475250244140625">
        <ele>1742.5999755859375</ele>
        <time>2026-10-03T08:37:53.000Z</time>
        <extensions>
          <ns3:TrackPointExtension>
            <ns3:hr>93</ns3:hr>
            <ns3:cad>0</ns3:cad>
          </ns3:TrackPointExtension>
        </extensions>
      </trkpt>
      <trkpt lat="42.0595363341271877288818359375" lon="128.060621358454227447509765625">
        <ele>1742.5999755859375</ele>
        <time>2026-10-03T08:38:01.000Z</time>
        <extensions>
          <ns3:TrackPointExtension>
            <ns3:hr>97</ns3:hr>
            <ns3:cad>0</ns3:cad>
          </ns3:TrackPointExtension>
        </extensions>
      </trkpt>
      <trkpt lat="42.0595551095902919769287109375" lon="128.06061658076941967010498046875">
        <ele>1742.5999755859375</ele>
        <time>2026-10-03T08:38:02.000Z</time>
        <extensions>
          <ns3:TrackPointExtension>
            <ns3:hr>101</ns3:hr>
            <ns3:cad>0</ns3:cad>
          </ns3:TrackPointExtension>
        </extensions>
      </trkpt>
      <trkpt lat="42.05958754755556583404541015625" lon="128.0605930276215076446533203125">
        <ele>1742.5999755859375</ele>
        <time>2026-10-03T08:38:04.000Z</time>
        <extensions>
          <ns3:TrackPointExtension>
            <ns3:hr>108</ns3:hr>
            <ns3:cad>0</ns3:cad>
          </ns3:TrackPointExtension>
        </extensions>
      </trkpt>
      <trkpt lat="42.0596000365912914276123046875" lon="128.060583807528018951416015625">
        <ele>1742.5999755859375</ele>
        <time>2026-10-03T08:38:05.000Z</time>
        <extensions>
          <ns3:TrackPointExtension>
            <ns3:hr>111</ns3:hr>
            <ns3:cad>0</ns3:cad>
          </ns3:TrackPointExtension>
        </extensions>
      </trkpt>
      <trkpt lat="42.059611938893795013427734375" lon="128.06057668291032314300537109375">
        <ele>1742.800048828125</ele>
        <time>2026-10-03T08:38:06.000Z</time>
        <extensions>
          <ns3:TrackPointExtension>
            <ns3:hr>114</ns3:hr>
            <ns3:cad>0</ns3:cad>
          </ns3:TrackPointExtension>
        </extensions>
      </trkpt>
      <trkpt lat="42.05961319617927074432373046875" lon="128.0605792813003063201904296875">
        <ele>1743</ele>
        <time>2026-10-03T08:38:08.000Z</time>
        <extensions>
          <ns3:TrackPointExtension>
            <ns3:hr>118</ns3:hr>
            <ns3:cad>0</ns3:cad>
          </ns3:TrackPointExtension>
        </extensions>
      </trkpt>
      <trkpt lat="42.0596097595989704132080078125" lon="128.06058506481349468231201171875">
        <ele>1743</ele>
        <time>2026-10-03T08:38:09.000Z</time>
        <extensions>
          <ns3:TrackPointExtension>
            <ns3:hr>121</ns3:hr>
            <ns3:cad>0</ns3:cad>
          </ns3:TrackPointExtension>
        </extensions>
      </trkpt>
      <trkpt lat="42.0596127770841121673583984375" lon="128.06059755384922027587890625">
        <ele>1743.199951171875</ele>
        <time>2026-10-03T08:38:11.000Z</time>
        <extensions>
          <ns3:TrackPointExtension>
            <ns3:hr>119</ns3:hr>
            <ns3:cad>0</ns3:cad>
          </ns3:TrackPointExtension>
        </extensions>
      </trkpt>
      <trkpt lat="42.05960850231349468231201171875" lon="128.06060300208628177642822265625">
        <ele>1744.5999755859375</ele>
        <time>2026-10-03T08:38:16.000Z</time>
        <extensions>
          <ns3:TrackPointExtension>
            <ns3:hr>117</ns3:hr>
            <ns3:cad>0</ns3:cad>
          </ns3:TrackPointExtension>
        </extensions>
      </trkpt>
      <trkpt lat="42.05960297025740146636962890625" lon="128.060592524707317352294921875">
        <ele>1745.5999755859375</ele>
        <time>2026-10-03T08:38:19.000Z</time>
        <extensions>
          <ns3:TrackPointExtension>
            <ns3:hr>116</ns3:hr>
            <ns3:cad>0</ns3:cad>
          </ns3:TrackPointExtension>
        </extensions>
      </trkpt>
      <trkpt lat="42.05960297025740146636962890625" lon="128.06059353053569793701171875">
        <ele>1746.199951171875</ele>
        <time>2026-10-03T08:38:21.000Z</time>
        <extensions>
          <ns3:TrackPointExtension>
            <ns3:hr>115</ns3:hr>
            <ns3:cad>0</ns3:cad>
          </ns3:TrackPointExtension>
        </extensions>
      </trkpt>
      <trkpt lat="42.059604562819004058837890625" lon="128.060594536364078521728515625">
        <ele>1746.800048828125</ele>
        <time>2026-10-03T08:38:24.000Z</time>
        <extensions>
          <ns3:TrackPointExtension>
            <ns3:hr>114</ns3:hr>
            <ns3:cad>0</ns3:cad>
          </ns3:TrackPointExtension>
        </extensions>
      </trkpt>
      <trkpt lat="42.059604562819004058837890625" lon="128.060594536364078521728515625">
        <ele>1747.5999755859375</ele>
        <time>2026-10-03T08:38:29.000Z</time>
        <extensions>
          <ns3:TrackPointExtension>
            <ns3:hr>114</ns3:hr>
            <ns3:cad>74</ns3:cad>
          </ns3:TrackPointExtension>
        </extensions>
      </trkpt>
      <trkpt lat="42.059604562819004058837890625" lon="128.060594536364078521728515625">
        <ele>1747.5999755859375</ele>
        <time>2026-10-03T08:38:31.000Z</time>
        <extensions>
          <ns3:TrackPointExtension>
            <ns3:hr>110</ns3:hr>
            <ns3:cad>0</ns3:cad>
          </ns3:TrackPointExtension>
        </extensions>
      </trkpt>
      <trkpt lat="42.059604562819004058837890625" lon="128.060594536364078521728515625">
        <ele>1747.800048828125</ele>
        <time>2026-10-03T08:38:32.000Z</time>
        <extensions>
          <ns3:TrackPointExtension>
            <ns3:hr>110</ns3:hr>
            <ns3:cad>0</ns3:cad>
          </ns3:TrackPointExtension>
        </extensions>
      </trkpt>
      <trkpt lat="42.059604562819004058837890625" lon="128.060594536364078521728515625">
        <ele>1747.800048828125</ele>
        <time>2026-10-03T08:38:33.000Z</time>
        <extensions>
          <ns3:TrackPointExtension>
            <ns3:hr>110</ns3:hr>
            <ns3:cad>0</ns3:cad>
          </ns3:TrackPointExtension>
        </extensions>
      </trkpt>
      <trkpt lat="42.05960045568645000457763671875" lon="128.0605900101363658905029296875">
        <ele>1746.800048828125</ele>
        <time>2026-10-03T08:38:45.000Z</time>
        <extensions>
          <ns3:TrackPointExtension>
            <ns3:hr>108</ns3:hr>
            <ns3:cad>68</ns3:cad>
          </ns3:TrackPointExtension>
        </extensions>
      </trkpt>
      <trkpt lat="42.05963063053786754608154296875" lon="128.0605524592101573944091796875">
        <ele>1745.5999755859375</ele>
        <time>2026-10-03T08:38:49.000Z</time>
        <extensions>
          <ns3:TrackPointExtension>
            <ns3:hr>107</ns3:hr>
            <ns3:cad>0</ns3:cad>
          </ns3:TrackPointExtension>
        </extensions>
      </trkpt>
      <trkpt lat="42.05964052118360996246337890625" lon="128.06054919026792049407958984375">
        <ele>1745.199951171875</ele>
        <time>2026-10-03T08:38:50.000Z</time>
        <extensions>
          <ns3:TrackPointExtension>
            <ns3:hr>110</ns3:hr>
            <ns3:cad>78</ns3:cad>
          </ns3:TrackPointExtension>
        </extensions>
      </trkpt>
      <trkpt lat="42.0596486516296863555908203125" lon="128.06054684333503246307373046875">
        <ele>1745</ele>
        <time>2026-10-03T08:38:51.000Z</time>
        <extensions>
          <ns3:TrackPointExtension>
            <ns3:hr>113</ns3:hr>
            <ns3:cad>78</ns3:cad>
          </ns3:TrackPointExtension>
        </extensions>
      </trkpt>
      <trkpt lat="42.05966700799763202667236328125" lon="128.06054617278277873992919921875">
        <ele>1744.5999755859375</ele>
        <time>2026-10-03T08:38:53.000Z</time>
        <extensions>
          <ns3:TrackPointExtension>
            <ns3:hr>118</ns3:hr>
            <ns3:cad>75</ns3:cad>
          </ns3:TrackPointExtension>
        </extensions>
      </trkpt>
      <trkpt lat="42.05967203713953495025634765625" lon="128.06054818443953990936279296875">
        <ele>1744.4000244140625</ele>
        <time>2026-10-03T08:38:54.000Z</time>
        <extensions>
          <ns3:TrackPointExtension>
            <ns3:hr>121</ns3:hr>
            <ns3:cad>75</ns3:cad>
          </ns3:TrackPointExtension>
        </extensions>
      </trkpt>
      <trkpt lat="42.059690058231353759765625" lon="128.06056411005556583404541015625">
        <ele>1744.4000244140625</ele>
        <time>2026-10-03T08:38:56.000Z</time>
        <extensions>
          <ns3:TrackPointExtension>
            <ns3:hr>121</ns3:hr>
            <ns3:cad>40</ns3:cad>
          </ns3:TrackPointExtension>
        </extensions>
      </trkpt>
      <trkpt lat="42.05970254726707935333251953125" lon="128.06058548390865325927734375">
        <ele>1746</ele>
        <time>2026-10-03T08:38:59.000Z</time>
        <extensions>
          <ns3:TrackPointExtension>
            <ns3:hr>118</ns3:hr>
            <ns3:cad>75</ns3:cad>
          </ns3:TrackPointExtension>
        </extensions>
      </trkpt>
      <trkpt lat="42.059702463448047637939453125" lon="128.06060962378978729248046875">
        <ele>1746.800048828125</ele>
        <time>2026-10-03T08:39:00.000Z</time>
        <extensions>
          <ns3:TrackPointExtension>
            <ns3:hr>117</ns3:hr>
            <ns3:cad>75</ns3:cad>
          </ns3:TrackPointExtension>
        </extensions>
      </trkpt>
      <trkpt lat="42.0596996136009693145751953125" lon="128.0606285668909549713134765625">
        <ele>1747.4000244140625</ele>
        <time>2026-10-03T08:39:01.000Z</time>
        <extensions>
          <ns3:TrackPointExtension>
            <ns3:hr>117</ns3:hr>
            <ns3:cad>75</ns3:cad>
          </ns3:TrackPointExtension>
        </extensions>
      </trkpt>
      <trkpt lat="42.0597128570079803466796875" lon="128.06067005731165409088134765625">
        <ele>1748.199951171875</ele>
        <time>2026-10-03T08:39:04.000Z</time>
        <extensions>
          <ns3:TrackPointExtension>
            <ns3:hr>115</ns3:hr>
            <ns3:cad>79</ns3:cad>
          </ns3:TrackPointExtension>
        </extensions>
      </trkpt>
      <trkpt lat="42.05971746705472469329833984375" lon="128.0607068538665771484375">
        <ele>1747.4000244140625</ele>
        <time>2026-10-03T08:39:07.000Z</time>
        <extensions>
          <ns3:TrackPointExtension>
            <ns3:hr>112</ns3:hr>
            <ns3:cad>44</ns3:cad>
          </ns3:TrackPointExtension>
        </extensions>
      </trkpt>
      <trkpt lat="42.05972668714821338653564453125" lon="128.060729987919330596923828125">
        <ele>1746.5999755859375</ele>
        <time>2026-10-03T08:39:09.000Z</time>
        <extensions>
          <ns3:TrackPointExtension>
            <ns3:hr>111</ns3:hr>
            <ns3:cad>42</ns3:cad>
          </ns3:TrackPointExtension>
        </extensions>
      </trkpt>
      <trkpt lat="42.0597328059375286102294921875" lon="128.060744740068912506103515625">
        <ele>1746.199951171875</ele>
        <time>2026-10-03T08:39:10.000Z</time>
        <extensions>
          <ns3:TrackPointExtension>
            <ns3:hr>111</ns3:hr>
            <ns3:cad>0</ns3:cad>
          </ns3:TrackPointExtension>
        </extensions>
      </trkpt>
      <trkpt lat="42.0597250945866107940673828125" lon="128.06077164597809314727783203125">
        <ele>1745</ele>
        <time>2026-10-03T08:39:12.000Z</time>
        <extensions>
          <ns3:TrackPointExtension>
            <ns3:hr>110</ns3:hr>
            <ns3:cad>0</ns3:cad>
          </ns3:TrackPointExtension>
        </extensions>
      </trkpt>
      <trkpt lat="42.0597048103809356689453125" lon="128.0607874877750873565673828125">
        <ele>1743.800048828125</ele>
        <time>2026-10-03T08:39:14.000Z</time>
        <extensions>
          <ns3:TrackPointExtension>
            <ns3:hr>109</ns3:hr>
            <ns3:cad>0</ns3:cad>
          </ns3:TrackPointExtension>
        </extensions>
      </trkpt>
      <trkpt lat="42.05967740155756473541259765625" lon="128.060833252966403961181640625">
        <ele>1742.800048828125</ele>
        <time>2026-10-03T08:39:17.000Z</time>
        <extensions>
          <ns3:TrackPointExtension>
            <ns3:hr>110</ns3:hr>
            <ns3:cad>0</ns3:cad>
          </ns3:TrackPointExtension>
        </extensions>
      </trkpt>
      <trkpt lat="42.059666924178600311279296875" lon="128.0608052574098110198974609375">
        <ele>1742.4000244140625</ele>
        <time>2026-10-03T08:39:19.000Z</time>
        <extensions>
          <ns3:TrackPointExtension>
            <ns3:hr>110</ns3:hr>
            <ns3:cad>0</ns3:cad>
          </ns3:TrackPointExtension>
        </extensions>
      </trkpt>
      <trkpt lat="42.05967061221599578857421875" lon="128.0607915110886096954345703125">
        <ele>1742.800048828125</ele>
        <time>2026-10-03T08:39:20.000Z</time>
        <extensions>
          <ns3:TrackPointExtension>
            <ns3:hr>110</ns3:hr>
            <ns3:cad>0</ns3:cad>
          </ns3:TrackPointExtension>
        </extensions>
      </trkpt>
      <trkpt lat="42.0596672594547271728515625" lon="128.06076946668326854705810546875">
        <ele>1743.5999755859375</ele>
        <time>2026-10-03T08:39:25.000Z</time>
        <extensions>
          <ns3:TrackPointExtension>
            <ns3:hr>109</ns3:hr>
            <ns3:cad>0</ns3:cad>
          </ns3:TrackPointExtension>
        </extensions>
      </trkpt>
      <trkpt lat="42.0596672594547271728515625" lon="128.06076946668326854705810546875">
        <ele>1743.800048828125</ele>
        <time>2026-10-03T08:39:27.000Z</time>
        <extensions>
          <ns3:TrackPointExtension>
            <ns3:hr>109</ns3:hr>
            <ns3:cad>0</ns3:cad>
          </ns3:TrackPointExtension>
        </extensions>
      </trkpt>
      <trkpt lat="42.0596672594547271728515625" lon="128.06076946668326854705810546875">
        <ele>1743.800048828125</ele>
        <time>2026-10-03T08:39:28.000Z</time>
        <extensions>
          <ns3:TrackPointExtension>
            <ns3:hr>109</ns3:hr>
            <ns3:cad>0</ns3:cad>
          </ns3:TrackPointExtension>
        </extensions>
      </trkpt>
      <trkpt lat="42.0596672594547271728515625" lon="128.06076946668326854705810546875">
        <ele>1744.4000244140625</ele>
        <time>2026-10-03T08:39:30.000Z</time>
        <extensions>
          <ns3:TrackPointExtension>
            <ns3:hr>108</ns3:hr>
            <ns3:cad>0</ns3:cad>
          </ns3:TrackPointExtension>
        </extensions>
      </trkpt>
      <trkpt lat="42.0596672594547271728515625" lon="128.0607752501964569091796875">
        <ele>1744.800048828125</ele>
        <time>2026-10-03T08:39:38.000Z</time>
        <extensions>
          <ns3:TrackPointExtension>
            <ns3:hr>108</ns3:hr>
            <ns3:cad>0</ns3:cad>
          </ns3:TrackPointExtension>
        </extensions>
      </trkpt>
      <trkpt lat="42.0596587099134922027587890625" lon="128.06077516637742519378662109375">
        <ele>1745.4000244140625</ele>
        <time>2026-10-03T08:39:53.000Z</time>
        <extensions>
          <ns3:TrackPointExtension>
            <ns3:hr>105</ns3:hr>
            <ns3:cad>0</ns3:cad>
          </ns3:TrackPointExtension>
        </extensions>
      </trkpt>
      <trkpt lat="42.0596587099134922027587890625" lon="128.06077860295772552490234375">
        <ele>1745.800048828125</ele>
        <time>2026-10-03T08:39:57.000Z</time>
        <extensions>
          <ns3:TrackPointExtension>
            <ns3:hr>102</ns3:hr>
            <ns3:cad>0</ns3:cad>
          </ns3:TrackPointExtension>
        </extensions>
      </trkpt>
      <trkpt lat="42.0596587099134922027587890625" lon="128.0607787705957889556884765625">
        <ele>1746.199951171875</ele>
        <time>2026-10-03T08:40:01.000Z</time>
        <extensions>
          <ns3:TrackPointExtension>
            <ns3:hr>99</ns3:hr>
            <ns3:cad>0</ns3:cad>
          </ns3:TrackPointExtension>
        </extensions>
      </trkpt>
      <trkpt lat="42.0596613921225070953369140625" lon="128.0607787705957889556884765625">
        <ele>1746.199951171875</ele>
        <time>2026-10-03T08:40:04.000Z</time>
        <extensions>
          <ns3:TrackPointExtension>
            <ns3:hr>96</ns3:hr>
            <ns3:cad>0</ns3:cad>
          </ns3:TrackPointExtension>
        </extensions>
      </trkpt>
      <trkpt lat="42.05967019312083721160888671875" lon="128.06078170426189899444580078125">
        <ele>1746.4000244140625</ele>
        <time>2026-10-03T08:40:08.000Z</time>
        <extensions>
          <ns3:TrackPointExtension>
            <ns3:hr>93</ns3:hr>
            <ns3:cad>0</ns3:cad>
          </ns3:TrackPointExtension>
        </extensions>
      </trkpt>
      <trkpt lat="42.05967388115823268890380859375" lon="128.06079863570630550384521484375">
        <ele>1745.800048828125</ele>
        <time>2026-10-03T08:40:21.000Z</time>
        <extensions>
          <ns3:TrackPointExtension>
            <ns3:hr>96</ns3:hr>
            <ns3:cad>0</ns3:cad>
          </ns3:TrackPointExtension>
        </extensions>
      </trkpt>
      <trkpt lat="42.0596188120543956756591796875" lon="128.06083090603351593017578125">
        <ele>1746.800048828125</ele>
        <time>2026-10-03T08:40:48.000Z</time>
        <extensions>
          <ns3:TrackPointExtension>
            <ns3:hr>96</ns3:hr>
            <ns3:cad>0</ns3:cad>
          </ns3:TrackPointExtension>
        </extensions>
      </trkpt>
      <trkpt lat="42.05961839295923709869384765625" lon="128.060820512473583221435546875">
        <ele>1747.5999755859375</ele>
        <time>2026-10-03T08:40:59.000Z</time>
        <extensions>
          <ns3:TrackPointExtension>
            <ns3:hr>93</ns3:hr>
            <ns3:cad>0</ns3:cad>
          </ns3:TrackPointExtension>
        </extensions>
      </trkpt>
      <trkpt lat="42.05961269326508045196533203125" lon="128.06083937175571918487548828125">
        <ele>1747.800048828125</ele>
        <time>2026-10-03T08:41:14.000Z</time>
        <extensions>
          <ns3:TrackPointExtension>
            <ns3:hr>92</ns3:hr>
            <ns3:cad>0</ns3:cad>
          </ns3:TrackPointExtension>
        </extensions>
      </trkpt>
      <trkpt lat="42.05959022976458072662353515625" lon="128.06087248027324676513671875">
        <ele>1748.199951171875</ele>
        <time>2026-10-03T08:41:37.000Z</time>
        <extensions>
          <ns3:TrackPointExtension>
            <ns3:hr>95</ns3:hr>
            <ns3:cad>0</ns3:cad>
          </ns3:TrackPointExtension>
        </extensions>
      </trkpt>
      <trkpt lat="42.059587799012660980224609375" lon="128.06087541393935680389404296875">
        <ele>1748.4000244140625</ele>
        <time>2026-10-03T08:41:43.000Z</time>
        <extensions>
          <ns3:TrackPointExtension>
            <ns3:hr>98</ns3:hr>
            <ns3:cad>0</ns3:cad>
          </ns3:TrackPointExtension>
        </extensions>
      </trkpt>
      <trkpt lat="42.05958721227943897247314453125" lon="128.06087876670062541961669921875">
        <ele>1748.4000244140625</ele>
        <time>2026-10-03T08:41:46.000Z</time>
        <extensions>
          <ns3:TrackPointExtension>
            <ns3:hr>101</ns3:hr>
            <ns3:cad>0</ns3:cad>
          </ns3:TrackPointExtension>
        </extensions>
      </trkpt>
      <trkpt lat="42.0595872960984706878662109375" lon="128.0608830414712429046630859375">
        <ele>1748.4000244140625</ele>
        <time>2026-10-03T08:41:52.000Z</time>
        <extensions>
          <ns3:TrackPointExtension>
            <ns3:hr>104</ns3:hr>
            <ns3:cad>0</ns3:cad>
          </ns3:TrackPointExtension>
        </extensions>
      </trkpt>
      <trkpt lat="42.0596127770841121673583984375" lon="128.060867786407470703125">
        <ele>1746.800048828125</ele>
        <time>2026-10-03T08:42:18.000Z</time>
        <extensions>
          <ns3:TrackPointExtension>
            <ns3:hr>103</ns3:hr>
            <ns3:cad>0</ns3:cad>
          </ns3:TrackPointExtension>
        </extensions>
      </trkpt>
      <trkpt lat="42.05961671657860279083251953125" lon="128.060861416161060333251953125">
        <ele>1745.800048828125</ele>
        <time>2026-10-03T08:42:28.000Z</time>
        <extensions>
          <ns3:TrackPointExtension>
            <ns3:hr>101</ns3:hr>
            <ns3:cad>0</ns3:cad>
          </ns3:TrackPointExtension>
        </extensions>
      </trkpt>
      <trkpt lat="42.059617973864078521728515625" lon="128.06085730902850627899169921875">
        <ele>1745.199951171875</ele>
        <time>2026-10-03T08:42:35.000Z</time>
        <extensions>
          <ns3:TrackPointExtension>
            <ns3:hr>98</ns3:hr>
            <ns3:cad>0</ns3:cad>
          </ns3:TrackPointExtension>
        </extensions>
      </trkpt>
      <trkpt lat="42.05961939878761768341064453125" lon="128.06085479445755481719970703125">
        <ele>1745</ele>
        <time>2026-10-03T08:42:50.000Z</time>
        <extensions>
          <ns3:TrackPointExtension>
            <ns3:hr>95</ns3:hr>
            <ns3:cad>0</ns3:cad>
          </ns3:TrackPointExtension>
        </extensions>
      </trkpt>
      <trkpt lat="42.05962040461599826812744140625" lon="128.0608557164669036865234375">
        <ele>1744.800048828125</ele>
        <time>2026-10-03T08:43:19.000Z</time>
        <extensions>
          <ns3:TrackPointExtension>
            <ns3:hr>92</ns3:hr>
            <ns3:cad>0</ns3:cad>
          </ns3:TrackPointExtension>
        </extensions>
      </trkpt>
      <trkpt lat="42.05962073989212512969970703125" lon="128.06085638701915740966796875">
        <ele>1744.800048828125</ele>
        <time>2026-10-03T08:43:26.000Z</time>
        <extensions>
          <ns3:TrackPointExtension>
            <ns3:hr>88</ns3:hr>
            <ns3:cad>0</ns3:cad>
          </ns3:TrackPointExtension>
        </extensions>
      </trkpt>
      <trkpt lat="42.0596208237111568450927734375" lon="128.06085647083818912506103515625">
        <ele>1744.800048828125</ele>
        <time>2026-10-03T08:43:27.000Z</time>
        <extensions>
          <ns3:TrackPointExtension>
            <ns3:hr>91</ns3:hr>
            <ns3:cad>0</ns3:cad>
          </ns3:TrackPointExtension>
        </extensions>
      </trkpt>
      <trkpt lat="42.05962090753018856048583984375" lon="128.0608568899333477020263671875">
        <ele>1744.800048828125</ele>
        <time>2026-10-03T08:43:30.000Z</time>
        <extensions>
          <ns3:TrackPointExtension>
            <ns3:hr>88</ns3:hr>
            <ns3:cad>0</ns3:cad>
          </ns3:TrackPointExtension>
        </extensions>
      </trkpt>
      <trkpt lat="42.0596214942634105682373046875" lon="128.06086032651364803314208984375">
        <ele>1744.800048828125</ele>
        <time>2026-10-03T08:43:49.000Z</time>
        <extensions>
          <ns3:TrackPointExtension>
            <ns3:hr>91</ns3:hr>
            <ns3:cad>56</ns3:cad>
          </ns3:TrackPointExtension>
        </extensions>
      </trkpt>
      <trkpt lat="42.05954697914421558380126953125" lon="128.0609433911740779876708984375">
        <ele>1744.800048828125</ele>
        <time>2026-10-03T08:44:11.000Z</time>
        <extensions>
          <ns3:TrackPointExtension>
            <ns3:hr>91</ns3:hr>
            <ns3:cad>0</ns3:cad>
          </ns3:TrackPointExtension>
        </extensions>
      </trkpt>
      <trkpt lat="42.05949895083904266357421875" lon="128.0609769187867641448974609375">
        <ele>1744.800048828125</ele>
        <time>2026-10-03T08:44:14.000Z</time>
        <extensions>
          <ns3:TrackPointExtension>
            <ns3:hr>93</ns3:hr>
            <ns3:cad>0</ns3:cad>
          </ns3:TrackPointExtension>
        </extensions>
      </trkpt>
      <trkpt lat="42.05945561639964580535888671875" lon="128.06100902147591114044189453125">
        <ele>1744.4000244140625</ele>
        <time>2026-10-03T08:44:17.000Z</time>
        <extensions>
          <ns3:TrackPointExtension>
            <ns3:hr>91</ns3:hr>
            <ns3:cad>0</ns3:cad>
          </ns3:TrackPointExtension>
        </extensions>
      </trkpt>
      <trkpt lat="42.059421837329864501953125" lon="128.0610372684895992279052734375">
        <ele>1744.4000244140625</ele>
        <time>2026-10-03T08:44:23.000Z</time>
        <extensions>
          <ns3:TrackPointExtension>
            <ns3:hr>93</ns3:hr>
            <ns3:cad>75</ns3:cad>
          </ns3:TrackPointExtension>
        </extensions>
      </trkpt>
      <trkpt lat="42.059378586709499359130859375" lon="128.06104958988726139068603515625">
        <ele>1745.199951171875</ele>
        <time>2026-10-03T08:44:28.000Z</time>
        <extensions>
          <ns3:TrackPointExtension>
            <ns3:hr>93</ns3:hr>
            <ns3:cad>76</ns3:cad>
          </ns3:TrackPointExtension>
        </extensions>
      </trkpt>
      <trkpt lat="42.05935402773320674896240234375" lon="128.06104824878275394439697265625">
        <ele>1745.800048828125</ele>
        <time>2026-10-03T08:44:31.000Z</time>
        <extensions>
          <ns3:TrackPointExtension>
            <ns3:hr>94</ns3:hr>
            <ns3:cad>0</ns3:cad>
          </ns3:TrackPointExtension>
        </extensions>
      </trkpt>
      <trkpt lat="42.05934011377394199371337890625" lon="128.06104372255504131317138671875">
        <ele>1746</ele>
        <time>2026-10-03T08:44:32.000Z</time>
        <extensions>
          <ns3:TrackPointExtension>
            <ns3:hr>94</ns3:hr>
            <ns3:cad>76</ns3:cad>
          </ns3:TrackPointExtension>
        </extensions>
      </trkpt>
      <trkpt lat="42.05931111238896846771240234375" lon="128.06105394847691059112548828125">
        <ele>1746.800048828125</ele>
        <time>2026-10-03T08:44:34.000Z</time>
        <extensions>
          <ns3:TrackPointExtension>
            <ns3:hr>95</ns3:hr>
            <ns3:cad>76</ns3:cad>
          </ns3:TrackPointExtension>
        </extensions>
      </trkpt>
      <trkpt lat="42.059298120439052581787109375" lon="128.0610604025423526763916015625">
        <ele>1747.199951171875</ele>
        <time>2026-10-03T08:44:35.000Z</time>
        <extensions>
          <ns3:TrackPointExtension>
            <ns3:hr>94</ns3:hr>
            <ns3:cad>0</ns3:cad>
          </ns3:TrackPointExtension>
        </extensions>
      </trkpt>
      <trkpt lat="42.059306837618350982666015625" lon="128.0610493384301662445068359375">
        <ele>1748.4000244140625</ele>
        <time>2026-10-03T08:44:37.000Z</time>
        <extensions>
          <ns3:TrackPointExtension>
            <ns3:hr>94</ns3:hr>
            <ns3:cad>0</ns3:cad>
          </ns3:TrackPointExtension>
        </extensions>
      </trkpt>
      <trkpt lat="42.0593130402266979217529296875" lon="128.061027713119983673095703125">
        <ele>1749.4000244140625</ele>
        <time>2026-10-03T08:44:39.000Z</time>
        <extensions>
          <ns3:TrackPointExtension>
            <ns3:hr>94</ns3:hr>
            <ns3:cad>0</ns3:cad>
          </ns3:TrackPointExtension>
        </extensions>
      </trkpt>
      <trkpt lat="42.059312872588634490966796875" lon="128.06103165261447429656982421875">
        <ele>1749.5999755859375</ele>
        <time>2026-10-03T08:44:40.000Z</time>
        <extensions>
          <ns3:TrackPointExtension>
            <ns3:hr>94</ns3:hr>
            <ns3:cad>0</ns3:cad>
          </ns3:TrackPointExtension>
        </extensions>
      </trkpt>
      <trkpt lat="42.05932083539664745330810546875" lon="128.0610577203333377838134765625">
        <ele>1749.800048828125</ele>
        <time>2026-10-03T08:44:46.000Z</time>
        <extensions>
          <ns3:TrackPointExtension>
            <ns3:hr>94</ns3:hr>
            <ns3:cad>0</ns3:cad>
          </ns3:TrackPointExtension>
        </extensions>
      </trkpt>
      <trkpt lat="42.0593244396150112152099609375" lon="128.0610640905797481536865234375">
        <ele>1747.5999755859375</ele>
        <time>2026-10-03T08:44:51.000Z</time>
        <extensions>
          <ns3:TrackPointExtension>
            <ns3:hr>94</ns3:hr>
            <ns3:cad>0</ns3:cad>
          </ns3:TrackPointExtension>
        </extensions>
      </trkpt>
      <trkpt lat="42.0593244396150112152099609375" lon="128.0610640905797481536865234375">
        <ele>1746</ele>
        <time>2026-10-03T08:44:53.000Z</time>
        <extensions>
          <ns3:TrackPointExtension>
            <ns3:hr>95</ns3:hr>
            <ns3:cad>0</ns3:cad>
          </ns3:TrackPointExtension>
        </extensions>
      </trkpt>
      <trkpt lat="42.0593244396150112152099609375" lon="128.0610640905797481536865234375">
        <ele>1745.199951171875</ele>
        <time>2026-10-03T08:44:55.000Z</time>
        <extensions>
          <ns3:TrackPointExtension>
            <ns3:hr>95</ns3:hr>
            <ns3:cad>0</ns3:cad>
          </ns3:TrackPointExtension>
        </extensions>
      </trkpt>
      <trkpt lat="42.0593244396150112152099609375" lon="128.0610640905797481536865234375">
        <ele>1744.800048828125</ele>
        <time>2026-10-03T08:44:56.000Z</time>
        <extensions>
          <ns3:TrackPointExtension>
            <ns3:hr>95</ns3:hr>
            <ns3:cad>0</ns3:cad>
          </ns3:TrackPointExtension>
        </extensions>
      </trkpt>
      <trkpt lat="42.0593177340924739837646484375" lon="128.0610402859747409820556640625">
        <ele>1744</ele>
        <time>2026-10-03T08:45:09.000Z</time>
        <extensions>
          <ns3:TrackPointExtension>
            <ns3:hr>99</ns3:hr>
            <ns3:cad>78</ns3:cad>
          </ns3:TrackPointExtension>
        </extensions>
      </trkpt>
      <trkpt lat="42.05931614153087139129638671875" lon="128.06104011833667755126953125">
        <ele>1744</ele>
        <time>2026-10-03T08:45:10.000Z</time>
        <extensions>
          <ns3:TrackPointExtension>
            <ns3:hr>104</ns3:hr>
            <ns3:cad>78</ns3:cad>
          </ns3:TrackPointExtension>
        </extensions>
      </trkpt>
      <trkpt lat="42.05931597389280796051025390625" lon="128.06104011833667755126953125">
        <ele>1744</ele>
        <time>2026-10-03T08:45:11.000Z</time>
        <extensions>
          <ns3:TrackPointExtension>
            <ns3:hr>108</ns3:hr>
            <ns3:cad>78</ns3:cad>
          </ns3:TrackPointExtension>
        </extensions>
      </trkpt>
      <trkpt lat="42.05931597389280796051025390625" lon="128.06103902868926525115966796875">
        <ele>1744</ele>
        <time>2026-10-03T08:45:12.000Z</time>
        <extensions>
          <ns3:TrackPointExtension>
            <ns3:hr>112</ns3:hr>
            <ns3:cad>46</ns3:cad>
          </ns3:TrackPointExtension>
        </extensions>
      </trkpt>
      <trkpt lat="42.05931597389280796051025390625" lon="128.06103886105120182037353515625">
        <ele>1744</ele>
        <time>2026-10-03T08:45:13.000Z</time>
        <extensions>
          <ns3:TrackPointExtension>
            <ns3:hr>111</ns3:hr>
            <ns3:cad>0</ns3:cad>
          </ns3:TrackPointExtension>
        </extensions>
      </trkpt>
      <trkpt lat="42.05930960364639759063720703125" lon="128.06103450246155261993408203125">
        <ele>1743.800048828125</ele>
        <time>2026-10-03T08:45:16.000Z</time>
        <extensions>
          <ns3:TrackPointExtension>
            <ns3:hr>110</ns3:hr>
            <ns3:cad>0</ns3:cad>
          </ns3:TrackPointExtension>
        </extensions>
      </trkpt>
      <trkpt lat="42.05928512848913669586181640625" lon="128.06102846749126911163330078125">
        <ele>1743.4000244140625</ele>
        <time>2026-10-03T08:45:20.000Z</time>
        <extensions>
          <ns3:TrackPointExtension>
            <ns3:hr>106</ns3:hr>
            <ns3:cad>0</ns3:cad>
          </ns3:TrackPointExtension>
        </extensions>
      </trkpt>
      <trkpt lat="42.0592506788671016693115234375" lon="128.061006926000118255615234375">
        <ele>1742.800048828125</ele>
        <time>2026-10-03T08:45:26.000Z</time>
        <extensions>
          <ns3:TrackPointExtension>
            <ns3:hr>110</ns3:hr>
            <ns3:cad>0</ns3:cad>
          </ns3:TrackPointExtension>
        </extensions>
      </trkpt>
      <trkpt lat="42.05924673937261104583740234375" lon="128.061006255447864532470703125">
        <ele>1742.5999755859375</ele>
        <time>2026-10-03T08:45:27.000Z</time>
        <extensions>
          <ns3:TrackPointExtension>
            <ns3:hr>106</ns3:hr>
            <ns3:cad>0</ns3:cad>
          </ns3:TrackPointExtension>
        </extensions>
      </trkpt>
      <trkpt lat="42.0592382736504077911376953125" lon="128.06100516580045223236083984375">
        <ele>1741.5999755859375</ele>
        <time>2026-10-03T08:45:31.000Z</time>
        <extensions>
          <ns3:TrackPointExtension>
            <ns3:hr>106</ns3:hr>
            <ns3:cad>0</ns3:cad>
          </ns3:TrackPointExtension>
        </extensions>
      </trkpt>
      <trkpt lat="42.05920801497995853424072265625" lon="128.06099192239344120025634765625">
        <ele>1740.4000244140625</ele>
        <time>2026-10-03T08:45:37.000Z</time>
        <extensions>
          <ns3:TrackPointExtension>
            <ns3:hr>105</ns3:hr>
            <ns3:cad>0</ns3:cad>
          </ns3:TrackPointExtension>
        </extensions>
      </trkpt>
      <trkpt lat="42.0592091046273708343505859375" lon="128.0609836243093013763427734375">
        <ele>1740.4000244140625</ele>
        <time>2026-10-03T08:45:38.000Z</time>
        <extensions>
          <ns3:TrackPointExtension>
            <ns3:hr>105</ns3:hr>
            <ns3:cad>0</ns3:cad>
          </ns3:TrackPointExtension>
        </extensions>
      </trkpt>
      <trkpt lat="42.059210278093814849853515625" lon="128.060964681208133697509765625">
        <ele>1739.4000244140625</ele>
        <time>2026-10-03T08:45:41.000Z</time>
        <extensions>
          <ns3:TrackPointExtension>
            <ns3:hr>104</ns3:hr>
            <ns3:cad>0</ns3:cad>
          </ns3:TrackPointExtension>
        </extensions>
      </trkpt>
      <trkpt lat="42.0592067576944828033447265625" lon="128.060950934886932373046875">
        <ele>1738.5999755859375</ele>
        <time>2026-10-03T08:45:43.000Z</time>
        <extensions>
          <ns3:TrackPointExtension>
            <ns3:hr>104</ns3:hr>
            <ns3:cad>0</ns3:cad>
          </ns3:TrackPointExtension>
        </extensions>
      </trkpt>
      <trkpt lat="42.05921002663671970367431640625" lon="128.06094733066856861114501953125">
        <ele>1738.199951171875</ele>
        <time>2026-10-03T08:45:44.000Z</time>
        <extensions>
          <ns3:TrackPointExtension>
            <ns3:hr>104</ns3:hr>
            <ns3:cad>0</ns3:cad>
          </ns3:TrackPointExtension>
        </extensions>
      </trkpt>
      <trkpt lat="42.0591879822313785552978515625" lon="128.06093475781381130218505859375">
        <ele>1737.800048828125</ele>
        <time>2026-10-03T08:45:49.000Z</time>
        <extensions>
          <ns3:TrackPointExtension>
            <ns3:hr>101</ns3:hr>
            <ns3:cad>0</ns3:cad>
          </ns3:TrackPointExtension>
        </extensions>
      </trkpt>
      <trkpt lat="42.0591873116791248321533203125" lon="128.06091547943651676177978515625">
        <ele>1738.199951171875</ele>
        <time>2026-10-03T08:45:51.000Z</time>
        <extensions>
          <ns3:TrackPointExtension>
            <ns3:hr>100</ns3:hr>
            <ns3:cad>0</ns3:cad>
          </ns3:TrackPointExtension>
        </extensions>
      </trkpt>
      <trkpt lat="42.05919862724840641021728515625" lon="128.06092889048159122467041015625">
        <ele>1738.4000244140625</ele>
        <time>2026-10-03T08:45:58.000Z</time>
        <extensions>
          <ns3:TrackPointExtension>
            <ns3:hr>99</ns3:hr>
            <ns3:cad>0</ns3:cad>
          </ns3:TrackPointExtension>
        </extensions>
      </trkpt>
      <trkpt lat="42.05920164473354816436767578125" lon="128.06095789186656475067138671875">
        <ele>1738.4000244140625</ele>
        <time>2026-10-03T08:46:05.000Z</time>
        <extensions>
          <ns3:TrackPointExtension>
            <ns3:hr>99</ns3:hr>
            <ns3:cad>0</ns3:cad>
          </ns3:TrackPointExtension>
        </extensions>
      </trkpt>
      <trkpt lat="42.05921187065541744232177734375" lon="128.060956634581089019775390625">
        <ele>1738.199951171875</ele>
        <time>2026-10-03T08:46:11.000Z</time>
        <extensions>
          <ns3:TrackPointExtension>
            <ns3:hr>101</ns3:hr>
            <ns3:cad>0</ns3:cad>
          </ns3:TrackPointExtension>
        </extensions>
      </trkpt>
      <trkpt lat="42.05921974964439868927001953125" lon="128.06100013665854930877685546875">
        <ele>1738.5999755859375</ele>
        <time>2026-10-03T08:46:19.000Z</time>
        <extensions>
          <ns3:TrackPointExtension>
            <ns3:hr>102</ns3:hr>
            <ns3:cad>0</ns3:cad>
          </ns3:TrackPointExtension>
        </extensions>
      </trkpt>
      <trkpt lat="42.0592295564711093902587890625" lon="128.06100399233400821685791015625">
        <ele>1737.800048828125</ele>
        <time>2026-10-03T08:46:27.000Z</time>
        <extensions>
          <ns3:TrackPointExtension>
            <ns3:hr>102</ns3:hr>
            <ns3:cad>0</ns3:cad>
          </ns3:TrackPointExtension>
        </extensions>
      </trkpt>
      <trkpt lat="42.05922494642436504364013671875" lon="128.0610060878098011016845703125">
        <ele>1738.800048828125</ele>
        <time>2026-10-03T08:46:33.000Z</time>
        <extensions>
          <ns3:TrackPointExtension>
            <ns3:hr>99</ns3:hr>
            <ns3:cad>0</ns3:cad>
          </ns3:TrackPointExtension>
        </extensions>
      </trkpt>
      <trkpt lat="42.05922494642436504364013671875" lon="128.0610060878098011016845703125">
        <ele>1739.4000244140625</ele>
        <time>2026-10-03T08:46:36.000Z</time>
        <extensions>
          <ns3:TrackPointExtension>
            <ns3:hr>99</ns3:hr>
            <ns3:cad>0</ns3:cad>
          </ns3:TrackPointExtension>
        </extensions>
      </trkpt>
      <trkpt lat="42.05922494642436504364013671875" lon="128.0610060878098011016845703125">
        <ele>1739.800048828125</ele>
        <time>2026-10-03T08:46:43.000Z</time>
        <extensions>
          <ns3:TrackPointExtension>
            <ns3:hr>98</ns3:hr>
            <ns3:cad>0</ns3:cad>
          </ns3:TrackPointExtension>
        </extensions>
      </trkpt>
      <trkpt lat="42.0592174865305423736572265625" lon="128.06100198067724704742431640625">
        <ele>1739.800048828125</ele>
        <time>2026-10-03T08:46:48.000Z</time>
        <extensions>
          <ns3:TrackPointExtension>
            <ns3:hr>95</ns3:hr>
            <ns3:cad>0</ns3:cad>
          </ns3:TrackPointExtension>
        </extensions>
      </trkpt>
      <trkpt lat="42.05921572633087635040283203125" lon="128.06098421104252338409423828125">
        <ele>1740.5999755859375</ele>
        <time>2026-10-03T08:46:53.000Z</time>
        <extensions>
          <ns3:TrackPointExtension>
            <ns3:hr>96</ns3:hr>
            <ns3:cad>0</ns3:cad>
          </ns3:TrackPointExtension>
        </extensions>
      </trkpt>
      <trkpt lat="42.059215642511844635009765625" lon="128.06098052300512790679931640625">
        <ele>1741.800048828125</ele>
        <time>2026-10-03T08:46:55.000Z</time>
        <extensions>
          <ns3:TrackPointExtension>
            <ns3:hr>95</ns3:hr>
            <ns3:cad>0</ns3:cad>
          </ns3:TrackPointExtension>
        </extensions>
      </trkpt>
      <trkpt lat="42.059215642511844635009765625" lon="128.0609464086592197418212890625">
        <ele>1743.199951171875</ele>
        <time>2026-10-03T08:46:58.000Z</time>
        <extensions>
          <ns3:TrackPointExtension>
            <ns3:hr>96</ns3:hr>
            <ns3:cad>0</ns3:cad>
          </ns3:TrackPointExtension>
        </extensions>
      </trkpt>
      <trkpt lat="42.059215642511844635009765625" lon="128.0609417147934436798095703125">
        <ele>1744.5999755859375</ele>
        <time>2026-10-03T08:47:01.000Z</time>
        <extensions>
          <ns3:TrackPointExtension>
            <ns3:hr>97</ns3:hr>
            <ns3:cad>0</ns3:cad>
          </ns3:TrackPointExtension>
        </extensions>
      </trkpt>
      <trkpt lat="42.05921706743538379669189453125" lon="128.060937188565731048583984375">
        <ele>1745.5999755859375</ele>
        <time>2026-10-03T08:47:06.000Z</time>
        <extensions>
          <ns3:TrackPointExtension>
            <ns3:hr>99</ns3:hr>
            <ns3:cad>0</ns3:cad>
          </ns3:TrackPointExtension>
        </extensions>
      </trkpt>
      <trkpt lat="42.05922134220600128173828125" lon="128.06093676947057247161865234375">
        <ele>1746</ele>
        <time>2026-10-03T08:47:17.000Z</time>
        <extensions>
          <ns3:TrackPointExtension>
            <ns3:hr>102</ns3:hr>
            <ns3:cad>0</ns3:cad>
          </ns3:TrackPointExtension>
        </extensions>
      </trkpt>
      <trkpt lat="42.05922192893922328948974609375" lon="128.06093643419444561004638671875">
        <ele>1746</ele>
        <time>2026-10-03T08:47:20.000Z</time>
        <extensions>
          <ns3:TrackPointExtension>
            <ns3:hr>99</ns3:hr>
            <ns3:cad>0</ns3:cad>
          </ns3:TrackPointExtension>
        </extensions>
      </trkpt>
      <trkpt lat="42.0592193305492401123046875" lon="128.0609433911740779876708984375">
        <ele>1745.5999755859375</ele>
        <time>2026-10-03T08:47:32.000Z</time>
        <extensions>
          <ns3:TrackPointExtension>
            <ns3:hr>96</ns3:hr>
            <ns3:cad>0</ns3:cad>
          </ns3:TrackPointExtension>
        </extensions>
      </trkpt>
      <trkpt lat="42.05917364917695522308349609375" lon="128.0609576404094696044921875">
        <ele>1746.800048828125</ele>
        <time>2026-10-03T08:47:47.000Z</time>
        <extensions>
          <ns3:TrackPointExtension>
            <ns3:hr>96</ns3:hr>
            <ns3:cad>0</ns3:cad>
          </ns3:TrackPointExtension>
        </extensions>
      </trkpt>
      <trkpt lat="42.05917398445308208465576171875" lon="128.06096862070262432098388671875">
        <ele>1747.800048828125</ele>
        <time>2026-10-03T08:48:01.000Z</time>
        <extensions>
          <ns3:TrackPointExtension>
            <ns3:hr>98</ns3:hr>
            <ns3:cad>0</ns3:cad>
          </ns3:TrackPointExtension>
        </extensions>
      </trkpt>
      <trkpt lat="42.0591832883656024932861328125" lon="128.0609933473169803619384765625">
        <ele>1748</ele>
        <time>2026-10-03T08:48:18.000Z</time>
        <extensions>
          <ns3:TrackPointExtension>
            <ns3:hr>95</ns3:hr>
            <ns3:cad>0</ns3:cad>
          </ns3:TrackPointExtension>
        </extensions>
      </trkpt>
      <trkpt lat="42.0592047460377216339111328125" lon="128.0609866417944431304931640625">
        <ele>1746.5999755859375</ele>
        <time>2026-10-03T08:48:37.000Z</time>
        <extensions>
          <ns3:TrackPointExtension>
            <ns3:hr>96</ns3:hr>
            <ns3:cad>0</ns3:cad>
          </ns3:TrackPointExtension>
        </extensions>
      </trkpt>
      <trkpt lat="42.05920667387545108795166015625" lon="128.06099259294569492340087890625">
        <ele>1746</ele>
        <time>2026-10-03T08:49:03.000Z</time>
        <extensions>
          <ns3:TrackPointExtension>
            <ns3:hr>99</ns3:hr>
            <ns3:cad>0</ns3:cad>
          </ns3:TrackPointExtension>
        </extensions>
      </trkpt>
      <trkpt lat="42.05925486981868743896484375" lon="128.061015307903289794921875">
        <ele>1745.800048828125</ele>
        <time>2026-10-03T08:49:27.000Z</time>
        <extensions>
          <ns3:TrackPointExtension>
            <ns3:hr>98</ns3:hr>
            <ns3:cad>48</ns3:cad>
          </ns3:TrackPointExtension>
        </extensions>
      </trkpt>
      <trkpt lat="42.05926601774990558624267578125" lon="128.061031401157379150390625">
        <ele>1745.800048828125</ele>
        <time>2026-10-03T08:49:28.000Z</time>
        <extensions>
          <ns3:TrackPointExtension>
            <ns3:hr>97</ns3:hr>
            <ns3:cad>48</ns3:cad>
          </ns3:TrackPointExtension>
        </extensions>
      </trkpt>
      <trkpt lat="42.0592768304049968719482421875" lon="128.061072640120983123779296875">
        <ele>1746.199951171875</ele>
        <time>2026-10-03T08:49:32.000Z</time>
        <extensions>
          <ns3:TrackPointExtension>
            <ns3:hr>97</ns3:hr>
            <ns3:cad>42</ns3:cad>
          </ns3:TrackPointExtension>
        </extensions>
      </trkpt>
      <trkpt lat="42.05925009213387966156005859375" lon="128.06109049357473850250244140625">
        <ele>1747.4000244140625</ele>
        <time>2026-10-03T08:49:35.000Z</time>
        <extensions>
          <ns3:TrackPointExtension>
            <ns3:hr>97</ns3:hr>
            <ns3:cad>76</ns3:cad>
          </ns3:TrackPointExtension>
        </extensions>
      </trkpt>
      <trkpt lat="42.0592399500310420989990234375" lon="128.0610946007072925567626953125">
        <ele>1747.5999755859375</ele>
        <time>2026-10-03T08:49:36.000Z</time>
        <extensions>
          <ns3:TrackPointExtension>
            <ns3:hr>98</ns3:hr>
            <ns3:cad>76</ns3:cad>
          </ns3:TrackPointExtension>
        </extensions>
      </trkpt>
      <trkpt lat="42.05922427587211132049560546875" lon="128.06110390461981296539306640625">
        <ele>1748.199951171875</ele>
        <time>2026-10-03T08:49:38.000Z</time>
        <extensions>
          <ns3:TrackPointExtension>
            <ns3:hr>95</ns3:hr>
            <ns3:cad>41</ns3:cad>
          </ns3:TrackPointExtension>
        </extensions>
      </trkpt>
      <trkpt lat="42.05920382402837276458740234375" lon="128.06110105477273464202880859375">
        <ele>1748.4000244140625</ele>
        <time>2026-10-03T08:49:40.000Z</time>
        <extensions>
          <ns3:TrackPointExtension>
            <ns3:hr>95</ns3:hr>
            <ns3:cad>40</ns3:cad>
          </ns3:TrackPointExtension>
        </extensions>
      </trkpt>
      <trkpt lat="42.0591839589178562164306640625" lon="128.06110155768692493438720703125">
        <ele>1748</ele>
        <time>2026-10-03T08:49:43.000Z</time>
        <extensions>
          <ns3:TrackPointExtension>
            <ns3:hr>94</ns3:hr>
            <ns3:cad>42</ns3:cad>
          </ns3:TrackPointExtension>
        </extensions>
      </trkpt>
      <trkpt lat="42.05917448736727237701416015625" lon="128.061105497181415557861328125">
        <ele>1747.800048828125</ele>
        <time>2026-10-03T08:49:45.000Z</time>
        <extensions>
          <ns3:TrackPointExtension>
            <ns3:hr>94</ns3:hr>
            <ns3:cad>0</ns3:cad>
          </ns3:TrackPointExtension>
        </extensions>
      </trkpt>
      <trkpt lat="42.0591484196484088897705078125" lon="128.06112033315002918243408203125">
        <ele>1748</ele>
        <time>2026-10-03T08:49:50.000Z</time>
        <extensions>
          <ns3:TrackPointExtension>
            <ns3:hr>93</ns3:hr>
            <ns3:cad>0</ns3:cad>
          </ns3:TrackPointExtension>
        </extensions>
      </trkpt>
      <trkpt lat="42.05914431251585483551025390625" lon="128.06113307364284992218017578125">
        <ele>1748</ele>
        <time>2026-10-03T08:49:51.000Z</time>
        <extensions>
          <ns3:TrackPointExtension>
            <ns3:hr>94</ns3:hr>
            <ns3:cad>0</ns3:cad>
          </ns3:TrackPointExtension>
        </extensions>
      </trkpt>
      <trkpt lat="42.059151940047740936279296875" lon="128.06115168146789073944091796875">
        <ele>1748.800048828125</ele>
        <time>2026-10-03T08:49:54.000Z</time>
        <extensions>
          <ns3:TrackPointExtension>
            <ns3:hr>94</ns3:hr>
            <ns3:cad>0</ns3:cad>
          </ns3:TrackPointExtension>
        </extensions>
      </trkpt>
      <trkpt lat="42.05913878045976161956787109375" lon="128.0612022243440151214599609375">
        <ele>1749.800048828125</ele>
        <time>2026-10-03T08:49:58.000Z</time>
        <extensions>
          <ns3:TrackPointExtension>
            <ns3:hr>95</ns3:hr>
            <ns3:cad>41</ns3:cad>
          </ns3:TrackPointExtension>
        </extensions>
      </trkpt>
      <trkpt lat="42.05913148820400238037109375" lon="128.0612065829336643218994140625">
        <ele>1750</ele>
        <time>2026-10-03T08:49:59.000Z</time>
        <extensions>
          <ns3:TrackPointExtension>
            <ns3:hr>95</ns3:hr>
            <ns3:cad>40</ns3:cad>
          </ns3:TrackPointExtension>
        </extensions>
      </trkpt>
      <trkpt lat="42.05908161588013172149658203125" lon="128.06122711859643459320068359375">
        <ele>1750.199951171875</ele>
        <time>2026-10-03T08:50:04.000Z</time>
        <extensions>
          <ns3:TrackPointExtension>
            <ns3:hr>95</ns3:hr>
            <ns3:cad>44</ns3:cad>
          </ns3:TrackPointExtension>
        </extensions>
      </trkpt>
      <trkpt lat="42.0590438134968280792236328125" lon="128.061236254870891571044921875">
        <ele>1750</ele>
        <time>2026-10-03T08:50:07.000Z</time>
        <extensions>
          <ns3:TrackPointExtension>
            <ns3:hr>95</ns3:hr>
            <ns3:cad>45</ns3:cad>
          </ns3:TrackPointExtension>
        </extensions>
      </trkpt>
      <trkpt lat="42.05903752706944942474365234375" lon="128.0612568743526935577392578125">
        <ele>1750</ele>
        <time>2026-10-03T08:50:09.000Z</time>
        <extensions>
          <ns3:TrackPointExtension>
            <ns3:hr>95</ns3:hr>
            <ns3:cad>46</ns3:cad>
          </ns3:TrackPointExtension>
        </extensions>
      </trkpt>
      <trkpt lat="42.05901221372187137603759765625" lon="128.06126181967556476593017578125">
        <ele>1749</ele>
        <time>2026-10-03T08:50:14.000Z</time>
        <extensions>
          <ns3:TrackPointExtension>
            <ns3:hr>95</ns3:hr>
            <ns3:cad>48</ns3:cad>
          </ns3:TrackPointExtension>
        </extensions>
      </trkpt>
      <trkpt lat="42.0590049214661121368408203125" lon="128.0612607300281524658203125">
        <ele>1748.800048828125</ele>
        <time>2026-10-03T08:50:15.000Z</time>
        <extensions>
          <ns3:TrackPointExtension>
            <ns3:hr>95</ns3:hr>
            <ns3:cad>48</ns3:cad>
          </ns3:TrackPointExtension>
        </extensions>
      </trkpt>
      <trkpt lat="42.058964855968952178955078125" lon="128.06125360541045665740966796875">
        <ele>1747.5999755859375</ele>
        <time>2026-10-03T08:50:20.000Z</time>
        <extensions>
          <ns3:TrackPointExtension>
            <ns3:hr>94</ns3:hr>
            <ns3:cad>54</ns3:cad>
          </ns3:TrackPointExtension>
        </extensions>
      </trkpt>
      <trkpt lat="42.05895588733255863189697265625" lon="128.06123902089893817901611328125">
        <ele>1747.5999755859375</ele>
        <time>2026-10-03T08:50:22.000Z</time>
        <extensions>
          <ns3:TrackPointExtension>
            <ns3:hr>94</ns3:hr>
            <ns3:cad>53</ns3:cad>
          </ns3:TrackPointExtension>
        </extensions>
      </trkpt>
      <trkpt lat="42.0589304901659488677978515625" lon="128.061228208243846893310546875">
        <ele>1748.199951171875</ele>
        <time>2026-10-03T08:50:26.000Z</time>
        <extensions>
          <ns3:TrackPointExtension>
            <ns3:hr>95</ns3:hr>
            <ns3:cad>47</ns3:cad>
          </ns3:TrackPointExtension>
        </extensions>
      </trkpt>
      <trkpt lat="42.0589268021285533905029296875" lon="128.06121856905519962310791015625">
        <ele>1748.5999755859375</ele>
        <time>2026-10-03T08:50:28.000Z</time>
        <extensions>
          <ns3:TrackPointExtension>
            <ns3:hr>94</ns3:hr>
            <ns3:cad>49</ns3:cad>
          </ns3:TrackPointExtension>
        </extensions>
      </trkpt>
      <trkpt lat="42.05893007107079029083251953125" lon="128.06121035479009151458740234375">
        <ele>1749</ele>
        <time>2026-10-03T08:50:29.000Z</time>
        <extensions>
          <ns3:TrackPointExtension>
            <ns3:hr>94</ns3:hr>
            <ns3:cad>49</ns3:cad>
          </ns3:TrackPointExtension>
        </extensions>
      </trkpt>
      <trkpt lat="42.05892906524240970611572265625" lon="128.06119526736438274383544921875">
        <ele>1749.4000244140625</ele>
        <time>2026-10-03T08:50:30.000Z</time>
        <extensions>
          <ns3:TrackPointExtension>
            <ns3:hr>94</ns3:hr>
            <ns3:cad>49</ns3:cad>
          </ns3:TrackPointExtension>
        </extensions>
      </trkpt>
      <trkpt lat="42.058926634490489959716796875" lon="128.06117900647222995758056640625">
        <ele>1749.5999755859375</ele>
        <time>2026-10-03T08:50:31.000Z</time>
        <extensions>
          <ns3:TrackPointExtension>
            <ns3:hr>94</ns3:hr>
            <ns3:cad>49</ns3:cad>
          </ns3:TrackPointExtension>
        </extensions>
      </trkpt>
      <trkpt lat="42.05893099308013916015625" lon="128.06115143001079559326171875">
        <ele>1750</ele>
        <time>2026-10-03T08:50:33.000Z</time>
        <extensions>
          <ns3:TrackPointExtension>
            <ns3:hr>93</ns3:hr>
            <ns3:cad>51</ns3:cad>
          </ns3:TrackPointExtension>
        </extensions>
      </trkpt>
      <trkpt lat="42.058940716087818145751953125" lon="128.06114447303116321563720703125">
        <ele>1750.199951171875</ele>
        <time>2026-10-03T08:50:34.000Z</time>
        <extensions>
          <ns3:TrackPointExtension>
            <ns3:hr>93</ns3:hr>
            <ns3:cad>46</ns3:cad>
          </ns3:TrackPointExtension>
        </extensions>
      </trkpt>
      <trkpt lat="42.05896208994090557098388671875" lon="128.061175234615802764892578125">
        <ele>1750.4000244140625</ele>
        <time>2026-10-03T08:50:36.000Z</time>
        <extensions>
          <ns3:TrackPointExtension>
            <ns3:hr>93</ns3:hr>
            <ns3:cad>0</ns3:cad>
          </ns3:TrackPointExtension>
        </extensions>
      </trkpt>
      <trkpt lat="42.05899544991552829742431640625" lon="128.0611841194331645965576171875">
        <ele>1750.4000244140625</ele>
        <time>2026-10-03T08:50:39.000Z</time>
        <extensions>
          <ns3:TrackPointExtension>
            <ns3:hr>93</ns3:hr>
            <ns3:cad>0</ns3:cad>
          </ns3:TrackPointExtension>
        </extensions>
      </trkpt>
      <trkpt lat="42.059029899537563323974609375" lon="128.0611851252615451812744140625">
        <ele>1749</ele>
        <time>2026-10-03T08:50:45.000Z</time>
        <extensions>
          <ns3:TrackPointExtension>
            <ns3:hr>93</ns3:hr>
            <ns3:cad>0</ns3:cad>
          </ns3:TrackPointExtension>
        </extensions>
      </trkpt>
      <trkpt lat="42.05903853289783000946044921875" lon="128.06119141168892383575439453125">
        <ele>1748.800048828125</ele>
        <time>2026-10-03T08:50:46.000Z</time>
        <extensions>
          <ns3:TrackPointExtension>
            <ns3:hr>92</ns3:hr>
            <ns3:cad>0</ns3:cad>
          </ns3:TrackPointExtension>
        </extensions>
      </trkpt>
      <trkpt lat="42.0590887404978275299072265625" lon="128.0612176470458507537841796875">
        <ele>1747.800048828125</ele>
        <time>2026-10-03T08:50:54.000Z</time>
        <extensions>
          <ns3:TrackPointExtension>
            <ns3:hr>93</ns3:hr>
            <ns3:cad>0</ns3:cad>
          </ns3:TrackPointExtension>
        </extensions>
      </trkpt>
      <trkpt lat="42.0590726472437381744384765625" lon="128.06121647357940673828125">
        <ele>1746.5999755859375</ele>
        <time>2026-10-03T08:50:56.000Z</time>
        <extensions>
          <ns3:TrackPointExtension>
            <ns3:hr>93</ns3:hr>
            <ns3:cad>0</ns3:cad>
          </ns3:TrackPointExtension>
        </extensions>
      </trkpt>
      <trkpt lat="42.05906367860734462738037109375" lon="128.06121982634067535400390625">
        <ele>1745.199951171875</ele>
        <time>2026-10-03T08:50:58.000Z</time>
        <extensions>
          <ns3:TrackPointExtension>
            <ns3:hr>93</ns3:hr>
            <ns3:cad>0</ns3:cad>
          </ns3:TrackPointExtension>
        </extensions>
      </trkpt>
      <trkpt lat="42.05905747599899768829345703125" lon="128.0612206645309925079345703125">
        <ele>1744</ele>
        <time>2026-10-03T08:51:00.000Z</time>
        <extensions>
          <ns3:TrackPointExtension>
            <ns3:hr>93</ns3:hr>
            <ns3:cad>0</ns3:cad>
          </ns3:TrackPointExtension>
        </extensions>
      </trkpt>
      <trkpt lat="42.05905697308480739593505859375" lon="128.06122778914868831634521484375">
        <ele>1743</ele>
        <time>2026-10-03T08:51:02.000Z</time>
        <extensions>
          <ns3:TrackPointExtension>
            <ns3:hr>93</ns3:hr>
            <ns3:cad>0</ns3:cad>
          </ns3:TrackPointExtension>
        </extensions>
      </trkpt>
      <trkpt lat="42.05905697308480739593505859375" lon="128.06122778914868831634521484375">
        <ele>1742.5999755859375</ele>
        <time>2026-10-03T08:51:03.000Z</time>
        <extensions>
          <ns3:TrackPointExtension>
            <ns3:hr>93</ns3:hr>
            <ns3:cad>0</ns3:cad>
          </ns3:TrackPointExtension>
        </extensions>
      </trkpt>
      <trkpt lat="42.05905697308480739593505859375" lon="128.06122778914868831634521484375">
        <ele>1741.5999755859375</ele>
        <time>2026-10-03T08:51:06.000Z</time>
        <extensions>
          <ns3:TrackPointExtension>
            <ns3:hr>93</ns3:hr>
            <ns3:cad>0</ns3:cad>
          </ns3:TrackPointExtension>
        </extensions>
      </trkpt>
      <trkpt lat="42.05905714072287082672119140625" lon="128.061220161616802215576171875">
        <ele>1740.5999755859375</ele>
        <time>2026-10-03T08:51:17.000Z</time>
        <extensions>
          <ns3:TrackPointExtension>
            <ns3:hr>95</ns3:hr>
            <ns3:cad>0</ns3:cad>
          </ns3:TrackPointExtension>
        </extensions>
      </trkpt>
      <trkpt lat="42.059054709970951080322265625" lon="128.0612243525683879852294921875">
        <ele>1740.4000244140625</ele>
        <time>2026-10-03T08:51:28.000Z</time>
        <extensions>
          <ns3:TrackPointExtension>
            <ns3:hr>92</ns3:hr>
            <ns3:cad>0</ns3:cad>
          </ns3:TrackPointExtension>
        </extensions>
      </trkpt>
      <trkpt lat="42.0590112917125225067138671875" lon="128.06123114190995693206787109375">
        <ele>1740.4000244140625</ele>
        <time>2026-10-03T08:51:36.000Z</time>
        <extensions>
          <ns3:TrackPointExtension>
            <ns3:hr>93</ns3:hr>
            <ns3:cad>43</ns3:cad>
          </ns3:TrackPointExtension>
        </extensions>
      </trkpt>
      <trkpt lat="42.0589792728424072265625" lon="128.06125176139175891876220703125">
        <ele>1740.4000244140625</ele>
        <time>2026-10-03T08:51:39.000Z</time>
        <extensions>
          <ns3:TrackPointExtension>
            <ns3:hr>92</ns3:hr>
            <ns3:cad>45</ns3:cad>
          </ns3:TrackPointExtension>
        </extensions>
      </trkpt>
      <trkpt lat="42.05893057398498058319091796875" lon="128.06120784021914005279541015625">
        <ele>1740.199951171875</ele>
        <time>2026-10-03T08:51:45.000Z</time>
        <extensions>
          <ns3:TrackPointExtension>
            <ns3:hr>94</ns3:hr>
            <ns3:cad>44</ns3:cad>
          </ns3:TrackPointExtension>
        </extensions>
      </trkpt>
      <trkpt lat="42.0589291490614414215087890625" lon="128.0611636675894260406494140625">
        <ele>1739.5999755859375</ele>
        <time>2026-10-03T08:51:48.000Z</time>
        <extensions>
          <ns3:TrackPointExtension>
            <ns3:hr>100</ns3:hr>
            <ns3:cad>43</ns3:cad>
          </ns3:TrackPointExtension>
        </extensions>
      </trkpt>
      <trkpt lat="42.05892872996628284454345703125" lon="128.06114933453500270843505859375">
        <ele>1739.4000244140625</ele>
        <time>2026-10-03T08:51:49.000Z</time>
        <extensions>
          <ns3:TrackPointExtension>
            <ns3:hr>106</ns3:hr>
            <ns3:cad>43</ns3:cad>
          </ns3:TrackPointExtension>
        </extensions>
      </trkpt>
      <trkpt lat="42.0589325018227100372314453125" lon="128.0611381866037845611572265625">
        <ele>1739.4000244140625</ele>
        <time>2026-10-03T08:51:50.000Z</time>
        <extensions>
          <ns3:TrackPointExtension>
            <ns3:hr>110</ns3:hr>
            <ns3:cad>43</ns3:cad>
          </ns3:TrackPointExtension>
        </extensions>
      </trkpt>
      <trkpt lat="42.0589325018227100372314453125" lon="128.06111924350261688232421875">
        <ele>1739.4000244140625</ele>
        <time>2026-10-03T08:51:51.000Z</time>
        <extensions>
          <ns3:TrackPointExtension>
            <ns3:hr>109</ns3:hr>
            <ns3:cad>44</ns3:cad>
          </ns3:TrackPointExtension>
        </extensions>
      </trkpt>
      <trkpt lat="42.05892319791018962860107421875" lon="128.06106425821781158447265625">
        <ele>1739.4000244140625</ele>
        <time>2026-10-03T08:51:57.000Z</time>
        <extensions>
          <ns3:TrackPointExtension>
            <ns3:hr>107</ns3:hr>
            <ns3:cad>0</ns3:cad>
          </ns3:TrackPointExtension>
        </extensions>
      </trkpt>
      <trkpt lat="42.05889168195426464080810546875" lon="128.061049841344356536865234375">
        <ele>1740.5999755859375</ele>
        <time>2026-10-03T08:52:02.000Z</time>
        <extensions>
          <ns3:TrackPointExtension>
            <ns3:hr>106</ns3:hr>
            <ns3:cad>0</ns3:cad>
          </ns3:TrackPointExtension>
        </extensions>
      </trkpt>
      <trkpt lat="42.05887223593890666961669921875" lon="128.0610721372067928314208984375">
        <ele>1740.4000244140625</ele>
        <time>2026-10-03T08:52:08.000Z</time>
        <extensions>
          <ns3:TrackPointExtension>
            <ns3:hr>106</ns3:hr>
            <ns3:cad>0</ns3:cad>
          </ns3:TrackPointExtension>
        </extensions>
      </trkpt>
      <trkpt lat="42.05888162367045879364013671875" lon="128.061077333986759185791015625">
        <ele>1739.5999755859375</ele>
        <time>2026-10-03T08:52:11.000Z</time>
        <extensions>
          <ns3:TrackPointExtension>
            <ns3:hr>106</ns3:hr>
            <ns3:cad>0</ns3:cad>
          </ns3:TrackPointExtension>
        </extensions>
      </trkpt>
      <trkpt lat="42.05888338387012481689453125" lon="128.06107540614902973175048828125">
        <ele>1738.199951171875</ele>
        <time>2026-10-03T08:52:15.000Z</time>
        <extensions>
          <ns3:TrackPointExtension>
            <ns3:hr>104</ns3:hr>
            <ns3:cad>0</ns3:cad>
          </ns3:TrackPointExtension>
        </extensions>
      </trkpt>
      <trkpt lat="42.05888472497463226318359375" lon="128.06107389740645885467529296875">
        <ele>1737.5999755859375</ele>
        <time>2026-10-03T08:52:16.000Z</time>
        <extensions>
          <ns3:TrackPointExtension>
            <ns3:hr>105</ns3:hr>
            <ns3:cad>0</ns3:cad>
          </ns3:TrackPointExtension>
        </extensions>
      </trkpt>
      <trkpt lat="42.05888849683105945587158203125" lon="128.0610754899680614471435546875">
        <ele>1737.199951171875</ele>
        <time>2026-10-03T08:52:17.000Z</time>
        <extensions>
          <ns3:TrackPointExtension>
            <ns3:hr>105</ns3:hr>
            <ns3:cad>0</ns3:cad>
          </ns3:TrackPointExtension>
        </extensions>
      </trkpt>
      <trkpt lat="42.05889687873423099517822265625" lon="128.0610681138932704925537109375">
        <ele>1735.5999755859375</ele>
        <time>2026-10-03T08:52:20.000Z</time>
        <extensions>
          <ns3:TrackPointExtension>
            <ns3:hr>106</ns3:hr>
            <ns3:cad>0</ns3:cad>
          </ns3:TrackPointExtension>
        </extensions>
      </trkpt>
      <trkpt lat="42.058892436325550079345703125" lon="128.06106149218976497650146484375">
        <ele>1734.5999755859375</ele>
        <time>2026-10-03T08:52:23.000Z</time>
        <extensions>
          <ns3:TrackPointExtension>
            <ns3:hr>104</ns3:hr>
            <ns3:cad>0</ns3:cad>
          </ns3:TrackPointExtension>
        </extensions>
      </trkpt>
      <trkpt lat="42.058892436325550079345703125" lon="128.06106149218976497650146484375">
        <ele>1734.199951171875</ele>
        <time>2026-10-03T08:52:25.000Z</time>
        <extensions>
          <ns3:TrackPointExtension>
            <ns3:hr>104</ns3:hr>
            <ns3:cad>0</ns3:cad>
          </ns3:TrackPointExtension>
        </extensions>
      </trkpt>
      <trkpt lat="42.058892436325550079345703125" lon="128.06106149218976497650146484375">
        <ele>1734.199951171875</ele>
        <time>2026-10-03T08:52:29.000Z</time>
        <extensions>
          <ns3:TrackPointExtension>
            <ns3:hr>100</ns3:hr>
            <ns3:cad>0</ns3:cad>
          </ns3:TrackPointExtension>
        </extensions>
      </trkpt>
      <trkpt lat="42.058892436325550079345703125" lon="128.06106149218976497650146484375">
        <ele>1734.199951171875</ele>
        <time>2026-10-03T08:52:35.000Z</time>
        <extensions>
          <ns3:TrackPointExtension>
            <ns3:hr>97</ns3:hr>
            <ns3:cad>0</ns3:cad>
          </ns3:TrackPointExtension>
        </extensions>
      </trkpt>
      <trkpt lat="42.05887743271887302398681640625" lon="128.06106769479811191558837890625">
        <ele>1734.4000244140625</ele>
        <time>2026-10-03T08:52:49.000Z</time>
        <extensions>
          <ns3:TrackPointExtension>
            <ns3:hr>94</ns3:hr>
            <ns3:cad>0</ns3:cad>
          </ns3:TrackPointExtension>
        </extensions>
      </trkpt>
      <trkpt lat="42.05887743271887302398681640625" lon="128.06106937117874622344970703125">
        <ele>1734.4000244140625</ele>
        <time>2026-10-03T08:52:52.000Z</time>
        <extensions>
          <ns3:TrackPointExtension>
            <ns3:hr>97</ns3:hr>
            <ns3:cad>0</ns3:cad>
          </ns3:TrackPointExtension>
        </extensions>
      </trkpt>
      <trkpt lat="42.05889419652521610260009765625" lon="128.06116777472198009490966796875">
        <ele>1735.199951171875</ele>
        <time>2026-10-03T08:53:36.000Z</time>
        <extensions>
          <ns3:TrackPointExtension>
            <ns3:hr>94</ns3:hr>
            <ns3:cad>0</ns3:cad>
          </ns3:TrackPointExtension>
        </extensions>
      </trkpt>
      <trkpt lat="42.0588801987469196319580078125" lon="128.061172552406787872314453125">
        <ele>1735.5999755859375</ele>
        <time>2026-10-03T08:53:49.000Z</time>
        <extensions>
          <ns3:TrackPointExtension>
            <ns3:hr>97</ns3:hr>
            <ns3:cad>0</ns3:cad>
          </ns3:TrackPointExtension>
        </extensions>
      </trkpt>
      <trkpt lat="42.0588801987469196319580078125" lon="128.06117288768291473388671875">
        <ele>1735.5999755859375</ele>
        <time>2026-10-03T08:53:50.000Z</time>
        <extensions>
          <ns3:TrackPointExtension>
            <ns3:hr>94</ns3:hr>
            <ns3:cad>0</ns3:cad>
          </ns3:TrackPointExtension>
        </extensions>
      </trkpt>
      <trkpt lat="42.0588791929185390472412109375" lon="128.0611686967313289642333984375">
        <ele>1735.5999755859375</ele>
        <time>2026-10-03T08:53:52.000Z</time>
        <extensions>
          <ns3:TrackPointExtension>
            <ns3:hr>94</ns3:hr>
            <ns3:cad>0</ns3:cad>
          </ns3:TrackPointExtension>
        </extensions>
      </trkpt>
      <trkpt lat="42.05886268056929111480712890625" lon="128.0611532740294933319091796875">
        <ele>1735</ele>
        <time>2026-10-03T08:54:14.000Z</time>
        <extensions>
          <ns3:TrackPointExtension>
            <ns3:hr>97</ns3:hr>
            <ns3:cad>0</ns3:cad>
          </ns3:TrackPointExtension>
        </extensions>
      </trkpt>
      <trkpt lat="42.05886016599833965301513671875" lon="128.061149753630161285400390625">
        <ele>1735</ele>
        <time>2026-10-03T08:54:15.000Z</time>
        <extensions>
          <ns3:TrackPointExtension>
            <ns3:hr>94</ns3:hr>
            <ns3:cad>0</ns3:cad>
          </ns3:TrackPointExtension>
        </extensions>
      </trkpt>
      <trkpt lat="42.05885446630418300628662109375" lon="128.06113324128091335296630859375">
        <ele>1734.5999755859375</ele>
        <time>2026-10-03T08:54:19.000Z</time>
        <extensions>
          <ns3:TrackPointExtension>
            <ns3:hr>97</ns3:hr>
            <ns3:cad>40</ns3:cad>
          </ns3:TrackPointExtension>
        </extensions>
      </trkpt>
      <trkpt lat="42.058853209018707275390625" lon="128.0611293017864227294921875">
        <ele>1734.4000244140625</ele>
        <time>2026-10-03T08:54:21.000Z</time>
        <extensions>
          <ns3:TrackPointExtension>
            <ns3:hr>99</ns3:hr>
            <ns3:cad>0</ns3:cad>
          </ns3:TrackPointExtension>
        </extensions>
      </trkpt>
      <trkpt lat="42.05885061062872409820556640625" lon="128.06112033315002918243408203125">
        <ele>1734.199951171875</ele>
        <time>2026-10-03T08:54:25.000Z</time>
        <extensions>
          <ns3:TrackPointExtension>
            <ns3:hr>102</ns3:hr>
            <ns3:cad>0</ns3:cad>
          </ns3:TrackPointExtension>
        </extensions>
      </trkpt>
      <trkpt lat="42.05884574912488460540771484375" lon="128.0611185729503631591796875">
        <ele>1734.199951171875</ele>
        <time>2026-10-03T08:54:39.000Z</time>
        <extensions>
          <ns3:TrackPointExtension>
            <ns3:hr>99</ns3:hr>
            <ns3:cad>0</ns3:cad>
          </ns3:TrackPointExtension>
        </extensions>
      </trkpt>
      <trkpt lat="42.05884692259132862091064453125" lon="128.0611455626785755157470703125">
        <ele>1734.4000244140625</ele>
        <time>2026-10-03T08:54:46.000Z</time>
        <extensions>
          <ns3:TrackPointExtension>
            <ns3:hr>96</ns3:hr>
            <ns3:cad>0</ns3:cad>
          </ns3:TrackPointExtension>
        </extensions>
      </trkpt>
      <trkpt lat="42.0588545501232147216796875" lon="128.0611958540976047515869140625">
        <ele>1734.199951171875</ele>
        <time>2026-10-03T08:54:57.000Z</time>
        <extensions>
          <ns3:TrackPointExtension>
            <ns3:hr>96</ns3:hr>
            <ns3:cad>44</ns3:cad>
          </ns3:TrackPointExtension>
        </extensions>
      </trkpt>
      <trkpt lat="42.05886435694992542266845703125" lon="128.06122058071196079254150390625">
        <ele>1734</ele>
        <time>2026-10-03T08:55:01.000Z</time>
        <extensions>
          <ns3:TrackPointExtension>
            <ns3:hr>95</ns3:hr>
            <ns3:cad>0</ns3:cad>
          </ns3:TrackPointExtension>
        </extensions>
      </trkpt>
      <trkpt lat="42.0588657818734645843505859375" lon="128.06124128401279449462890625">
        <ele>1734</ele>
        <time>2026-10-03T08:55:09.000Z</time>
        <extensions>
          <ns3:TrackPointExtension>
            <ns3:hr>95</ns3:hr>
            <ns3:cad>0</ns3:cad>
          </ns3:TrackPointExtension>
        </extensions>
      </trkpt>
      <trkpt lat="42.05883585847914218902587890625" lon="128.061236925423145294189453125">
        <ele>1733.4000244140625</ele>
        <time>2026-10-03T08:55:14.000Z</time>
        <extensions>
          <ns3:TrackPointExtension>
            <ns3:hr>94</ns3:hr>
            <ns3:cad>0</ns3:cad>
          </ns3:TrackPointExtension>
        </extensions>
      </trkpt>
      <trkpt lat="42.05883954651653766632080078125" lon="128.0612431280314922332763671875">
        <ele>1732.800048828125</ele>
        <time>2026-10-03T08:55:15.000Z</time>
        <extensions>
          <ns3:TrackPointExtension>
            <ns3:hr>95</ns3:hr>
            <ns3:cad>0</ns3:cad>
          </ns3:TrackPointExtension>
        </extensions>
      </trkpt>
      <trkpt lat="42.05884926952421665191650390625" lon="128.061254359781742095947265625">
        <ele>1731.800048828125</ele>
        <time>2026-10-03T08:55:17.000Z</time>
        <extensions>
          <ns3:TrackPointExtension>
            <ns3:hr>95</ns3:hr>
            <ns3:cad>0</ns3:cad>
          </ns3:TrackPointExtension>
        </extensions>
      </trkpt>
      <trkpt lat="42.05884926952421665191650390625" lon="128.061254359781742095947265625">
        <ele>1730.5999755859375</ele>
        <time>2026-10-03T08:55:20.000Z</time>
        <extensions>
          <ns3:TrackPointExtension>
            <ns3:hr>95</ns3:hr>
            <ns3:cad>0</ns3:cad>
          </ns3:TrackPointExtension>
        </extensions>
      </trkpt>
      <trkpt lat="42.05886083655059337615966796875" lon="128.06126165203750133514404296875">
        <ele>1729.800048828125</ele>
        <time>2026-10-03T08:55:28.000Z</time>
        <extensions>
          <ns3:TrackPointExtension>
            <ns3:hr>93</ns3:hr>
            <ns3:cad>0</ns3:cad>
          </ns3:TrackPointExtension>
        </extensions>
      </trkpt>
      <trkpt lat="42.05887357704341411590576171875" lon="128.06126181967556476593017578125">
        <ele>1729.5999755859375</ele>
        <time>2026-10-03T08:55:33.000Z</time>
        <extensions>
          <ns3:TrackPointExtension>
            <ns3:hr>94</ns3:hr>
            <ns3:cad>0</ns3:cad>
          </ns3:TrackPointExtension>
        </extensions>
      </trkpt>
      <trkpt lat="42.05887827090919017791748046875" lon="128.06123516522347927093505859375">
        <ele>1731</ele>
        <time>2026-10-03T08:55:40.000Z</time>
        <extensions>
          <ns3:TrackPointExtension>
            <ns3:hr>95</ns3:hr>
            <ns3:cad>0</ns3:cad>
          </ns3:TrackPointExtension>
        </extensions>
      </trkpt>
      <trkpt lat="42.05887575633823871612548828125" lon="128.06122913025319576263427734375">
        <ele>1731.800048828125</ele>
        <time>2026-10-03T08:55:41.000Z</time>
        <extensions>
          <ns3:TrackPointExtension>
            <ns3:hr>95</ns3:hr>
            <ns3:cad>0</ns3:cad>
          </ns3:TrackPointExtension>
        </extensions>
      </trkpt>
      <trkpt lat="42.05886519514024257659912109375" lon="128.061199374496936798095703125">
        <ele>1733.199951171875</ele>
        <time>2026-10-03T08:55:44.000Z</time>
        <extensions>
          <ns3:TrackPointExtension>
            <ns3:hr>95</ns3:hr>
            <ns3:cad>0</ns3:cad>
          </ns3:TrackPointExtension>
        </extensions>
      </trkpt>
      <trkpt lat="42.05887257121503353118896484375" lon="128.06119090877473354339599609375">
        <ele>1734.4000244140625</ele>
        <time>2026-10-03T08:55:46.000Z</time>
        <extensions>
          <ns3:TrackPointExtension>
            <ns3:hr>95</ns3:hr>
            <ns3:cad>0</ns3:cad>
          </ns3:TrackPointExtension>
        </extensions>
      </trkpt>
      <trkpt lat="42.0588671229779720306396484375" lon="128.06119426153600215911865234375">
        <ele>1735.5999755859375</ele>
        <time>2026-10-03T08:55:48.000Z</time>
        <extensions>
          <ns3:TrackPointExtension>
            <ns3:hr>96</ns3:hr>
            <ns3:cad>0</ns3:cad>
          </ns3:TrackPointExtension>
        </extensions>
      </trkpt>
      <trkpt lat="42.05887760035693645477294921875" lon="128.06119644083082675933837890625">
        <ele>1736.5999755859375</ele>
        <time>2026-10-03T08:55:51.000Z</time>
        <extensions>
          <ns3:TrackPointExtension>
            <ns3:hr>98</ns3:hr>
            <ns3:cad>0</ns3:cad>
          </ns3:TrackPointExtension>
        </extensions>
      </trkpt>
      <trkpt lat="42.058876343071460723876953125" lon="128.06119174696505069732666015625">
        <ele>1737</ele>
        <time>2026-10-03T08:55:52.000Z</time>
        <extensions>
          <ns3:TrackPointExtension>
            <ns3:hr>98</ns3:hr>
            <ns3:cad>0</ns3:cad>
          </ns3:TrackPointExtension>
        </extensions>
      </trkpt>
      <trkpt lat="42.05887240357697010040283203125" lon="128.061187304556369781494140625">
        <ele>1738</ele>
        <time>2026-10-03T08:55:54.000Z</time>
        <extensions>
          <ns3:TrackPointExtension>
            <ns3:hr>99</ns3:hr>
            <ns3:cad>0</ns3:cad>
          </ns3:TrackPointExtension>
        </extensions>
      </trkpt>
      <trkpt lat="42.05887374468147754669189453125" lon="128.06119107641279697418212890625">
        <ele>1739.199951171875</ele>
        <time>2026-10-03T08:55:58.000Z</time>
        <extensions>
          <ns3:TrackPointExtension>
            <ns3:hr>99</ns3:hr>
            <ns3:cad>0</ns3:cad>
          </ns3:TrackPointExtension>
        </extensions>
      </trkpt>
      <trkpt lat="42.05887374468147754669189453125" lon="128.06119107641279697418212890625">
        <ele>1739.5999755859375</ele>
        <time>2026-10-03T08:56:08.000Z</time>
        <extensions>
          <ns3:TrackPointExtension>
            <ns3:hr>98</ns3:hr>
            <ns3:cad>0</ns3:cad>
          </ns3:TrackPointExtension>
        </extensions>
      </trkpt>
      <trkpt lat="42.05886586569249629974365234375" lon="128.06118453852832317352294921875">
        <ele>1739.5999755859375</ele>
        <time>2026-10-03T08:56:15.000Z</time>
        <extensions>
          <ns3:TrackPointExtension>
            <ns3:hr>95</ns3:hr>
            <ns3:cad>0</ns3:cad>
          </ns3:TrackPointExtension>
        </extensions>
      </trkpt>
      <trkpt lat="42.058862932026386260986328125" lon="128.06119945831596851348876953125">
        <ele>1740.199951171875</ele>
        <time>2026-10-03T08:56:44.000Z</time>
        <extensions>
          <ns3:TrackPointExtension>
            <ns3:hr>95</ns3:hr>
            <ns3:cad>0</ns3:cad>
          </ns3:TrackPointExtension>
        </extensions>
      </trkpt>
      <trkpt lat="42.0588989742100238800048828125" lon="128.06122980080544948577880859375">
        <ele>1740.5999755859375</ele>
        <time>2026-10-03T08:56:52.000Z</time>
        <extensions>
          <ns3:TrackPointExtension>
            <ns3:hr>93</ns3:hr>
            <ns3:cad>47</ns3:cad>
          </ns3:TrackPointExtension>
        </extensions>
      </trkpt>
      <trkpt lat="42.05892034806311130523681640625" lon="128.06124069727957248687744140625">
        <ele>1740.5999755859375</ele>
        <time>2026-10-03T08:56:54.000Z</time>
        <extensions>
          <ns3:TrackPointExtension>
            <ns3:hr>96</ns3:hr>
            <ns3:cad>48</ns3:cad>
          </ns3:TrackPointExtension>
        </extensions>
      </trkpt>
      <trkpt lat="42.05894373357295989990234375" lon="128.0612122826278209686279296875">
        <ele>1739.5999755859375</ele>
        <time>2026-10-03T08:56:59.000Z</time>
        <extensions>
          <ns3:TrackPointExtension>
            <ns3:hr>95</ns3:hr>
            <ns3:cad>49</ns3:cad>
          </ns3:TrackPointExtension>
        </extensions>
      </trkpt>
      <trkpt lat="42.05895018763840198516845703125" lon="128.061219155788421630859375">
        <ele>1739.199951171875</ele>
        <time>2026-10-03T08:57:01.000Z</time>
        <extensions>
          <ns3:TrackPointExtension>
            <ns3:hr>95</ns3:hr>
            <ns3:cad>0</ns3:cad>
          </ns3:TrackPointExtension>
        </extensions>
      </trkpt>
      <trkpt lat="42.058938704431056976318359375" lon="128.06124002672731876373291015625">
        <ele>1738.4000244140625</ele>
        <time>2026-10-03T08:57:04.000Z</time>
        <extensions>
          <ns3:TrackPointExtension>
            <ns3:hr>94</ns3:hr>
            <ns3:cad>0</ns3:cad>
          </ns3:TrackPointExtension>
        </extensions>
      </trkpt>
      <trkpt lat="42.05893577076494693756103515625" lon="128.0612354166805744171142578125">
        <ele>1738</ele>
        <time>2026-10-03T08:57:05.000Z</time>
        <extensions>
          <ns3:TrackPointExtension>
            <ns3:hr>94</ns3:hr>
            <ns3:cad>0</ns3:cad>
          </ns3:TrackPointExtension>
        </extensions>
      </trkpt>
      <trkpt lat="42.0589485950767993927001953125" lon="128.06122225709259510040283203125">
        <ele>1737</ele>
        <time>2026-10-03T08:57:10.000Z</time>
        <extensions>
          <ns3:TrackPointExtension>
            <ns3:hr>94</ns3:hr>
            <ns3:cad>0</ns3:cad>
          </ns3:TrackPointExtension>
        </extensions>
      </trkpt>
      <trkpt lat="42.0589506067335605621337890625" lon="128.06122041307389736175537109375">
        <ele>1736.800048828125</ele>
        <time>2026-10-03T08:57:11.000Z</time>
        <extensions>
          <ns3:TrackPointExtension>
            <ns3:hr>96</ns3:hr>
            <ns3:cad>0</ns3:cad>
          </ns3:TrackPointExtension>
        </extensions>
      </trkpt>
      <trkpt lat="42.0589506067335605621337890625" lon="128.06122041307389736175537109375">
        <ele>1736.800048828125</ele>
        <time>2026-10-03T08:57:13.000Z</time>
        <extensions>
          <ns3:TrackPointExtension>
            <ns3:hr>93</ns3:hr>
            <ns3:cad>0</ns3:cad>
          </ns3:TrackPointExtension>
        </extensions>
      </trkpt>
      <trkpt lat="42.0589506067335605621337890625" lon="128.06122041307389736175537109375">
        <ele>1736.5999755859375</ele>
        <time>2026-10-03T08:57:22.000Z</time>
        <extensions>
          <ns3:TrackPointExtension>
            <ns3:hr>96</ns3:hr>
            <ns3:cad>0</ns3:cad>
          </ns3:TrackPointExtension>
        </extensions>
      </trkpt>
      <trkpt lat="42.05900265835225582122802734375" lon="128.06120834313333034515380859375">
        <ele>1738</ele>
        <time>2026-10-03T08:57:43.000Z</time>
        <extensions>
          <ns3:TrackPointExtension>
            <ns3:hr>95</ns3:hr>
            <ns3:cad>76</ns3:cad>
          </ns3:TrackPointExtension>
        </extensions>
      </trkpt>
      <trkpt lat="42.05900500528514385223388671875" lon="128.06120834313333034515380859375">
        <ele>1738</ele>
        <time>2026-10-03T08:57:44.000Z</time>
        <extensions>
          <ns3:TrackPointExtension>
            <ns3:hr>101</ns3:hr>
            <ns3:cad>76</ns3:cad>
          </ns3:TrackPointExtension>
        </extensions>
      </trkpt>
      <trkpt lat="42.059005759656429290771484375" lon="128.06120683439075946807861328125">
        <ele>1738</ele>
        <time>2026-10-03T08:57:45.000Z</time>
        <extensions>
          <ns3:TrackPointExtension>
            <ns3:hr>107</ns3:hr>
            <ns3:cad>74</ns3:cad>
          </ns3:TrackPointExtension>
        </extensions>
      </trkpt>
      <trkpt lat="42.05900668166577816009521484375" lon="128.06120582856237888336181640625">
        <ele>1738</ele>
        <time>2026-10-03T08:57:46.000Z</time>
        <extensions>
          <ns3:TrackPointExtension>
            <ns3:hr>110</ns3:hr>
            <ns3:cad>46</ns3:cad>
          </ns3:TrackPointExtension>
        </extensions>
      </trkpt>
      <trkpt lat="42.0590106211602687835693359375" lon="128.06120381690561771392822265625">
        <ele>1738</ele>
        <time>2026-10-03T08:57:48.000Z</time>
        <extensions>
          <ns3:TrackPointExtension>
            <ns3:hr>117</ns3:hr>
            <ns3:cad>46</ns3:cad>
          </ns3:TrackPointExtension>
        </extensions>
      </trkpt>
      <trkpt lat="42.05901171080768108367919921875" lon="128.061203397810459136962890625">
        <ele>1738</ele>
        <time>2026-10-03T08:57:49.000Z</time>
        <extensions>
          <ns3:TrackPointExtension>
            <ns3:hr>120</ns3:hr>
            <ns3:cad>46</ns3:cad>
          </ns3:TrackPointExtension>
        </extensions>
      </trkpt>
      <trkpt lat="42.0590186677873134613037109375" lon="128.06120247580111026763916015625">
        <ele>1738</ele>
        <time>2026-10-03T08:57:51.000Z</time>
        <extensions>
          <ns3:TrackPointExtension>
            <ns3:hr>124</ns3:hr>
            <ns3:cad>46</ns3:cad>
          </ns3:TrackPointExtension>
        </extensions>
      </trkpt>
      <trkpt lat="42.05904339440166950225830078125" lon="128.06120230816304683685302734375">
        <ele>1738</ele>
        <time>2026-10-03T08:57:55.000Z</time>
        <extensions>
          <ns3:TrackPointExtension>
            <ns3:hr>120</ns3:hr>
            <ns3:cad>77</ns3:cad>
          </ns3:TrackPointExtension>
        </extensions>
      </trkpt>
      <trkpt lat="42.059083878993988037109375" lon="128.06118152104318141937255859375">
        <ele>1738.199951171875</ele>
        <time>2026-10-03T08:58:02.000Z</time>
        <extensions>
          <ns3:TrackPointExtension>
            <ns3:hr>118</ns3:hr>
            <ns3:cad>44</ns3:cad>
          </ns3:TrackPointExtension>
        </extensions>
      </trkpt>
      <trkpt lat="42.05912134610116481781005859375" lon="128.06115168146789073944091796875">
        <ele>1739.199951171875</ele>
        <time>2026-10-03T08:58:07.000Z</time>
        <extensions>
          <ns3:TrackPointExtension>
            <ns3:hr>118</ns3:hr>
            <ns3:cad>0</ns3:cad>
          </ns3:TrackPointExtension>
        </extensions>
      </trkpt>
      <trkpt lat="42.05912805162370204925537109375" lon="128.06113391183316707611083984375">
        <ele>1739.5999755859375</ele>
        <time>2026-10-03T08:58:09.000Z</time>
        <extensions>
          <ns3:TrackPointExtension>
            <ns3:hr>117</ns3:hr>
            <ns3:cad>0</ns3:cad>
          </ns3:TrackPointExtension>
        </extensions>
      </trkpt>
      <trkpt lat="42.05913643352687358856201171875" lon="128.0611251108348369598388671875">
        <ele>1740.4000244140625</ele>
        <time>2026-10-03T08:58:11.000Z</time>
        <extensions>
          <ns3:TrackPointExtension>
            <ns3:hr>116</ns3:hr>
            <ns3:cad>0</ns3:cad>
          </ns3:TrackPointExtension>
        </extensions>
      </trkpt>
      <trkpt lat="42.05913676880300045013427734375" lon="128.0611167289316654205322265625">
        <ele>1741.5999755859375</ele>
        <time>2026-10-03T08:58:13.000Z</time>
        <extensions>
          <ns3:TrackPointExtension>
            <ns3:hr>117</ns3:hr>
            <ns3:cad>0</ns3:cad>
          </ns3:TrackPointExtension>
        </extensions>
      </trkpt>
      <trkpt lat="42.0591353438794612884521484375" lon="128.061112873256206512451171875">
        <ele>1742.5999755859375</ele>
        <time>2026-10-03T08:58:15.000Z</time>
        <extensions>
          <ns3:TrackPointExtension>
            <ns3:hr>115</ns3:hr>
            <ns3:cad>0</ns3:cad>
          </ns3:TrackPointExtension>
        </extensions>
      </trkpt>
      <trkpt lat="42.05912956036627292633056640625" lon="128.06110993959009647369384765625">
        <ele>1743.4000244140625</ele>
        <time>2026-10-03T08:58:17.000Z</time>
        <extensions>
          <ns3:TrackPointExtension>
            <ns3:hr>116</ns3:hr>
            <ns3:cad>0</ns3:cad>
          </ns3:TrackPointExtension>
        </extensions>
      </trkpt>
      <trkpt lat="42.05913140438497066497802734375" lon="128.0611132085323333740234375">
        <ele>1743.800048828125</ele>
        <time>2026-10-03T08:58:19.000Z</time>
        <extensions>
          <ns3:TrackPointExtension>
            <ns3:hr>115</ns3:hr>
            <ns3:cad>0</ns3:cad>
          </ns3:TrackPointExtension>
        </extensions>
      </trkpt>
      <trkpt lat="42.0591427199542522430419921875" lon="128.06112200953066349029541015625">
        <ele>1744.199951171875</ele>
        <time>2026-10-03T08:58:24.000Z</time>
        <extensions>
          <ns3:TrackPointExtension>
            <ns3:hr>115</ns3:hr>
            <ns3:cad>0</ns3:cad>
          </ns3:TrackPointExtension>
        </extensions>
      </trkpt>
      <trkpt lat="42.05915336497128009796142578125" lon="128.0611428804695606231689453125">
        <ele>1742.800048828125</ele>
        <time>2026-10-03T08:58:39.000Z</time>
        <extensions>
          <ns3:TrackPointExtension>
            <ns3:hr>112</ns3:hr>
            <ns3:cad>0</ns3:cad>
          </ns3:TrackPointExtension>
        </extensions>
      </trkpt>
      <trkpt lat="42.059153616428375244140625" lon="128.06113106198608875274658203125">
        <ele>1745</ele>
        <time>2026-10-03T08:58:49.000Z</time>
        <extensions>
          <ns3:TrackPointExtension>
            <ns3:hr>110</ns3:hr>
            <ns3:cad>0</ns3:cad>
          </ns3:TrackPointExtension>
        </extensions>
      </trkpt>
      <trkpt lat="42.05915386788547039031982421875" lon="128.06113106198608875274658203125">
        <ele>1746.800048828125</ele>
        <time>2026-10-03T08:58:51.000Z</time>
        <extensions>
          <ns3:TrackPointExtension>
            <ns3:hr>109</ns3:hr>
            <ns3:cad>0</ns3:cad>
          </ns3:TrackPointExtension>
        </extensions>
      </trkpt>
      <trkpt lat="42.059154622256755828857421875" lon="128.06113106198608875274658203125">
        <ele>1747.800048828125</ele>
        <time>2026-10-03T08:58:53.000Z</time>
        <extensions>
          <ns3:TrackPointExtension>
            <ns3:hr>109</ns3:hr>
            <ns3:cad>0</ns3:cad>
          </ns3:TrackPointExtension>
        </extensions>
      </trkpt>
      <trkpt lat="42.05916057340800762176513671875" lon="128.061122596263885498046875">
        <ele>1749</ele>
        <time>2026-10-03T08:58:57.000Z</time>
        <extensions>
          <ns3:TrackPointExtension>
            <ns3:hr>110</ns3:hr>
            <ns3:cad>0</ns3:cad>
          </ns3:TrackPointExtension>
        </extensions>
      </trkpt>
      <trkpt lat="42.05924623645842075347900390625" lon="128.0610982887446880340576171875">
        <ele>1749.5999755859375</ele>
        <time>2026-10-03T08:59:08.000Z</time>
        <extensions>
          <ns3:TrackPointExtension>
            <ns3:hr>110</ns3:hr>
            <ns3:cad>91</ns3:cad>
          </ns3:TrackPointExtension>
        </extensions>
      </trkpt>
      <trkpt lat="42.05926383845508098602294921875" lon="128.0610899068415164947509765625">
        <ele>1749.5999755859375</ele>
        <time>2026-10-03T08:59:09.000Z</time>
        <extensions>
          <ns3:TrackPointExtension>
            <ns3:hr>110</ns3:hr>
            <ns3:cad>50</ns3:cad>
          </ns3:TrackPointExtension>
        </extensions>
      </trkpt>
      <trkpt lat="42.05927959643304347991943359375" lon="128.0610878951847553253173828125">
        <ele>1749.5999755859375</ele>
        <time>2026-10-03T08:59:10.000Z</time>
        <extensions>
          <ns3:TrackPointExtension>
            <ns3:hr>109</ns3:hr>
            <ns3:cad>50</ns3:cad>
          </ns3:TrackPointExtension>
        </extensions>
      </trkpt>
      <trkpt lat="42.05930876545608043670654296875" lon="128.061072640120983123779296875">
        <ele>1749.5999755859375</ele>
        <time>2026-10-03T08:59:12.000Z</time>
        <extensions>
          <ns3:TrackPointExtension>
            <ns3:hr>109</ns3:hr>
            <ns3:cad>51</ns3:cad>
          </ns3:TrackPointExtension>
        </extensions>
      </trkpt>
      <trkpt lat="42.0593346655368804931640625" lon="128.06106585077941417694091796875">
        <ele>1749.5999755859375</ele>
        <time>2026-10-03T08:59:14.000Z</time>
        <extensions>
          <ns3:TrackPointExtension>
            <ns3:hr>110</ns3:hr>
            <ns3:cad>48</ns3:cad>
          </ns3:TrackPointExtension>
        </extensions>
      </trkpt>
      <trkpt lat="42.05934296362102031707763671875" lon="128.06107004173099994659423828125">
        <ele>1749.5999755859375</ele>
        <time>2026-10-03T08:59:15.000Z</time>
        <extensions>
          <ns3:TrackPointExtension>
            <ns3:hr>110</ns3:hr>
            <ns3:cad>0</ns3:cad>
          </ns3:TrackPointExtension>
        </extensions>
      </trkpt>
      <trkpt lat="42.0594169758260250091552734375" lon="128.0611237697303295135498046875">
        <ele>1748.4000244140625</ele>
        <time>2026-10-03T08:59:23.000Z</time>
        <extensions>
          <ns3:TrackPointExtension>
            <ns3:hr>107</ns3:hr>
            <ns3:cad>49</ns3:cad>
          </ns3:TrackPointExtension>
        </extensions>
      </trkpt>
      <trkpt lat="42.05943197943270206451416015625" lon="128.061160482466220855712890625">
        <ele>1748</ele>
        <time>2026-10-03T08:59:26.000Z</time>
        <extensions>
          <ns3:TrackPointExtension>
            <ns3:hr>107</ns3:hr>
            <ns3:cad>49</ns3:cad>
          </ns3:TrackPointExtension>
        </extensions>
      </trkpt>
      <trkpt lat="42.05943298526108264923095703125" lon="128.061185292899608612060546875">
        <ele>1747.800048828125</ele>
        <time>2026-10-03T08:59:31.000Z</time>
        <extensions>
          <ns3:TrackPointExtension>
            <ns3:hr>107</ns3:hr>
            <ns3:cad>0</ns3:cad>
          </ns3:TrackPointExtension>
        </extensions>
      </trkpt>
      <trkpt lat="42.0594937540590763092041015625" lon="128.06114380247890949249267578125">
        <ele>1747.199951171875</ele>
        <time>2026-10-03T08:59:40.000Z</time>
        <extensions>
          <ns3:TrackPointExtension>
            <ns3:hr>105</ns3:hr>
            <ns3:cad>46</ns3:cad>
          </ns3:TrackPointExtension>
        </extensions>
      </trkpt>
      <trkpt lat="42.05950909294188022613525390625" lon="128.0611264519393444061279296875">
        <ele>1747</ele>
        <time>2026-10-03T08:59:42.000Z</time>
        <extensions>
          <ns3:TrackPointExtension>
            <ns3:hr>105</ns3:hr>
            <ns3:cad>0</ns3:cad>
          </ns3:TrackPointExtension>
        </extensions>
      </trkpt>
      <trkpt lat="42.05952979624271392822265625" lon="128.06111848913133144378662109375">
        <ele>1746.5999755859375</ele>
        <time>2026-10-03T08:59:44.000Z</time>
        <extensions>
          <ns3:TrackPointExtension>
            <ns3:hr>105</ns3:hr>
            <ns3:cad>0</ns3:cad>
          </ns3:TrackPointExtension>
        </extensions>
      </trkpt>
      <trkpt lat="42.05954597331583499908447265625" lon="128.06111714802682399749755859375">
        <ele>1746.199951171875</ele>
        <time>2026-10-03T08:59:47.000Z</time>
        <extensions>
          <ns3:TrackPointExtension>
            <ns3:hr>104</ns3:hr>
            <ns3:cad>44</ns3:cad>
          </ns3:TrackPointExtension>
        </extensions>
      </trkpt>
      <trkpt lat="42.059555947780609130859375" lon="128.0611143819987773895263671875">
        <ele>1745.800048828125</ele>
        <time>2026-10-03T08:59:48.000Z</time>
        <extensions>
          <ns3:TrackPointExtension>
            <ns3:hr>104</ns3:hr>
            <ns3:cad>45</ns3:cad>
          </ns3:TrackPointExtension>
        </extensions>
      </trkpt>
      <trkpt lat="42.059593163430690765380859375" lon="128.06112100370228290557861328125">
        <ele>1744.4000244140625</ele>
        <time>2026-10-03T08:59:51.000Z</time>
        <extensions>
          <ns3:TrackPointExtension>
            <ns3:hr>103</ns3:hr>
            <ns3:cad>46</ns3:cad>
          </ns3:TrackPointExtension>
        </extensions>
      </trkpt>
      <trkpt lat="42.059602551162242889404296875" lon="128.06112385354936122894287109375">
        <ele>1744.199951171875</ele>
        <time>2026-10-03T08:59:52.000Z</time>
        <extensions>
          <ns3:TrackPointExtension>
            <ns3:hr>103</ns3:hr>
            <ns3:cad>44</ns3:cad>
          </ns3:TrackPointExtension>
        </extensions>
      </trkpt>
      <trkpt lat="42.059607915580272674560546875" lon="128.061129637062549591064453125">
        <ele>1743.5999755859375</ele>
        <time>2026-10-03T08:59:54.000Z</time>
        <extensions>
          <ns3:TrackPointExtension>
            <ns3:hr>102</ns3:hr>
            <ns3:cad>45</ns3:cad>
          </ns3:TrackPointExtension>
        </extensions>
      </trkpt>
      <trkpt lat="42.0596082508563995361328125" lon="128.061124943196773529052734375">
        <ele>1743.4000244140625</ele>
        <time>2026-10-03T08:59:55.000Z</time>
        <extensions>
          <ns3:TrackPointExtension>
            <ns3:hr>103</ns3:hr>
            <ns3:cad>45</ns3:cad>
          </ns3:TrackPointExtension>
        </extensions>
      </trkpt>
      <trkpt lat="42.05964018590748310089111328125" lon="128.061147071421146392822265625">
        <ele>1742.4000244140625</ele>
        <time>2026-10-03T08:59:59.000Z</time>
        <extensions>
          <ns3:TrackPointExtension>
            <ns3:hr>103</ns3:hr>
            <ns3:cad>44</ns3:cad>
          </ns3:TrackPointExtension>
        </extensions>
      </trkpt>
      <trkpt lat="42.05965091474354267120361328125" lon="128.06114799343049526214599609375">
        <ele>1742.199951171875</ele>
        <time>2026-10-03T09:00:00.000Z</time>
        <extensions>
          <ns3:TrackPointExtension>
            <ns3:hr>103</ns3:hr>
            <ns3:cad>44</ns3:cad>
          </ns3:TrackPointExtension>
        </extensions>
      </trkpt>
      <trkpt lat="42.05966969020664691925048828125" lon="128.06114866398274898529052734375">
        <ele>1742</ele>
        <time>2026-10-03T09:00:02.000Z</time>
        <extensions>
          <ns3:TrackPointExtension>
            <ns3:hr>104</ns3:hr>
            <ns3:cad>44</ns3:cad>
          </ns3:TrackPointExtension>
        </extensions>
      </trkpt>
      <trkpt lat="42.0596771501004695892333984375" lon="128.0611572973430156707763671875">
        <ele>1742</ele>
        <time>2026-10-03T09:00:03.000Z</time>
        <extensions>
          <ns3:TrackPointExtension>
            <ns3:hr>104</ns3:hr>
            <ns3:cad>0</ns3:cad>
          </ns3:TrackPointExtension>
        </extensions>
      </trkpt>
      <trkpt lat="42.05970707349479198455810546875" lon="128.06114933453500270843505859375">
        <ele>1742.800048828125</ele>
        <time>2026-10-03T09:00:07.000Z</time>
        <extensions>
          <ns3:TrackPointExtension>
            <ns3:hr>106</ns3:hr>
            <ns3:cad>0</ns3:cad>
          </ns3:TrackPointExtension>
        </extensions>
      </trkpt>
      <trkpt lat="42.05972216092050075531005859375" lon="128.06113575585186481475830078125">
        <ele>1743.199951171875</ele>
        <time>2026-10-03T09:00:09.000Z</time>
        <extensions>
          <ns3:TrackPointExtension>
            <ns3:hr>105</ns3:hr>
            <ns3:cad>0</ns3:cad>
          </ns3:TrackPointExtension>
        </extensions>
      </trkpt>
      <trkpt lat="42.05973791889846324920654296875" lon="128.061141036450862884521484375">
        <ele>1743.5999755859375</ele>
        <time>2026-10-03T09:00:11.000Z</time>
        <extensions>
          <ns3:TrackPointExtension>
            <ns3:hr>104</ns3:hr>
            <ns3:cad>0</ns3:cad>
          </ns3:TrackPointExtension>
        </extensions>
      </trkpt>
      <trkpt lat="42.0597753860056400299072265625" lon="128.0611727200448513031005859375">
        <ele>1744.4000244140625</ele>
        <time>2026-10-03T09:00:16.000Z</time>
        <extensions>
          <ns3:TrackPointExtension>
            <ns3:hr>101</ns3:hr>
            <ns3:cad>0</ns3:cad>
          </ns3:TrackPointExtension>
        </extensions>
      </trkpt>
      <trkpt lat="42.05977924168109893798828125" lon="128.06118168868124485015869140625">
        <ele>1744.800048828125</ele>
        <time>2026-10-03T09:00:17.000Z</time>
        <extensions>
          <ns3:TrackPointExtension>
            <ns3:hr>103</ns3:hr>
            <ns3:cad>46</ns3:cad>
          </ns3:TrackPointExtension>
        </extensions>
      </trkpt>
      <trkpt lat="42.05979525111615657806396484375" lon="128.0612042360007762908935546875">
        <ele>1746</ele>
        <time>2026-10-03T09:00:20.000Z</time>
        <extensions>
          <ns3:TrackPointExtension>
            <ns3:hr>102</ns3:hr>
            <ns3:cad>44</ns3:cad>
          </ns3:TrackPointExtension>
        </extensions>
      </trkpt>
      <trkpt lat="42.0598055608570575714111328125" lon="128.06120784021914005279541015625">
        <ele>1747</ele>
        <time>2026-10-03T09:00:23.000Z</time>
        <extensions>
          <ns3:TrackPointExtension>
            <ns3:hr>102</ns3:hr>
            <ns3:cad>0</ns3:cad>
          </ns3:TrackPointExtension>
        </extensions>
      </trkpt>
      <trkpt lat="42.05981285311281681060791015625" lon="128.0612032301723957061767578125">
        <ele>1748</ele>
        <time>2026-10-03T09:00:25.000Z</time>
        <extensions>
          <ns3:TrackPointExtension>
            <ns3:hr>102</ns3:hr>
            <ns3:cad>0</ns3:cad>
          </ns3:TrackPointExtension>
        </extensions>
      </trkpt>
      <trkpt lat="42.05982349812984466552734375" lon="128.0612300522625446319580078125">
        <ele>1749.199951171875</ele>
        <time>2026-10-03T09:00:27.000Z</time>
        <extensions>
          <ns3:TrackPointExtension>
            <ns3:hr>102</ns3:hr>
            <ns3:cad>0</ns3:cad>
          </ns3:TrackPointExtension>
        </extensions>
      </trkpt>
      <trkpt lat="42.05983162857592105865478515625" lon="128.06124907918274402618408203125">
        <ele>1750.4000244140625</ele>
        <time>2026-10-03T09:00:28.000Z</time>
        <extensions>
          <ns3:TrackPointExtension>
            <ns3:hr>105</ns3:hr>
            <ns3:cad>0</ns3:cad>
          </ns3:TrackPointExtension>
        </extensions>
      </trkpt>
      <trkpt lat="42.0598417706787586212158203125" lon="128.06121219880878925323486328125">
        <ele>1752</ele>
        <time>2026-10-03T09:00:30.000Z</time>
        <extensions>
          <ns3:TrackPointExtension>
            <ns3:hr>102</ns3:hr>
            <ns3:cad>50</ns3:cad>
          </ns3:TrackPointExtension>
        </extensions>
      </trkpt>
      <trkpt lat="42.0598481409251689910888671875" lon="128.0611975304782390594482421875">
        <ele>1752.800048828125</ele>
        <time>2026-10-03T09:00:31.000Z</time>
        <extensions>
          <ns3:TrackPointExtension>
            <ns3:hr>102</ns3:hr>
            <ns3:cad>0</ns3:cad>
          </ns3:TrackPointExtension>
        </extensions>
      </trkpt>
      <trkpt lat="42.05985811538994312286376953125" lon="128.06119442917406558990478515625">
        <ele>1753.4000244140625</ele>
        <time>2026-10-03T09:00:32.000Z</time>
        <extensions>
          <ns3:TrackPointExtension>
            <ns3:hr>102</ns3:hr>
            <ns3:cad>0</ns3:cad>
          </ns3:TrackPointExtension>
        </extensions>
      </trkpt>
      <trkpt lat="42.0598625577986240386962890625" lon="128.06118386797606945037841796875">
        <ele>1755.4000244140625</ele>
        <time>2026-10-03T09:00:34.000Z</time>
        <extensions>
          <ns3:TrackPointExtension>
            <ns3:hr>103</ns3:hr>
            <ns3:cad>0</ns3:cad>
          </ns3:TrackPointExtension>
        </extensions>
      </trkpt>
      <trkpt lat="42.059850990772247314453125" lon="128.06118252687156200408935546875">
        <ele>1756.800048828125</ele>
        <time>2026-10-03T09:00:36.000Z</time>
        <extensions>
          <ns3:TrackPointExtension>
            <ns3:hr>104</ns3:hr>
            <ns3:cad>0</ns3:cad>
          </ns3:TrackPointExtension>
        </extensions>
      </trkpt>
      <trkpt lat="42.0598469674587249755859375" lon="128.06118068285286426544189453125">
        <ele>1758</ele>
        <time>2026-10-03T09:00:38.000Z</time>
        <extensions>
          <ns3:TrackPointExtension>
            <ns3:hr>104</ns3:hr>
            <ns3:cad>0</ns3:cad>
          </ns3:TrackPointExtension>
        </extensions>
      </trkpt>
      <trkpt lat="42.05981679260730743408203125" lon="128.06118763983249664306640625">
        <ele>1759.4000244140625</ele>
        <time>2026-10-03T09:00:41.000Z</time>
        <extensions>
          <ns3:TrackPointExtension>
            <ns3:hr>104</ns3:hr>
            <ns3:cad>0</ns3:cad>
          </ns3:TrackPointExtension>
        </extensions>
      </trkpt>
      <trkpt lat="42.059798352420330047607421875" lon="128.0611990392208099365234375">
        <ele>1760.800048828125</ele>
        <time>2026-10-03T09:00:44.000Z</time>
        <extensions>
          <ns3:TrackPointExtension>
            <ns3:hr>104</ns3:hr>
            <ns3:cad>0</ns3:cad>
          </ns3:TrackPointExtension>
        </extensions>
      </trkpt>
      <trkpt lat="42.05978401936590671539306640625" lon="128.06121923960745334625244140625">
        <ele>1761</ele>
        <time>2026-10-03T09:00:47.000Z</time>
        <extensions>
          <ns3:TrackPointExtension>
            <ns3:hr>104</ns3:hr>
            <ns3:cad>0</ns3:cad>
          </ns3:TrackPointExtension>
        </extensions>
      </trkpt>
      <trkpt lat="42.05978401936590671539306640625" lon="128.06121253408491611480712890625">
        <ele>1761.199951171875</ele>
        <time>2026-10-03T09:00:54.000Z</time>
        <extensions>
          <ns3:TrackPointExtension>
            <ns3:hr>101</ns3:hr>
            <ns3:cad>0</ns3:cad>
          </ns3:TrackPointExtension>
        </extensions>
      </trkpt>
      <trkpt lat="42.0597676746547222137451171875" lon="128.06121253408491611480712890625">
        <ele>1761.800048828125</ele>
        <time>2026-10-03T09:01:03.000Z</time>
        <extensions>
          <ns3:TrackPointExtension>
            <ns3:hr>98</ns3:hr>
            <ns3:cad>0</ns3:cad>
          </ns3:TrackPointExtension>
        </extensions>
      </trkpt>
      <trkpt lat="42.05974881537258625030517578125" lon="128.0612189881503582000732421875">
        <ele>1763</ele>
        <time>2026-10-03T09:01:09.000Z</time>
        <extensions>
          <ns3:TrackPointExtension>
            <ns3:hr>96</ns3:hr>
            <ns3:cad>0</ns3:cad>
          </ns3:TrackPointExtension>
        </extensions>
      </trkpt>
      <trkpt lat="42.0597784034907817840576171875" lon="128.06122519075870513916015625">
        <ele>1763.800048828125</ele>
        <time>2026-10-03T09:01:16.000Z</time>
        <extensions>
          <ns3:TrackPointExtension>
            <ns3:hr>95</ns3:hr>
            <ns3:cad>0</ns3:cad>
          </ns3:TrackPointExtension>
        </extensions>
      </trkpt>
      <trkpt lat="42.05978033132851123809814453125" lon="128.0612266995012760162353515625">
        <ele>1763.199951171875</ele>
        <time>2026-10-03T09:01:23.000Z</time>
        <extensions>
          <ns3:TrackPointExtension>
            <ns3:hr>92</ns3:hr>
            <ns3:cad>0</ns3:cad>
          </ns3:TrackPointExtension>
        </extensions>
      </trkpt>
      <trkpt lat="42.05978033132851123809814453125" lon="128.06122519075870513916015625">
        <ele>1763</ele>
        <time>2026-10-03T09:01:27.000Z</time>
        <extensions>
          <ns3:TrackPointExtension>
            <ns3:hr>93</ns3:hr>
            <ns3:cad>0</ns3:cad>
          </ns3:TrackPointExtension>
        </extensions>
      </trkpt>
      <trkpt lat="42.0597921498119831085205078125" lon="128.06122519075870513916015625">
        <ele>1762.800048828125</ele>
        <time>2026-10-03T09:01:35.000Z</time>
        <extensions>
          <ns3:TrackPointExtension>
            <ns3:hr>90</ns3:hr>
            <ns3:cad>0</ns3:cad>
          </ns3:TrackPointExtension>
        </extensions>
      </trkpt>
      <trkpt lat="42.05979541875422000885009765625" lon="128.06122929789125919342041015625">
        <ele>1762</ele>
        <time>2026-10-03T09:01:41.000Z</time>
        <extensions>
          <ns3:TrackPointExtension>
            <ns3:hr>89</ns3:hr>
            <ns3:cad>0</ns3:cad>
          </ns3:TrackPointExtension>
        </extensions>
      </trkpt>
      <trkpt lat="42.0597961731255054473876953125" lon="128.06123214773833751678466796875">
        <ele>1761</ele>
        <time>2026-10-03T09:01:45.000Z</time>
        <extensions>
          <ns3:TrackPointExtension>
            <ns3:hr>92</ns3:hr>
            <ns3:cad>0</ns3:cad>
          </ns3:TrackPointExtension>
        </extensions>
      </trkpt>
      <trkpt lat="42.0597961731255054473876953125" lon="128.061232231557369232177734375">
        <ele>1760.800048828125</ele>
        <time>2026-10-03T09:01:46.000Z</time>
        <extensions>
          <ns3:TrackPointExtension>
            <ns3:hr>90</ns3:hr>
            <ns3:cad>0</ns3:cad>
          </ns3:TrackPointExtension>
        </extensions>
      </trkpt>
      <trkpt lat="42.0597965084016323089599609375" lon="128.06123365648090839385986328125">
        <ele>1759.5999755859375</ele>
        <time>2026-10-03T09:01:50.000Z</time>
        <extensions>
          <ns3:TrackPointExtension>
            <ns3:hr>92</ns3:hr>
            <ns3:cad>0</ns3:cad>
          </ns3:TrackPointExtension>
        </extensions>
      </trkpt>
      <trkpt lat="42.059796340763568878173828125" lon="128.0612347461283206939697265625">
        <ele>1758.800048828125</ele>
        <time>2026-10-03T09:01:52.000Z</time>
        <extensions>
          <ns3:TrackPointExtension>
            <ns3:hr>89</ns3:hr>
            <ns3:cad>0</ns3:cad>
          </ns3:TrackPointExtension>
        </extensions>
      </trkpt>
      <trkpt lat="42.0597961731255054473876953125" lon="128.06123482994735240936279296875">
        <ele>1758.5999755859375</ele>
        <time>2026-10-03T09:01:53.000Z</time>
        <extensions>
          <ns3:TrackPointExtension>
            <ns3:hr>91</ns3:hr>
            <ns3:cad>0</ns3:cad>
          </ns3:TrackPointExtension>
        </extensions>
      </trkpt>
      <trkpt lat="42.05979223363101482391357421875" lon="128.06125192902982234954833984375">
        <ele>1757.5999755859375</ele>
        <time>2026-10-03T09:02:01.000Z</time>
        <extensions>
          <ns3:TrackPointExtension>
            <ns3:hr>92</ns3:hr>
            <ns3:cad>0</ns3:cad>
          </ns3:TrackPointExtension>
        </extensions>
      </trkpt>
      <trkpt lat="42.05979156307876110076904296875" lon="128.0612551979720592498779296875">
        <ele>1757.199951171875</ele>
        <time>2026-10-03T09:02:05.000Z</time>
        <extensions>
          <ns3:TrackPointExtension>
            <ns3:hr>95</ns3:hr>
            <ns3:cad>0</ns3:cad>
          </ns3:TrackPointExtension>
        </extensions>
      </trkpt>
      <trkpt lat="42.05976583063602447509765625" lon="128.0612538568675518035888671875">
        <ele>1756.5999755859375</ele>
        <time>2026-10-03T09:02:32.000Z</time>
        <extensions>
          <ns3:TrackPointExtension>
            <ns3:hr>98</ns3:hr>
            <ns3:cad>0</ns3:cad>
          </ns3:TrackPointExtension>
        </extensions>
      </trkpt>
      <trkpt lat="42.05976474098861217498779296875" lon="128.061248324811458587646484375">
        <ele>1756.5999755859375</ele>
        <time>2026-10-03T09:02:33.000Z</time>
        <extensions>
          <ns3:TrackPointExtension>
            <ns3:hr>97</ns3:hr>
            <ns3:cad>0</ns3:cad>
          </ns3:TrackPointExtension>
        </extensions>
      </trkpt>
      <trkpt lat="42.05974060110747814178466796875" lon="128.0612404458224773406982421875">
        <ele>1755.5999755859375</ele>
        <time>2026-10-03T09:02:41.000Z</time>
        <extensions>
          <ns3:TrackPointExtension>
            <ns3:hr>101</ns3:hr>
            <ns3:cad>0</ns3:cad>
          </ns3:TrackPointExtension>
        </extensions>
      </trkpt>
      <trkpt lat="42.05973842181265354156494140625" lon="128.0612394399940967559814453125">
        <ele>1755.4000244140625</ele>
        <time>2026-10-03T09:02:42.000Z</time>
        <extensions>
          <ns3:TrackPointExtension>
            <ns3:hr>99</ns3:hr>
            <ns3:cad>0</ns3:cad>
          </ns3:TrackPointExtension>
        </extensions>
      </trkpt>
      <trkpt lat="42.059726603329181671142578125" lon="128.06123231537640094757080078125">
        <ele>1754.800048828125</ele>
        <time>2026-10-03T09:02:52.000Z</time>
        <extensions>
          <ns3:TrackPointExtension>
            <ns3:hr>102</ns3:hr>
            <ns3:cad>0</ns3:cad>
          </ns3:TrackPointExtension>
        </extensions>
      </trkpt>
      <trkpt lat="42.05972685478627681732177734375" lon="128.061230219900608062744140625">
        <ele>1754.800048828125</ele>
        <time>2026-10-03T09:02:59.000Z</time>
        <extensions>
          <ns3:TrackPointExtension>
            <ns3:hr>97</ns3:hr>
            <ns3:cad>46</ns3:cad>
          </ns3:TrackPointExtension>
        </extensions>
      </trkpt>
      <trkpt lat="42.059727944433689117431640625" lon="128.0612290464341640472412109375">
        <ele>1755</ele>
        <time>2026-10-03T09:03:00.000Z</time>
        <extensions>
          <ns3:TrackPointExtension>
            <ns3:hr>101</ns3:hr>
            <ns3:cad>47</ns3:cad>
          </ns3:TrackPointExtension>
        </extensions>
      </trkpt>
      <trkpt lat="42.05975770018994808197021484375" lon="128.06117079220712184906005859375">
        <ele>1755.5999755859375</ele>
        <time>2026-10-03T09:03:10.000Z</time>
        <extensions>
          <ns3:TrackPointExtension>
            <ns3:hr>98</ns3:hr>
            <ns3:cad>0</ns3:cad>
          </ns3:TrackPointExtension>
        </extensions>
      </trkpt>
      <trkpt lat="42.05979533493518829345703125" lon="128.06115067563951015472412109375">
        <ele>1755.800048828125</ele>
        <time>2026-10-03T09:03:15.000Z</time>
        <extensions>
          <ns3:TrackPointExtension>
            <ns3:hr>95</ns3:hr>
            <ns3:cad>54</ns3:cad>
          </ns3:TrackPointExtension>
        </extensions>
      </trkpt>
      <trkpt lat="42.05989591777324676513671875" lon="128.06108932010829448699951171875">
        <ele>1755.4000244140625</ele>
        <time>2026-10-03T09:03:23.000Z</time>
        <extensions>
          <ns3:TrackPointExtension>
            <ns3:hr>96</ns3:hr>
            <ns3:cad>54</ns3:cad>
          </ns3:TrackPointExtension>
        </extensions>
      </trkpt>
      <trkpt lat="42.05993807874619960784912109375" lon="128.06106048636138439178466796875">
        <ele>1754.800048828125</ele>
        <time>2026-10-03T09:03:25.000Z</time>
        <extensions>
          <ns3:TrackPointExtension>
            <ns3:hr>95</ns3:hr>
            <ns3:cad>49</ns3:cad>
          </ns3:TrackPointExtension>
        </extensions>
      </trkpt>
      <trkpt lat="42.05997244454920291900634765625" lon="128.06102276779711246490478515625">
        <ele>1754.199951171875</ele>
        <time>2026-10-03T09:03:27.000Z</time>
        <extensions>
          <ns3:TrackPointExtension>
            <ns3:hr>95</ns3:hr>
            <ns3:cad>53</ns3:cad>
          </ns3:TrackPointExtension>
        </extensions>
      </trkpt>
      <trkpt lat="42.05999289639294147491455078125" lon="128.06100835092365741729736328125">
        <ele>1753.800048828125</ele>
        <time>2026-10-03T09:03:28.000Z</time>
        <extensions>
          <ns3:TrackPointExtension>
            <ns3:hr>95</ns3:hr>
            <ns3:cad>53</ns3:cad>
          </ns3:TrackPointExtension>
        </extensions>
      </trkpt>
      <trkpt lat="42.0600052177906036376953125" lon="128.061004243791103363037109375">
        <ele>1753.199951171875</ele>
        <time>2026-10-03T09:03:29.000Z</time>
        <extensions>
          <ns3:TrackPointExtension>
            <ns3:hr>94</ns3:hr>
            <ns3:cad>53</ns3:cad>
          </ns3:TrackPointExtension>
        </extensions>
      </trkpt>
      <trkpt lat="42.060024328529834747314453125" lon="128.06098706088960170745849609375">
        <ele>1752.199951171875</ele>
        <time>2026-10-03T09:03:31.000Z</time>
        <extensions>
          <ns3:TrackPointExtension>
            <ns3:hr>94</ns3:hr>
            <ns3:cad>53</ns3:cad>
          </ns3:TrackPointExtension>
        </extensions>
      </trkpt>
      <trkpt lat="42.060029692947864532470703125" lon="128.060980103909969329833984375">
        <ele>1751.4000244140625</ele>
        <time>2026-10-03T09:03:32.000Z</time>
        <extensions>
          <ns3:TrackPointExtension>
            <ns3:hr>93</ns3:hr>
            <ns3:cad>53</ns3:cad>
          </ns3:TrackPointExtension>
        </extensions>
      </trkpt>
      <trkpt lat="42.0600348897278308868408203125" lon="128.06097012944519519805908203125">
        <ele>1751</ele>
        <time>2026-10-03T09:03:33.000Z</time>
        <extensions>
          <ns3:TrackPointExtension>
            <ns3:hr>93</ns3:hr>
            <ns3:cad>57</ns3:cad>
          </ns3:TrackPointExtension>
        </extensions>
      </trkpt>
      <trkpt lat="42.06005341373383998870849609375" lon="128.0609625019133090972900390625">
        <ele>1749.800048828125</ele>
        <time>2026-10-03T09:03:35.000Z</time>
        <extensions>
          <ns3:TrackPointExtension>
            <ns3:hr>95</ns3:hr>
            <ns3:cad>57</ns3:cad>
          </ns3:TrackPointExtension>
        </extensions>
      </trkpt>
      <trkpt lat="42.06007336266338825225830078125" lon="128.06095487438142299652099609375">
        <ele>1748.800048828125</ele>
        <time>2026-10-03T09:03:37.000Z</time>
        <extensions>
          <ns3:TrackPointExtension>
            <ns3:hr>96</ns3:hr>
            <ns3:cad>0</ns3:cad>
          </ns3:TrackPointExtension>
        </extensions>
      </trkpt>
      <trkpt lat="42.06008912064135074615478515625" lon="128.06094355881214141845703125">
        <ele>1747.199951171875</ele>
        <time>2026-10-03T09:03:39.000Z</time>
        <extensions>
          <ns3:TrackPointExtension>
            <ns3:hr>95</ns3:hr>
            <ns3:cad>56</ns3:cad>
          </ns3:TrackPointExtension>
        </extensions>
      </trkpt>
      <trkpt lat="42.0600972510874271392822265625" lon="128.0609380267560482025146484375">
        <ele>1746.5999755859375</ele>
        <time>2026-10-03T09:03:40.000Z</time>
        <extensions>
          <ns3:TrackPointExtension>
            <ns3:hr>95</ns3:hr>
            <ns3:cad>56</ns3:cad>
          </ns3:TrackPointExtension>
        </extensions>
      </trkpt>
      <trkpt lat="42.0601016096770763397216796875" lon="128.0609326623380184173583984375">
        <ele>1746</ele>
        <time>2026-10-03T09:03:41.000Z</time>
        <extensions>
          <ns3:TrackPointExtension>
            <ns3:hr>95</ns3:hr>
            <ns3:cad>55</ns3:cad>
          </ns3:TrackPointExtension>
        </extensions>
      </trkpt>
      <trkpt lat="42.0601076446473598480224609375" lon="128.06092302314937114715576171875">
        <ele>1745.4000244140625</ele>
        <time>2026-10-03T09:03:42.000Z</time>
        <extensions>
          <ns3:TrackPointExtension>
            <ns3:hr>96</ns3:hr>
            <ns3:cad>55</ns3:cad>
          </ns3:TrackPointExtension>
        </extensions>
      </trkpt>
      <trkpt lat="42.06011116504669189453125" lon="128.06091313250362873077392578125">
        <ele>1745</ele>
        <time>2026-10-03T09:03:43.000Z</time>
        <extensions>
          <ns3:TrackPointExtension>
            <ns3:hr>96</ns3:hr>
            <ns3:cad>56</ns3:cad>
          </ns3:TrackPointExtension>
        </extensions>
      </trkpt>
      <trkpt lat="42.060130275785923004150390625" lon="128.06086443364620208740234375">
        <ele>1743.800048828125</ele>
        <time>2026-10-03T09:03:47.000Z</time>
        <extensions>
          <ns3:TrackPointExtension>
            <ns3:hr>94</ns3:hr>
            <ns3:cad>57</ns3:cad>
          </ns3:TrackPointExtension>
        </extensions>
      </trkpt>
      <trkpt lat="42.06018500961363315582275390625" lon="128.0608468316495418548583984375">
        <ele>1744</ele>
        <time>2026-10-03T09:03:51.000Z</time>
        <extensions>
          <ns3:TrackPointExtension>
            <ns3:hr>94</ns3:hr>
            <ns3:cad>48</ns3:cad>
          </ns3:TrackPointExtension>
        </extensions>
      </trkpt>
      <trkpt lat="42.060210406780242919921875" lon="128.0607988871634006500244140625">
        <ele>1743.800048828125</ele>
        <time>2026-10-03T09:03:55.000Z</time>
        <extensions>
          <ns3:TrackPointExtension>
            <ns3:hr>93</ns3:hr>
            <ns3:cad>48</ns3:cad>
          </ns3:TrackPointExtension>
        </extensions>
      </trkpt>
      <trkpt lat="42.06022314727306365966796875" lon="128.06079545058310031890869140625">
        <ele>1743.5999755859375</ele>
        <time>2026-10-03T09:03:57.000Z</time>
        <extensions>
          <ns3:TrackPointExtension>
            <ns3:hr>94</ns3:hr>
            <ns3:cad>48</ns3:cad>
          </ns3:TrackPointExtension>
        </extensions>
      </trkpt>
      <trkpt lat="42.060244269669055938720703125" lon="128.06079796515405178070068359375">
        <ele>1742.800048828125</ele>
        <time>2026-10-03T09:04:00.000Z</time>
        <extensions>
          <ns3:TrackPointExtension>
            <ns3:hr>92</ns3:hr>
            <ns3:cad>49</ns3:cad>
          </ns3:TrackPointExtension>
        </extensions>
      </trkpt>
      <trkpt lat="42.0602850057184696197509765625" lon="128.06077181361615657806396484375">
        <ele>1741.4000244140625</ele>
        <time>2026-10-03T09:04:04.000Z</time>
        <extensions>
          <ns3:TrackPointExtension>
            <ns3:hr>90</ns3:hr>
            <ns3:cad>46</ns3:cad>
          </ns3:TrackPointExtension>
        </extensions>
      </trkpt>
      <trkpt lat="42.060301937162876129150390625" lon="128.060767538845539093017578125">
        <ele>1741</ele>
        <time>2026-10-03T09:04:05.000Z</time>
        <extensions>
          <ns3:TrackPointExtension>
            <ns3:hr>93</ns3:hr>
            <ns3:cad>47</ns3:cad>
          </ns3:TrackPointExtension>
        </extensions>
      </trkpt>
      <trkpt lat="42.0603128336369991302490234375" lon="128.06075270287692546844482421875">
        <ele>1740.5999755859375</ele>
        <time>2026-10-03T09:04:07.000Z</time>
        <extensions>
          <ns3:TrackPointExtension>
            <ns3:hr>93</ns3:hr>
            <ns3:cad>49</ns3:cad>
          </ns3:TrackPointExtension>
        </extensions>
      </trkpt>
      <trkpt lat="42.0603181980550289154052734375" lon="128.060741387307643890380859375">
        <ele>1740.4000244140625</ele>
        <time>2026-10-03T09:04:08.000Z</time>
        <extensions>
          <ns3:TrackPointExtension>
            <ns3:hr>93</ns3:hr>
            <ns3:cad>49</ns3:cad>
          </ns3:TrackPointExtension>
        </extensions>
      </trkpt>
      <trkpt lat="42.060372345149517059326171875" lon="128.06068631820380687713623046875">
        <ele>1739.4000244140625</ele>
        <time>2026-10-03T09:04:15.000Z</time>
        <extensions>
          <ns3:TrackPointExtension>
            <ns3:hr>92</ns3:hr>
            <ns3:cad>51</ns3:cad>
          </ns3:TrackPointExtension>
        </extensions>
      </trkpt>
      <trkpt lat="42.06037343479692935943603515625" lon="128.060675673186779022216796875">
        <ele>1739.199951171875</ele>
        <time>2026-10-03T09:04:16.000Z</time>
        <extensions>
          <ns3:TrackPointExtension>
            <ns3:hr>93</ns3:hr>
            <ns3:cad>51</ns3:cad>
          </ns3:TrackPointExtension>
        </extensions>
      </trkpt>
      <trkpt lat="42.060375697910785675048828125" lon="128.06065144948661327362060546875">
        <ele>1739.4000244140625</ele>
        <time>2026-10-03T09:04:19.000Z</time>
        <extensions>
          <ns3:TrackPointExtension>
            <ns3:hr>92</ns3:hr>
            <ns3:cad>50</ns3:cad>
          </ns3:TrackPointExtension>
        </extensions>
      </trkpt>
      <trkpt lat="42.0603798888623714447021484375" lon="128.06064574979245662689208984375">
        <ele>1739.4000244140625</ele>
        <time>2026-10-03T09:04:20.000Z</time>
        <extensions>
          <ns3:TrackPointExtension>
            <ns3:hr>91</ns3:hr>
            <ns3:cad>50</ns3:cad>
          </ns3:TrackPointExtension>
        </extensions>
      </trkpt>
      <trkpt lat="42.06038466654717922210693359375" lon="128.0606396310031414031982421875">
        <ele>1739.5999755859375</ele>
        <time>2026-10-03T09:04:21.000Z</time>
        <extensions>
          <ns3:TrackPointExtension>
            <ns3:hr>92</ns3:hr>
            <ns3:cad>48</ns3:cad>
          </ns3:TrackPointExtension>
        </extensions>
      </trkpt>
      <trkpt lat="42.06041626632213592529296875" lon="128.06060384027659893035888671875">
        <ele>1739.4000244140625</ele>
        <time>2026-10-03T09:04:25.000Z</time>
        <extensions>
          <ns3:TrackPointExtension>
            <ns3:hr>93</ns3:hr>
            <ns3:cad>49</ns3:cad>
          </ns3:TrackPointExtension>
        </extensions>
      </trkpt>
      <trkpt lat="42.06042230129241943359375" lon="128.0605995655059814453125">
        <ele>1739.199951171875</ele>
        <time>2026-10-03T09:04:26.000Z</time>
        <extensions>
          <ns3:TrackPointExtension>
            <ns3:hr>92</ns3:hr>
            <ns3:cad>49</ns3:cad>
          </ns3:TrackPointExtension>
        </extensions>
      </trkpt>
      <trkpt lat="42.06044350750744342803955078125" lon="128.0605796165764331817626953125">
        <ele>1738.199951171875</ele>
        <time>2026-10-03T09:04:29.000Z</time>
        <extensions>
          <ns3:TrackPointExtension>
            <ns3:hr>93</ns3:hr>
            <ns3:cad>49</ns3:cad>
          </ns3:TrackPointExtension>
        </extensions>
      </trkpt>
      <trkpt lat="42.06048206426203250885009765625" lon="128.06058472953736782073974609375">
        <ele>1737.4000244140625</ele>
        <time>2026-10-03T09:04:32.000Z</time>
        <extensions>
          <ns3:TrackPointExtension>
            <ns3:hr>96</ns3:hr>
            <ns3:cad>49</ns3:cad>
          </ns3:TrackPointExtension>
        </extensions>
      </trkpt>
      <trkpt lat="42.0604912005364894866943359375" lon="128.0605839751660823822021484375">
        <ele>1737.199951171875</ele>
        <time>2026-10-03T09:04:33.000Z</time>
        <extensions>
          <ns3:TrackPointExtension>
            <ns3:hr>91</ns3:hr>
            <ns3:cad>49</ns3:cad>
          </ns3:TrackPointExtension>
        </extensions>
      </trkpt>
      <trkpt lat="42.06050134263932704925537109375" lon="128.0605896748602390289306640625">
        <ele>1737.199951171875</ele>
        <time>2026-10-03T09:04:34.000Z</time>
        <extensions>
          <ns3:TrackPointExtension>
            <ns3:hr>94</ns3:hr>
            <ns3:cad>51</ns3:cad>
          </ns3:TrackPointExtension>
        </extensions>
      </trkpt>
      <trkpt lat="42.06051307730376720428466796875" lon="128.0605886690318584442138671875">
        <ele>1737</ele>
        <time>2026-10-03T09:04:35.000Z</time>
        <extensions>
          <ns3:TrackPointExtension>
            <ns3:hr>94</ns3:hr>
            <ns3:cad>51</ns3:cad>
          </ns3:TrackPointExtension>
        </extensions>
      </trkpt>
      <trkpt lat="42.06057929433882236480712890625" lon="128.0605812929570674896240234375">
        <ele>1736.800048828125</ele>
        <time>2026-10-03T09:04:39.000Z</time>
        <extensions>
          <ns3:TrackPointExtension>
            <ns3:hr>97</ns3:hr>
            <ns3:cad>49</ns3:cad>
          </ns3:TrackPointExtension>
        </extensions>
      </trkpt>
      <trkpt lat="42.06059220246970653533935546875" lon="128.0605705641210079193115234375">
        <ele>1736</ele>
        <time>2026-10-03T09:04:41.000Z</time>
        <extensions>
          <ns3:TrackPointExtension>
            <ns3:hr>94</ns3:hr>
            <ns3:cad>53</ns3:cad>
          </ns3:TrackPointExtension>
        </extensions>
      </trkpt>
      <trkpt lat="42.060639224946498870849609375" lon="128.0605641938745975494384765625">
        <ele>1734.800048828125</ele>
        <time>2026-10-03T09:04:46.000Z</time>
        <extensions>
          <ns3:TrackPointExtension>
            <ns3:hr>95</ns3:hr>
            <ns3:cad>47</ns3:cad>
          </ns3:TrackPointExtension>
        </extensions>
      </trkpt>
      <trkpt lat="42.060661353170871734619140625" lon="128.0605551414191722869873046875">
        <ele>1734</ele>
        <time>2026-10-03T09:04:48.000Z</time>
        <extensions>
          <ns3:TrackPointExtension>
            <ns3:hr>96</ns3:hr>
            <ns3:cad>51</ns3:cad>
          </ns3:TrackPointExtension>
        </extensions>
      </trkpt>
      <trkpt lat="42.06067266874015331268310546875" lon="128.060552291572093963623046875">
        <ele>1733.800048828125</ele>
        <time>2026-10-03T09:04:49.000Z</time>
        <extensions>
          <ns3:TrackPointExtension>
            <ns3:hr>96</ns3:hr>
            <ns3:cad>49</ns3:cad>
          </ns3:TrackPointExtension>
        </extensions>
      </trkpt>
      <trkpt lat="42.0607106387615203857421875" lon="128.06053443811833858489990234375">
        <ele>1733.199951171875</ele>
        <time>2026-10-03T09:04:55.000Z</time>
        <extensions>
          <ns3:TrackPointExtension>
            <ns3:hr>94</ns3:hr>
            <ns3:cad>57</ns3:cad>
          </ns3:TrackPointExtension>
        </extensions>
      </trkpt>
      <trkpt lat="42.060776688158512115478515625" lon="128.06045698933303356170654296875">
        <ele>1733.800048828125</ele>
        <time>2026-10-03T09:05:04.000Z</time>
        <extensions>
          <ns3:TrackPointExtension>
            <ns3:hr>94</ns3:hr>
            <ns3:cad>62</ns3:cad>
          </ns3:TrackPointExtension>
        </extensions>
      </trkpt>
      <trkpt lat="42.060838378965854644775390625" lon="128.06035573594272136688232421875">
        <ele>1733</ele>
        <time>2026-10-03T09:05:12.000Z</time>
        <extensions>
          <ns3:TrackPointExtension>
            <ns3:hr>93</ns3:hr>
            <ns3:cad>53</ns3:cad>
          </ns3:TrackPointExtension>
        </extensions>
      </trkpt>
      <trkpt lat="42.0609144866466522216796875" lon="128.06033930741250514984130859375">
        <ele>1733.4000244140625</ele>
        <time>2026-10-03T09:05:19.000Z</time>
        <extensions>
          <ns3:TrackPointExtension>
            <ns3:hr>94</ns3:hr>
            <ns3:cad>71</ns3:cad>
          </ns3:TrackPointExtension>
        </extensions>
      </trkpt>
      <trkpt lat="42.06093217246234416961669921875" lon="128.06033628992736339569091796875">
        <ele>1732.5999755859375</ele>
        <time>2026-10-03T09:05:21.000Z</time>
        <extensions>
          <ns3:TrackPointExtension>
            <ns3:hr>95</ns3:hr>
            <ns3:cad>0</ns3:cad>
          </ns3:TrackPointExtension>
        </extensions>
      </trkpt>
      <trkpt lat="42.06100165843963623046875" lon="128.06034601293504238128662109375">
        <ele>1731.5999755859375</ele>
        <time>2026-10-03T09:05:26.000Z</time>
        <extensions>
          <ns3:TrackPointExtension>
            <ns3:hr>94</ns3:hr>
            <ns3:cad>51</ns3:cad>
          </ns3:TrackPointExtension>
        </extensions>
      </trkpt>
      <trkpt lat="42.0610340125858783721923828125" lon="128.06035154499113559722900390625">
        <ele>1730.5999755859375</ele>
        <time>2026-10-03T09:05:29.000Z</time>
        <extensions>
          <ns3:TrackPointExtension>
            <ns3:hr>93</ns3:hr>
            <ns3:cad>52</ns3:cad>
          </ns3:TrackPointExtension>
        </extensions>
      </trkpt>
      <trkpt lat="42.06106008030474185943603515625" lon="128.06035338900983333587646484375">
        <ele>1729.199951171875</ele>
        <time>2026-10-03T09:05:31.000Z</time>
        <extensions>
          <ns3:TrackPointExtension>
            <ns3:hr>93</ns3:hr>
            <ns3:cad>52</ns3:cad>
          </ns3:TrackPointExtension>
        </extensions>
      </trkpt>
      <trkpt lat="42.0610718987882137298583984375" lon="128.06035858578979969024658203125">
        <ele>1728.5999755859375</ele>
        <time>2026-10-03T09:05:32.000Z</time>
        <extensions>
          <ns3:TrackPointExtension>
            <ns3:hr>93</ns3:hr>
            <ns3:cad>52</ns3:cad>
          </ns3:TrackPointExtension>
        </extensions>
      </trkpt>
      <trkpt lat="42.0610834658145904541015625" lon="128.06036395020782947540283203125">
        <ele>1728</ele>
        <time>2026-10-03T09:05:33.000Z</time>
        <extensions>
          <ns3:TrackPointExtension>
            <ns3:hr>93</ns3:hr>
            <ns3:cad>52</ns3:cad>
          </ns3:TrackPointExtension>
        </extensions>
      </trkpt>
      <trkpt lat="42.06111967563629150390625" lon="128.06038071401417255401611328125">
        <ele>1726.800048828125</ele>
        <time>2026-10-03T09:05:36.000Z</time>
        <extensions>
          <ns3:TrackPointExtension>
            <ns3:hr>93</ns3:hr>
            <ns3:cad>53</ns3:cad>
          </ns3:TrackPointExtension>
        </extensions>
      </trkpt>
      <trkpt lat="42.06112847663462162017822265625" lon="128.06038356386125087738037109375">
        <ele>1726.4000244140625</ele>
        <time>2026-10-03T09:05:37.000Z</time>
        <extensions>
          <ns3:TrackPointExtension>
            <ns3:hr>92</ns3:hr>
            <ns3:cad>54</ns3:cad>
          </ns3:TrackPointExtension>
        </extensions>
      </trkpt>
      <trkpt lat="42.06113182939589023590087890625" lon="128.060381300747394561767578125">
        <ele>1726</ele>
        <time>2026-10-03T09:05:38.000Z</time>
        <extensions>
          <ns3:TrackPointExtension>
            <ns3:hr>93</ns3:hr>
            <ns3:cad>54</ns3:cad>
          </ns3:TrackPointExtension>
        </extensions>
      </trkpt>
      <trkpt lat="42.06113451160490512847900390625" lon="128.060375265777111053466796875">
        <ele>1725.4000244140625</ele>
        <time>2026-10-03T09:05:39.000Z</time>
        <extensions>
          <ns3:TrackPointExtension>
            <ns3:hr>93</ns3:hr>
            <ns3:cad>53</ns3:cad>
          </ns3:TrackPointExtension>
        </extensions>
      </trkpt>
      <trkpt lat="42.06114255823194980621337890625" lon="128.0603667162358760833740234375">
        <ele>1724.199951171875</ele>
        <time>2026-10-03T09:05:41.000Z</time>
        <extensions>
          <ns3:TrackPointExtension>
            <ns3:hr>93</ns3:hr>
            <ns3:cad>52</ns3:cad>
          </ns3:TrackPointExtension>
        </extensions>
      </trkpt>
      <trkpt lat="42.061155550181865692138671875" lon="128.06038507260382175445556640625">
        <ele>1723.5999755859375</ele>
        <time>2026-10-03T09:05:42.000Z</time>
        <extensions>
          <ns3:TrackPointExtension>
            <ns3:hr>94</ns3:hr>
            <ns3:cad>52</ns3:cad>
          </ns3:TrackPointExtension>
        </extensions>
      </trkpt>
      <trkpt lat="42.06117357127368450164794921875" lon="128.060363866388797760009765625">
        <ele>1723</ele>
        <time>2026-10-03T09:05:45.000Z</time>
        <extensions>
          <ns3:TrackPointExtension>
            <ns3:hr>95</ns3:hr>
            <ns3:cad>52</ns3:cad>
          </ns3:TrackPointExtension>
        </extensions>
      </trkpt>
      <trkpt lat="42.06118664704263210296630859375" lon="128.06035942398011684417724609375">
        <ele>1723</ele>
        <time>2026-10-03T09:05:46.000Z</time>
        <extensions>
          <ns3:TrackPointExtension>
            <ns3:hr>94</ns3:hr>
            <ns3:cad>52</ns3:cad>
          </ns3:TrackPointExtension>
        </extensions>
      </trkpt>
      <trkpt lat="42.06121698953211307525634765625" lon="128.06034081615507602691650390625">
        <ele>1723.199951171875</ele>
        <time>2026-10-03T09:05:49.000Z</time>
        <extensions>
          <ns3:TrackPointExtension>
            <ns3:hr>93</ns3:hr>
            <ns3:cad>52</ns3:cad>
          </ns3:TrackPointExtension>
        </extensions>
      </trkpt>
      <trkpt lat="42.06124615855515003204345703125" lon="128.0603335238993167877197265625">
        <ele>1724</ele>
        <time>2026-10-03T09:05:52.000Z</time>
        <extensions>
          <ns3:TrackPointExtension>
            <ns3:hr>92</ns3:hr>
            <ns3:cad>51</ns3:cad>
          </ns3:TrackPointExtension>
        </extensions>
      </trkpt>
      <trkpt lat="42.06127935089170932769775390625" lon="128.06032874621450901031494140625">
        <ele>1724.800048828125</ele>
        <time>2026-10-03T09:05:55.000Z</time>
        <extensions>
          <ns3:TrackPointExtension>
            <ns3:hr>94</ns3:hr>
            <ns3:cad>52</ns3:cad>
          </ns3:TrackPointExtension>
        </extensions>
      </trkpt>
      <trkpt lat="42.0612928457558155059814453125" lon="128.0603281594812870025634765625">
        <ele>1724.800048828125</ele>
        <time>2026-10-03T09:05:56.000Z</time>
        <extensions>
          <ns3:TrackPointExtension>
            <ns3:hr>97</ns3:hr>
            <ns3:cad>52</ns3:cad>
          </ns3:TrackPointExtension>
        </extensions>
      </trkpt>
      <trkpt lat="42.06133425235748291015625" lon="128.0603204481303691864013671875">
        <ele>1725.199951171875</ele>
        <time>2026-10-03T09:05:58.000Z</time>
        <extensions>
          <ns3:TrackPointExtension>
            <ns3:hr>99</ns3:hr>
            <ns3:cad>53</ns3:cad>
          </ns3:TrackPointExtension>
        </extensions>
      </trkpt>
      <trkpt lat="42.0613542012870311737060546875" lon="128.06031432934105396270751953125">
        <ele>1725.4000244140625</ele>
        <time>2026-10-03T09:05:59.000Z</time>
        <extensions>
          <ns3:TrackPointExtension>
            <ns3:hr>96</ns3:hr>
            <ns3:cad>54</ns3:cad>
          </ns3:TrackPointExtension>
        </extensions>
      </trkpt>
      <trkpt lat="42.0613632537424564361572265625" lon="128.06031055748462677001953125">
        <ele>1725.4000244140625</ele>
        <time>2026-10-03T09:06:00.000Z</time>
        <extensions>
          <ns3:TrackPointExtension>
            <ns3:hr>95</ns3:hr>
            <ns3:cad>105</ns3:cad>
          </ns3:TrackPointExtension>
        </extensions>
      </trkpt>
      <trkpt lat="42.06139393150806427001953125" lon="128.060314916074275970458984375">
        <ele>1725.800048828125</ele>
        <time>2026-10-03T09:06:02.000Z</time>
        <extensions>
          <ns3:TrackPointExtension>
            <ns3:hr>95</ns3:hr>
            <ns3:cad>104</ns3:cad>
          </ns3:TrackPointExtension>
        </extensions>
      </trkpt>
      <trkpt lat="42.061408348381519317626953125" lon="128.0603144131600856781005859375">
        <ele>1726.199951171875</ele>
        <time>2026-10-03T09:06:03.000Z</time>
        <extensions>
          <ns3:TrackPointExtension>
            <ns3:hr>95</ns3:hr>
            <ns3:cad>104</ns3:cad>
          </ns3:TrackPointExtension>
        </extensions>
      </trkpt>
      <trkpt lat="42.06146098673343658447265625" lon="128.06031047366559505462646484375">
        <ele>1727.199951171875</ele>
        <time>2026-10-03T09:06:08.000Z</time>
        <extensions>
          <ns3:TrackPointExtension>
            <ns3:hr>98</ns3:hr>
            <ns3:cad>106</ns3:cad>
          </ns3:TrackPointExtension>
        </extensions>
      </trkpt>
      <trkpt lat="42.06146727316081523895263671875" lon="128.0603157542645931243896484375">
        <ele>1727.4000244140625</ele>
        <time>2026-10-03T09:06:09.000Z</time>
        <extensions>
          <ns3:TrackPointExtension>
            <ns3:hr>96</ns3:hr>
            <ns3:cad>107</ns3:cad>
          </ns3:TrackPointExtension>
        </extensions>
      </trkpt>
      <trkpt lat="42.06148135475814342498779296875" lon="128.0603227950632572174072265625">
        <ele>1727.5999755859375</ele>
        <time>2026-10-03T09:06:10.000Z</time>
        <extensions>
          <ns3:TrackPointExtension>
            <ns3:hr>99</ns3:hr>
            <ns3:cad>110</ns3:cad>
          </ns3:TrackPointExtension>
        </extensions>
      </trkpt>
      <trkpt lat="42.061503231525421142578125" lon="128.06033201515674591064453125">
        <ele>1727.800048828125</ele>
        <time>2026-10-03T09:06:12.000Z</time>
        <extensions>
          <ns3:TrackPointExtension>
            <ns3:hr>99</ns3:hr>
            <ns3:cad>111</ns3:cad>
          </ns3:TrackPointExtension>
        </extensions>
      </trkpt>
      <trkpt lat="42.06151337362825870513916015625" lon="128.06033712811768054962158203125">
        <ele>1728</ele>
        <time>2026-10-03T09:06:13.000Z</time>
        <extensions>
          <ns3:TrackPointExtension>
            <ns3:hr>93</ns3:hr>
            <ns3:cad>110</ns3:cad>
          </ns3:TrackPointExtension>
        </extensions>
      </trkpt>
      <trkpt lat="42.061519660055637359619140625" lon="128.0603378824889659881591796875">
        <ele>1728.199951171875</ele>
        <time>2026-10-03T09:06:14.000Z</time>
        <extensions>
          <ns3:TrackPointExtension>
            <ns3:hr>95</ns3:hr>
            <ns3:cad>110</ns3:cad>
          </ns3:TrackPointExtension>
        </extensions>
      </trkpt>
      <trkpt lat="42.061527036130428314208984375" lon="128.06034333072602748870849609375">
        <ele>1728.4000244140625</ele>
        <time>2026-10-03T09:06:15.000Z</time>
        <extensions>
          <ns3:TrackPointExtension>
            <ns3:hr>92</ns3:hr>
            <ns3:cad>110</ns3:cad>
          </ns3:TrackPointExtension>
        </extensions>
      </trkpt>
      <trkpt lat="42.06157707609236240386962890625" lon="128.06036646477878093719482421875">
        <ele>1729.199951171875</ele>
        <time>2026-10-03T09:06:20.000Z</time>
        <extensions>
          <ns3:TrackPointExtension>
            <ns3:hr>90</ns3:hr>
            <ns3:cad>54</ns3:cad>
          </ns3:TrackPointExtension>
        </extensions>
      </trkpt>
      <trkpt lat="42.0616038143634796142578125" lon="128.06037015281617641448974609375">
        <ele>1729.4000244140625</ele>
        <time>2026-10-03T09:06:22.000Z</time>
        <extensions>
          <ns3:TrackPointExtension>
            <ns3:hr>90</ns3:hr>
            <ns3:cad>52</ns3:cad>
          </ns3:TrackPointExtension>
        </extensions>
      </trkpt>
      <trkpt lat="42.06161261536180973052978515625" lon="128.060367219150066375732421875">
        <ele>1729.800048828125</ele>
        <time>2026-10-03T09:06:23.000Z</time>
        <extensions>
          <ns3:TrackPointExtension>
            <ns3:hr>90</ns3:hr>
            <ns3:cad>51</ns3:cad>
          </ns3:TrackPointExtension>
        </extensions>
      </trkpt>
      <trkpt lat="42.0616338215768337249755859375" lon="128.06038104929029941558837890625">
        <ele>1730.5999755859375</ele>
        <time>2026-10-03T09:06:25.000Z</time>
        <extensions>
          <ns3:TrackPointExtension>
            <ns3:hr>88</ns3:hr>
            <ns3:cad>52</ns3:cad>
          </ns3:TrackPointExtension>
        </extensions>
      </trkpt>
      <trkpt lat="42.06164740025997161865234375" lon="128.06039613671600818634033203125">
        <ele>1731.199951171875</ele>
        <time>2026-10-03T09:06:27.000Z</time>
        <extensions>
          <ns3:TrackPointExtension>
            <ns3:hr>90</ns3:hr>
            <ns3:cad>53</ns3:cad>
          </ns3:TrackPointExtension>
        </extensions>
      </trkpt>
      <trkpt lat="42.061663158237934112548828125" lon="128.0604015849530696868896484375">
        <ele>1731.5999755859375</ele>
        <time>2026-10-03T09:06:29.000Z</time>
        <extensions>
          <ns3:TrackPointExtension>
            <ns3:hr>90</ns3:hr>
            <ns3:cad>105</ns3:cad>
          </ns3:TrackPointExtension>
        </extensions>
      </trkpt>
      <trkpt lat="42.06173700280487537384033203125" lon="128.060447014868259429931640625">
        <ele>1731.800048828125</ele>
        <time>2026-10-03T09:06:33.000Z</time>
        <extensions>
          <ns3:TrackPointExtension>
            <ns3:hr>91</ns3:hr>
            <ns3:cad>104</ns3:cad>
          </ns3:TrackPointExtension>
        </extensions>
      </trkpt>
      <trkpt lat="42.0618188939988613128662109375" lon="128.0605085380375385284423828125">
        <ele>1731.800048828125</ele>
        <time>2026-10-03T09:06:36.000Z</time>
        <extensions>
          <ns3:TrackPointExtension>
            <ns3:hr>90</ns3:hr>
            <ns3:cad>107</ns3:cad>
          </ns3:TrackPointExtension>
        </extensions>
      </trkpt>
      <trkpt lat="42.06184579990804195404052734375" lon="128.0605182610452175140380859375">
        <ele>1732.5999755859375</ele>
        <time>2026-10-03T09:06:38.000Z</time>
        <extensions>
          <ns3:TrackPointExtension>
            <ns3:hr>93</ns3:hr>
            <ns3:cad>110</ns3:cad>
          </ns3:TrackPointExtension>
        </extensions>
      </trkpt>
      <trkpt lat="42.0618487335741519927978515625" lon="128.0605199374258518218994140625">
        <ele>1733.199951171875</ele>
        <time>2026-10-03T09:06:40.000Z</time>
        <extensions>
          <ns3:TrackPointExtension>
            <ns3:hr>90</ns3:hr>
            <ns3:cad>110</ns3:cad>
          </ns3:TrackPointExtension>
        </extensions>
      </trkpt>
      <trkpt lat="42.0618546009063720703125" lon="128.0605316720902919769287109375">
        <ele>1733.4000244140625</ele>
        <time>2026-10-03T09:06:42.000Z</time>
        <extensions>
          <ns3:TrackPointExtension>
            <ns3:hr>90</ns3:hr>
            <ns3:cad>109</ns3:cad>
          </ns3:TrackPointExtension>
        </extensions>
      </trkpt>
      <trkpt lat="42.06187195144593715667724609375" lon="128.06053980253636837005615234375">
        <ele>1733.5999755859375</ele>
        <time>2026-10-03T09:06:44.000Z</time>
        <extensions>
          <ns3:TrackPointExtension>
            <ns3:hr>90</ns3:hr>
            <ns3:cad>105</ns3:cad>
          </ns3:TrackPointExtension>
        </extensions>
      </trkpt>
      <trkpt lat="42.06187932752072811126708984375" lon="128.06053041480481624603271484375">
        <ele>1733.800048828125</ele>
        <time>2026-10-03T09:06:45.000Z</time>
        <extensions>
          <ns3:TrackPointExtension>
            <ns3:hr>89</ns3:hr>
            <ns3:cad>52</ns3:cad>
          </ns3:TrackPointExtension>
        </extensions>
      </trkpt>
      <trkpt lat="42.0618869550526142120361328125" lon="128.06053678505122661590576171875">
        <ele>1734</ele>
        <time>2026-10-03T09:06:47.000Z</time>
        <extensions>
          <ns3:TrackPointExtension>
            <ns3:hr>84</ns3:hr>
            <ns3:cad>54</ns3:cad>
          </ns3:TrackPointExtension>
        </extensions>
      </trkpt>
      <trkpt lat="42.06189240328967571258544921875" lon="128.0605541355907917022705078125">
        <ele>1734</ele>
        <time>2026-10-03T09:06:48.000Z</time>
        <extensions>
          <ns3:TrackPointExtension>
            <ns3:hr>90</ns3:hr>
            <ns3:cad>54</ns3:cad>
          </ns3:TrackPointExtension>
        </extensions>
      </trkpt>
      <trkpt lat="42.06192509271204471588134765625" lon="128.0605641938745975494384765625">
        <ele>1734.4000244140625</ele>
        <time>2026-10-03T09:06:53.000Z</time>
        <extensions>
          <ns3:TrackPointExtension>
            <ns3:hr>89</ns3:hr>
            <ns3:cad>51</ns3:cad>
          </ns3:TrackPointExtension>
        </extensions>
      </trkpt>
      <trkpt lat="42.0619265176355838775634765625" lon="128.06058305315673351287841796875">
        <ele>1734.199951171875</ele>
        <time>2026-10-03T09:06:54.000Z</time>
        <extensions>
          <ns3:TrackPointExtension>
            <ns3:hr>92</ns3:hr>
            <ns3:cad>49</ns3:cad>
          </ns3:TrackPointExtension>
        </extensions>
      </trkpt>
      <trkpt lat="42.06190346740186214447021484375" lon="128.06057215668261051177978515625">
        <ele>1733.5999755859375</ele>
        <time>2026-10-03T09:06:57.000Z</time>
        <extensions>
          <ns3:TrackPointExtension>
            <ns3:hr>90</ns3:hr>
            <ns3:cad>0</ns3:cad>
          </ns3:TrackPointExtension>
        </extensions>
      </trkpt>
      <trkpt lat="42.06191402859985828399658203125" lon="128.06054659187793731689453125">
        <ele>1732.4000244140625</ele>
        <time>2026-10-03T09:07:00.000Z</time>
        <extensions>
          <ns3:TrackPointExtension>
            <ns3:hr>90</ns3:hr>
            <ns3:cad>0</ns3:cad>
          </ns3:TrackPointExtension>
        </extensions>
      </trkpt>
      <trkpt lat="42.06192878074944019317626953125" lon="128.06055061519145965576171875">
        <ele>1732.199951171875</ele>
        <time>2026-10-03T09:07:01.000Z</time>
        <extensions>
          <ns3:TrackPointExtension>
            <ns3:hr>90</ns3:hr>
            <ns3:cad>0</ns3:cad>
          </ns3:TrackPointExtension>
        </extensions>
      </trkpt>
      <trkpt lat="42.06193012185394763946533203125" lon="128.0605846457183361053466796875">
        <ele>1731.4000244140625</ele>
        <time>2026-10-03T09:07:06.000Z</time>
        <extensions>
          <ns3:TrackPointExtension>
            <ns3:hr>90</ns3:hr>
            <ns3:cad>0</ns3:cad>
          </ns3:TrackPointExtension>
        </extensions>
      </trkpt>
      <trkpt lat="42.06192274577915668487548828125" lon="128.06058674119412899017333984375">
        <ele>1731.4000244140625</ele>
        <time>2026-10-03T09:07:07.000Z</time>
        <extensions>
          <ns3:TrackPointExtension>
            <ns3:hr>90</ns3:hr>
            <ns3:cad>0</ns3:cad>
          </ns3:TrackPointExtension>
        </extensions>
      </trkpt>
      <trkpt lat="42.06194110214710235595703125" lon="128.06058607064187526702880859375">
        <ele>1730.5999755859375</ele>
        <time>2026-10-03T09:07:12.000Z</time>
        <extensions>
          <ns3:TrackPointExtension>
            <ns3:hr>91</ns3:hr>
            <ns3:cad>0</ns3:cad>
          </ns3:TrackPointExtension>
        </extensions>
      </trkpt>
      <trkpt lat="42.06193045713007450103759765625" lon="128.06053854525089263916015625">
        <ele>1730.4000244140625</ele>
        <time>2026-10-03T09:07:17.000Z</time>
        <extensions>
          <ns3:TrackPointExtension>
            <ns3:hr>90</ns3:hr>
            <ns3:cad>0</ns3:cad>
          </ns3:TrackPointExtension>
        </extensions>
      </trkpt>
      <trkpt lat="42.06190413795411586761474609375" lon="128.06051264517009258270263671875">
        <ele>1731.4000244140625</ele>
        <time>2026-10-03T09:07:22.000Z</time>
        <extensions>
          <ns3:TrackPointExtension>
            <ns3:hr>88</ns3:hr>
            <ns3:cad>44</ns3:cad>
          </ns3:TrackPointExtension>
        </extensions>
      </trkpt>
      <trkpt lat="42.06190413795411586761474609375" lon="128.06051264517009258270263671875">
        <ele>1732.4000244140625</ele>
        <time>2026-10-03T09:07:23.000Z</time>
        <extensions>
          <ns3:TrackPointExtension>
            <ns3:hr>88</ns3:hr>
            <ns3:cad>44</ns3:cad>
          </ns3:TrackPointExtension>
        </extensions>
      </trkpt>
      <trkpt lat="42.06190413795411586761474609375" lon="128.06051264517009258270263671875">
        <ele>1733.199951171875</ele>
        <time>2026-10-03T09:07:24.000Z</time>
        <extensions>
          <ns3:TrackPointExtension>
            <ns3:hr>94</ns3:hr>
            <ns3:cad>42</ns3:cad>
          </ns3:TrackPointExtension>
        </extensions>
      </trkpt>
      <trkpt lat="42.06190413795411586761474609375" lon="128.06051264517009258270263671875">
        <ele>1733.5999755859375</ele>
        <time>2026-10-03T09:07:25.000Z</time>
        <extensions>
          <ns3:TrackPointExtension>
            <ns3:hr>94</ns3:hr>
            <ns3:cad>42</ns3:cad>
          </ns3:TrackPointExtension>
        </extensions>
      </trkpt>
      <trkpt lat="42.06190413795411586761474609375" lon="128.06051264517009258270263671875">
        <ele>1734.4000244140625</ele>
        <time>2026-10-03T09:07:27.000Z</time>
        <extensions>
          <ns3:TrackPointExtension>
            <ns3:hr>99</ns3:hr>
            <ns3:cad>44</ns3:cad>
          </ns3:TrackPointExtension>
        </extensions>
      </trkpt>
      <trkpt lat="42.06190413795411586761474609375" lon="128.06051264517009258270263671875">
        <ele>1734.5999755859375</ele>
        <time>2026-10-03T09:07:28.000Z</time>
        <extensions>
          <ns3:TrackPointExtension>
            <ns3:hr>104</ns3:hr>
            <ns3:cad>48</ns3:cad>
          </ns3:TrackPointExtension>
        </extensions>
      </trkpt>
      <trkpt lat="42.06190413795411586761474609375" lon="128.06051264517009258270263671875">
        <ele>1734.800048828125</ele>
        <time>2026-10-03T09:07:29.000Z</time>
        <extensions>
          <ns3:TrackPointExtension>
            <ns3:hr>104</ns3:hr>
            <ns3:cad>48</ns3:cad>
          </ns3:TrackPointExtension>
        </extensions>
      </trkpt>
      <trkpt lat="42.061915956437587738037109375" lon="128.06050644256174564361572265625">
        <ele>1735.199951171875</ele>
        <time>2026-10-03T09:07:37.000Z</time>
        <extensions>
          <ns3:TrackPointExtension>
            <ns3:hr>101</ns3:hr>
            <ns3:cad>0</ns3:cad>
          </ns3:TrackPointExtension>
        </extensions>
      </trkpt>
      <trkpt lat="42.061917968094348907470703125" lon="128.060500659048557281494140625">
        <ele>1734.199951171875</ele>
        <time>2026-10-03T09:07:40.000Z</time>
        <extensions>
          <ns3:TrackPointExtension>
            <ns3:hr>98</ns3:hr>
            <ns3:cad>0</ns3:cad>
          </ns3:TrackPointExtension>
        </extensions>
      </trkpt>
      <trkpt lat="42.06191956065595149993896484375" lon="128.06049789302051067352294921875">
        <ele>1733.5999755859375</ele>
        <time>2026-10-03T09:07:41.000Z</time>
        <extensions>
          <ns3:TrackPointExtension>
            <ns3:hr>98</ns3:hr>
            <ns3:cad>0</ns3:cad>
          </ns3:TrackPointExtension>
        </extensions>
      </trkpt>
      <trkpt lat="42.06194403581321239471435546875" lon="128.060504011809825897216796875">
        <ele>1732.5999755859375</ele>
        <time>2026-10-03T09:07:43.000Z</time>
        <extensions>
          <ns3:TrackPointExtension>
            <ns3:hr>97</ns3:hr>
            <ns3:cad>0</ns3:cad>
          </ns3:TrackPointExtension>
        </extensions>
      </trkpt>
      <trkpt lat="42.06197605468332767486572265625" lon="128.06050694547593593597412109375">
        <ele>1731.5999755859375</ele>
        <time>2026-10-03T09:07:46.000Z</time>
        <extensions>
          <ns3:TrackPointExtension>
            <ns3:hr>98</ns3:hr>
            <ns3:cad>0</ns3:cad>
          </ns3:TrackPointExtension>
        </extensions>
      </trkpt>
      <trkpt lat="42.0619851909577846527099609375" lon="128.06050677783787250518798828125">
        <ele>1731.199951171875</ele>
        <time>2026-10-03T09:07:48.000Z</time>
        <extensions>
          <ns3:TrackPointExtension>
            <ns3:hr>98</ns3:hr>
            <ns3:cad>0</ns3:cad>
          </ns3:TrackPointExtension>
        </extensions>
      </trkpt>
      <trkpt lat="42.06201259978115558624267578125" lon="128.06051499210298061370849609375">
        <ele>1731</ele>
        <time>2026-10-03T09:07:52.000Z</time>
        <extensions>
          <ns3:TrackPointExtension>
            <ns3:hr>100</ns3:hr>
            <ns3:cad>0</ns3:cad>
          </ns3:TrackPointExtension>
        </extensions>
      </trkpt>
      <trkpt lat="42.06198812462389469146728515625" lon="128.06051717139780521392822265625">
        <ele>1731.800048828125</ele>
        <time>2026-10-03T09:07:58.000Z</time>
        <extensions>
          <ns3:TrackPointExtension>
            <ns3:hr>103</ns3:hr>
            <ns3:cad>0</ns3:cad>
          </ns3:TrackPointExtension>
        </extensions>
      </trkpt>
      <trkpt lat="42.06199583597481250762939453125" lon="128.0605155788362026214599609375">
        <ele>1732.4000244140625</ele>
        <time>2026-10-03T09:08:02.000Z</time>
        <extensions>
          <ns3:TrackPointExtension>
            <ns3:hr>103</ns3:hr>
            <ns3:cad>0</ns3:cad>
          </ns3:TrackPointExtension>
        </extensions>
      </trkpt>
      <trkpt lat="42.06199918873608112335205078125" lon="128.0605125613510608673095703125">
        <ele>1732.800048828125</ele>
        <time>2026-10-03T09:08:03.000Z</time>
        <extensions>
          <ns3:TrackPointExtension>
            <ns3:hr>103</ns3:hr>
            <ns3:cad>0</ns3:cad>
          </ns3:TrackPointExtension>
        </extensions>
      </trkpt>
      <trkpt lat="42.0620048046112060546875" lon="128.06048263795673847198486328125">
        <ele>1734</ele>
        <time>2026-10-03T09:08:05.000Z</time>
        <extensions>
          <ns3:TrackPointExtension>
            <ns3:hr>103</ns3:hr>
            <ns3:cad>0</ns3:cad>
          </ns3:TrackPointExtension>
        </extensions>
      </trkpt>
      <trkpt lat="42.06201243214309215545654296875" lon="128.0604833923280239105224609375">
        <ele>1735</ele>
        <time>2026-10-03T09:08:07.000Z</time>
        <extensions>
          <ns3:TrackPointExtension>
            <ns3:hr>103</ns3:hr>
            <ns3:cad>0</ns3:cad>
          </ns3:TrackPointExtension>
        </extensions>
      </trkpt>
      <trkpt lat="42.06201544962823390960693359375" lon="128.0604921095073223114013671875">
        <ele>1735.5999755859375</ele>
        <time>2026-10-03T09:08:08.000Z</time>
        <extensions>
          <ns3:TrackPointExtension>
            <ns3:hr>103</ns3:hr>
            <ns3:cad>0</ns3:cad>
          </ns3:TrackPointExtension>
        </extensions>
      </trkpt>
      <trkpt lat="42.06203741021454334259033203125" lon="128.0605092085897922515869140625">
        <ele>1736.800048828125</ele>
        <time>2026-10-03T09:08:11.000Z</time>
        <extensions>
          <ns3:TrackPointExtension>
            <ns3:hr>103</ns3:hr>
            <ns3:cad>0</ns3:cad>
          </ns3:TrackPointExtension>
        </extensions>
      </trkpt>
      <trkpt lat="42.06203657202422618865966796875" lon="128.0605135671794414520263671875">
        <ele>1737</ele>
        <time>2026-10-03T09:08:12.000Z</time>
        <extensions>
          <ns3:TrackPointExtension>
            <ns3:hr>103</ns3:hr>
            <ns3:cad>0</ns3:cad>
          </ns3:TrackPointExtension>
        </extensions>
      </trkpt>
      <trkpt lat="42.06202701665461063385009765625" lon="128.060502000153064727783203125">
        <ele>1737.5999755859375</ele>
        <time>2026-10-03T09:08:16.000Z</time>
        <extensions>
          <ns3:TrackPointExtension>
            <ns3:hr>103</ns3:hr>
            <ns3:cad>0</ns3:cad>
          </ns3:TrackPointExtension>
        </extensions>
      </trkpt>
      <trkpt lat="42.0620115101337432861328125" lon="128.06049034930765628814697265625">
        <ele>1738.199951171875</ele>
        <time>2026-10-03T09:08:18.000Z</time>
        <extensions>
          <ns3:TrackPointExtension>
            <ns3:hr>103</ns3:hr>
            <ns3:cad>0</ns3:cad>
          </ns3:TrackPointExtension>
        </extensions>
      </trkpt>
      <trkpt lat="42.061998434364795684814453125" lon="128.0604941211640834808349609375">
        <ele>1739.5999755859375</ele>
        <time>2026-10-03T09:08:20.000Z</time>
        <extensions>
          <ns3:TrackPointExtension>
            <ns3:hr>102</ns3:hr>
            <ns3:cad>0</ns3:cad>
          </ns3:TrackPointExtension>
        </extensions>
      </trkpt>
      <trkpt lat="42.06199449487030506134033203125" lon="128.06050325743854045867919921875">
        <ele>1740.5999755859375</ele>
        <time>2026-10-03T09:08:21.000Z</time>
        <extensions>
          <ns3:TrackPointExtension>
            <ns3:hr>102</ns3:hr>
            <ns3:cad>0</ns3:cad>
          </ns3:TrackPointExtension>
        </extensions>
      </trkpt>
      <trkpt lat="42.06198535859584808349609375" lon="128.06050141341984272003173828125">
        <ele>1742</ele>
        <time>2026-10-03T09:08:23.000Z</time>
        <extensions>
          <ns3:TrackPointExtension>
            <ns3:hr>102</ns3:hr>
            <ns3:cad>0</ns3:cad>
          </ns3:TrackPointExtension>
        </extensions>
      </trkpt>
      <trkpt lat="42.06197421066462993621826171875" lon="128.0605008266866207122802734375">
        <ele>1742.800048828125</ele>
        <time>2026-10-03T09:08:26.000Z</time>
        <extensions>
          <ns3:TrackPointExtension>
            <ns3:hr>102</ns3:hr>
            <ns3:cad>0</ns3:cad>
          </ns3:TrackPointExtension>
        </extensions>
      </trkpt>
      <trkpt lat="42.06196867860853672027587890625" lon="128.06050501763820648193359375">
        <ele>1742.800048828125</ele>
        <time>2026-10-03T09:08:27.000Z</time>
        <extensions>
          <ns3:TrackPointExtension>
            <ns3:hr>101</ns3:hr>
            <ns3:cad>40</ns3:cad>
          </ns3:TrackPointExtension>
        </extensions>
      </trkpt>
      <trkpt lat="42.06195057369768619537353515625" lon="128.06050057522952556610107421875">
        <ele>1741.4000244140625</ele>
        <time>2026-10-03T09:08:33.000Z</time>
        <extensions>
          <ns3:TrackPointExtension>
            <ns3:hr>99</ns3:hr>
            <ns3:cad>0</ns3:cad>
          </ns3:TrackPointExtension>
        </extensions>
      </trkpt>
      <trkpt lat="42.0619100891053676605224609375" lon="128.06047492660582065582275390625">
        <ele>1740.800048828125</ele>
        <time>2026-10-03T09:08:38.000Z</time>
        <extensions>
          <ns3:TrackPointExtension>
            <ns3:hr>98</ns3:hr>
            <ns3:cad>0</ns3:cad>
          </ns3:TrackPointExtension>
        </extensions>
      </trkpt>
      <trkpt lat="42.061908580362796783447265625" lon="128.06047685444355010986328125">
        <ele>1740.5999755859375</ele>
        <time>2026-10-03T09:08:39.000Z</time>
        <extensions>
          <ns3:TrackPointExtension>
            <ns3:hr>98</ns3:hr>
            <ns3:cad>0</ns3:cad>
          </ns3:TrackPointExtension>
        </extensions>
      </trkpt>
      <trkpt lat="42.06189542077481746673583984375" lon="128.06048448197543621063232421875">
        <ele>1739.5999755859375</ele>
        <time>2026-10-03T09:08:43.000Z</time>
        <extensions>
          <ns3:TrackPointExtension>
            <ns3:hr>98</ns3:hr>
            <ns3:cad>0</ns3:cad>
          </ns3:TrackPointExtension>
        </extensions>
      </trkpt>
      <trkpt lat="42.06189416348934173583984375" lon="128.06045296601951122283935546875">
        <ele>1738.5999755859375</ele>
        <time>2026-10-03T09:08:47.000Z</time>
        <extensions>
          <ns3:TrackPointExtension>
            <ns3:hr>97</ns3:hr>
            <ns3:cad>0</ns3:cad>
          </ns3:TrackPointExtension>
        </extensions>
      </trkpt>
      <trkpt lat="42.06190631724894046783447265625" lon="128.0604485236108303070068359375">
        <ele>1737.800048828125</ele>
        <time>2026-10-03T09:08:49.000Z</time>
        <extensions>
          <ns3:TrackPointExtension>
            <ns3:hr>95</ns3:hr>
            <ns3:cad>0</ns3:cad>
          </ns3:TrackPointExtension>
        </extensions>
      </trkpt>
      <trkpt lat="42.061905898153781890869140625" lon="128.06044525466859340667724609375">
        <ele>1737.199951171875</ele>
        <time>2026-10-03T09:08:50.000Z</time>
        <extensions>
          <ns3:TrackPointExtension>
            <ns3:hr>97</ns3:hr>
            <ns3:cad>0</ns3:cad>
          </ns3:TrackPointExtension>
        </extensions>
      </trkpt>
      <trkpt lat="42.06192375160753726959228515625" lon="128.0604505352675914764404296875">
        <ele>1736.199951171875</ele>
        <time>2026-10-03T09:08:54.000Z</time>
        <extensions>
          <ns3:TrackPointExtension>
            <ns3:hr>95</ns3:hr>
            <ns3:cad>0</ns3:cad>
          </ns3:TrackPointExtension>
        </extensions>
      </trkpt>
      <trkpt lat="42.0619345642626285552978515625" lon="128.06046403013169765472412109375">
        <ele>1735.5999755859375</ele>
        <time>2026-10-03T09:08:57.000Z</time>
        <extensions>
          <ns3:TrackPointExtension>
            <ns3:hr>92</ns3:hr>
            <ns3:cad>54</ns3:cad>
          </ns3:TrackPointExtension>
        </extensions>
      </trkpt>
      <trkpt lat="42.061944790184497833251953125" lon="128.0604880861937999725341796875">
        <ele>1735</ele>
        <time>2026-10-03T09:08:59.000Z</time>
        <extensions>
          <ns3:TrackPointExtension>
            <ns3:hr>95</ns3:hr>
            <ns3:cad>55</ns3:cad>
          </ns3:TrackPointExtension>
        </extensions>
      </trkpt>
      <trkpt lat="42.06194378435611724853515625" lon="128.06050778366625308990478515625">
        <ele>1734</ele>
        <time>2026-10-03T09:09:02.000Z</time>
        <extensions>
          <ns3:TrackPointExtension>
            <ns3:hr>94</ns3:hr>
            <ns3:cad>0</ns3:cad>
          </ns3:TrackPointExtension>
        </extensions>
      </trkpt>
      <trkpt lat="42.0619687624275684356689453125" lon="128.06050912477076053619384765625">
        <ele>1732.5999755859375</ele>
        <time>2026-10-03T09:09:05.000Z</time>
        <extensions>
          <ns3:TrackPointExtension>
            <ns3:hr>95</ns3:hr>
            <ns3:cad>0</ns3:cad>
          </ns3:TrackPointExtension>
        </extensions>
      </trkpt>
      <trkpt lat="42.06199147738516330718994140625" lon="128.0605175904929637908935546875">
        <ele>1731.5999755859375</ele>
        <time>2026-10-03T09:09:08.000Z</time>
        <extensions>
          <ns3:TrackPointExtension>
            <ns3:hr>95</ns3:hr>
            <ns3:cad>51</ns3:cad>
          </ns3:TrackPointExtension>
        </extensions>
      </trkpt>
      <trkpt lat="42.06199072301387786865234375" lon="128.06050979532301425933837890625">
        <ele>1731.4000244140625</ele>
        <time>2026-10-03T09:09:09.000Z</time>
        <extensions>
          <ns3:TrackPointExtension>
            <ns3:hr>94</ns3:hr>
            <ns3:cad>51</ns3:cad>
          </ns3:TrackPointExtension>
        </extensions>
      </trkpt>
      <trkpt lat="42.06199944019317626953125" lon="128.0605115555226802825927734375">
        <ele>1730.4000244140625</ele>
        <time>2026-10-03T09:09:13.000Z</time>
        <extensions>
          <ns3:TrackPointExtension>
            <ns3:hr>95</ns3:hr>
            <ns3:cad>53</ns3:cad>
          </ns3:TrackPointExtension>
        </extensions>
      </trkpt>
      <trkpt lat="42.06201897002756595611572265625" lon="128.0605189315974712371826171875">
        <ele>1730.199951171875</ele>
        <time>2026-10-03T09:09:15.000Z</time>
        <extensions>
          <ns3:TrackPointExtension>
            <ns3:hr>96</ns3:hr>
            <ns3:cad>0</ns3:cad>
          </ns3:TrackPointExtension>
        </extensions>
      </trkpt>
      <trkpt lat="42.06202399916946887969970703125" lon="128.06052957661449909210205078125">
        <ele>1729.4000244140625</ele>
        <time>2026-10-03T09:09:17.000Z</time>
        <extensions>
          <ns3:TrackPointExtension>
            <ns3:hr>95</ns3:hr>
            <ns3:cad>0</ns3:cad>
          </ns3:TrackPointExtension>
        </extensions>
      </trkpt>
      <trkpt lat="42.06204009242355823516845703125" lon="128.0605212785303592681884765625">
        <ele>1728.4000244140625</ele>
        <time>2026-10-03T09:09:21.000Z</time>
        <extensions>
          <ns3:TrackPointExtension>
            <ns3:hr>95</ns3:hr>
            <ns3:cad>0</ns3:cad>
          </ns3:TrackPointExtension>
        </extensions>
      </trkpt>
      <trkpt lat="42.0620515756309032440185546875" lon="128.060473836958408355712890625">
        <ele>1727.4000244140625</ele>
        <time>2026-10-03T09:09:25.000Z</time>
        <extensions>
          <ns3:TrackPointExtension>
            <ns3:hr>96</ns3:hr>
            <ns3:cad>0</ns3:cad>
          </ns3:TrackPointExtension>
        </extensions>
      </trkpt>
      <trkpt lat="42.06205450929701328277587890625" lon="128.06047040037810802459716796875">
        <ele>1727.199951171875</ele>
        <time>2026-10-03T09:09:26.000Z</time>
        <extensions>
          <ns3:TrackPointExtension>
            <ns3:hr>96</ns3:hr>
            <ns3:cad>0</ns3:cad>
          </ns3:TrackPointExtension>
        </extensions>
      </trkpt>
      <trkpt lat="42.0620938204228878021240234375" lon="128.0604813806712627410888671875">
        <ele>1727.5999755859375</ele>
        <time>2026-10-03T09:09:32.000Z</time>
        <extensions>
          <ns3:TrackPointExtension>
            <ns3:hr>96</ns3:hr>
            <ns3:cad>0</ns3:cad>
          </ns3:TrackPointExtension>
        </extensions>
      </trkpt>
      <trkpt lat="42.06209893338382244110107421875" lon="128.060493953526020050048828125">
        <ele>1728.4000244140625</ele>
        <time>2026-10-03T09:09:36.000Z</time>
        <extensions>
          <ns3:TrackPointExtension>
            <ns3:hr>94</ns3:hr>
            <ns3:cad>0</ns3:cad>
          </ns3:TrackPointExtension>
        </extensions>
      </trkpt>
      <trkpt lat="42.06211318261921405792236328125" lon="128.06047308258712291717529296875">
        <ele>1728.5999755859375</ele>
        <time>2026-10-03T09:09:38.000Z</time>
        <extensions>
          <ns3:TrackPointExtension>
            <ns3:hr>95</ns3:hr>
            <ns3:cad>0</ns3:cad>
          </ns3:TrackPointExtension>
        </extensions>
      </trkpt>
      <trkpt lat="42.06212977878749370574951171875" lon="128.06045271456241607666015625">
        <ele>1727.5999755859375</ele>
        <time>2026-10-03T09:09:42.000Z</time>
        <extensions>
          <ns3:TrackPointExtension>
            <ns3:hr>96</ns3:hr>
            <ns3:cad>0</ns3:cad>
          </ns3:TrackPointExtension>
        </extensions>
      </trkpt>
      <trkpt lat="42.06211603246629238128662109375" lon="128.060457743704319000244140625">
        <ele>1727</ele>
        <time>2026-10-03T09:09:43.000Z</time>
        <extensions>
          <ns3:TrackPointExtension>
            <ns3:hr>96</ns3:hr>
            <ns3:cad>0</ns3:cad>
          </ns3:TrackPointExtension>
        </extensions>
      </trkpt>
      <trkpt lat="42.06207630224525928497314453125" lon="128.060441315174102783203125">
        <ele>1725.800048828125</ele>
        <time>2026-10-03T09:09:45.000Z</time>
        <extensions>
          <ns3:TrackPointExtension>
            <ns3:hr>93</ns3:hr>
            <ns3:cad>0</ns3:cad>
          </ns3:TrackPointExtension>
        </extensions>
      </trkpt>
      <trkpt lat="42.0620562694966793060302734375" lon="128.0604287423193454742431640625">
        <ele>1724.800048828125</ele>
        <time>2026-10-03T09:09:47.000Z</time>
        <extensions>
          <ns3:TrackPointExtension>
            <ns3:hr>94</ns3:hr>
            <ns3:cad>0</ns3:cad>
          </ns3:TrackPointExtension>
        </extensions>
      </trkpt>
      <trkpt lat="42.0620545931160449981689453125" lon="128.0604265630245208740234375">
        <ele>1724.5999755859375</ele>
        <time>2026-10-03T09:09:48.000Z</time>
        <extensions>
          <ns3:TrackPointExtension>
            <ns3:hr>94</ns3:hr>
            <ns3:cad>0</ns3:cad>
          </ns3:TrackPointExtension>
        </extensions>
      </trkpt>
      <trkpt lat="42.0620475523173809051513671875" lon="128.060425221920013427734375">
        <ele>1724.199951171875</ele>
        <time>2026-10-03T09:09:54.000Z</time>
        <extensions>
          <ns3:TrackPointExtension>
            <ns3:hr>94</ns3:hr>
            <ns3:cad>0</ns3:cad>
          </ns3:TrackPointExtension>
        </extensions>
      </trkpt>
      <trkpt lat="42.06204948015511035919189453125" lon="128.0604220367968082427978515625">
        <ele>1725.4000244140625</ele>
        <time>2026-10-03T09:10:12.000Z</time>
        <extensions>
          <ns3:TrackPointExtension>
            <ns3:hr>89</ns3:hr>
            <ns3:cad>0</ns3:cad>
          </ns3:TrackPointExtension>
        </extensions>
      </trkpt>
      <trkpt lat="42.062050066888332366943359375" lon="128.06042186915874481201171875">
        <ele>1725.4000244140625</ele>
        <time>2026-10-03T09:10:13.000Z</time>
        <extensions>
          <ns3:TrackPointExtension>
            <ns3:hr>92</ns3:hr>
            <ns3:cad>0</ns3:cad>
          </ns3:TrackPointExtension>
        </extensions>
      </trkpt>
      <trkpt lat="42.06206557340919971466064453125" lon="128.0604200251400470733642578125">
        <ele>1725.5999755859375</ele>
        <time>2026-10-03T09:10:24.000Z</time>
        <extensions>
          <ns3:TrackPointExtension>
            <ns3:hr>93</ns3:hr>
            <ns3:cad>0</ns3:cad>
          </ns3:TrackPointExtension>
        </extensions>
      </trkpt>
      <trkpt lat="42.0620773918926715850830078125" lon="128.0604200251400470733642578125">
        <ele>1725.800048828125</ele>
        <time>2026-10-03T09:10:28.000Z</time>
        <extensions>
          <ns3:TrackPointExtension>
            <ns3:hr>96</ns3:hr>
            <ns3:cad>0</ns3:cad>
          </ns3:TrackPointExtension>
        </extensions>
      </trkpt>
      <trkpt lat="42.06207747571170330047607421875" lon="128.06042865850031375885009765625">
        <ele>1726.4000244140625</ele>
        <time>2026-10-03T09:10:38.000Z</time>
        <extensions>
          <ns3:TrackPointExtension>
            <ns3:hr>99</ns3:hr>
            <ns3:cad>0</ns3:cad>
          </ns3:TrackPointExtension>
        </extensions>
      </trkpt>
      <trkpt lat="42.06214235164225101470947265625" lon="128.0604575760662555694580078125">
        <ele>1726.199951171875</ele>
        <time>2026-10-03T09:11:03.000Z</time>
        <extensions>
          <ns3:TrackPointExtension>
            <ns3:hr>96</ns3:hr>
            <ns3:cad>0</ns3:cad>
          </ns3:TrackPointExtension>
        </extensions>
      </trkpt>
      <trkpt lat="42.06230026669800281524658203125" lon="128.06046620942652225494384765625">
        <ele>1726.199951171875</ele>
        <time>2026-10-03T09:11:09.000Z</time>
        <extensions>
          <ns3:TrackPointExtension>
            <ns3:hr>98</ns3:hr>
            <ns3:cad>0</ns3:cad>
          </ns3:TrackPointExtension>
        </extensions>
      </trkpt>
      <trkpt lat="42.06250025890767574310302734375" lon="128.06053929962217807769775390625">
        <ele>1725.4000244140625</ele>
        <time>2026-10-03T09:11:13.000Z</time>
        <extensions>
          <ns3:TrackPointExtension>
            <ns3:hr>97</ns3:hr>
            <ns3:cad>0</ns3:cad>
          </ns3:TrackPointExtension>
        </extensions>
      </trkpt>
      <trkpt lat="42.06264342181384563446044921875" lon="128.0606191791594028472900390625">
        <ele>1724.4000244140625</ele>
        <time>2026-10-03T09:11:15.000Z</time>
        <extensions>
          <ns3:TrackPointExtension>
            <ns3:hr>97</ns3:hr>
            <ns3:cad>0</ns3:cad>
          </ns3:TrackPointExtension>
        </extensions>
      </trkpt>
      <trkpt lat="42.0627989061176776885986328125" lon="128.0607019923627376556396484375">
        <ele>1723.5999755859375</ele>
        <time>2026-10-03T09:11:17.000Z</time>
        <extensions>
          <ns3:TrackPointExtension>
            <ns3:hr>97</ns3:hr>
            <ns3:cad>0</ns3:cad>
          </ns3:TrackPointExtension>
        </extensions>
      </trkpt>
      <trkpt lat="42.062883563339710235595703125" lon="128.06075421161949634552001953125">
        <ele>1723.4000244140625</ele>
        <time>2026-10-03T09:11:18.000Z</time>
        <extensions>
          <ns3:TrackPointExtension>
            <ns3:hr>97</ns3:hr>
            <ns3:cad>0</ns3:cad>
          </ns3:TrackPointExtension>
        </extensions>
      </trkpt>
      <trkpt lat="42.0630575716495513916015625" lon="128.06086367927491664886474609375">
        <ele>1723</ele>
        <time>2026-10-03T09:11:20.000Z</time>
        <extensions>
          <ns3:TrackPointExtension>
            <ns3:hr>99</ns3:hr>
            <ns3:cad>0</ns3:cad>
          </ns3:TrackPointExtension>
        </extensions>
      </trkpt>
      <trkpt lat="42.063238285481929779052734375" lon="128.06096845306456089019775390625">
        <ele>1722.4000244140625</ele>
        <time>2026-10-03T09:11:22.000Z</time>
        <extensions>
          <ns3:TrackPointExtension>
            <ns3:hr>97</ns3:hr>
            <ns3:cad>0</ns3:cad>
          </ns3:TrackPointExtension>
        </extensions>
      </trkpt>
      <trkpt lat="42.06341765820980072021484375" lon="128.06106400676071643829345703125">
        <ele>1721.4000244140625</ele>
        <time>2026-10-03T09:11:24.000Z</time>
        <extensions>
          <ns3:TrackPointExtension>
            <ns3:hr>96</ns3:hr>
            <ns3:cad>0</ns3:cad>
          </ns3:TrackPointExtension>
        </extensions>
      </trkpt>
      <trkpt lat="42.0635083504021167755126953125" lon="128.0611167289316654205322265625">
        <ele>1721.199951171875</ele>
        <time>2026-10-03T09:11:25.000Z</time>
        <extensions>
          <ns3:TrackPointExtension>
            <ns3:hr>98</ns3:hr>
            <ns3:cad>0</ns3:cad>
          </ns3:TrackPointExtension>
        </extensions>
      </trkpt>
      <trkpt lat="42.063692919909954071044921875" lon="128.06121404282748699188232421875">
        <ele>1720.5999755859375</ele>
        <time>2026-10-03T09:11:27.000Z</time>
        <extensions>
          <ns3:TrackPointExtension>
            <ns3:hr>96</ns3:hr>
            <ns3:cad>0</ns3:cad>
          </ns3:TrackPointExtension>
        </extensions>
      </trkpt>
      <trkpt lat="42.06388159655034542083740234375" lon="128.06129752658307552337646484375">
        <ele>1720.199951171875</ele>
        <time>2026-10-03T09:11:29.000Z</time>
        <extensions>
          <ns3:TrackPointExtension>
            <ns3:hr>97</ns3:hr>
            <ns3:cad>0</ns3:cad>
          </ns3:TrackPointExtension>
        </extensions>
      </trkpt>
      <trkpt lat="42.0639750547707080841064453125" lon="128.06132870726287364959716796875">
        <ele>1720</ele>
        <time>2026-10-03T09:11:30.000Z</time>
        <extensions>
          <ns3:TrackPointExtension>
            <ns3:hr>97</ns3:hr>
            <ns3:cad>0</ns3:cad>
          </ns3:TrackPointExtension>
        </extensions>
      </trkpt>
      <trkpt lat="42.0641711913049221038818359375" lon="128.0613862909376621246337890625">
        <ele>1719.199951171875</ele>
        <time>2026-10-03T09:11:32.000Z</time>
        <extensions>
          <ns3:TrackPointExtension>
            <ns3:hr>97</ns3:hr>
            <ns3:cad>0</ns3:cad>
          </ns3:TrackPointExtension>
        </extensions>
      </trkpt>
      <trkpt lat="42.06427286379039287567138671875" lon="128.06141135282814502716064453125">
        <ele>1719</ele>
        <time>2026-10-03T09:11:33.000Z</time>
        <extensions>
          <ns3:TrackPointExtension>
            <ns3:hr>97</ns3:hr>
            <ns3:cad>0</ns3:cad>
          </ns3:TrackPointExtension>
        </extensions>
      </trkpt>
      <trkpt lat="42.06448492594063282012939453125" lon="128.06145342998206615447998046875">
        <ele>1718.199951171875</ele>
        <time>2026-10-03T09:11:35.000Z</time>
        <extensions>
          <ns3:TrackPointExtension>
            <ns3:hr>97</ns3:hr>
            <ns3:cad>0</ns3:cad>
          </ns3:TrackPointExtension>
        </extensions>
      </trkpt>
      <trkpt lat="42.06470671109855175018310546875" lon="128.06149802170693874359130859375">
        <ele>1717.800048828125</ele>
        <time>2026-10-03T09:11:37.000Z</time>
        <extensions>
          <ns3:TrackPointExtension>
            <ns3:hr>97</ns3:hr>
            <ns3:cad>0</ns3:cad>
          </ns3:TrackPointExtension>
        </extensions>
      </trkpt>
      <trkpt lat="42.0648239739239215850830078125" lon="128.0615291185677051544189453125">
        <ele>1717.5999755859375</ele>
        <time>2026-10-03T09:11:38.000Z</time>
        <extensions>
          <ns3:TrackPointExtension>
            <ns3:hr>97</ns3:hr>
            <ns3:cad>0</ns3:cad>
          </ns3:TrackPointExtension>
        </extensions>
      </trkpt>
      <trkpt lat="42.0650586672127246856689453125" lon="128.06159139610826969146728515625">
        <ele>1717.4000244140625</ele>
        <time>2026-10-03T09:11:40.000Z</time>
        <extensions>
          <ns3:TrackPointExtension>
            <ns3:hr>96</ns3:hr>
            <ns3:cad>0</ns3:cad>
          </ns3:TrackPointExtension>
        </extensions>
      </trkpt>
      <trkpt lat="42.06529654562473297119140625" lon="128.06163716129958629608154296875">
        <ele>1717.199951171875</ele>
        <time>2026-10-03T09:11:42.000Z</time>
        <extensions>
          <ns3:TrackPointExtension>
            <ns3:hr>97</ns3:hr>
            <ns3:cad>0</ns3:cad>
          </ns3:TrackPointExtension>
        </extensions>
      </trkpt>
      <trkpt lat="42.0655226893723011016845703125" lon="128.061675466597080230712890625">
        <ele>1717.199951171875</ele>
        <time>2026-10-03T09:11:44.000Z</time>
        <extensions>
          <ns3:TrackPointExtension>
            <ns3:hr>95</ns3:hr>
            <ns3:cad>0</ns3:cad>
          </ns3:TrackPointExtension>
        </extensions>
      </trkpt>
      <trkpt lat="42.0656351745128631591796875" lon="128.06169700808823108673095703125">
        <ele>1717</ele>
        <time>2026-10-03T09:11:45.000Z</time>
        <extensions>
          <ns3:TrackPointExtension>
            <ns3:hr>96</ns3:hr>
            <ns3:cad>0</ns3:cad>
          </ns3:TrackPointExtension>
        </extensions>
      </trkpt>
      <trkpt lat="42.06585980951786041259765625" lon="128.06172500364482402801513671875">
        <ele>1716.800048828125</ele>
        <time>2026-10-03T09:11:47.000Z</time>
        <extensions>
          <ns3:TrackPointExtension>
            <ns3:hr>94</ns3:hr>
            <ns3:cad>0</ns3:cad>
          </ns3:TrackPointExtension>
        </extensions>
      </trkpt>
      <trkpt lat="42.0659769885241985321044921875" lon="128.06175090372562408447265625">
        <ele>1716.5999755859375</ele>
        <time>2026-10-03T09:11:48.000Z</time>
        <extensions>
          <ns3:TrackPointExtension>
            <ns3:hr>93</ns3:hr>
            <ns3:cad>0</ns3:cad>
          </ns3:TrackPointExtension>
        </extensions>
      </trkpt>
      <trkpt lat="42.0660929940640926361083984375" lon="128.0617745406925678253173828125">
        <ele>1716.5999755859375</ele>
        <time>2026-10-03T09:11:49.000Z</time>
        <extensions>
          <ns3:TrackPointExtension>
            <ns3:hr>92</ns3:hr>
            <ns3:cad>0</ns3:cad>
          </ns3:TrackPointExtension>
        </extensions>
      </trkpt>
      <trkpt lat="42.0663293637335300445556640625" lon="128.06181988678872585296630859375">
        <ele>1716.4000244140625</ele>
        <time>2026-10-03T09:11:51.000Z</time>
        <extensions>
          <ns3:TrackPointExtension>
            <ns3:hr>91</ns3:hr>
            <ns3:cad>0</ns3:cad>
          </ns3:TrackPointExtension>
        </extensions>
      </trkpt>
      <trkpt lat="42.06656883470714092254638671875" lon="128.06188208051025867462158203125">
        <ele>1716.199951171875</ele>
        <time>2026-10-03T09:11:53.000Z</time>
        <extensions>
          <ns3:TrackPointExtension>
            <ns3:hr>90</ns3:hr>
            <ns3:cad>0</ns3:cad>
          </ns3:TrackPointExtension>
        </extensions>
      </trkpt>
      <trkpt lat="42.066810317337512969970703125" lon="128.06196589954197406768798828125">
        <ele>1715.5999755859375</ele>
        <time>2026-10-03T09:11:55.000Z</time>
        <extensions>
          <ns3:TrackPointExtension>
            <ns3:hr>89</ns3:hr>
            <ns3:cad>0</ns3:cad>
          </ns3:TrackPointExtension>
        </extensions>
      </trkpt>
      <trkpt lat="42.06705850549042224884033203125" lon="128.06206312961876392364501953125">
        <ele>1714.5999755859375</ele>
        <time>2026-10-03T09:11:57.000Z</time>
        <extensions>
          <ns3:TrackPointExtension>
            <ns3:hr>88</ns3:hr>
            <ns3:cad>0</ns3:cad>
          </ns3:TrackPointExtension>
        </extensions>
      </trkpt>
      <trkpt lat="42.0671880058944225311279296875" lon="128.062111996114253997802734375">
        <ele>1714.4000244140625</ele>
        <time>2026-10-03T09:11:58.000Z</time>
        <extensions>
          <ns3:TrackPointExtension>
            <ns3:hr>88</ns3:hr>
            <ns3:cad>0</ns3:cad>
          </ns3:TrackPointExtension>
        </extensions>
      </trkpt>
      <trkpt lat="42.0674354396760463714599609375" lon="128.06219120509922504425048828125">
        <ele>1713.5999755859375</ele>
        <time>2026-10-03T09:12:00.000Z</time>
        <extensions>
          <ns3:TrackPointExtension>
            <ns3:hr>87</ns3:hr>
            <ns3:cad>0</ns3:cad>
          </ns3:TrackPointExtension>
        </extensions>
      </trkpt>
      <trkpt lat="42.067554295063018798828125" lon="128.06223311461508274078369140625">
        <ele>1713.199951171875</ele>
        <time>2026-10-03T09:12:01.000Z</time>
        <extensions>
          <ns3:TrackPointExtension>
            <ns3:hr>87</ns3:hr>
            <ns3:cad>0</ns3:cad>
          </ns3:TrackPointExtension>
        </extensions>
      </trkpt>
      <trkpt lat="42.0677794329822063446044921875" lon="128.062311150133609771728515625">
        <ele>1712</ele>
        <time>2026-10-03T09:12:03.000Z</time>
        <extensions>
          <ns3:TrackPointExtension>
            <ns3:hr>87</ns3:hr>
            <ns3:cad>0</ns3:cad>
          </ns3:TrackPointExtension>
        </extensions>
      </trkpt>
      <trkpt lat="42.0680142939090728759765625" lon="128.06239304132759571075439453125">
        <ele>1710.800048828125</ele>
        <time>2026-10-03T09:12:05.000Z</time>
        <extensions>
          <ns3:TrackPointExtension>
            <ns3:hr>88</ns3:hr>
            <ns3:cad>0</ns3:cad>
          </ns3:TrackPointExtension>
        </extensions>
      </trkpt>
      <trkpt lat="42.06812669523060321807861328125" lon="128.0624310113489627838134765625">
        <ele>1710.199951171875</ele>
        <time>2026-10-03T09:12:06.000Z</time>
        <extensions>
          <ns3:TrackPointExtension>
            <ns3:hr>88</ns3:hr>
            <ns3:cad>0</ns3:cad>
          </ns3:TrackPointExtension>
        </extensions>
      </trkpt>
      <trkpt lat="42.06833741627633571624755859375" lon="128.06248909793794155120849609375">
        <ele>1709.4000244140625</ele>
        <time>2026-10-03T09:12:08.000Z</time>
        <extensions>
          <ns3:TrackPointExtension>
            <ns3:hr>88</ns3:hr>
            <ns3:cad>0</ns3:cad>
          </ns3:TrackPointExtension>
        </extensions>
      </trkpt>
      <trkpt lat="42.0684737898409366607666015625" lon="128.0625326000154018402099609375">
        <ele>1709.199951171875</ele>
        <time>2026-10-03T09:12:09.000Z</time>
        <extensions>
          <ns3:TrackPointExtension>
            <ns3:hr>91</ns3:hr>
            <ns3:cad>0</ns3:cad>
          </ns3:TrackPointExtension>
        </extensions>
      </trkpt>
      <trkpt lat="42.068584598600864410400390625" lon="128.06256419979035854339599609375">
        <ele>1708.800048828125</ele>
        <time>2026-10-03T09:12:10.000Z</time>
        <extensions>
          <ns3:TrackPointExtension>
            <ns3:hr>89</ns3:hr>
            <ns3:cad>0</ns3:cad>
          </ns3:TrackPointExtension>
        </extensions>
      </trkpt>
      <trkpt lat="42.06876589916646480560302734375" lon="128.06261130608618259429931640625">
        <ele>1708.4000244140625</ele>
        <time>2026-10-03T09:12:12.000Z</time>
        <extensions>
          <ns3:TrackPointExtension>
            <ns3:hr>89</ns3:hr>
            <ns3:cad>0</ns3:cad>
          </ns3:TrackPointExtension>
        </extensions>
      </trkpt>
      <trkpt lat="42.06886430270969867706298828125" lon="128.06263930164277553558349609375">
        <ele>1708.4000244140625</ele>
        <time>2026-10-03T09:12:13.000Z</time>
        <extensions>
          <ns3:TrackPointExtension>
            <ns3:hr>89</ns3:hr>
            <ns3:cad>0</ns3:cad>
          </ns3:TrackPointExtension>
        </extensions>
      </trkpt>
      <trkpt lat="42.06898516975343227386474609375" lon="128.06267903186380863189697265625">
        <ele>1708.199951171875</ele>
        <time>2026-10-03T09:12:14.000Z</time>
        <extensions>
          <ns3:TrackPointExtension>
            <ns3:hr>89</ns3:hr>
            <ns3:cad>0</ns3:cad>
          </ns3:TrackPointExtension>
        </extensions>
      </trkpt>
      <trkpt lat="42.0691745169460773468017578125" lon="128.0627386271953582763671875">
        <ele>1708</ele>
        <time>2026-10-03T09:12:16.000Z</time>
        <extensions>
          <ns3:TrackPointExtension>
            <ns3:hr>89</ns3:hr>
            <ns3:cad>0</ns3:cad>
          </ns3:TrackPointExtension>
        </extensions>
      </trkpt>
      <trkpt lat="42.06940158270299434661865234375" lon="128.0628092028200626373291015625">
        <ele>1707.199951171875</ele>
        <time>2026-10-03T09:12:19.000Z</time>
        <extensions>
          <ns3:TrackPointExtension>
            <ns3:hr>89</ns3:hr>
            <ns3:cad>0</ns3:cad>
          </ns3:TrackPointExtension>
        </extensions>
      </trkpt>
      <trkpt lat="42.06947886385023593902587890625" lon="128.06282957084476947784423828125">
        <ele>1706.800048828125</ele>
        <time>2026-10-03T09:12:20.000Z</time>
        <extensions>
          <ns3:TrackPointExtension>
            <ns3:hr>89</ns3:hr>
            <ns3:cad>0</ns3:cad>
          </ns3:TrackPointExtension>
        </extensions>
      </trkpt>
      <trkpt lat="42.06952915526926517486572265625" lon="128.0628427304327487945556640625">
        <ele>1706.199951171875</ele>
        <time>2026-10-03T09:12:21.000Z</time>
        <extensions>
          <ns3:TrackPointExtension>
            <ns3:hr>89</ns3:hr>
            <ns3:cad>0</ns3:cad>
          </ns3:TrackPointExtension>
        </extensions>
      </trkpt>
      <trkpt lat="42.0696244575083255767822265625" lon="128.062863685190677642822265625">
        <ele>1704.5999755859375</ele>
        <time>2026-10-03T09:12:23.000Z</time>
        <extensions>
          <ns3:TrackPointExtension>
            <ns3:hr>89</ns3:hr>
            <ns3:cad>0</ns3:cad>
          </ns3:TrackPointExtension>
        </extensions>
      </trkpt>
      <trkpt lat="42.0697424747049808502197265625" lon="128.0628916807472705841064453125">
        <ele>1703.5999755859375</ele>
        <time>2026-10-03T09:12:25.000Z</time>
        <extensions>
          <ns3:TrackPointExtension>
            <ns3:hr>89</ns3:hr>
            <ns3:cad>0</ns3:cad>
          </ns3:TrackPointExtension>
        </extensions>
      </trkpt>
      <trkpt lat="42.06978815607726573944091796875" lon="128.0629129707813262939453125">
        <ele>1703.199951171875</ele>
        <time>2026-10-03T09:12:26.000Z</time>
        <extensions>
          <ns3:TrackPointExtension>
            <ns3:hr>89</ns3:hr>
            <ns3:cad>0</ns3:cad>
          </ns3:TrackPointExtension>
        </extensions>
      </trkpt>
      <trkpt lat="42.06997289322316646575927734375" lon="128.063011877238750457763671875">
        <ele>1702.199951171875</ele>
        <time>2026-10-03T09:12:29.000Z</time>
        <extensions>
          <ns3:TrackPointExtension>
            <ns3:hr>90</ns3:hr>
            <ns3:cad>0</ns3:cad>
          </ns3:TrackPointExtension>
        </extensions>
      </trkpt>
      <trkpt lat="42.07005553878843784332275390625" lon="128.0630593188107013702392578125">
        <ele>1701.800048828125</ele>
        <time>2026-10-03T09:12:31.000Z</time>
        <extensions>
          <ns3:TrackPointExtension>
            <ns3:hr>91</ns3:hr>
            <ns3:cad>0</ns3:cad>
          </ns3:TrackPointExtension>
        </extensions>
      </trkpt>
      <trkpt lat="42.07013416104018688201904296875" lon="128.06306761689484119415283203125">
        <ele>1701</ele>
        <time>2026-10-03T09:12:33.000Z</time>
        <extensions>
          <ns3:TrackPointExtension>
            <ns3:hr>90</ns3:hr>
            <ns3:cad>0</ns3:cad>
          </ns3:TrackPointExtension>
        </extensions>
      </trkpt>
      <trkpt lat="42.07028855569660663604736328125" lon="128.0630242824554443359375">
        <ele>1700</ele>
        <time>2026-10-03T09:12:36.000Z</time>
        <extensions>
          <ns3:TrackPointExtension>
            <ns3:hr>91</ns3:hr>
            <ns3:cad>0</ns3:cad>
          </ns3:TrackPointExtension>
        </extensions>
      </trkpt>
      <trkpt lat="42.07033599726855754852294921875" lon="128.06300089694559574127197265625">
        <ele>1699.5999755859375</ele>
        <time>2026-10-03T09:12:37.000Z</time>
        <extensions>
          <ns3:TrackPointExtension>
            <ns3:hr>90</ns3:hr>
            <ns3:cad>0</ns3:cad>
          </ns3:TrackPointExtension>
        </extensions>
      </trkpt>
      <trkpt lat="42.0704562775790691375732421875" lon="128.0629449896514415740966796875">
        <ele>1698.800048828125</ele>
        <time>2026-10-03T09:12:39.000Z</time>
        <extensions>
          <ns3:TrackPointExtension>
            <ns3:hr>92</ns3:hr>
            <ns3:cad>0</ns3:cad>
          </ns3:TrackPointExtension>
        </extensions>
      </trkpt>
      <trkpt lat="42.0705940760672092437744140625" lon="128.062873072922229766845703125">
        <ele>1697.800048828125</ele>
        <time>2026-10-03T09:12:41.000Z</time>
        <extensions>
          <ns3:TrackPointExtension>
            <ns3:hr>92</ns3:hr>
            <ns3:cad>0</ns3:cad>
          </ns3:TrackPointExtension>
        </extensions>
      </trkpt>
      <trkpt lat="42.0706509053707122802734375" lon="128.06283443234860897064208984375">
        <ele>1697.199951171875</ele>
        <time>2026-10-03T09:12:42.000Z</time>
        <extensions>
          <ns3:TrackPointExtension>
            <ns3:hr>91</ns3:hr>
            <ns3:cad>0</ns3:cad>
          </ns3:TrackPointExtension>
        </extensions>
      </trkpt>
      <trkpt lat="42.0706906355917453765869140625" lon="128.0627994798123836517333984375">
        <ele>1696.5999755859375</ele>
        <time>2026-10-03T09:12:43.000Z</time>
        <extensions>
          <ns3:TrackPointExtension>
            <ns3:hr>92</ns3:hr>
            <ns3:cad>0</ns3:cad>
          </ns3:TrackPointExtension>
        </extensions>
      </trkpt>
      <trkpt lat="42.07073212601244449615478515625" lon="128.06274860166013240814208984375">
        <ele>1696.199951171875</ele>
        <time>2026-10-03T09:12:44.000Z</time>
        <extensions>
          <ns3:TrackPointExtension>
            <ns3:hr>92</ns3:hr>
            <ns3:cad>0</ns3:cad>
          </ns3:TrackPointExtension>
        </extensions>
      </trkpt>
      <trkpt lat="42.07077604718506336212158203125" lon="128.06268171407282352447509765625">
        <ele>1695.5999755859375</ele>
        <time>2026-10-03T09:12:45.000Z</time>
        <extensions>
          <ns3:TrackPointExtension>
            <ns3:hr>92</ns3:hr>
            <ns3:cad>0</ns3:cad>
          </ns3:TrackPointExtension>
        </extensions>
      </trkpt>
      <trkpt lat="42.07080119289457798004150390625" lon="128.06263309903442859649658203125">
        <ele>1695</ele>
        <time>2026-10-03T09:12:46.000Z</time>
        <extensions>
          <ns3:TrackPointExtension>
            <ns3:hr>91</ns3:hr>
            <ns3:cad>0</ns3:cad>
          </ns3:TrackPointExtension>
        </extensions>
      </trkpt>
      <trkpt lat="42.07083203829824924468994140625" lon="128.06257174350321292877197265625">
        <ele>1694.4000244140625</ele>
        <time>2026-10-03T09:12:47.000Z</time>
        <extensions>
          <ns3:TrackPointExtension>
            <ns3:hr>91</ns3:hr>
            <ns3:cad>0</ns3:cad>
          </ns3:TrackPointExtension>
        </extensions>
      </trkpt>
      <trkpt lat="42.07087411545217037200927734375" lon="128.06250066496431827545166015625">
        <ele>1693.800048828125</ele>
        <time>2026-10-03T09:12:48.000Z</time>
        <extensions>
          <ns3:TrackPointExtension>
            <ns3:hr>91</ns3:hr>
            <ns3:cad>0</ns3:cad>
          </ns3:TrackPointExtension>
        </extensions>
      </trkpt>
      <trkpt lat="42.0709152705967426300048828125" lon="128.06245288811624050140380859375">
        <ele>1693.199951171875</ele>
        <time>2026-10-03T09:12:49.000Z</time>
        <extensions>
          <ns3:TrackPointExtension>
            <ns3:hr>92</ns3:hr>
            <ns3:cad>0</ns3:cad>
          </ns3:TrackPointExtension>
        </extensions>
      </trkpt>
      <trkpt lat="42.07096162252128124237060546875" lon="128.06242145597934722900390625">
        <ele>1692.5999755859375</ele>
        <time>2026-10-03T09:12:50.000Z</time>
        <extensions>
          <ns3:TrackPointExtension>
            <ns3:hr>92</ns3:hr>
            <ns3:cad>0</ns3:cad>
          </ns3:TrackPointExtension>
        </extensions>
      </trkpt>
      <trkpt lat="42.071018703281879425048828125" lon="128.06240896694362163543701171875">
        <ele>1692.199951171875</ele>
        <time>2026-10-03T09:12:51.000Z</time>
        <extensions>
          <ns3:TrackPointExtension>
            <ns3:hr>92</ns3:hr>
            <ns3:cad>0</ns3:cad>
          </ns3:TrackPointExtension>
        </extensions>
      </trkpt>
      <trkpt lat="42.07107561640441417694091796875" lon="128.0624045245349407196044921875">
        <ele>1691.800048828125</ele>
        <time>2026-10-03T09:12:52.000Z</time>
        <extensions>
          <ns3:TrackPointExtension>
            <ns3:hr>93</ns3:hr>
            <ns3:cad>0</ns3:cad>
          </ns3:TrackPointExtension>
        </extensions>
      </trkpt>
      <trkpt lat="42.07119078375399112701416015625" lon="128.0624491162598133087158203125">
        <ele>1691</ele>
        <time>2026-10-03T09:12:54.000Z</time>
        <extensions>
          <ns3:TrackPointExtension>
            <ns3:hr>93</ns3:hr>
            <ns3:cad>0</ns3:cad>
          </ns3:TrackPointExtension>
        </extensions>
      </trkpt>
      <trkpt lat="42.071248032152652740478515625" lon="128.06248105131089687347412109375">
        <ele>1690.5999755859375</ele>
        <time>2026-10-03T09:12:55.000Z</time>
        <extensions>
          <ns3:TrackPointExtension>
            <ns3:hr>93</ns3:hr>
            <ns3:cad>0</ns3:cad>
          </ns3:TrackPointExtension>
        </extensions>
      </trkpt>
      <trkpt lat="42.07146084867417812347412109375" lon="128.062605522572994232177734375">
        <ele>1689.800048828125</ele>
        <time>2026-10-03T09:12:58.000Z</time>
        <extensions>
          <ns3:TrackPointExtension>
            <ns3:hr>93</ns3:hr>
            <ns3:cad>0</ns3:cad>
          </ns3:TrackPointExtension>
        </extensions>
      </trkpt>
      <trkpt lat="42.0715308375656604766845703125" lon="128.0626388825476169586181640625">
        <ele>1689.4000244140625</ele>
        <time>2026-10-03T09:12:59.000Z</time>
        <extensions>
          <ns3:TrackPointExtension>
            <ns3:hr>93</ns3:hr>
            <ns3:cad>0</ns3:cad>
          </ns3:TrackPointExtension>
        </extensions>
      </trkpt>
      <trkpt lat="42.0715975575149059295654296875" lon="128.0626730807125568389892578125">
        <ele>1689.4000244140625</ele>
        <time>2026-10-03T09:13:00.000Z</time>
        <extensions>
          <ns3:TrackPointExtension>
            <ns3:hr>93</ns3:hr>
            <ns3:cad>0</ns3:cad>
          </ns3:TrackPointExtension>
        </extensions>
      </trkpt>
      <trkpt lat="42.07178506068885326385498046875" lon="128.062777854502201080322265625">
        <ele>1689</ele>
        <time>2026-10-03T09:13:03.000Z</time>
        <extensions>
          <ns3:TrackPointExtension>
            <ns3:hr>92</ns3:hr>
            <ns3:cad>0</ns3:cad>
          </ns3:TrackPointExtension>
        </extensions>
      </trkpt>
      <trkpt lat="42.07183853723108768463134765625" lon="128.062820769846439361572265625">
        <ele>1689</ele>
        <time>2026-10-03T09:13:04.000Z</time>
        <extensions>
          <ns3:TrackPointExtension>
            <ns3:hr>92</ns3:hr>
            <ns3:cad>0</ns3:cad>
          </ns3:TrackPointExtension>
        </extensions>
      </trkpt>
      <trkpt lat="42.071878015995025634765625" lon="128.06286494247615337371826171875">
        <ele>1688.800048828125</ele>
        <time>2026-10-03T09:13:05.000Z</time>
        <extensions>
          <ns3:TrackPointExtension>
            <ns3:hr>92</ns3:hr>
            <ns3:cad>0</ns3:cad>
          </ns3:TrackPointExtension>
        </extensions>
      </trkpt>
      <trkpt lat="42.0719034969806671142578125" lon="128.0629054270684719085693359375">
        <ele>1688.800048828125</ele>
        <time>2026-10-03T09:13:06.000Z</time>
        <extensions>
          <ns3:TrackPointExtension>
            <ns3:hr>92</ns3:hr>
            <ns3:cad>0</ns3:cad>
          </ns3:TrackPointExtension>
        </extensions>
      </trkpt>
      <trkpt lat="42.07194431684911251068115234375" lon="128.0630358494818210601806640625">
        <ele>1688.800048828125</ele>
        <time>2026-10-03T09:13:08.000Z</time>
        <extensions>
          <ns3:TrackPointExtension>
            <ns3:hr>92</ns3:hr>
            <ns3:cad>0</ns3:cad>
          </ns3:TrackPointExtension>
        </extensions>
      </trkpt>
      <trkpt lat="42.072022520005702972412109375" lon="128.0632313154637813568115234375">
        <ele>1689</ele>
        <time>2026-10-03T09:13:12.000Z</time>
        <extensions>
          <ns3:TrackPointExtension>
            <ns3:hr>91</ns3:hr>
            <ns3:cad>0</ns3:cad>
          </ns3:TrackPointExtension>
        </extensions>
      </trkpt>
      <trkpt lat="42.0721034891903400421142578125" lon="128.0632936768233776092529296875">
        <ele>1689.199951171875</ele>
        <time>2026-10-03T09:13:14.000Z</time>
        <extensions>
          <ns3:TrackPointExtension>
            <ns3:hr>91</ns3:hr>
            <ns3:cad>0</ns3:cad>
          </ns3:TrackPointExtension>
        </extensions>
      </trkpt>
      <trkpt lat="42.07228395156562328338623046875" lon="128.063408173620700836181640625">
        <ele>1689.5999755859375</ele>
        <time>2026-10-03T09:13:17.000Z</time>
        <extensions>
          <ns3:TrackPointExtension>
            <ns3:hr>92</ns3:hr>
            <ns3:cad>0</ns3:cad>
          </ns3:TrackPointExtension>
        </extensions>
      </trkpt>
      <trkpt lat="42.072348408401012420654296875" lon="128.0634529329836368560791015625">
        <ele>1690.4000244140625</ele>
        <time>2026-10-03T09:13:18.000Z</time>
        <extensions>
          <ns3:TrackPointExtension>
            <ns3:hr>92</ns3:hr>
            <ns3:cad>0</ns3:cad>
          </ns3:TrackPointExtension>
        </extensions>
      </trkpt>
      <trkpt lat="42.0724132843315601348876953125" lon="128.06350749917328357696533203125">
        <ele>1691</ele>
        <time>2026-10-03T09:13:19.000Z</time>
        <extensions>
          <ns3:TrackPointExtension>
            <ns3:hr>92</ns3:hr>
            <ns3:cad>0</ns3:cad>
          </ns3:TrackPointExtension>
        </extensions>
      </trkpt>
      <trkpt lat="42.07256927154958248138427734375" lon="128.06367094628512859344482421875">
        <ele>1692.4000244140625</ele>
        <time>2026-10-03T09:13:21.000Z</time>
        <extensions>
          <ns3:TrackPointExtension>
            <ns3:hr>93</ns3:hr>
            <ns3:cad>0</ns3:cad>
          </ns3:TrackPointExtension>
        </extensions>
      </trkpt>
      <trkpt lat="42.07265518605709075927734375" lon="128.06376767344772815704345703125">
        <ele>1692.800048828125</ele>
        <time>2026-10-03T09:13:22.000Z</time>
        <extensions>
          <ns3:TrackPointExtension>
            <ns3:hr>94</ns3:hr>
            <ns3:cad>0</ns3:cad>
          </ns3:TrackPointExtension>
        </extensions>
      </trkpt>
      <trkpt lat="42.07283397205173969268798828125" lon="128.06396515108644962310791015625">
        <ele>1693.5999755859375</ele>
        <time>2026-10-03T09:13:24.000Z</time>
        <extensions>
          <ns3:TrackPointExtension>
            <ns3:hr>95</ns3:hr>
            <ns3:cad>0</ns3:cad>
          </ns3:TrackPointExtension>
        </extensions>
      </trkpt>
      <trkpt lat="42.07301703281700611114501953125" lon="128.0641503073275089263916015625">
        <ele>1694</ele>
        <time>2026-10-03T09:13:26.000Z</time>
        <extensions>
          <ns3:TrackPointExtension>
            <ns3:hr>96</ns3:hr>
            <ns3:cad>0</ns3:cad>
          </ns3:TrackPointExtension>
        </extensions>
      </trkpt>
      <trkpt lat="42.07312867976725101470947265625" lon="128.06427259929478168487548828125">
        <ele>1694</ele>
        <time>2026-10-03T09:13:27.000Z</time>
        <extensions>
          <ns3:TrackPointExtension>
            <ns3:hr>96</ns3:hr>
            <ns3:cad>0</ns3:cad>
          </ns3:TrackPointExtension>
        </extensions>
      </trkpt>
      <trkpt lat="42.0732980780303478240966796875" lon="128.06447728537023067474365234375">
        <ele>1694.199951171875</ele>
        <time>2026-10-03T09:13:29.000Z</time>
        <extensions>
          <ns3:TrackPointExtension>
            <ns3:hr>96</ns3:hr>
            <ns3:cad>0</ns3:cad>
          </ns3:TrackPointExtension>
        </extensions>
      </trkpt>
      <trkpt lat="42.07350133918225765228271484375" lon="128.0646944604814052581787109375">
        <ele>1694.4000244140625</ele>
        <time>2026-10-03T09:13:31.000Z</time>
        <extensions>
          <ns3:TrackPointExtension>
            <ns3:hr>97</ns3:hr>
            <ns3:cad>0</ns3:cad>
          </ns3:TrackPointExtension>
        </extensions>
      </trkpt>
      <trkpt lat="42.07360426895320415496826171875" lon="128.06480250321328639984130859375">
        <ele>1694.5999755859375</ele>
        <time>2026-10-03T09:13:32.000Z</time>
        <extensions>
          <ns3:TrackPointExtension>
            <ns3:hr>97</ns3:hr>
            <ns3:cad>0</ns3:cad>
          </ns3:TrackPointExtension>
        </extensions>
      </trkpt>
      <trkpt lat="42.073808871209621429443359375" lon="128.0650131404399871826171875">
        <ele>1695</ele>
        <time>2026-10-03T09:13:34.000Z</time>
        <extensions>
          <ns3:TrackPointExtension>
            <ns3:hr>97</ns3:hr>
            <ns3:cad>0</ns3:cad>
          </ns3:TrackPointExtension>
        </extensions>
      </trkpt>
      <trkpt lat="42.07402847707271575927734375" lon="128.06521707214415073394775390625">
        <ele>1695.4000244140625</ele>
        <time>2026-10-03T09:13:36.000Z</time>
        <extensions>
          <ns3:TrackPointExtension>
            <ns3:hr>97</ns3:hr>
            <ns3:cad>0</ns3:cad>
          </ns3:TrackPointExtension>
        </extensions>
      </trkpt>
      <trkpt lat="42.074106596410274505615234375" lon="128.06527272798120975494384765625">
        <ele>1695.4000244140625</ele>
        <time>2026-10-03T09:13:37.000Z</time>
        <extensions>
          <ns3:TrackPointExtension>
            <ns3:hr>97</ns3:hr>
            <ns3:cad>0</ns3:cad>
          </ns3:TrackPointExtension>
        </extensions>
      </trkpt>
      <trkpt lat="42.0743089355528354644775390625" lon="128.06530675850808620452880859375">
        <ele>1695.800048828125</ele>
        <time>2026-10-03T09:13:39.000Z</time>
        <extensions>
          <ns3:TrackPointExtension>
            <ns3:hr>98</ns3:hr>
            <ns3:cad>0</ns3:cad>
          </ns3:TrackPointExtension>
        </extensions>
      </trkpt>
      <trkpt lat="42.07453717477619647979736328125" lon="128.06525462307035923004150390625">
        <ele>1696</ele>
        <time>2026-10-03T09:13:41.000Z</time>
        <extensions>
          <ns3:TrackPointExtension>
            <ns3:hr>99</ns3:hr>
            <ns3:cad>0</ns3:cad>
          </ns3:TrackPointExtension>
        </extensions>
      </trkpt>
      <trkpt lat="42.07464873790740966796875" lon="128.06520718149840831756591796875">
        <ele>1696.199951171875</ele>
        <time>2026-10-03T09:13:42.000Z</time>
        <extensions>
          <ns3:TrackPointExtension>
            <ns3:hr>99</ns3:hr>
            <ns3:cad>0</ns3:cad>
          </ns3:TrackPointExtension>
        </extensions>
      </trkpt>
      <trkpt lat="42.0748973451554775238037109375" lon="128.0650936067104339599609375">
        <ele>1696.4000244140625</ele>
        <time>2026-10-03T09:13:44.000Z</time>
        <extensions>
          <ns3:TrackPointExtension>
            <ns3:hr>99</ns3:hr>
            <ns3:cad>0</ns3:cad>
          </ns3:TrackPointExtension>
        </extensions>
      </trkpt>
      <trkpt lat="42.07503254525363445281982421875" lon="128.06502780877053737640380859375">
        <ele>1696.5999755859375</ele>
        <time>2026-10-03T09:13:45.000Z</time>
        <extensions>
          <ns3:TrackPointExtension>
            <ns3:hr>99</ns3:hr>
            <ns3:cad>0</ns3:cad>
          </ns3:TrackPointExtension>
        </extensions>
      </trkpt>
      <trkpt lat="42.07530646584928035736083984375" lon="128.0648922733962535858154296875">
        <ele>1697</ele>
        <time>2026-10-03T09:13:47.000Z</time>
        <extensions>
          <ns3:TrackPointExtension>
            <ns3:hr>99</ns3:hr>
            <ns3:cad>0</ns3:cad>
          </ns3:TrackPointExtension>
        </extensions>
      </trkpt>
      <trkpt lat="42.07555809058248996734619140625" lon="128.06477283127605915069580078125">
        <ele>1698.4000244140625</ele>
        <time>2026-10-03T09:13:49.000Z</time>
        <extensions>
          <ns3:TrackPointExtension>
            <ns3:hr>99</ns3:hr>
            <ns3:cad>0</ns3:cad>
          </ns3:TrackPointExtension>
        </extensions>
      </trkpt>
      <trkpt lat="42.075732685625553131103515625" lon="128.0646978132426738739013671875">
        <ele>1698.800048828125</ele>
        <time>2026-10-03T09:13:50.000Z</time>
        <extensions>
          <ns3:TrackPointExtension>
            <ns3:hr>99</ns3:hr>
            <ns3:cad>0</ns3:cad>
          </ns3:TrackPointExtension>
        </extensions>
      </trkpt>
      <trkpt lat="42.075878866016864776611328125" lon="128.06463897228240966796875">
        <ele>1699.199951171875</ele>
        <time>2026-10-03T09:13:51.000Z</time>
        <extensions>
          <ns3:TrackPointExtension>
            <ns3:hr>98</ns3:hr>
            <ns3:cad>0</ns3:cad>
          </ns3:TrackPointExtension>
        </extensions>
      </trkpt>
      <trkpt lat="42.076021693646907806396484375" lon="128.0645781196653842926025390625">
        <ele>1699.4000244140625</ele>
        <time>2026-10-03T09:13:52.000Z</time>
        <extensions>
          <ns3:TrackPointExtension>
            <ns3:hr>97</ns3:hr>
            <ns3:cad>0</ns3:cad>
          </ns3:TrackPointExtension>
        </extensions>
      </trkpt>
      <trkpt lat="42.076305337250232696533203125" lon="128.0644775368273258209228515625">
        <ele>1699.800048828125</ele>
        <time>2026-10-03T09:13:54.000Z</time>
        <extensions>
          <ns3:TrackPointExtension>
            <ns3:hr>96</ns3:hr>
            <ns3:cad>0</ns3:cad>
          </ns3:TrackPointExtension>
        </extensions>
      </trkpt>
      <trkpt lat="42.07658772356808185577392578125" lon="128.06444023735821247100830078125">
        <ele>1700.4000244140625</ele>
        <time>2026-10-03T09:13:56.000Z</time>
        <extensions>
          <ns3:TrackPointExtension>
            <ns3:hr>94</ns3:hr>
            <ns3:cad>0</ns3:cad>
          </ns3:TrackPointExtension>
        </extensions>
      </trkpt>
      <trkpt lat="42.076715044677257537841796875" lon="128.06444392539560794830322265625">
        <ele>1700.800048828125</ele>
        <time>2026-10-03T09:13:57.000Z</time>
        <extensions>
          <ns3:TrackPointExtension>
            <ns3:hr>94</ns3:hr>
            <ns3:cad>0</ns3:cad>
          </ns3:TrackPointExtension>
        </extensions>
      </trkpt>
      <trkpt lat="42.0769623108208179473876953125" lon="128.06449354626238346099853515625">
        <ele>1701.4000244140625</ele>
        <time>2026-10-03T09:13:59.000Z</time>
        <extensions>
          <ns3:TrackPointExtension>
            <ns3:hr>93</ns3:hr>
            <ns3:cad>0</ns3:cad>
          </ns3:TrackPointExtension>
        </extensions>
      </trkpt>
      <trkpt lat="42.0770877040922641754150390625" lon="128.0645194463431835174560546875">
        <ele>1701.5999755859375</ele>
        <time>2026-10-03T09:14:00.000Z</time>
        <extensions>
          <ns3:TrackPointExtension>
            <ns3:hr>92</ns3:hr>
            <ns3:cad>0</ns3:cad>
          </ns3:TrackPointExtension>
        </extensions>
      </trkpt>
      <trkpt lat="42.0773592777550220489501953125" lon="128.0645630322396755218505859375">
        <ele>1701.800048828125</ele>
        <time>2026-10-03T09:14:02.000Z</time>
        <extensions>
          <ns3:TrackPointExtension>
            <ns3:hr>90</ns3:hr>
            <ns3:cad>0</ns3:cad>
          </ns3:TrackPointExtension>
        </extensions>
      </trkpt>
      <trkpt lat="42.07765138708055019378662109375" lon="128.06461458094418048858642578125">
        <ele>1701.4000244140625</ele>
        <time>2026-10-03T09:14:04.000Z</time>
        <extensions>
          <ns3:TrackPointExtension>
            <ns3:hr>89</ns3:hr>
            <ns3:cad>0</ns3:cad>
          </ns3:TrackPointExtension>
        </extensions>
      </trkpt>
      <trkpt lat="42.07793352194130420684814453125" lon="128.06467560119926929473876953125">
        <ele>1701</ele>
        <time>2026-10-03T09:14:06.000Z</time>
        <extensions>
          <ns3:TrackPointExtension>
            <ns3:hr>88</ns3:hr>
            <ns3:cad>0</ns3:cad>
          </ns3:TrackPointExtension>
        </extensions>
      </trkpt>
      <trkpt lat="42.07822705619037151336669921875" lon="128.06473360396921634674072265625">
        <ele>1700.4000244140625</ele>
        <time>2026-10-03T09:14:08.000Z</time>
        <extensions>
          <ns3:TrackPointExtension>
            <ns3:hr>87</ns3:hr>
            <ns3:cad>0</ns3:cad>
          </ns3:TrackPointExtension>
        </extensions>
      </trkpt>
      <trkpt lat="42.07837541587650775909423828125" lon="128.0647564865648746490478515625">
        <ele>1699.800048828125</ele>
        <time>2026-10-03T09:14:09.000Z</time>
        <extensions>
          <ns3:TrackPointExtension>
            <ns3:hr>87</ns3:hr>
            <ns3:cad>0</ns3:cad>
          </ns3:TrackPointExtension>
        </extensions>
      </trkpt>
      <trkpt lat="42.07850600592792034149169921875" lon="128.0647786147892475128173828125">
        <ele>1699</ele>
        <time>2026-10-03T09:14:10.000Z</time>
        <extensions>
          <ns3:TrackPointExtension>
            <ns3:hr>87</ns3:hr>
            <ns3:cad>0</ns3:cad>
          </ns3:TrackPointExtension>
        </extensions>
      </trkpt>
      <trkpt lat="42.078764922916889190673828125" lon="128.0648148246109485626220703125">
        <ele>1697.800048828125</ele>
        <time>2026-10-03T09:14:12.000Z</time>
        <extensions>
          <ns3:TrackPointExtension>
            <ns3:hr>87</ns3:hr>
            <ns3:cad>0</ns3:cad>
          </ns3:TrackPointExtension>
        </extensions>
      </trkpt>
      <trkpt lat="42.078903727233409881591796875" lon="128.06482882238924503326416015625">
        <ele>1697.4000244140625</ele>
        <time>2026-10-03T09:14:13.000Z</time>
        <extensions>
          <ns3:TrackPointExtension>
            <ns3:hr>87</ns3:hr>
            <ns3:cad>0</ns3:cad>
          </ns3:TrackPointExtension>
        </extensions>
      </trkpt>
      <trkpt lat="42.07920740358531475067138671875" lon="128.06485413573682308197021484375">
        <ele>1696.800048828125</ele>
        <time>2026-10-03T09:14:15.000Z</time>
        <extensions>
          <ns3:TrackPointExtension>
            <ns3:hr>86</ns3:hr>
            <ns3:cad>0</ns3:cad>
          </ns3:TrackPointExtension>
        </extensions>
      </trkpt>
      <trkpt lat="42.07949079573154449462890625" lon="128.064857237040996551513671875">
        <ele>1696.199951171875</ele>
        <time>2026-10-03T09:14:17.000Z</time>
        <extensions>
          <ns3:TrackPointExtension>
            <ns3:hr>87</ns3:hr>
            <ns3:cad>0</ns3:cad>
          </ns3:TrackPointExtension>
        </extensions>
      </trkpt>
      <trkpt lat="42.079749293625354766845703125" lon="128.06484910659492015838623046875">
        <ele>1696</ele>
        <time>2026-10-03T09:14:19.000Z</time>
        <extensions>
          <ns3:TrackPointExtension>
            <ns3:hr>88</ns3:hr>
            <ns3:cad>0</ns3:cad>
          </ns3:TrackPointExtension>
        </extensions>
      </trkpt>
      <trkpt lat="42.079882733523845672607421875" lon="128.064842484891414642333984375">
        <ele>1695.800048828125</ele>
        <time>2026-10-03T09:14:20.000Z</time>
        <extensions>
          <ns3:TrackPointExtension>
            <ns3:hr>88</ns3:hr>
            <ns3:cad>0</ns3:cad>
          </ns3:TrackPointExtension>
        </extensions>
      </trkpt>
      <trkpt lat="42.08000938408076763153076171875" lon="128.06483267806470394134521484375">
        <ele>1695.5999755859375</ele>
        <time>2026-10-03T09:14:21.000Z</time>
        <extensions>
          <ns3:TrackPointExtension>
            <ns3:hr>88</ns3:hr>
            <ns3:cad>0</ns3:cad>
          </ns3:TrackPointExtension>
        </extensions>
      </trkpt>
      <trkpt lat="42.08028447814285755157470703125" lon="128.0648094601929187774658203125">
        <ele>1695.4000244140625</ele>
        <time>2026-10-03T09:14:23.000Z</time>
        <extensions>
          <ns3:TrackPointExtension>
            <ns3:hr>89</ns3:hr>
            <ns3:cad>0</ns3:cad>
          </ns3:TrackPointExtension>
        </extensions>
      </trkpt>
      <trkpt lat="42.0805846340954303741455078125" lon="128.0647886730730533599853515625">
        <ele>1695</ele>
        <time>2026-10-03T09:14:25.000Z</time>
        <extensions>
          <ns3:TrackPointExtension>
            <ns3:hr>90</ns3:hr>
            <ns3:cad>0</ns3:cad>
          </ns3:TrackPointExtension>
        </extensions>
      </trkpt>
      <trkpt lat="42.080903984606266021728515625" lon="128.06476713158190250396728515625">
        <ele>1694.800048828125</ele>
        <time>2026-10-03T09:14:27.000Z</time>
        <extensions>
          <ns3:TrackPointExtension>
            <ns3:hr>90</ns3:hr>
            <ns3:cad>0</ns3:cad>
          </ns3:TrackPointExtension>
        </extensions>
      </trkpt>
      <trkpt lat="42.081052847206592559814453125" lon="128.06475841440260410308837890625">
        <ele>1694.4000244140625</ele>
        <time>2026-10-03T09:14:28.000Z</time>
        <extensions>
          <ns3:TrackPointExtension>
            <ns3:hr>91</ns3:hr>
            <ns3:cad>0</ns3:cad>
          </ns3:TrackPointExtension>
        </extensions>
      </trkpt>
      <trkpt lat="42.08135702647268772125244140625" lon="128.06476746685802936553955078125">
        <ele>1693.199951171875</ele>
        <time>2026-10-03T09:14:30.000Z</time>
        <extensions>
          <ns3:TrackPointExtension>
            <ns3:hr>91</ns3:hr>
            <ns3:cad>0</ns3:cad>
          </ns3:TrackPointExtension>
        </extensions>
      </trkpt>
      <trkpt lat="42.08162088878452777862548828125" lon="128.06483452208340167999267578125">
        <ele>1691.5999755859375</ele>
        <time>2026-10-03T09:14:32.000Z</time>
        <extensions>
          <ns3:TrackPointExtension>
            <ns3:hr>92</ns3:hr>
            <ns3:cad>0</ns3:cad>
          </ns3:TrackPointExtension>
        </extensions>
      </trkpt>
      <trkpt lat="42.0817433483898639678955078125" lon="128.06487592868506908416748046875">
        <ele>1691</ele>
        <time>2026-10-03T09:14:33.000Z</time>
        <extensions>
          <ns3:TrackPointExtension>
            <ns3:hr>91</ns3:hr>
            <ns3:cad>0</ns3:cad>
          </ns3:TrackPointExtension>
        </extensions>
      </trkpt>
      <trkpt lat="42.082008384168148040771484375" lon="128.06496016681194305419921875">
        <ele>1690.4000244140625</ele>
        <time>2026-10-03T09:14:35.000Z</time>
        <extensions>
          <ns3:TrackPointExtension>
            <ns3:hr>90</ns3:hr>
            <ns3:cad>0</ns3:cad>
          </ns3:TrackPointExtension>
        </extensions>
      </trkpt>
      <trkpt lat="42.08225087262690067291259765625" lon="128.06504373438656330108642578125">
        <ele>1690</ele>
        <time>2026-10-03T09:14:37.000Z</time>
        <extensions>
          <ns3:TrackPointExtension>
            <ns3:hr>90</ns3:hr>
            <ns3:cad>0</ns3:cad>
          </ns3:TrackPointExtension>
        </extensions>
      </trkpt>
      <trkpt lat="42.0823676325380802154541015625" lon="128.06508078239858150482177734375">
        <ele>1689.800048828125</ele>
        <time>2026-10-03T09:14:38.000Z</time>
        <extensions>
          <ns3:TrackPointExtension>
            <ns3:hr>91</ns3:hr>
            <ns3:cad>0</ns3:cad>
          </ns3:TrackPointExtension>
        </extensions>
      </trkpt>
      <trkpt lat="42.082483805716037750244140625" lon="128.06511816568672657012939453125">
        <ele>1689.199951171875</ele>
        <time>2026-10-03T09:14:39.000Z</time>
        <extensions>
          <ns3:TrackPointExtension>
            <ns3:hr>90</ns3:hr>
            <ns3:cad>0</ns3:cad>
          </ns3:TrackPointExtension>
        </extensions>
      </trkpt>
      <trkpt lat="42.0827122963964939117431640625" lon="128.06522746570408344268798828125">
        <ele>1687.5999755859375</ele>
        <time>2026-10-03T09:14:41.000Z</time>
        <extensions>
          <ns3:TrackPointExtension>
            <ns3:hr>91</ns3:hr>
            <ns3:cad>0</ns3:cad>
          </ns3:TrackPointExtension>
        </extensions>
      </trkpt>
      <trkpt lat="42.0828175731003284454345703125" lon="128.06531530804932117462158203125">
        <ele>1686.4000244140625</ele>
        <time>2026-10-03T09:14:42.000Z</time>
        <extensions>
          <ns3:TrackPointExtension>
            <ns3:hr>91</ns3:hr>
            <ns3:cad>0</ns3:cad>
          </ns3:TrackPointExtension>
        </extensions>
      </trkpt>
      <trkpt lat="42.08290524780750274658203125" lon="128.06543433107435703277587890625">
        <ele>1685.199951171875</ele>
        <time>2026-10-03T09:14:43.000Z</time>
        <extensions>
          <ns3:TrackPointExtension>
            <ns3:hr>93</ns3:hr>
            <ns3:cad>0</ns3:cad>
          </ns3:TrackPointExtension>
        </extensions>
      </trkpt>
      <trkpt lat="42.08299267105758190155029296875" lon="128.06559308432042598724365234375">
        <ele>1684</ele>
        <time>2026-10-03T09:14:44.000Z</time>
        <extensions>
          <ns3:TrackPointExtension>
            <ns3:hr>89</ns3:hr>
            <ns3:cad>0</ns3:cad>
          </ns3:TrackPointExtension>
        </extensions>
      </trkpt>
      <trkpt lat="42.083064503967761993408203125" lon="128.0657774023711681365966796875">
        <ele>1682.800048828125</ele>
        <time>2026-10-03T09:14:45.000Z</time>
        <extensions>
          <ns3:TrackPointExtension>
            <ns3:hr>92</ns3:hr>
            <ns3:cad>0</ns3:cad>
          </ns3:TrackPointExtension>
        </extensions>
      </trkpt>
      <trkpt lat="42.083114795386791229248046875" lon="128.0659762211143970489501953125">
        <ele>1681.800048828125</ele>
        <time>2026-10-03T09:14:46.000Z</time>
        <extensions>
          <ns3:TrackPointExtension>
            <ns3:hr>91</ns3:hr>
            <ns3:cad>0</ns3:cad>
          </ns3:TrackPointExtension>
        </extensions>
      </trkpt>
      <trkpt lat="42.08313918672502040863037109375" lon="128.06616757996380329132080078125">
        <ele>1680.800048828125</ele>
        <time>2026-10-03T09:14:47.000Z</time>
        <extensions>
          <ns3:TrackPointExtension>
            <ns3:hr>91</ns3:hr>
            <ns3:cad>0</ns3:cad>
          </ns3:TrackPointExtension>
        </extensions>
      </trkpt>
      <trkpt lat="42.0831741392612457275390625" lon="128.06636539287865161895751953125">
        <ele>1680</ele>
        <time>2026-10-03T09:14:48.000Z</time>
        <extensions>
          <ns3:TrackPointExtension>
            <ns3:hr>91</ns3:hr>
            <ns3:cad>0</ns3:cad>
          </ns3:TrackPointExtension>
        </extensions>
      </trkpt>
      <trkpt lat="42.083199284970760345458984375" lon="128.066549710929393768310546875">
        <ele>1679.199951171875</ele>
        <time>2026-10-03T09:14:49.000Z</time>
        <extensions>
          <ns3:TrackPointExtension>
            <ns3:hr>92</ns3:hr>
            <ns3:cad>0</ns3:cad>
          </ns3:TrackPointExtension>
        </extensions>
      </trkpt>
      <trkpt lat="42.083221413195133209228515625" lon="128.06673738174140453338623046875">
        <ele>1678.4000244140625</ele>
        <time>2026-10-03T09:14:50.000Z</time>
        <extensions>
          <ns3:TrackPointExtension>
            <ns3:hr>90</ns3:hr>
            <ns3:cad>0</ns3:cad>
          </ns3:TrackPointExtension>
        </extensions>
      </trkpt>
      <trkpt lat="42.08324898965656757354736328125" lon="128.06713007390499114990234375">
        <ele>1676.800048828125</ele>
        <time>2026-10-03T09:14:52.000Z</time>
        <extensions>
          <ns3:TrackPointExtension>
            <ns3:hr>88</ns3:hr>
            <ns3:cad>0</ns3:cad>
          </ns3:TrackPointExtension>
        </extensions>
      </trkpt>
      <trkpt lat="42.08331705071032047271728515625" lon="128.0674995481967926025390625">
        <ele>1675.4000244140625</ele>
        <time>2026-10-03T09:14:54.000Z</time>
        <extensions>
          <ns3:TrackPointExtension>
            <ns3:hr>88</ns3:hr>
            <ns3:cad>0</ns3:cad>
          </ns3:TrackPointExtension>
        </extensions>
      </trkpt>
      <trkpt lat="42.08341729827225208282470703125" lon="128.06775863282382488250732421875">
        <ele>1674.5999755859375</ele>
        <time>2026-10-03T09:14:56.000Z</time>
        <extensions>
          <ns3:TrackPointExtension>
            <ns3:hr>87</ns3:hr>
            <ns3:cad>0</ns3:cad>
          </ns3:TrackPointExtension>
        </extensions>
      </trkpt>
      <trkpt lat="42.08349357359111309051513671875" lon="128.06787329725921154022216796875">
        <ele>1674.199951171875</ele>
        <time>2026-10-03T09:14:57.000Z</time>
        <extensions>
          <ns3:TrackPointExtension>
            <ns3:hr>86</ns3:hr>
            <ns3:cad>0</ns3:cad>
          </ns3:TrackPointExtension>
        </extensions>
      </trkpt>
      <trkpt lat="42.0836400054395198822021484375" lon="128.0680824257433414459228515625">
        <ele>1673.5999755859375</ele>
        <time>2026-10-03T09:14:59.000Z</time>
        <extensions>
          <ns3:TrackPointExtension>
            <ns3:hr>84</ns3:hr>
            <ns3:cad>0</ns3:cad>
          </ns3:TrackPointExtension>
        </extensions>
      </trkpt>
      <trkpt lat="42.08372893743216991424560546875" lon="128.06818258948624134063720703125">
        <ele>1673.4000244140625</ele>
        <time>2026-10-03T09:15:00.000Z</time>
        <extensions>
          <ns3:TrackPointExtension>
            <ns3:hr>84</ns3:hr>
            <ns3:cad>0</ns3:cad>
          </ns3:TrackPointExtension>
        </extensions>
      </trkpt>
      <trkpt lat="42.08381460048258304595947265625" lon="128.0682752095162868499755859375">
        <ele>1673.199951171875</ele>
        <time>2026-10-03T09:15:01.000Z</time>
        <extensions>
          <ns3:TrackPointExtension>
            <ns3:hr>84</ns3:hr>
            <ns3:cad>0</ns3:cad>
          </ns3:TrackPointExtension>
        </extensions>
      </trkpt>
      <trkpt lat="42.0840131677687168121337890625" lon="128.06848702020943164825439453125">
        <ele>1672</ele>
        <time>2026-10-03T09:15:03.000Z</time>
        <extensions>
          <ns3:TrackPointExtension>
            <ns3:hr>83</ns3:hr>
            <ns3:cad>0</ns3:cad>
          </ns3:TrackPointExtension>
        </extensions>
      </trkpt>
      <trkpt lat="42.08413596265017986297607421875" lon="128.06859799660742282867431640625">
        <ele>1670.800048828125</ele>
        <time>2026-10-03T09:15:04.000Z</time>
        <extensions>
          <ns3:TrackPointExtension>
            <ns3:hr>83</ns3:hr>
            <ns3:cad>0</ns3:cad>
          </ns3:TrackPointExtension>
        </extensions>
      </trkpt>
      <trkpt lat="42.08432589657604694366455078125" lon="128.068863451480865478515625">
        <ele>1669.4000244140625</ele>
        <time>2026-10-03T09:15:06.000Z</time>
        <extensions>
          <ns3:TrackPointExtension>
            <ns3:hr>84</ns3:hr>
            <ns3:cad>0</ns3:cad>
          </ns3:TrackPointExtension>
        </extensions>
      </trkpt>
      <trkpt lat="42.08441591821610927581787109375" lon="128.06902815587818622589111328125">
        <ele>1668.800048828125</ele>
        <time>2026-10-03T09:15:07.000Z</time>
        <extensions>
          <ns3:TrackPointExtension>
            <ns3:hr>83</ns3:hr>
            <ns3:cad>0</ns3:cad>
          </ns3:TrackPointExtension>
        </extensions>
      </trkpt>
      <trkpt lat="42.08449705503880977630615234375" lon="128.06922353804111480712890625">
        <ele>1668.4000244140625</ele>
        <time>2026-10-03T09:15:08.000Z</time>
        <extensions>
          <ns3:TrackPointExtension>
            <ns3:hr>82</ns3:hr>
            <ns3:cad>0</ns3:cad>
          </ns3:TrackPointExtension>
        </extensions>
      </trkpt>
      <trkpt lat="42.0845559798181056976318359375" lon="128.06942696683108806610107421875">
        <ele>1668.199951171875</ele>
        <time>2026-10-03T09:15:09.000Z</time>
        <extensions>
          <ns3:TrackPointExtension>
            <ns3:hr>83</ns3:hr>
            <ns3:cad>0</ns3:cad>
          </ns3:TrackPointExtension>
        </extensions>
      </trkpt>
      <trkpt lat="42.08461389876902103424072265625" lon="128.06961623020470142364501953125">
        <ele>1668</ele>
        <time>2026-10-03T09:15:10.000Z</time>
        <extensions>
          <ns3:TrackPointExtension>
            <ns3:hr>83</ns3:hr>
            <ns3:cad>0</ns3:cad>
          </ns3:TrackPointExtension>
        </extensions>
      </trkpt>
      <trkpt lat="42.0847373642027378082275390625" lon="128.06996894069015979766845703125">
        <ele>1667.5999755859375</ele>
        <time>2026-10-03T09:15:12.000Z</time>
        <extensions>
          <ns3:TrackPointExtension>
            <ns3:hr>83</ns3:hr>
            <ns3:cad>0</ns3:cad>
          </ns3:TrackPointExtension>
        </extensions>
      </trkpt>
      <trkpt lat="42.08482143469154834747314453125" lon="128.07013540528714656829833984375">
        <ele>1667.5999755859375</ele>
        <time>2026-10-03T09:15:13.000Z</time>
        <extensions>
          <ns3:TrackPointExtension>
            <ns3:hr>84</ns3:hr>
            <ns3:cad>0</ns3:cad>
          </ns3:TrackPointExtension>
        </extensions>
      </trkpt>
      <trkpt lat="42.0848939381539821624755859375" lon="128.07029298506677150726318359375">
        <ele>1667.199951171875</ele>
        <time>2026-10-03T09:15:14.000Z</time>
        <extensions>
          <ns3:TrackPointExtension>
            <ns3:hr>84</ns3:hr>
            <ns3:cad>0</ns3:cad>
          </ns3:TrackPointExtension>
        </extensions>
      </trkpt>
      <trkpt lat="42.084943391382694244384765625" lon="128.0704602040350437164306640625">
        <ele>1666.5999755859375</ele>
        <time>2026-10-03T09:15:15.000Z</time>
        <extensions>
          <ns3:TrackPointExtension>
            <ns3:hr>84</ns3:hr>
            <ns3:cad>0</ns3:cad>
          </ns3:TrackPointExtension>
        </extensions>
      </trkpt>
      <trkpt lat="42.08496644161641597747802734375" lon="128.0707884393632411956787109375">
        <ele>1665.199951171875</ele>
        <time>2026-10-03T09:15:17.000Z</time>
        <extensions>
          <ns3:TrackPointExtension>
            <ns3:hr>85</ns3:hr>
            <ns3:cad>0</ns3:cad>
          </ns3:TrackPointExtension>
        </extensions>
      </trkpt>
      <trkpt lat="42.08495839498937129974365234375" lon="128.07109379209578037261962890625">
        <ele>1664.4000244140625</ele>
        <time>2026-10-03T09:15:19.000Z</time>
        <extensions>
          <ns3:TrackPointExtension>
            <ns3:hr>85</ns3:hr>
            <ns3:cad>0</ns3:cad>
          </ns3:TrackPointExtension>
        </extensions>
      </trkpt>
      <trkpt lat="42.084972560405731201171875" lon="128.071235530078411102294921875">
        <ele>1664</ele>
        <time>2026-10-03T09:15:20.000Z</time>
        <extensions>
          <ns3:TrackPointExtension>
            <ns3:hr>85</ns3:hr>
            <ns3:cad>0</ns3:cad>
          </ns3:TrackPointExtension>
        </extensions>
      </trkpt>
      <trkpt lat="42.08498002029955387115478515625" lon="128.0713607557117938995361328125">
        <ele>1663.5999755859375</ele>
        <time>2026-10-03T09:15:21.000Z</time>
        <extensions>
          <ns3:TrackPointExtension>
            <ns3:hr>85</ns3:hr>
            <ns3:cad>0</ns3:cad>
          </ns3:TrackPointExtension>
        </extensions>
      </trkpt>
      <trkpt lat="42.08497314713895320892333984375" lon="128.071599304676055908203125">
        <ele>1662.800048828125</ele>
        <time>2026-10-03T09:15:23.000Z</time>
        <extensions>
          <ns3:TrackPointExtension>
            <ns3:hr>85</ns3:hr>
            <ns3:cad>0</ns3:cad>
          </ns3:TrackPointExtension>
        </extensions>
      </trkpt>
      <trkpt lat="42.08497482351958751678466796875" lon="128.07193013839423656463623046875">
        <ele>1661.4000244140625</ele>
        <time>2026-10-03T09:15:26.000Z</time>
        <extensions>
          <ns3:TrackPointExtension>
            <ns3:hr>86</ns3:hr>
            <ns3:cad>0</ns3:cad>
          </ns3:TrackPointExtension>
        </extensions>
      </trkpt>
      <trkpt lat="42.0850280486047267913818359375" lon="128.07213868014514446258544921875">
        <ele>1659.800048828125</ele>
        <time>2026-10-03T09:15:28.000Z</time>
        <extensions>
          <ns3:TrackPointExtension>
            <ns3:hr>86</ns3:hr>
            <ns3:cad>0</ns3:cad>
          </ns3:TrackPointExtension>
        </extensions>
      </trkpt>
      <trkpt lat="42.0850696228444576263427734375" lon="128.07224295102059841156005859375">
        <ele>1659</ele>
        <time>2026-10-03T09:15:29.000Z</time>
        <extensions>
          <ns3:TrackPointExtension>
            <ns3:hr>87</ns3:hr>
            <ns3:cad>0</ns3:cad>
          </ns3:TrackPointExtension>
        </extensions>
      </trkpt>
      <trkpt lat="42.08509502001106739044189453125" lon="128.0723454616963863372802734375">
        <ele>1657.800048828125</ele>
        <time>2026-10-03T09:15:30.000Z</time>
        <extensions>
          <ns3:TrackPointExtension>
            <ns3:hr>86</ns3:hr>
            <ns3:cad>0</ns3:cad>
          </ns3:TrackPointExtension>
        </extensions>
      </trkpt>
      <trkpt lat="42.085116393864154815673828125" lon="128.0725260078907012939453125">
        <ele>1656.4000244140625</ele>
        <time>2026-10-03T09:15:32.000Z</time>
        <extensions>
          <ns3:TrackPointExtension>
            <ns3:hr>86</ns3:hr>
            <ns3:cad>0</ns3:cad>
          </ns3:TrackPointExtension>
        </extensions>
      </trkpt>
      <trkpt lat="42.08516526035964488983154296875" lon="128.07264058850705623626708984375">
        <ele>1655.5999755859375</ele>
        <time>2026-10-03T09:15:33.000Z</time>
        <extensions>
          <ns3:TrackPointExtension>
            <ns3:hr>86</ns3:hr>
            <ns3:cad>0</ns3:cad>
          </ns3:TrackPointExtension>
        </extensions>
      </trkpt>
      <trkpt lat="42.08521286956965923309326171875" lon="128.0727591924369335174560546875">
        <ele>1655</ele>
        <time>2026-10-03T09:15:34.000Z</time>
        <extensions>
          <ns3:TrackPointExtension>
            <ns3:hr>86</ns3:hr>
            <ns3:cad>0</ns3:cad>
          </ns3:TrackPointExtension>
        </extensions>
      </trkpt>
      <trkpt lat="42.085260562598705291748046875" lon="128.0728741921484470367431640625">
        <ele>1654.5999755859375</ele>
        <time>2026-10-03T09:15:35.000Z</time>
        <extensions>
          <ns3:TrackPointExtension>
            <ns3:hr>86</ns3:hr>
            <ns3:cad>0</ns3:cad>
          </ns3:TrackPointExtension>
        </extensions>
      </trkpt>
      <trkpt lat="42.08532460033893585205078125" lon="128.07299262844026088714599609375">
        <ele>1654</ele>
        <time>2026-10-03T09:15:36.000Z</time>
        <extensions>
          <ns3:TrackPointExtension>
            <ns3:hr>87</ns3:hr>
            <ns3:cad>0</ns3:cad>
          </ns3:TrackPointExtension>
        </extensions>
      </trkpt>
      <trkpt lat="42.08541386760771274566650390625" lon="128.0732161737978458404541015625">
        <ele>1652.800048828125</ele>
        <time>2026-10-03T09:15:38.000Z</time>
        <extensions>
          <ns3:TrackPointExtension>
            <ns3:hr>88</ns3:hr>
            <ns3:cad>0</ns3:cad>
          </ns3:TrackPointExtension>
        </extensions>
      </trkpt>
      <trkpt lat="42.08547882735729217529296875" lon="128.07337584905326366424560546875">
        <ele>1652</ele>
        <time>2026-10-03T09:15:40.000Z</time>
        <extensions>
          <ns3:TrackPointExtension>
            <ns3:hr>88</ns3:hr>
            <ns3:cad>0</ns3:cad>
          </ns3:TrackPointExtension>
        </extensions>
      </trkpt>
      <trkpt lat="42.0855323038995265960693359375" lon="128.0734706483781337738037109375">
        <ele>1651.800048828125</ele>
        <time>2026-10-03T09:15:41.000Z</time>
        <extensions>
          <ns3:TrackPointExtension>
            <ns3:hr>88</ns3:hr>
            <ns3:cad>0</ns3:cad>
          </ns3:TrackPointExtension>
        </extensions>
      </trkpt>
      <trkpt lat="42.08562903106212615966796875" lon="128.0736758373677730560302734375">
        <ele>1650.800048828125</ele>
        <time>2026-10-03T09:15:44.000Z</time>
        <extensions>
          <ns3:TrackPointExtension>
            <ns3:hr>87</ns3:hr>
            <ns3:cad>0</ns3:cad>
          </ns3:TrackPointExtension>
        </extensions>
      </trkpt>
      <trkpt lat="42.08567001856863498687744140625" lon="128.07374130003154277801513671875">
        <ele>1650.4000244140625</ele>
        <time>2026-10-03T09:15:45.000Z</time>
        <extensions>
          <ns3:TrackPointExtension>
            <ns3:hr>87</ns3:hr>
            <ns3:cad>0</ns3:cad>
          </ns3:TrackPointExtension>
        </extensions>
      </trkpt>
      <trkpt lat="42.08577294833958148956298828125" lon="128.07388479821383953094482421875">
        <ele>1649.199951171875</ele>
        <time>2026-10-03T09:15:47.000Z</time>
        <extensions>
          <ns3:TrackPointExtension>
            <ns3:hr>87</ns3:hr>
            <ns3:cad>0</ns3:cad>
          </ns3:TrackPointExtension>
        </extensions>
      </trkpt>
      <trkpt lat="42.085891552269458770751953125" lon="128.074045144021511077880859375">
        <ele>1648</ele>
        <time>2026-10-03T09:15:49.000Z</time>
        <extensions>
          <ns3:TrackPointExtension>
            <ns3:hr>87</ns3:hr>
            <ns3:cad>0</ns3:cad>
          </ns3:TrackPointExtension>
        </extensions>
      </trkpt>
      <trkpt lat="42.0860016904771327972412109375" lon="128.0742481537163257598876953125">
        <ele>1646.5999755859375</ele>
        <time>2026-10-03T09:15:51.000Z</time>
        <extensions>
          <ns3:TrackPointExtension>
            <ns3:hr>87</ns3:hr>
            <ns3:cad>0</ns3:cad>
          </ns3:TrackPointExtension>
        </extensions>
      </trkpt>
      <trkpt lat="42.086122892796993255615234375" lon="128.07450480759143829345703125">
        <ele>1644.800048828125</ele>
        <time>2026-10-03T09:15:53.000Z</time>
        <extensions>
          <ns3:TrackPointExtension>
            <ns3:hr>87</ns3:hr>
            <ns3:cad>0</ns3:cad>
          </ns3:TrackPointExtension>
        </extensions>
      </trkpt>
      <trkpt lat="42.08622707985341548919677734375" lon="128.07480965740978717803955078125">
        <ele>1643</ele>
        <time>2026-10-03T09:15:55.000Z</time>
        <extensions>
          <ns3:TrackPointExtension>
            <ns3:hr>87</ns3:hr>
            <ns3:cad>0</ns3:cad>
          </ns3:TrackPointExtension>
        </extensions>
      </trkpt>
      <trkpt lat="42.08629849366843700408935546875" lon="128.0749596096575260162353515625">
        <ele>1642.199951171875</ele>
        <time>2026-10-03T09:15:56.000Z</time>
        <extensions>
          <ns3:TrackPointExtension>
            <ns3:hr>87</ns3:hr>
            <ns3:cad>0</ns3:cad>
          </ns3:TrackPointExtension>
        </extensions>
      </trkpt>
      <trkpt lat="42.08637057803571224212646484375" lon="128.07511660270392894744873046875">
        <ele>1641.199951171875</ele>
        <time>2026-10-03T09:15:57.000Z</time>
        <extensions>
          <ns3:TrackPointExtension>
            <ns3:hr>86</ns3:hr>
            <ns3:cad>0</ns3:cad>
          </ns3:TrackPointExtension>
        </extensions>
      </trkpt>
      <trkpt lat="42.0865163393318653106689453125" lon="128.075429834425449371337890625">
        <ele>1639.4000244140625</ele>
        <time>2026-10-03T09:15:59.000Z</time>
        <extensions>
          <ns3:TrackPointExtension>
            <ns3:hr>87</ns3:hr>
            <ns3:cad>0</ns3:cad>
          </ns3:TrackPointExtension>
        </extensions>
      </trkpt>
      <trkpt lat="42.08659219555556774139404296875" lon="128.07557861320674419403076171875">
        <ele>1638.5999755859375</ele>
        <time>2026-10-03T09:16:00.000Z</time>
        <extensions>
          <ns3:TrackPointExtension>
            <ns3:hr>86</ns3:hr>
            <ns3:cad>0</ns3:cad>
          </ns3:TrackPointExtension>
        </extensions>
      </trkpt>
      <trkpt lat="42.08668406121432781219482421875" lon="128.0757253803312778472900390625">
        <ele>1637.5999755859375</ele>
        <time>2026-10-03T09:16:01.000Z</time>
        <extensions>
          <ns3:TrackPointExtension>
            <ns3:hr>86</ns3:hr>
            <ns3:cad>0</ns3:cad>
          </ns3:TrackPointExtension>
        </extensions>
      </trkpt>
      <trkpt lat="42.0868143998086452484130859375" lon="128.07604179717600345611572265625">
        <ele>1636</ele>
        <time>2026-10-03T09:16:03.000Z</time>
        <extensions>
          <ns3:TrackPointExtension>
            <ns3:hr>86</ns3:hr>
            <ns3:cad>0</ns3:cad>
          </ns3:TrackPointExtension>
        </extensions>
      </trkpt>
      <trkpt lat="42.08688857965171337127685546875" lon="128.0761979520320892333984375">
        <ele>1635</ele>
        <time>2026-10-03T09:16:04.000Z</time>
        <extensions>
          <ns3:TrackPointExtension>
            <ns3:hr>86</ns3:hr>
            <ns3:cad>0</ns3:cad>
          </ns3:TrackPointExtension>
        </extensions>
      </trkpt>
      <trkpt lat="42.08698379807174205780029296875" lon="128.07634220458567142486572265625">
        <ele>1634.199951171875</ele>
        <time>2026-10-03T09:16:05.000Z</time>
        <extensions>
          <ns3:TrackPointExtension>
            <ns3:hr>85</ns3:hr>
            <ns3:cad>0</ns3:cad>
          </ns3:TrackPointExtension>
        </extensions>
      </trkpt>
      <trkpt lat="42.08716551773250102996826171875" lon="128.0766118504106998443603515625">
        <ele>1632.5999755859375</ele>
        <time>2026-10-03T09:16:07.000Z</time>
        <extensions>
          <ns3:TrackPointExtension>
            <ns3:hr>86</ns3:hr>
            <ns3:cad>0</ns3:cad>
          </ns3:TrackPointExtension>
        </extensions>
      </trkpt>
      <trkpt lat="42.08735176362097263336181640625" lon="128.07684771716594696044921875">
        <ele>1631.4000244140625</ele>
        <time>2026-10-03T09:16:09.000Z</time>
        <extensions>
          <ns3:TrackPointExtension>
            <ns3:hr>86</ns3:hr>
            <ns3:cad>0</ns3:cad>
          </ns3:TrackPointExtension>
        </extensions>
      </trkpt>
      <trkpt lat="42.087561897933483123779296875" lon="128.077075369656085968017578125">
        <ele>1630.199951171875</ele>
        <time>2026-10-03T09:16:11.000Z</time>
        <extensions>
          <ns3:TrackPointExtension>
            <ns3:hr>86</ns3:hr>
            <ns3:cad>0</ns3:cad>
          </ns3:TrackPointExtension>
        </extensions>
      </trkpt>
      <trkpt lat="42.087639681994915008544921875" lon="128.07718073017895221710205078125">
        <ele>1629.4000244140625</ele>
        <time>2026-10-03T09:16:12.000Z</time>
        <extensions>
          <ns3:TrackPointExtension>
            <ns3:hr>86</ns3:hr>
            <ns3:cad>0</ns3:cad>
          </ns3:TrackPointExtension>
        </extensions>
      </trkpt>
      <trkpt lat="42.08772107027471065521240234375" lon="128.0772787146270275115966796875">
        <ele>1628.5999755859375</ele>
        <time>2026-10-03T09:16:13.000Z</time>
        <extensions>
          <ns3:TrackPointExtension>
            <ns3:hr>86</ns3:hr>
            <ns3:cad>0</ns3:cad>
          </ns3:TrackPointExtension>
        </extensions>
      </trkpt>
      <trkpt lat="42.08789960481226444244384765625" lon="128.0774785391986370086669921875">
        <ele>1626.5999755859375</ele>
        <time>2026-10-03T09:16:15.000Z</time>
        <extensions>
          <ns3:TrackPointExtension>
            <ns3:hr>87</ns3:hr>
            <ns3:cad>0</ns3:cad>
          </ns3:TrackPointExtension>
        </extensions>
      </trkpt>
      <trkpt lat="42.08810294978320598602294921875" lon="128.07766310870647430419921875">
        <ele>1625</ele>
        <time>2026-10-03T09:16:17.000Z</time>
        <extensions>
          <ns3:TrackPointExtension>
            <ns3:hr>87</ns3:hr>
            <ns3:cad>0</ns3:cad>
          </ns3:TrackPointExtension>
        </extensions>
      </trkpt>
      <trkpt lat="42.08832263946533203125" lon="128.07784415781497955322265625">
        <ele>1623.199951171875</ele>
        <time>2026-10-03T09:16:19.000Z</time>
        <extensions>
          <ns3:TrackPointExtension>
            <ns3:hr>88</ns3:hr>
            <ns3:cad>0</ns3:cad>
          </ns3:TrackPointExtension>
        </extensions>
      </trkpt>
      <trkpt lat="42.0884331129491329193115234375" lon="128.0779499374330043792724609375">
        <ele>1622.199951171875</ele>
        <time>2026-10-03T09:16:20.000Z</time>
        <extensions>
          <ns3:TrackPointExtension>
            <ns3:hr>85</ns3:hr>
            <ns3:cad>0</ns3:cad>
          </ns3:TrackPointExtension>
        </extensions>
      </trkpt>
      <trkpt lat="42.0885427482426166534423828125" lon="128.078059069812297821044921875">
        <ele>1621</ele>
        <time>2026-10-03T09:16:21.000Z</time>
        <extensions>
          <ns3:TrackPointExtension>
            <ns3:hr>88</ns3:hr>
            <ns3:cad>0</ns3:cad>
          </ns3:TrackPointExtension>
        </extensions>
      </trkpt>
      <trkpt lat="42.08864861167967319488525390625" lon="128.0781769193708896636962890625">
        <ele>1619.800048828125</ele>
        <time>2026-10-03T09:16:22.000Z</time>
        <extensions>
          <ns3:TrackPointExtension>
            <ns3:hr>88</ns3:hr>
            <ns3:cad>0</ns3:cad>
          </ns3:TrackPointExtension>
        </extensions>
      </trkpt>
      <trkpt lat="42.0887573249638080596923828125" lon="128.078298456966876983642578125">
        <ele>1618.5999755859375</ele>
        <time>2026-10-03T09:16:23.000Z</time>
        <extensions>
          <ns3:TrackPointExtension>
            <ns3:hr>89</ns3:hr>
            <ns3:cad>0</ns3:cad>
          </ns3:TrackPointExtension>
        </extensions>
      </trkpt>
      <trkpt lat="42.0888753421604633331298828125" lon="128.0784206651151180267333984375">
        <ele>1617</ele>
        <time>2026-10-03T09:16:24.000Z</time>
        <extensions>
          <ns3:TrackPointExtension>
            <ns3:hr>89</ns3:hr>
            <ns3:cad>0</ns3:cad>
          </ns3:TrackPointExtension>
        </extensions>
      </trkpt>
      <trkpt lat="42.088986821472644805908203125" lon="128.07853206060826778411865234375">
        <ele>1615.5999755859375</ele>
        <time>2026-10-03T09:16:25.000Z</time>
        <extensions>
          <ns3:TrackPointExtension>
            <ns3:hr>89</ns3:hr>
            <ns3:cad>0</ns3:cad>
          </ns3:TrackPointExtension>
        </extensions>
      </trkpt>
      <trkpt lat="42.08910408429801464080810546875" lon="128.07863968424499034881591796875">
        <ele>1614</ele>
        <time>2026-10-03T09:16:26.000Z</time>
        <extensions>
          <ns3:TrackPointExtension>
            <ns3:hr>90</ns3:hr>
            <ns3:cad>0</ns3:cad>
          </ns3:TrackPointExtension>
        </extensions>
      </trkpt>
      <trkpt lat="42.089218162000179290771484375" lon="128.0787395127117633819580078125">
        <ele>1612.5999755859375</ele>
        <time>2026-10-03T09:16:27.000Z</time>
        <extensions>
          <ns3:TrackPointExtension>
            <ns3:hr>89</ns3:hr>
            <ns3:cad>0</ns3:cad>
          </ns3:TrackPointExtension>
        </extensions>
      </trkpt>
      <trkpt lat="42.0893356762826442718505859375" lon="128.0788347311317920684814453125">
        <ele>1611.199951171875</ele>
        <time>2026-10-03T09:16:28.000Z</time>
        <extensions>
          <ns3:TrackPointExtension>
            <ns3:hr>89</ns3:hr>
            <ns3:cad>0</ns3:cad>
          </ns3:TrackPointExtension>
        </extensions>
      </trkpt>
      <trkpt lat="42.08946593105792999267578125" lon="128.07893975637853145599365234375">
        <ele>1609.800048828125</ele>
        <time>2026-10-03T09:16:29.000Z</time>
        <extensions>
          <ns3:TrackPointExtension>
            <ns3:hr>89</ns3:hr>
            <ns3:cad>0</ns3:cad>
          </ns3:TrackPointExtension>
        </extensions>
      </trkpt>
      <trkpt lat="42.0895926654338836669921875" lon="128.07904738001525402069091796875">
        <ele>1608.4000244140625</ele>
        <time>2026-10-03T09:16:30.000Z</time>
        <extensions>
          <ns3:TrackPointExtension>
            <ns3:hr>89</ns3:hr>
            <ns3:cad>0</ns3:cad>
          </ns3:TrackPointExtension>
        </extensions>
      </trkpt>
      <trkpt lat="42.08971696905791759490966796875" lon="128.07915885932743549346923828125">
        <ele>1607</ele>
        <time>2026-10-03T09:16:31.000Z</time>
        <extensions>
          <ns3:TrackPointExtension>
            <ns3:hr>89</ns3:hr>
            <ns3:cad>0</ns3:cad>
          </ns3:TrackPointExtension>
        </extensions>
      </trkpt>
      <trkpt lat="42.08983817137777805328369140625" lon="128.0792742781341075897216796875">
        <ele>1605.800048828125</ele>
        <time>2026-10-03T09:16:32.000Z</time>
        <extensions>
          <ns3:TrackPointExtension>
            <ns3:hr>90</ns3:hr>
            <ns3:cad>0</ns3:cad>
          </ns3:TrackPointExtension>
        </extensions>
      </trkpt>
      <trkpt lat="42.08996088244020938873291015625" lon="128.07939271442592144012451171875">
        <ele>1604.5999755859375</ele>
        <time>2026-10-03T09:16:33.000Z</time>
        <extensions>
          <ns3:TrackPointExtension>
            <ns3:hr>89</ns3:hr>
            <ns3:cad>0</ns3:cad>
          </ns3:TrackPointExtension>
        </extensions>
      </trkpt>
      <trkpt lat="42.09007856436073780059814453125" lon="128.07950486429035663604736328125">
        <ele>1603.4000244140625</ele>
        <time>2026-10-03T09:16:34.000Z</time>
        <extensions>
          <ns3:TrackPointExtension>
            <ns3:hr>90</ns3:hr>
            <ns3:cad>0</ns3:cad>
          </ns3:TrackPointExtension>
        </extensions>
      </trkpt>
      <trkpt lat="42.09019959904253482818603515625" lon="128.07960980571806430816650390625">
        <ele>1602.199951171875</ele>
        <time>2026-10-03T09:16:35.000Z</time>
        <extensions>
          <ns3:TrackPointExtension>
            <ns3:hr>88</ns3:hr>
            <ns3:cad>0</ns3:cad>
          </ns3:TrackPointExtension>
        </extensions>
      </trkpt>
      <trkpt lat="42.09033002145588397979736328125" lon="128.07972363196313381195068359375">
        <ele>1600.800048828125</ele>
        <time>2026-10-03T09:16:36.000Z</time>
        <extensions>
          <ns3:TrackPointExtension>
            <ns3:hr>85</ns3:hr>
            <ns3:cad>0</ns3:cad>
          </ns3:TrackPointExtension>
        </extensions>
      </trkpt>
      <trkpt lat="42.09045072086155414581298828125" lon="128.0798358656466007232666015625">
        <ele>1599.4000244140625</ele>
        <time>2026-10-03T09:16:37.000Z</time>
        <extensions>
          <ns3:TrackPointExtension>
            <ns3:hr>84</ns3:hr>
            <ns3:cad>0</ns3:cad>
          </ns3:TrackPointExtension>
        </extensions>
      </trkpt>
      <trkpt lat="42.09058851934969425201416015625" lon="128.079951368272304534912109375">
        <ele>1597.800048828125</ele>
        <time>2026-10-03T09:16:38.000Z</time>
        <extensions>
          <ns3:TrackPointExtension>
            <ns3:hr>82</ns3:hr>
            <ns3:cad>0</ns3:cad>
          </ns3:TrackPointExtension>
        </extensions>
      </trkpt>
      <trkpt lat="42.090734280645847320556640625" lon="128.08008053340017795562744140625">
        <ele>1596.5999755859375</ele>
        <time>2026-10-03T09:16:39.000Z</time>
        <extensions>
          <ns3:TrackPointExtension>
            <ns3:hr>81</ns3:hr>
            <ns3:cad>0</ns3:cad>
          </ns3:TrackPointExtension>
        </extensions>
      </trkpt>
      <trkpt lat="42.09086528979241847991943359375" lon="128.08020986616611480712890625">
        <ele>1595.4000244140625</ele>
        <time>2026-10-03T09:16:40.000Z</time>
        <extensions>
          <ns3:TrackPointExtension>
            <ns3:hr>81</ns3:hr>
            <ns3:cad>0</ns3:cad>
          </ns3:TrackPointExtension>
        </extensions>
      </trkpt>
      <trkpt lat="42.09099219180643558502197265625" lon="128.08033199049532413482666015625">
        <ele>1594</ele>
        <time>2026-10-03T09:16:41.000Z</time>
        <extensions>
          <ns3:TrackPointExtension>
            <ns3:hr>80</ns3:hr>
            <ns3:cad>0</ns3:cad>
          </ns3:TrackPointExtension>
        </extensions>
      </trkpt>
      <trkpt lat="42.09112864919006824493408203125" lon="128.08046408928930759429931640625">
        <ele>1592.5999755859375</ele>
        <time>2026-10-03T09:16:42.000Z</time>
        <extensions>
          <ns3:TrackPointExtension>
            <ns3:hr>80</ns3:hr>
            <ns3:cad>0</ns3:cad>
          </ns3:TrackPointExtension>
        </extensions>
      </trkpt>
      <trkpt lat="42.09124599583446979522705078125" lon="128.0805865488946437835693359375">
        <ele>1591.4000244140625</ele>
        <time>2026-10-03T09:16:43.000Z</time>
        <extensions>
          <ns3:TrackPointExtension>
            <ns3:hr>80</ns3:hr>
            <ns3:cad>0</ns3:cad>
          </ns3:TrackPointExtension>
        </extensions>
      </trkpt>
      <trkpt lat="42.09134942851960659027099609375" lon="128.0807173065841197967529296875">
        <ele>1589.5999755859375</ele>
        <time>2026-10-03T09:16:44.000Z</time>
        <extensions>
          <ns3:TrackPointExtension>
            <ns3:hr>80</ns3:hr>
            <ns3:cad>0</ns3:cad>
          </ns3:TrackPointExtension>
        </extensions>
      </trkpt>
      <trkpt lat="42.09145747125148773193359375" lon="128.0808443762362003326416015625">
        <ele>1587.4000244140625</ele>
        <time>2026-10-03T09:16:45.000Z</time>
        <extensions>
          <ns3:TrackPointExtension>
            <ns3:hr>80</ns3:hr>
            <ns3:cad>0</ns3:cad>
          </ns3:TrackPointExtension>
        </extensions>
      </trkpt>
      <trkpt lat="42.0915622450411319732666015625" lon="128.08096817694604396820068359375">
        <ele>1585.199951171875</ele>
        <time>2026-10-03T09:16:46.000Z</time>
        <extensions>
          <ns3:TrackPointExtension>
            <ns3:hr>80</ns3:hr>
            <ns3:cad>0</ns3:cad>
          </ns3:TrackPointExtension>
        </extensions>
      </trkpt>
      <trkpt lat="42.09165050648152828216552734375" lon="128.0810849368572235107421875">
        <ele>1583.4000244140625</ele>
        <time>2026-10-03T09:16:47.000Z</time>
        <extensions>
          <ns3:TrackPointExtension>
            <ns3:hr>81</ns3:hr>
            <ns3:cad>0</ns3:cad>
          </ns3:TrackPointExtension>
        </extensions>
      </trkpt>
      <trkpt lat="42.0917466469109058380126953125" lon="128.0812054686248302459716796875">
        <ele>1581.800048828125</ele>
        <time>2026-10-03T09:16:48.000Z</time>
        <extensions>
          <ns3:TrackPointExtension>
            <ns3:hr>81</ns3:hr>
            <ns3:cad>0</ns3:cad>
          </ns3:TrackPointExtension>
        </extensions>
      </trkpt>
      <trkpt lat="42.09184278734028339385986328125" lon="128.08132558129727840423583984375">
        <ele>1580.4000244140625</ele>
        <time>2026-10-03T09:16:49.000Z</time>
        <extensions>
          <ns3:TrackPointExtension>
            <ns3:hr>82</ns3:hr>
            <ns3:cad>0</ns3:cad>
          </ns3:TrackPointExtension>
        </extensions>
      </trkpt>
      <trkpt lat="42.0919401012361049652099609375" lon="128.0814425088465213775634765625">
        <ele>1579.4000244140625</ele>
        <time>2026-10-03T09:16:50.000Z</time>
        <extensions>
          <ns3:TrackPointExtension>
            <ns3:hr>84</ns3:hr>
            <ns3:cad>0</ns3:cad>
          </ns3:TrackPointExtension>
        </extensions>
      </trkpt>
      <trkpt lat="42.09204445593059062957763671875" lon="128.0815642140805721282958984375">
        <ele>1578.199951171875</ele>
        <time>2026-10-03T09:16:51.000Z</time>
        <extensions>
          <ns3:TrackPointExtension>
            <ns3:hr>85</ns3:hr>
            <ns3:cad>0</ns3:cad>
          </ns3:TrackPointExtension>
        </extensions>
      </trkpt>
      <trkpt lat="42.09225031547248363494873046875" lon="128.08182631619274616241455078125">
        <ele>1576</ele>
        <time>2026-10-03T09:16:53.000Z</time>
        <extensions>
          <ns3:TrackPointExtension>
            <ns3:hr>86</ns3:hr>
            <ns3:cad>0</ns3:cad>
          </ns3:TrackPointExtension>
        </extensions>
      </trkpt>
      <trkpt lat="42.09236347116529941558837890625" lon="128.08195455931127071380615234375">
        <ele>1575</ele>
        <time>2026-10-03T09:16:54.000Z</time>
        <extensions>
          <ns3:TrackPointExtension>
            <ns3:hr>87</ns3:hr>
            <ns3:cad>0</ns3:cad>
          </ns3:TrackPointExtension>
        </extensions>
      </trkpt>
      <trkpt lat="42.09248500876128673553466796875" lon="128.0820818804204463958740234375">
        <ele>1573.800048828125</ele>
        <time>2026-10-03T09:16:55.000Z</time>
        <extensions>
          <ns3:TrackPointExtension>
            <ns3:hr>88</ns3:hr>
            <ns3:cad>0</ns3:cad>
          </ns3:TrackPointExtension>
        </extensions>
      </trkpt>
      <trkpt lat="42.09260503761470317840576171875" lon="128.08220635168254375457763671875">
        <ele>1572.5999755859375</ele>
        <time>2026-10-03T09:16:56.000Z</time>
        <extensions>
          <ns3:TrackPointExtension>
            <ns3:hr>88</ns3:hr>
            <ns3:cad>0</ns3:cad>
          </ns3:TrackPointExtension>
        </extensions>
      </trkpt>
      <trkpt lat="42.092729508876800537109375" lon="128.08233157731592655181884765625">
        <ele>1571.4000244140625</ele>
        <time>2026-10-03T09:16:57.000Z</time>
        <extensions>
          <ns3:TrackPointExtension>
            <ns3:hr>89</ns3:hr>
            <ns3:cad>0</ns3:cad>
          </ns3:TrackPointExtension>
        </extensions>
      </trkpt>
      <trkpt lat="42.09285029210150241851806640625" lon="128.08244951069355010986328125">
        <ele>1570.4000244140625</ele>
        <time>2026-10-03T09:16:58.000Z</time>
        <extensions>
          <ns3:TrackPointExtension>
            <ns3:hr>89</ns3:hr>
            <ns3:cad>0</ns3:cad>
          </ns3:TrackPointExtension>
        </extensions>
      </trkpt>
      <trkpt lat="42.0929717458784580230712890625" lon="128.082569874823093414306640625">
        <ele>1569.4000244140625</ele>
        <time>2026-10-03T09:16:59.000Z</time>
        <extensions>
          <ns3:TrackPointExtension>
            <ns3:hr>89</ns3:hr>
            <ns3:cad>0</ns3:cad>
          </ns3:TrackPointExtension>
        </extensions>
      </trkpt>
      <trkpt lat="42.0930911041796207427978515625" lon="128.08268864639103412628173828125">
        <ele>1568.199951171875</ele>
        <time>2026-10-03T09:17:00.000Z</time>
        <extensions>
          <ns3:TrackPointExtension>
            <ns3:hr>89</ns3:hr>
            <ns3:cad>0</ns3:cad>
          </ns3:TrackPointExtension>
        </extensions>
      </trkpt>
      <trkpt lat="42.0932084508240222930908203125" lon="128.08281018398702144622802734375">
        <ele>1567</ele>
        <time>2026-10-03T09:17:01.000Z</time>
        <extensions>
          <ns3:TrackPointExtension>
            <ns3:hr>89</ns3:hr>
            <ns3:cad>0</ns3:cad>
          </ns3:TrackPointExtension>
        </extensions>
      </trkpt>
      <trkpt lat="42.093327306210994720458984375" lon="128.08292937465012073516845703125">
        <ele>1565.5999755859375</ele>
        <time>2026-10-03T09:17:02.000Z</time>
        <extensions>
          <ns3:TrackPointExtension>
            <ns3:hr>89</ns3:hr>
            <ns3:cad>0</ns3:cad>
          </ns3:TrackPointExtension>
        </extensions>
      </trkpt>
      <trkpt lat="42.09344255737960338592529296875" lon="128.083047978579998016357421875">
        <ele>1564.199951171875</ele>
        <time>2026-10-03T09:17:03.000Z</time>
        <extensions>
          <ns3:TrackPointExtension>
            <ns3:hr>89</ns3:hr>
            <ns3:cad>0</ns3:cad>
          </ns3:TrackPointExtension>
        </extensions>
      </trkpt>
      <trkpt lat="42.09355705417692661285400390625" lon="128.083168007433414459228515625">
        <ele>1562.800048828125</ele>
        <time>2026-10-03T09:17:04.000Z</time>
        <extensions>
          <ns3:TrackPointExtension>
            <ns3:hr>89</ns3:hr>
            <ns3:cad>0</ns3:cad>
          </ns3:TrackPointExtension>
        </extensions>
      </trkpt>
      <trkpt lat="42.093676663935184478759765625" lon="128.08328728191554546356201171875">
        <ele>1561.5999755859375</ele>
        <time>2026-10-03T09:17:05.000Z</time>
        <extensions>
          <ns3:TrackPointExtension>
            <ns3:hr>89</ns3:hr>
            <ns3:cad>0</ns3:cad>
          </ns3:TrackPointExtension>
        </extensions>
      </trkpt>
      <trkpt lat="42.0938005484640598297119140625" lon="128.08340898714959621429443359375">
        <ele>1560.199951171875</ele>
        <time>2026-10-03T09:17:06.000Z</time>
        <extensions>
          <ns3:TrackPointExtension>
            <ns3:hr>89</ns3:hr>
            <ns3:cad>0</ns3:cad>
          </ns3:TrackPointExtension>
        </extensions>
      </trkpt>
      <trkpt lat="42.09393273107707500457763671875" lon="128.083528764545917510986328125">
        <ele>1558.800048828125</ele>
        <time>2026-10-03T09:17:07.000Z</time>
        <extensions>
          <ns3:TrackPointExtension>
            <ns3:hr>89</ns3:hr>
            <ns3:cad>0</ns3:cad>
          </ns3:TrackPointExtension>
        </extensions>
      </trkpt>
      <trkpt lat="42.09407530725002288818359375" lon="128.08365390636026859283447265625">
        <ele>1557.4000244140625</ele>
        <time>2026-10-03T09:17:08.000Z</time>
        <extensions>
          <ns3:TrackPointExtension>
            <ns3:hr>89</ns3:hr>
            <ns3:cad>0</ns3:cad>
          </ns3:TrackPointExtension>
        </extensions>
      </trkpt>
      <trkpt lat="42.0942072384059429168701171875" lon="128.0837743543088436126708984375">
        <ele>1556.199951171875</ele>
        <time>2026-10-03T09:17:09.000Z</time>
        <extensions>
          <ns3:TrackPointExtension>
            <ns3:hr>89</ns3:hr>
            <ns3:cad>0</ns3:cad>
          </ns3:TrackPointExtension>
        </extensions>
      </trkpt>
      <trkpt lat="42.09433673880994319915771484375" lon="128.08389790356159210205078125">
        <ele>1555.199951171875</ele>
        <time>2026-10-03T09:17:10.000Z</time>
        <extensions>
          <ns3:TrackPointExtension>
            <ns3:hr>89</ns3:hr>
            <ns3:cad>0</ns3:cad>
          </ns3:TrackPointExtension>
        </extensions>
      </trkpt>
      <trkpt lat="42.0944555103778839111328125" lon="128.0840120650827884674072265625">
        <ele>1554.199951171875</ele>
        <time>2026-10-03T09:17:11.000Z</time>
        <extensions>
          <ns3:TrackPointExtension>
            <ns3:hr>89</ns3:hr>
            <ns3:cad>0</ns3:cad>
          </ns3:TrackPointExtension>
        </extensions>
      </trkpt>
      <trkpt lat="42.094568498432636260986328125" lon="128.08412966318428516387939453125">
        <ele>1552.5999755859375</ele>
        <time>2026-10-03T09:17:12.000Z</time>
        <extensions>
          <ns3:TrackPointExtension>
            <ns3:hr>88</ns3:hr>
            <ns3:cad>0</ns3:cad>
          </ns3:TrackPointExtension>
        </extensions>
      </trkpt>
      <trkpt lat="42.09467486478388309478759765625" lon="128.08424365706741809844970703125">
        <ele>1551</ele>
        <time>2026-10-03T09:17:13.000Z</time>
        <extensions>
          <ns3:TrackPointExtension>
            <ns3:hr>88</ns3:hr>
            <ns3:cad>0</ns3:cad>
          </ns3:TrackPointExtension>
        </extensions>
      </trkpt>
      <trkpt lat="42.09478609263896942138671875" lon="128.084360919892787933349609375">
        <ele>1549.4000244140625</ele>
        <time>2026-10-03T09:17:14.000Z</time>
        <extensions>
          <ns3:TrackPointExtension>
            <ns3:hr>88</ns3:hr>
            <ns3:cad>0</ns3:cad>
          </ns3:TrackPointExtension>
        </extensions>
      </trkpt>
      <trkpt lat="42.09490033797919750213623046875" lon="128.0844777636229991912841796875">
        <ele>1548</ele>
        <time>2026-10-03T09:17:15.000Z</time>
        <extensions>
          <ns3:TrackPointExtension>
            <ns3:hr>88</ns3:hr>
            <ns3:cad>0</ns3:cad>
          </ns3:TrackPointExtension>
        </extensions>
      </trkpt>
      <trkpt lat="42.095017768442630767822265625" lon="128.0845967866480350494384765625">
        <ele>1547</ele>
        <time>2026-10-03T09:17:16.000Z</time>
        <extensions>
          <ns3:TrackPointExtension>
            <ns3:hr>88</ns3:hr>
            <ns3:cad>0</ns3:cad>
          </ns3:TrackPointExtension>
        </extensions>
      </trkpt>
      <trkpt lat="42.095134444534778594970703125" lon="128.084714971482753753662109375">
        <ele>1545.800048828125</ele>
        <time>2026-10-03T09:17:17.000Z</time>
        <extensions>
          <ns3:TrackPointExtension>
            <ns3:hr>88</ns3:hr>
            <ns3:cad>0</ns3:cad>
          </ns3:TrackPointExtension>
        </extensions>
      </trkpt>
      <trkpt lat="42.09524885751307010650634765625" lon="128.08483106084167957305908203125">
        <ele>1544.5999755859375</ele>
        <time>2026-10-03T09:17:18.000Z</time>
        <extensions>
          <ns3:TrackPointExtension>
            <ns3:hr>88</ns3:hr>
            <ns3:cad>0</ns3:cad>
          </ns3:TrackPointExtension>
        </extensions>
      </trkpt>
      <trkpt lat="42.095365114510059356689453125" lon="128.08495108969509601593017578125">
        <ele>1543.4000244140625</ele>
        <time>2026-10-03T09:17:19.000Z</time>
        <extensions>
          <ns3:TrackPointExtension>
            <ns3:hr>88</ns3:hr>
            <ns3:cad>0</ns3:cad>
          </ns3:TrackPointExtension>
        </extensions>
      </trkpt>
      <trkpt lat="42.09548053331673145294189453125" lon="128.08507137000560760498046875">
        <ele>1542.4000244140625</ele>
        <time>2026-10-03T09:17:20.000Z</time>
        <extensions>
          <ns3:TrackPointExtension>
            <ns3:hr>88</ns3:hr>
            <ns3:cad>0</ns3:cad>
          </ns3:TrackPointExtension>
        </extensions>
      </trkpt>
      <trkpt lat="42.0957161486148834228515625" lon="128.08530614711344242095947265625">
        <ele>1540.5999755859375</ele>
        <time>2026-10-03T09:17:22.000Z</time>
        <extensions>
          <ns3:TrackPointExtension>
            <ns3:hr>89</ns3:hr>
            <ns3:cad>0</ns3:cad>
          </ns3:TrackPointExtension>
        </extensions>
      </trkpt>
      <trkpt lat="42.09595126099884510040283203125" lon="128.08554519899189472198486328125">
        <ele>1539</ele>
        <time>2026-10-03T09:17:24.000Z</time>
        <extensions>
          <ns3:TrackPointExtension>
            <ns3:hr>90</ns3:hr>
            <ns3:cad>0</ns3:cad>
          </ns3:TrackPointExtension>
        </extensions>
      </trkpt>
      <trkpt lat="42.09619299508631229400634765625" lon="128.08578022755682468414306640625">
        <ele>1537.199951171875</ele>
        <time>2026-10-03T09:17:26.000Z</time>
        <extensions>
          <ns3:TrackPointExtension>
            <ns3:hr>90</ns3:hr>
            <ns3:cad>0</ns3:cad>
          </ns3:TrackPointExtension>
        </extensions>
      </trkpt>
      <trkpt lat="42.0963114313781261444091796875" lon="128.08589304797351360321044921875">
        <ele>1536.199951171875</ele>
        <time>2026-10-03T09:17:27.000Z</time>
        <extensions>
          <ns3:TrackPointExtension>
            <ns3:hr>90</ns3:hr>
            <ns3:cad>0</ns3:cad>
          </ns3:TrackPointExtension>
        </extensions>
      </trkpt>
      <trkpt lat="42.09642701782286167144775390625" lon="128.086005114018917083740234375">
        <ele>1535</ele>
        <time>2026-10-03T09:17:28.000Z</time>
        <extensions>
          <ns3:TrackPointExtension>
            <ns3:hr>90</ns3:hr>
            <ns3:cad>0</ns3:cad>
          </ns3:TrackPointExtension>
        </extensions>
      </trkpt>
      <trkpt lat="42.09664888679981231689453125" lon="128.08622413314878940582275390625">
        <ele>1533.4000244140625</ele>
        <time>2026-10-03T09:17:30.000Z</time>
        <extensions>
          <ns3:TrackPointExtension>
            <ns3:hr>90</ns3:hr>
            <ns3:cad>0</ns3:cad>
          </ns3:TrackPointExtension>
        </extensions>
      </trkpt>
      <trkpt lat="42.09687427617609500885009765625" lon="128.08646209537982940673828125">
        <ele>1532</ele>
        <time>2026-10-03T09:17:32.000Z</time>
        <extensions>
          <ns3:TrackPointExtension>
            <ns3:hr>91</ns3:hr>
            <ns3:cad>0</ns3:cad>
          </ns3:TrackPointExtension>
        </extensions>
      </trkpt>
      <trkpt lat="42.0969880186021327972412109375" lon="128.086579777300357818603515625">
        <ele>1531.4000244140625</ele>
        <time>2026-10-03T09:17:33.000Z</time>
        <extensions>
          <ns3:TrackPointExtension>
            <ns3:hr>92</ns3:hr>
            <ns3:cad>0</ns3:cad>
          </ns3:TrackPointExtension>
        </extensions>
      </trkpt>
      <trkpt lat="42.0971050299704074859619140625" lon="128.086694441735744476318359375">
        <ele>1530.800048828125</ele>
        <time>2026-10-03T09:17:34.000Z</time>
        <extensions>
          <ns3:TrackPointExtension>
            <ns3:hr>92</ns3:hr>
            <ns3:cad>0</ns3:cad>
          </ns3:TrackPointExtension>
        </extensions>
      </trkpt>
      <trkpt lat="42.09734215401113033294677734375" lon="128.08692754246294498443603515625">
        <ele>1529.4000244140625</ele>
        <time>2026-10-03T09:17:36.000Z</time>
        <extensions>
          <ns3:TrackPointExtension>
            <ns3:hr>92</ns3:hr>
            <ns3:cad>0</ns3:cad>
          </ns3:TrackPointExtension>
        </extensions>
      </trkpt>
      <trkpt lat="42.09756863303482532501220703125" lon="128.08715133927762508392333984375">
        <ele>1528.199951171875</ele>
        <time>2026-10-03T09:17:38.000Z</time>
        <extensions>
          <ns3:TrackPointExtension>
            <ns3:hr>92</ns3:hr>
            <ns3:cad>0</ns3:cad>
          </ns3:TrackPointExtension>
        </extensions>
      </trkpt>
      <trkpt lat="42.09780600853264331817626953125" lon="128.08737111277878284454345703125">
        <ele>1526.4000244140625</ele>
        <time>2026-10-03T09:17:40.000Z</time>
        <extensions>
          <ns3:TrackPointExtension>
            <ns3:hr>92</ns3:hr>
            <ns3:cad>0</ns3:cad>
          </ns3:TrackPointExtension>
        </extensions>
      </trkpt>
      <trkpt lat="42.0979237742722034454345703125" lon="128.0874761380255222320556640625">
        <ele>1525.5999755859375</ele>
        <time>2026-10-03T09:17:41.000Z</time>
        <extensions>
          <ns3:TrackPointExtension>
            <ns3:hr>92</ns3:hr>
            <ns3:cad>0</ns3:cad>
          </ns3:TrackPointExtension>
        </extensions>
      </trkpt>
      <trkpt lat="42.09804723970592021942138671875" lon="128.0875812470912933349609375">
        <ele>1524.5999755859375</ele>
        <time>2026-10-03T09:17:42.000Z</time>
        <extensions>
          <ns3:TrackPointExtension>
            <ns3:hr>92</ns3:hr>
            <ns3:cad>0</ns3:cad>
          </ns3:TrackPointExtension>
        </extensions>
      </trkpt>
      <trkpt lat="42.0982969366014003753662109375" lon="128.08779641054570674896240234375">
        <ele>1523</ele>
        <time>2026-10-03T09:17:44.000Z</time>
        <extensions>
          <ns3:TrackPointExtension>
            <ns3:hr>92</ns3:hr>
            <ns3:cad>0</ns3:cad>
          </ns3:TrackPointExtension>
        </extensions>
      </trkpt>
      <trkpt lat="42.09851226769387722015380859375" lon="128.087989948689937591552734375">
        <ele>1521.4000244140625</ele>
        <time>2026-10-03T09:17:46.000Z</time>
        <extensions>
          <ns3:TrackPointExtension>
            <ns3:hr>92</ns3:hr>
            <ns3:cad>0</ns3:cad>
          </ns3:TrackPointExtension>
        </extensions>
      </trkpt>
      <trkpt lat="42.0986094139516353607177734375" lon="128.088084161281585693359375">
        <ele>1520.4000244140625</ele>
        <time>2026-10-03T09:17:47.000Z</time>
        <extensions>
          <ns3:TrackPointExtension>
            <ns3:hr>92</ns3:hr>
            <ns3:cad>0</ns3:cad>
          </ns3:TrackPointExtension>
        </extensions>
      </trkpt>
      <trkpt lat="42.09870069287717342376708984375" lon="128.08817879296839237213134765625">
        <ele>1519.5999755859375</ele>
        <time>2026-10-03T09:17:48.000Z</time>
        <extensions>
          <ns3:TrackPointExtension>
            <ns3:hr>92</ns3:hr>
            <ns3:cad>0</ns3:cad>
          </ns3:TrackPointExtension>
        </extensions>
      </trkpt>
      <trkpt lat="42.09889079444110393524169921875" lon="128.0883693136274814605712890625">
        <ele>1518.199951171875</ele>
        <time>2026-10-03T09:17:50.000Z</time>
        <extensions>
          <ns3:TrackPointExtension>
            <ns3:hr>92</ns3:hr>
            <ns3:cad>0</ns3:cad>
          </ns3:TrackPointExtension>
        </extensions>
      </trkpt>
      <trkpt lat="42.09910118021070957183837890625" lon="128.088568635284900665283203125">
        <ele>1516.199951171875</ele>
        <time>2026-10-03T09:17:52.000Z</time>
        <extensions>
          <ns3:TrackPointExtension>
            <ns3:hr>92</ns3:hr>
            <ns3:cad>0</ns3:cad>
          </ns3:TrackPointExtension>
        </extensions>
      </trkpt>
      <trkpt lat="42.09930988959968090057373046875" lon="128.0887641012668609619140625">
        <ele>1514.4000244140625</ele>
        <time>2026-10-03T09:17:54.000Z</time>
        <extensions>
          <ns3:TrackPointExtension>
            <ns3:hr>92</ns3:hr>
            <ns3:cad>0</ns3:cad>
          </ns3:TrackPointExtension>
        </extensions>
      </trkpt>
      <trkpt lat="42.09950015880167484283447265625" lon="128.08895076625049114227294921875">
        <ele>1512.4000244140625</ele>
        <time>2026-10-03T09:17:56.000Z</time>
        <extensions>
          <ns3:TrackPointExtension>
            <ns3:hr>92</ns3:hr>
            <ns3:cad>0</ns3:cad>
          </ns3:TrackPointExtension>
        </extensions>
      </trkpt>
      <trkpt lat="42.0995934493839740753173828125" lon="128.0890435539186000823974609375">
        <ele>1511.5999755859375</ele>
        <time>2026-10-03T09:17:57.000Z</time>
        <extensions>
          <ns3:TrackPointExtension>
            <ns3:hr>92</ns3:hr>
            <ns3:cad>0</ns3:cad>
          </ns3:TrackPointExtension>
        </extensions>
      </trkpt>
      <trkpt lat="42.09969009272754192352294921875" lon="128.08913935907185077667236328125">
        <ele>1510.5999755859375</ele>
        <time>2026-10-03T09:17:58.000Z</time>
        <extensions>
          <ns3:TrackPointExtension>
            <ns3:hr>91</ns3:hr>
            <ns3:cad>0</ns3:cad>
          </ns3:TrackPointExtension>
        </extensions>
      </trkpt>
      <trkpt lat="42.09987717680633068084716796875" lon="128.08933432213962078094482421875">
        <ele>1509</ele>
        <time>2026-10-03T09:18:00.000Z</time>
        <extensions>
          <ns3:TrackPointExtension>
            <ns3:hr>89</ns3:hr>
            <ns3:cad>0</ns3:cad>
          </ns3:TrackPointExtension>
        </extensions>
      </trkpt>
      <trkpt lat="42.10007063113152980804443359375" lon="128.08952643536031246185302734375">
        <ele>1507</ele>
        <time>2026-10-03T09:18:02.000Z</time>
        <extensions>
          <ns3:TrackPointExtension>
            <ns3:hr>88</ns3:hr>
            <ns3:cad>0</ns3:cad>
          </ns3:TrackPointExtension>
        </extensions>
      </trkpt>
      <trkpt lat="42.100272215902805328369140625" lon="128.08974134735763072967529296875">
        <ele>1505</ele>
        <time>2026-10-03T09:18:04.000Z</time>
        <extensions>
          <ns3:TrackPointExtension>
            <ns3:hr>88</ns3:hr>
            <ns3:cad>0</ns3:cad>
          </ns3:TrackPointExtension>
        </extensions>
      </trkpt>
      <trkpt lat="42.10036366246640682220458984375" lon="128.08985316194593906402587890625">
        <ele>1504</ele>
        <time>2026-10-03T09:18:05.000Z</time>
        <extensions>
          <ns3:TrackPointExtension>
            <ns3:hr>88</ns3:hr>
            <ns3:cad>0</ns3:cad>
          </ns3:TrackPointExtension>
        </extensions>
      </trkpt>
      <trkpt lat="42.10045368410646915435791015625" lon="128.08995961211621761322021484375">
        <ele>1503</ele>
        <time>2026-10-03T09:18:06.000Z</time>
        <extensions>
          <ns3:TrackPointExtension>
            <ns3:hr>88</ns3:hr>
            <ns3:cad>0</ns3:cad>
          </ns3:TrackPointExtension>
        </extensions>
      </trkpt>
      <trkpt lat="42.10054571740329265594482421875" lon="128.09006304480135440826416015625">
        <ele>1501.800048828125</ele>
        <time>2026-10-03T09:18:07.000Z</time>
        <extensions>
          <ns3:TrackPointExtension>
            <ns3:hr>88</ns3:hr>
            <ns3:cad>0</ns3:cad>
          </ns3:TrackPointExtension>
        </extensions>
      </trkpt>
      <trkpt lat="42.1007280237972736358642578125" lon="128.09027083218097686767578125">
        <ele>1500</ele>
        <time>2026-10-03T09:18:09.000Z</time>
        <extensions>
          <ns3:TrackPointExtension>
            <ns3:hr>89</ns3:hr>
            <ns3:cad>0</ns3:cad>
          </ns3:TrackPointExtension>
        </extensions>
      </trkpt>
      <trkpt lat="42.10091938264667987823486328125" lon="128.0904839001595973968505859375">
        <ele>1497.800048828125</ele>
        <time>2026-10-03T09:18:11.000Z</time>
        <extensions>
          <ns3:TrackPointExtension>
            <ns3:hr>89</ns3:hr>
            <ns3:cad>0</ns3:cad>
          </ns3:TrackPointExtension>
        </extensions>
      </trkpt>
      <trkpt lat="42.10101543925702571868896484375" lon="128.09059110470116138458251953125">
        <ele>1496.199951171875</ele>
        <time>2026-10-03T09:18:12.000Z</time>
        <extensions>
          <ns3:TrackPointExtension>
            <ns3:hr>89</ns3:hr>
            <ns3:cad>0</ns3:cad>
          </ns3:TrackPointExtension>
        </extensions>
      </trkpt>
      <trkpt lat="42.10110210813581943511962890625" lon="128.09068716131150722503662109375">
        <ele>1494.800048828125</ele>
        <time>2026-10-03T09:18:13.000Z</time>
        <extensions>
          <ns3:TrackPointExtension>
            <ns3:hr>89</ns3:hr>
            <ns3:cad>0</ns3:cad>
          </ns3:TrackPointExtension>
        </extensions>
      </trkpt>
      <trkpt lat="42.10118995048105716705322265625" lon="128.0907796137034893035888671875">
        <ele>1493.4000244140625</ele>
        <time>2026-10-03T09:18:14.000Z</time>
        <extensions>
          <ns3:TrackPointExtension>
            <ns3:hr>89</ns3:hr>
            <ns3:cad>0</ns3:cad>
          </ns3:TrackPointExtension>
        </extensions>
      </trkpt>
      <trkpt lat="42.10128818638622760772705078125" lon="128.0908751673996448516845703125">
        <ele>1491.800048828125</ele>
        <time>2026-10-03T09:18:15.000Z</time>
        <extensions>
          <ns3:TrackPointExtension>
            <ns3:hr>90</ns3:hr>
            <ns3:cad>0</ns3:cad>
          </ns3:TrackPointExtension>
        </extensions>
      </trkpt>
      <trkpt lat="42.101957313716411590576171875" lon="128.09133189730346202850341796875">
        <ele>1485.5999755859375</ele>
        <time>2026-10-03T09:18:21.000Z</time>
        <extensions>
          <ns3:TrackPointExtension>
            <ns3:hr>89</ns3:hr>
            <ns3:cad>0</ns3:cad>
          </ns3:TrackPointExtension>
        </extensions>
      </trkpt>
      <trkpt lat="42.10207206197082996368408203125" lon="128.09140817262232303619384765625">
        <ele>1484.5999755859375</ele>
        <time>2026-10-03T09:18:22.000Z</time>
        <extensions>
          <ns3:TrackPointExtension>
            <ns3:hr>89</ns3:hr>
            <ns3:cad>0</ns3:cad>
          </ns3:TrackPointExtension>
        </extensions>
      </trkpt>
      <trkpt lat="42.10218689404428005218505859375" lon="128.0914789997041225433349609375">
        <ele>1483.5999755859375</ele>
        <time>2026-10-03T09:18:23.000Z</time>
        <extensions>
          <ns3:TrackPointExtension>
            <ns3:hr>89</ns3:hr>
            <ns3:cad>0</ns3:cad>
          </ns3:TrackPointExtension>
        </extensions>
      </trkpt>
      <trkpt lat="42.1024261973798274993896484375" lon="128.09160950593650341033935546875">
        <ele>1481.800048828125</ele>
        <time>2026-10-03T09:18:25.000Z</time>
        <extensions>
          <ns3:TrackPointExtension>
            <ns3:hr>88</ns3:hr>
            <ns3:cad>0</ns3:cad>
          </ns3:TrackPointExtension>
        </extensions>
      </trkpt>
      <trkpt lat="42.10265703499317169189453125" lon="128.09174093417823314666748046875">
        <ele>1480</ele>
        <time>2026-10-03T09:18:27.000Z</time>
        <extensions>
          <ns3:TrackPointExtension>
            <ns3:hr>87</ns3:hr>
            <ns3:cad>0</ns3:cad>
          </ns3:TrackPointExtension>
        </extensions>
      </trkpt>
      <trkpt lat="42.10288393311202526092529296875" lon="128.09185744263231754302978515625">
        <ele>1478.199951171875</ele>
        <time>2026-10-03T09:18:29.000Z</time>
        <extensions>
          <ns3:TrackPointExtension>
            <ns3:hr>86</ns3:hr>
            <ns3:cad>0</ns3:cad>
          </ns3:TrackPointExtension>
        </extensions>
      </trkpt>
      <trkpt lat="42.10309850983321666717529296875" lon="128.09191695414483547210693359375">
        <ele>1476.5999755859375</ele>
        <time>2026-10-03T09:18:31.000Z</time>
        <extensions>
          <ns3:TrackPointExtension>
            <ns3:hr>86</ns3:hr>
            <ns3:cad>0</ns3:cad>
          </ns3:TrackPointExtension>
        </extensions>
      </trkpt>
      <trkpt lat="42.10320680402219295501708984375" lon="128.0919416807591915130615234375">
        <ele>1475.5999755859375</ele>
        <time>2026-10-03T09:18:32.000Z</time>
        <extensions>
          <ns3:TrackPointExtension>
            <ns3:hr>85</ns3:hr>
            <ns3:cad>0</ns3:cad>
          </ns3:TrackPointExtension>
        </extensions>
      </trkpt>
      <trkpt lat="42.10332465358078479766845703125" lon="128.09197545982897281646728515625">
        <ele>1474.4000244140625</ele>
        <time>2026-10-03T09:18:33.000Z</time>
        <extensions>
          <ns3:TrackPointExtension>
            <ns3:hr>85</ns3:hr>
            <ns3:cad>0</ns3:cad>
          </ns3:TrackPointExtension>
        </extensions>
      </trkpt>
      <trkpt lat="42.1035460196435451507568359375" lon="128.09202725999057292938232421875">
        <ele>1472.5999755859375</ele>
        <time>2026-10-03T09:18:35.000Z</time>
        <extensions>
          <ns3:TrackPointExtension>
            <ns3:hr>84</ns3:hr>
            <ns3:cad>0</ns3:cad>
          </ns3:TrackPointExtension>
        </extensions>
      </trkpt>
      <trkpt lat="42.1036512963473796844482421875" lon="128.09205139987170696258544921875">
        <ele>1471.4000244140625</ele>
        <time>2026-10-03T09:18:36.000Z</time>
        <extensions>
          <ns3:TrackPointExtension>
            <ns3:hr>84</ns3:hr>
            <ns3:cad>0</ns3:cad>
          </ns3:TrackPointExtension>
        </extensions>
      </trkpt>
      <trkpt lat="42.10375330410897731781005859375" lon="128.09207051061093807220458984375">
        <ele>1470.199951171875</ele>
        <time>2026-10-03T09:18:37.000Z</time>
        <extensions>
          <ns3:TrackPointExtension>
            <ns3:hr>84</ns3:hr>
            <ns3:cad>0</ns3:cad>
          </ns3:TrackPointExtension>
        </extensions>
      </trkpt>
      <trkpt lat="42.10385070182383060455322265625" lon="128.092086017131805419921875">
        <ele>1469</ele>
        <time>2026-10-03T09:18:38.000Z</time>
        <extensions>
          <ns3:TrackPointExtension>
            <ns3:hr>83</ns3:hr>
            <ns3:cad>0</ns3:cad>
          </ns3:TrackPointExtension>
        </extensions>
      </trkpt>
      <trkpt lat="42.103944830596446990966796875" lon="128.0920982547104358673095703125">
        <ele>1467.5999755859375</ele>
        <time>2026-10-03T09:18:39.000Z</time>
        <extensions>
          <ns3:TrackPointExtension>
            <ns3:hr>83</ns3:hr>
            <ns3:cad>0</ns3:cad>
          </ns3:TrackPointExtension>
        </extensions>
      </trkpt>
      <trkpt lat="42.10402772761881351470947265625" lon="128.0921195447444915771484375">
        <ele>1466.5999755859375</ele>
        <time>2026-10-03T09:18:40.000Z</time>
        <extensions>
          <ns3:TrackPointExtension>
            <ns3:hr>83</ns3:hr>
            <ns3:cad>0</ns3:cad>
          </ns3:TrackPointExtension>
        </extensions>
      </trkpt>
      <trkpt lat="42.10409880615770816802978515625" lon="128.09214175678789615631103515625">
        <ele>1465.5999755859375</ele>
        <time>2026-10-03T09:18:41.000Z</time>
        <extensions>
          <ns3:TrackPointExtension>
            <ns3:hr>83</ns3:hr>
            <ns3:cad>0</ns3:cad>
          </ns3:TrackPointExtension>
        </extensions>
      </trkpt>
      <trkpt lat="42.10416577756404876708984375" lon="128.09215935878455638885498046875">
        <ele>1464.4000244140625</ele>
        <time>2026-10-03T09:18:42.000Z</time>
        <extensions>
          <ns3:TrackPointExtension>
            <ns3:hr>84</ns3:hr>
            <ns3:cad>0</ns3:cad>
          </ns3:TrackPointExtension>
        </extensions>
      </trkpt>
      <trkpt lat="42.10423073731362819671630859375" lon="128.09217729605734348297119140625">
        <ele>1463.4000244140625</ele>
        <time>2026-10-03T09:18:43.000Z</time>
        <extensions>
          <ns3:TrackPointExtension>
            <ns3:hr>83</ns3:hr>
            <ns3:cad>0</ns3:cad>
          </ns3:TrackPointExtension>
        </extensions>
      </trkpt>
      <trkpt lat="42.1042916737496852874755859375" lon="128.09219531714916229248046875">
        <ele>1462.4000244140625</ele>
        <time>2026-10-03T09:18:44.000Z</time>
        <extensions>
          <ns3:TrackPointExtension>
            <ns3:hr>81</ns3:hr>
            <ns3:cad>0</ns3:cad>
          </ns3:TrackPointExtension>
        </extensions>
      </trkpt>
      <trkpt lat="42.10434959270060062408447265625" lon="128.092209398746490478515625">
        <ele>1461.199951171875</ele>
        <time>2026-10-03T09:18:45.000Z</time>
        <extensions>
          <ns3:TrackPointExtension>
            <ns3:hr>81</ns3:hr>
            <ns3:cad>0</ns3:cad>
          </ns3:TrackPointExtension>
        </extensions>
      </trkpt>
      <trkpt lat="42.10446291603147983551025390625" lon="128.0922511406242847442626953125">
        <ele>1459.4000244140625</ele>
        <time>2026-10-03T09:18:47.000Z</time>
        <extensions>
          <ns3:TrackPointExtension>
            <ns3:hr>80</ns3:hr>
            <ns3:cad>0</ns3:cad>
          </ns3:TrackPointExtension>
        </extensions>
      </trkpt>
      <trkpt lat="42.1045193262398242950439453125" lon="128.0922831594944000244140625">
        <ele>1458.4000244140625</ele>
        <time>2026-10-03T09:18:48.000Z</time>
        <extensions>
          <ns3:TrackPointExtension>
            <ns3:hr>79</ns3:hr>
            <ns3:cad>0</ns3:cad>
          </ns3:TrackPointExtension>
        </extensions>
      </trkpt>
      <trkpt lat="42.10454531013965606689453125" lon="128.09231895022094249725341796875">
        <ele>1457.5999755859375</ele>
        <time>2026-10-03T09:18:49.000Z</time>
        <extensions>
          <ns3:TrackPointExtension>
            <ns3:hr>79</ns3:hr>
            <ns3:cad>0</ns3:cad>
          </ns3:TrackPointExtension>
        </extensions>
      </trkpt>
      <trkpt lat="42.104589231312274932861328125" lon="128.09237175621092319488525390625">
        <ele>1456.800048828125</ele>
        <time>2026-10-03T09:18:50.000Z</time>
        <extensions>
          <ns3:TrackPointExtension>
            <ns3:hr>80</ns3:hr>
            <ns3:cad>0</ns3:cad>
          </ns3:TrackPointExtension>
        </extensions>
      </trkpt>
      <trkpt lat="42.10466173477470874786376953125" lon="128.09252522885799407958984375">
        <ele>1455.800048828125</ele>
        <time>2026-10-03T09:18:52.000Z</time>
        <extensions>
          <ns3:TrackPointExtension>
            <ns3:hr>83</ns3:hr>
            <ns3:cad>0</ns3:cad>
          </ns3:TrackPointExtension>
        </extensions>
      </trkpt>
      <trkpt lat="42.10469014942646026611328125" lon="128.09261684305965900421142578125">
        <ele>1455.199951171875</ele>
        <time>2026-10-03T09:18:53.000Z</time>
        <extensions>
          <ns3:TrackPointExtension>
            <ns3:hr>84</ns3:hr>
            <ns3:cad>0</ns3:cad>
          </ns3:TrackPointExtension>
        </extensions>
      </trkpt>
      <trkpt lat="42.104708589613437652587890625" lon="128.09270669706165790557861328125">
        <ele>1454.5999755859375</ele>
        <time>2026-10-03T09:18:54.000Z</time>
        <extensions>
          <ns3:TrackPointExtension>
            <ns3:hr>86</ns3:hr>
            <ns3:cad>0</ns3:cad>
          </ns3:TrackPointExtension>
        </extensions>
      </trkpt>
    </trkseg>
  </trk>
</gpx>
