<gpx xmlns:ns3="http://www.garmin.com/xmlschemas/TrackPointExtension/v1" xmlns="http://www.topografix.com/GPX/1/1" xmlns:xsi="http://www.w3.org/2001/XMLSchema-instance" xmlns:ns2="http://www.garmin.com/xmlschemas/GpxExtensions/v3" creator="Garmin Connect" version="1.1" xsi:schemaLocation="http://www.topografix.com/GPX/1/1 http://www.topografix.com/GPX/11.xsd">
  <extensions>
<distance>5742.59</distance>
<average_hr>91.0</average_hr>
<average_speed>1.152999997138977</average_speed>
<start_time>2026-10-03T04:44:51+00:00</start_time>
<end_time>2026-10-03T06:07:50.899000+00:00</end_time>
<moving_time>1207.0</moving_time>
<elapsed_time>4979.899</elapsed_time>
</extensions>
<metadata>
    <link href="connect.garmin.com">
      <text>Garmin Connect</text>
    </link>
    <time>2026-10-03T04:44:51.000Z</time>
  </metadata>
  <trk>
    <name>Yanbian Hiking</name>
    <type>hiking</type>
    <trkseg>
      <trkpt lat="42.0267265476286411285400390625" lon="128.06635315530002117156982421875">
        <ele>2625.60009765625</ele>
        <time>2026-10-03T05:04:14.000Z</time>
        <extensions>
          <ns3:TrackPointExtension>
            <ns3:hr>100</ns3:hr>
            <ns3:cad>0</ns3:cad>
          </ns3:TrackPointExtension>
        </extensions>
      </trkpt>
      <trkpt lat="42.02672998420894145965576171875" lon="128.06633605621755123138427734375">
        <ele>2638</ele>
        <time>2026-10-03T05:04:15.000Z</time>
        <extensions>
          <ns3:TrackPointExtension>
            <ns3:hr>101</ns3:hr>
            <ns3:cad>0</ns3:cad>
          </ns3:TrackPointExtension>
        </extensions>
      </trkpt>
      <trkpt lat="42.02671389095485210418701171875" lon="128.06636572815477848052978515625">
        <ele>2644.39990234375</ele>
        <time>2026-10-03T05:04:16.000Z</time>
        <extensions>
          <ns3:TrackPointExtension>
            <ns3:hr>100</ns3:hr>
            <ns3:cad>0</ns3:cad>
          </ns3:TrackPointExtension>
        </extensions>
      </trkpt>
      <trkpt lat="42.0267121307551860809326171875" lon="128.06637243367731571197509765625">
        <ele>2646.199951171875</ele>
        <time>2026-10-03T05:04:17.000Z</time>
        <extensions>
          <ns3:TrackPointExtension>
            <ns3:hr>100</ns3:hr>
            <ns3:cad>0</ns3:cad>
          </ns3:TrackPointExtension>
        </extensions>
      </trkpt>
      <trkpt lat="42.026705257594585418701171875" lon="128.06638517417013645172119140625">
        <ele>2643</ele>
        <time>2026-10-03T05:04:18.000Z</time>
        <extensions>
          <ns3:TrackPointExtension>
            <ns3:hr>98</ns3:hr>
            <ns3:cad>0</ns3:cad>
          </ns3:TrackPointExtension>
        </extensions>
      </trkpt>
      <trkpt lat="42.02668991871178150177001953125" lon="128.0663906224071979522705078125">
        <ele>2641.60009765625</ele>
        <time>2026-10-03T05:04:19.000Z</time>
        <extensions>
          <ns3:TrackPointExtension>
            <ns3:hr>97</ns3:hr>
            <ns3:cad>0</ns3:cad>
          </ns3:TrackPointExtension>
        </extensions>
      </trkpt>
      <trkpt lat="42.02668103389441967010498046875" lon="128.06640319526195526123046875">
        <ele>2639.800048828125</ele>
        <time>2026-10-03T05:04:23.000Z</time>
        <extensions>
          <ns3:TrackPointExtension>
            <ns3:hr>94</ns3:hr>
            <ns3:cad>0</ns3:cad>
          </ns3:TrackPointExtension>
        </extensions>
      </trkpt>
      <trkpt lat="42.0266809500753879547119140625" lon="128.066410236060619354248046875">
        <ele>2644</ele>
        <time>2026-10-03T05:04:25.000Z</time>
        <extensions>
          <ns3:TrackPointExtension>
            <ns3:hr>93</ns3:hr>
            <ns3:cad>0</ns3:cad>
          </ns3:TrackPointExtension>
        </extensions>
      </trkpt>
      <trkpt lat="42.0266665332019329071044921875" lon="128.06643269956111907958984375">
        <ele>2647</ele>
        <time>2026-10-03T05:04:26.000Z</time>
        <extensions>
          <ns3:TrackPointExtension>
            <ns3:hr>94</ns3:hr>
            <ns3:cad>0</ns3:cad>
          </ns3:TrackPointExtension>
        </extensions>
      </trkpt>
      <trkpt lat="42.02668019570410251617431640625" lon="128.066404201090335845947265625">
        <ele>2645.800048828125</ele>
        <time>2026-10-03T05:04:27.000Z</time>
        <extensions>
          <ns3:TrackPointExtension>
            <ns3:hr>93</ns3:hr>
            <ns3:cad>0</ns3:cad>
          </ns3:TrackPointExtension>
        </extensions>
      </trkpt>
      <trkpt lat="42.02669545076787471771240234375" lon="128.0663810670375823974609375">
        <ele>2643</ele>
        <time>2026-10-03T05:04:28.000Z</time>
        <extensions>
          <ns3:TrackPointExtension>
            <ns3:hr>92</ns3:hr>
            <ns3:cad>0</ns3:cad>
          </ns3:TrackPointExtension>
        </extensions>
      </trkpt>
      <trkpt lat="42.026715315878391265869140625" lon="128.0663408339023590087890625">
        <ele>2641</ele>
        <time>2026-10-03T05:04:29.000Z</time>
        <extensions>
          <ns3:TrackPointExtension>
            <ns3:hr>92</ns3:hr>
            <ns3:cad>0</ns3:cad>
          </ns3:TrackPointExtension>
        </extensions>
      </trkpt>
      <trkpt lat="42.0267322473227977752685546875" lon="128.0663168616592884063720703125">
        <ele>2639.39990234375</ele>
        <time>2026-10-03T05:04:30.000Z</time>
        <extensions>
          <ns3:TrackPointExtension>
            <ns3:hr>92</ns3:hr>
            <ns3:cad>0</ns3:cad>
          </ns3:TrackPointExtension>
        </extensions>
      </trkpt>
      <trkpt lat="42.02673551626503467559814453125" lon="128.06633337400853633880615234375">
        <ele>2640</ele>
        <time>2026-10-03T05:04:35.000Z</time>
        <extensions>
          <ns3:TrackPointExtension>
            <ns3:hr>91</ns3:hr>
            <ns3:cad>0</ns3:cad>
          </ns3:TrackPointExtension>
        </extensions>
      </trkpt>
      <trkpt lat="42.02672713436186313629150390625" lon="128.0663423426449298858642578125">
        <ele>2638.199951171875</ele>
        <time>2026-10-03T05:04:38.000Z</time>
        <extensions>
          <ns3:TrackPointExtension>
            <ns3:hr>90</ns3:hr>
            <ns3:cad>0</ns3:cad>
          </ns3:TrackPointExtension>
        </extensions>
      </trkpt>
      <trkpt lat="42.02672344632446765899658203125" lon="128.0663534067571163177490234375">
        <ele>2636.60009765625</ele>
        <time>2026-10-03T05:04:40.000Z</time>
        <extensions>
          <ns3:TrackPointExtension>
            <ns3:hr>90</ns3:hr>
            <ns3:cad>0</ns3:cad>
          </ns3:TrackPointExtension>
        </extensions>
      </trkpt>
      <trkpt lat="42.0267136394977569580078125" lon="128.06637243367731571197509765625">
        <ele>2635.39990234375</ele>
        <time>2026-10-03T05:04:42.000Z</time>
        <extensions>
          <ns3:TrackPointExtension>
            <ns3:hr>91</ns3:hr>
            <ns3:cad>0</ns3:cad>
          </ns3:TrackPointExtension>
        </extensions>
      </trkpt>
      <trkpt lat="42.0267069339752197265625" lon="128.06638735346496105194091796875">
        <ele>2634.39990234375</ele>
        <time>2026-10-03T05:04:44.000Z</time>
        <extensions>
          <ns3:TrackPointExtension>
            <ns3:hr>92</ns3:hr>
            <ns3:cad>0</ns3:cad>
          </ns3:TrackPointExtension>
        </extensions>
      </trkpt>
      <trkpt lat="42.02670601196587085723876953125" lon="128.06638601236045360565185546875">
        <ele>2633.199951171875</ele>
        <time>2026-10-03T05:04:46.000Z</time>
        <extensions>
          <ns3:TrackPointExtension>
            <ns3:hr>90</ns3:hr>
            <ns3:cad>0</ns3:cad>
          </ns3:TrackPointExtension>
        </extensions>
      </trkpt>
      <trkpt lat="42.0267024077475070953369140625" lon="128.06639607064425945281982421875">
        <ele>2632.39990234375</ele>
        <time>2026-10-03T05:04:48.000Z</time>
        <extensions>
          <ns3:TrackPointExtension>
            <ns3:hr>92</ns3:hr>
            <ns3:cad>0</ns3:cad>
          </ns3:TrackPointExtension>
        </extensions>
      </trkpt>
      <trkpt lat="42.0266841351985931396484375" lon="128.06642658077180385589599609375">
        <ele>2632.199951171875</ele>
        <time>2026-10-03T05:04:50.000Z</time>
        <extensions>
          <ns3:TrackPointExtension>
            <ns3:hr>89</ns3:hr>
            <ns3:cad>0</ns3:cad>
          </ns3:TrackPointExtension>
        </extensions>
      </trkpt>
      <trkpt lat="42.02668505720794200897216796875" lon="128.06643177755177021026611328125">
        <ele>2632.39990234375</ele>
        <time>2026-10-03T05:04:51.000Z</time>
        <extensions>
          <ns3:TrackPointExtension>
            <ns3:hr>92</ns3:hr>
            <ns3:cad>0</ns3:cad>
          </ns3:TrackPointExtension>
        </extensions>
      </trkpt>
      <trkpt lat="42.026683129370212554931640625" lon="128.06644971482455730438232421875">
        <ele>2634.39990234375</ele>
        <time>2026-10-03T05:04:54.000Z</time>
        <extensions>
          <ns3:TrackPointExtension>
            <ns3:hr>91</ns3:hr>
            <ns3:cad>0</ns3:cad>
          </ns3:TrackPointExtension>
        </extensions>
      </trkpt>
      <trkpt lat="42.0266812853515148162841796875" lon="128.06644133292138576507568359375">
        <ele>2635.39990234375</ele>
        <time>2026-10-03T05:04:56.000Z</time>
        <extensions>
          <ns3:TrackPointExtension>
            <ns3:hr>88</ns3:hr>
            <ns3:cad>0</ns3:cad>
          </ns3:TrackPointExtension>
        </extensions>
      </trkpt>
      <trkpt lat="42.0266866497695446014404296875" lon="128.06643848307430744171142578125">
        <ele>2636</ele>
        <time>2026-10-03T05:04:58.000Z</time>
        <extensions>
          <ns3:TrackPointExtension>
            <ns3:hr>92</ns3:hr>
            <ns3:cad>0</ns3:cad>
          </ns3:TrackPointExtension>
        </extensions>
      </trkpt>
      <trkpt lat="42.02669779770076274871826171875" lon="128.066431023180484771728515625">
        <ele>2636.39990234375</ele>
        <time>2026-10-03T05:05:00.000Z</time>
        <extensions>
          <ns3:TrackPointExtension>
            <ns3:hr>91</ns3:hr>
            <ns3:cad>0</ns3:cad>
          </ns3:TrackPointExtension>
        </extensions>
      </trkpt>
      <trkpt lat="42.02670366503298282623291015625" lon="128.06642574258148670196533203125">
        <ele>2636.800048828125</ele>
        <time>2026-10-03T05:05:01.000Z</time>
        <extensions>
          <ns3:TrackPointExtension>
            <ns3:hr>92</ns3:hr>
            <ns3:cad>0</ns3:cad>
          </ns3:TrackPointExtension>
        </extensions>
      </trkpt>
      <trkpt lat="42.026713304221630096435546875" lon="128.066396154463291168212890625">
        <ele>2637.39990234375</ele>
        <time>2026-10-03T05:05:07.000Z</time>
        <extensions>
          <ns3:TrackPointExtension>
            <ns3:hr>87</ns3:hr>
            <ns3:cad>0</ns3:cad>
          </ns3:TrackPointExtension>
        </extensions>
      </trkpt>
      <trkpt lat="42.02671824954450130462646484375" lon="128.06639087386429309844970703125">
        <ele>2637.39990234375</ele>
        <time>2026-10-03T05:05:08.000Z</time>
        <extensions>
          <ns3:TrackPointExtension>
            <ns3:hr>87</ns3:hr>
            <ns3:cad>0</ns3:cad>
          </ns3:TrackPointExtension>
        </extensions>
      </trkpt>
      <trkpt lat="42.02672160230576992034912109375" lon="128.06638886220753192901611328125">
        <ele>2637.60009765625</ele>
        <time>2026-10-03T05:05:09.000Z</time>
        <extensions>
          <ns3:TrackPointExtension>
            <ns3:hr>83</ns3:hr>
            <ns3:cad>0</ns3:cad>
          </ns3:TrackPointExtension>
        </extensions>
      </trkpt>
      <trkpt lat="42.02672076411545276641845703125" lon="128.0663976632058620452880859375">
        <ele>2638</ele>
        <time>2026-10-03T05:05:12.000Z</time>
        <extensions>
          <ns3:TrackPointExtension>
            <ns3:hr>80</ns3:hr>
            <ns3:cad>0</ns3:cad>
          </ns3:TrackPointExtension>
        </extensions>
      </trkpt>
      <trkpt lat="42.02672076411545276641845703125" lon="128.0663976632058620452880859375">
        <ele>2638.199951171875</ele>
        <time>2026-10-03T05:05:15.000Z</time>
        <extensions>
          <ns3:TrackPointExtension>
            <ns3:hr>77</ns3:hr>
            <ns3:cad>0</ns3:cad>
          </ns3:TrackPointExtension>
        </extensions>
      </trkpt>
      <trkpt lat="42.02672076411545276641845703125" lon="128.0663976632058620452880859375">
        <ele>2637.800048828125</ele>
        <time>2026-10-03T05:05:25.000Z</time>
        <extensions>
          <ns3:TrackPointExtension>
            <ns3:hr>77</ns3:hr>
            <ns3:cad>0</ns3:cad>
          </ns3:TrackPointExtension>
        </extensions>
      </trkpt>
      <trkpt lat="42.02670014463365077972412109375" lon="128.06641937233507633209228515625">
        <ele>2638.199951171875</ele>
        <time>2026-10-03T05:05:40.000Z</time>
        <extensions>
          <ns3:TrackPointExtension>
            <ns3:hr>79</ns3:hr>
            <ns3:cad>0</ns3:cad>
          </ns3:TrackPointExtension>
        </extensions>
      </trkpt>
      <trkpt lat="42.02670014463365077972412109375" lon="128.0664224736392498016357421875">
        <ele>2638.60009765625</ele>
        <time>2026-10-03T05:05:43.000Z</time>
        <extensions>
          <ns3:TrackPointExtension>
            <ns3:hr>80</ns3:hr>
            <ns3:cad>0</ns3:cad>
          </ns3:TrackPointExtension>
        </extensions>
      </trkpt>
      <trkpt lat="42.02670182101428508758544921875" lon="128.06642523966729640960693359375">
        <ele>2638.800048828125</ele>
        <time>2026-10-03T05:05:46.000Z</time>
        <extensions>
          <ns3:TrackPointExtension>
            <ns3:hr>78</ns3:hr>
            <ns3:cad>0</ns3:cad>
          </ns3:TrackPointExtension>
        </extensions>
      </trkpt>
      <trkpt lat="42.02670668251812458038330078125" lon="128.06645222939550876617431640625">
        <ele>2638.60009765625</ele>
        <time>2026-10-03T05:05:53.000Z</time>
        <extensions>
          <ns3:TrackPointExtension>
            <ns3:hr>77</ns3:hr>
            <ns3:cad>0</ns3:cad>
          </ns3:TrackPointExtension>
        </extensions>
      </trkpt>
      <trkpt lat="42.02671573497354984283447265625" lon="128.06642691604793071746826171875">
        <ele>2638.60009765625</ele>
        <time>2026-10-03T05:05:56.000Z</time>
        <extensions>
          <ns3:TrackPointExtension>
            <ns3:hr>76</ns3:hr>
            <ns3:cad>0</ns3:cad>
          </ns3:TrackPointExtension>
        </extensions>
      </trkpt>
      <trkpt lat="42.02671271748840808868408203125" lon="128.06641928851604461669921875">
        <ele>2637.60009765625</ele>
        <time>2026-10-03T05:06:00.000Z</time>
        <extensions>
          <ns3:TrackPointExtension>
            <ns3:hr>76</ns3:hr>
            <ns3:cad>0</ns3:cad>
          </ns3:TrackPointExtension>
        </extensions>
      </trkpt>
      <trkpt lat="42.0267211832106113433837890625" lon="128.066411577165126800537109375">
        <ele>2637.199951171875</ele>
        <time>2026-10-03T05:06:01.000Z</time>
        <extensions>
          <ns3:TrackPointExtension>
            <ns3:hr>76</ns3:hr>
            <ns3:cad>0</ns3:cad>
          </ns3:TrackPointExtension>
        </extensions>
      </trkpt>
      <trkpt lat="42.0267526991665363311767578125" lon="128.0663882754743099212646484375">
        <ele>2636.199951171875</ele>
        <time>2026-10-03T05:06:05.000Z</time>
        <extensions>
          <ns3:TrackPointExtension>
            <ns3:hr>77</ns3:hr>
            <ns3:cad>0</ns3:cad>
          </ns3:TrackPointExtension>
        </extensions>
      </trkpt>
      <trkpt lat="42.02674037776887416839599609375" lon="128.0664140917360782623291015625">
        <ele>2635.39990234375</ele>
        <time>2026-10-03T05:06:11.000Z</time>
        <extensions>
          <ns3:TrackPointExtension>
            <ns3:hr>79</ns3:hr>
            <ns3:cad>0</ns3:cad>
          </ns3:TrackPointExtension>
        </extensions>
      </trkpt>
      <trkpt lat="42.02674021013081073760986328125" lon="128.0664010159671306610107421875">
        <ele>2636.39990234375</ele>
        <time>2026-10-03T05:06:16.000Z</time>
        <extensions>
          <ns3:TrackPointExtension>
            <ns3:hr>81</ns3:hr>
            <ns3:cad>0</ns3:cad>
          </ns3:TrackPointExtension>
        </extensions>
      </trkpt>
      <trkpt lat="42.02674021013081073760986328125" lon="128.0664010159671306610107421875">
        <ele>2636.60009765625</ele>
        <time>2026-10-03T05:06:29.000Z</time>
        <extensions>
          <ns3:TrackPointExtension>
            <ns3:hr>79</ns3:hr>
            <ns3:cad>0</ns3:cad>
          </ns3:TrackPointExtension>
        </extensions>
      </trkpt>
      <trkpt lat="42.02672579325735569000244140625" lon="128.06639783084392547607421875">
        <ele>2635.800048828125</ele>
        <time>2026-10-03T05:06:42.000Z</time>
        <extensions>
          <ns3:TrackPointExtension>
            <ns3:hr>80</ns3:hr>
            <ns3:cad>0</ns3:cad>
          </ns3:TrackPointExtension>
        </extensions>
      </trkpt>
      <trkpt lat="42.02671087346971035003662109375" lon="128.06640478782355785369873046875">
        <ele>2636.199951171875</ele>
        <time>2026-10-03T05:06:45.000Z</time>
        <extensions>
          <ns3:TrackPointExtension>
            <ns3:hr>79</ns3:hr>
            <ns3:cad>0</ns3:cad>
          </ns3:TrackPointExtension>
        </extensions>
      </trkpt>
      <trkpt lat="42.0267124660313129425048828125" lon="128.06641283445060253143310546875">
        <ele>2636.800048828125</ele>
        <time>2026-10-03T05:06:49.000Z</time>
        <extensions>
          <ns3:TrackPointExtension>
            <ns3:hr>82</ns3:hr>
            <ns3:cad>0</ns3:cad>
          </ns3:TrackPointExtension>
        </extensions>
      </trkpt>
      <trkpt lat="42.02671774663031101226806640625" lon="128.06640445254743099212646484375">
        <ele>2636.800048828125</ele>
        <time>2026-10-03T05:06:50.000Z</time>
        <extensions>
          <ns3:TrackPointExtension>
            <ns3:hr>81</ns3:hr>
            <ns3:cad>0</ns3:cad>
          </ns3:TrackPointExtension>
        </extensions>
      </trkpt>
      <trkpt lat="42.02672378160059452056884765625" lon="128.066390790045261383056640625">
        <ele>2637</ele>
        <time>2026-10-03T05:06:52.000Z</time>
        <extensions>
          <ns3:TrackPointExtension>
            <ns3:hr>84</ns3:hr>
            <ns3:cad>0</ns3:cad>
          </ns3:TrackPointExtension>
        </extensions>
      </trkpt>
      <trkpt lat="42.0267225243151187896728515625" lon="128.06639741174876689910888671875">
        <ele>2637.199951171875</ele>
        <time>2026-10-03T05:06:54.000Z</time>
        <extensions>
          <ns3:TrackPointExtension>
            <ns3:hr>83</ns3:hr>
            <ns3:cad>0</ns3:cad>
          </ns3:TrackPointExtension>
        </extensions>
      </trkpt>
      <trkpt lat="42.02670517377555370330810546875" lon="128.06642867624759674072265625">
        <ele>2637.60009765625</ele>
        <time>2026-10-03T05:06:57.000Z</time>
        <extensions>
          <ns3:TrackPointExtension>
            <ns3:hr>87</ns3:hr>
            <ns3:cad>0</ns3:cad>
          </ns3:TrackPointExtension>
        </extensions>
      </trkpt>
      <trkpt lat="42.02670668251812458038330078125" lon="128.06643144227564334869384765625">
        <ele>2638.60009765625</ele>
        <time>2026-10-03T05:06:59.000Z</time>
        <extensions>
          <ns3:TrackPointExtension>
            <ns3:hr>86</ns3:hr>
            <ns3:cad>0</ns3:cad>
          </ns3:TrackPointExtension>
        </extensions>
      </trkpt>
      <trkpt lat="42.0267064310610294342041015625" lon="128.066426999866962432861328125">
        <ele>2639.60009765625</ele>
        <time>2026-10-03T05:07:01.000Z</time>
        <extensions>
          <ns3:TrackPointExtension>
            <ns3:hr>87</ns3:hr>
            <ns3:cad>0</ns3:cad>
          </ns3:TrackPointExtension>
        </extensions>
      </trkpt>
      <trkpt lat="42.026703245937824249267578125" lon="128.0664186179637908935546875">
        <ele>2640</ele>
        <time>2026-10-03T05:07:02.000Z</time>
        <extensions>
          <ns3:TrackPointExtension>
            <ns3:hr>87</ns3:hr>
            <ns3:cad>0</ns3:cad>
          </ns3:TrackPointExtension>
        </extensions>
      </trkpt>
      <trkpt lat="42.0267082750797271728515625" lon="128.06640177033841609954833984375">
        <ele>2640.60009765625</ele>
        <time>2026-10-03T05:07:05.000Z</time>
        <extensions>
          <ns3:TrackPointExtension>
            <ns3:hr>88</ns3:hr>
            <ns3:cad>0</ns3:cad>
          </ns3:TrackPointExtension>
        </extensions>
      </trkpt>
      <trkpt lat="42.026697881519794464111328125" lon="128.06639380753040313720703125">
        <ele>2640.800048828125</ele>
        <time>2026-10-03T05:07:14.000Z</time>
        <extensions>
          <ns3:TrackPointExtension>
            <ns3:hr>84</ns3:hr>
            <ns3:cad>0</ns3:cad>
          </ns3:TrackPointExtension>
        </extensions>
      </trkpt>
      <trkpt lat="42.0266869850456714630126953125" lon="128.066469244658946990966796875">
        <ele>2640</ele>
        <time>2026-10-03T05:07:23.000Z</time>
        <extensions>
          <ns3:TrackPointExtension>
            <ns3:hr>84</ns3:hr>
            <ns3:cad>0</ns3:cad>
          </ns3:TrackPointExtension>
        </extensions>
      </trkpt>
      <trkpt lat="42.02667365781962871551513671875" lon="128.066477961838245391845703125">
        <ele>2640</ele>
        <time>2026-10-03T05:07:31.000Z</time>
        <extensions>
          <ns3:TrackPointExtension>
            <ns3:hr>85</ns3:hr>
            <ns3:cad>0</ns3:cad>
          </ns3:TrackPointExtension>
        </extensions>
      </trkpt>
      <trkpt lat="42.0266635157167911529541015625" lon="128.06650620885193347930908203125">
        <ele>2639.39990234375</ele>
        <time>2026-10-03T05:07:33.000Z</time>
        <extensions>
          <ns3:TrackPointExtension>
            <ns3:hr>86</ns3:hr>
            <ns3:cad>0</ns3:cad>
          </ns3:TrackPointExtension>
        </extensions>
      </trkpt>
      <trkpt lat="42.0266812853515148162841796875" lon="128.06647268123924732208251953125">
        <ele>2638.800048828125</ele>
        <time>2026-10-03T05:07:36.000Z</time>
        <extensions>
          <ns3:TrackPointExtension>
            <ns3:hr>87</ns3:hr>
            <ns3:cad>0</ns3:cad>
          </ns3:TrackPointExtension>
        </extensions>
      </trkpt>
      <trkpt lat="42.026689164340496063232421875" lon="128.06646312586963176727294921875">
        <ele>2638.39990234375</ele>
        <time>2026-10-03T05:07:38.000Z</time>
        <extensions>
          <ns3:TrackPointExtension>
            <ns3:hr>87</ns3:hr>
            <ns3:cad>0</ns3:cad>
          </ns3:TrackPointExtension>
        </extensions>
      </trkpt>
      <trkpt lat="42.02668354846537113189697265625" lon="128.066443763673305511474609375">
        <ele>2638.199951171875</ele>
        <time>2026-10-03T05:07:42.000Z</time>
        <extensions>
          <ns3:TrackPointExtension>
            <ns3:hr>88</ns3:hr>
            <ns3:cad>0</ns3:cad>
          </ns3:TrackPointExtension>
        </extensions>
      </trkpt>
      <trkpt lat="42.02667114324867725372314453125" lon="128.06643412448465824127197265625">
        <ele>2638</ele>
        <time>2026-10-03T05:07:49.000Z</time>
        <extensions>
          <ns3:TrackPointExtension>
            <ns3:hr>87</ns3:hr>
            <ns3:cad>0</ns3:cad>
          </ns3:TrackPointExtension>
        </extensions>
      </trkpt>
      <trkpt lat="42.02667935751378536224365234375" lon="128.06645373813807964324951171875">
        <ele>2638.199951171875</ele>
        <time>2026-10-03T05:07:57.000Z</time>
        <extensions>
          <ns3:TrackPointExtension>
            <ns3:hr>89</ns3:hr>
            <ns3:cad>0</ns3:cad>
          </ns3:TrackPointExtension>
        </extensions>
      </trkpt>
      <trkpt lat="42.02667810022830963134765625" lon="128.06646882556378841400146484375">
        <ele>2637.199951171875</ele>
        <time>2026-10-03T05:08:01.000Z</time>
        <extensions>
          <ns3:TrackPointExtension>
            <ns3:hr>89</ns3:hr>
            <ns3:cad>0</ns3:cad>
          </ns3:TrackPointExtension>
        </extensions>
      </trkpt>
      <trkpt lat="42.02668078243732452392578125" lon="128.0664560012519359588623046875">
        <ele>2636.60009765625</ele>
        <time>2026-10-03T05:08:03.000Z</time>
        <extensions>
          <ns3:TrackPointExtension>
            <ns3:hr>89</ns3:hr>
            <ns3:cad>0</ns3:cad>
          </ns3:TrackPointExtension>
        </extensions>
      </trkpt>
      <trkpt lat="42.02667600475251674652099609375" lon="128.06645457632839679718017578125">
        <ele>2636.199951171875</ele>
        <time>2026-10-03T05:08:05.000Z</time>
        <extensions>
          <ns3:TrackPointExtension>
            <ns3:hr>89</ns3:hr>
            <ns3:cad>0</ns3:cad>
          </ns3:TrackPointExtension>
        </extensions>
      </trkpt>
      <trkpt lat="42.02667432837188243865966796875" lon="128.06646212004125118255615234375">
        <ele>2635.800048828125</ele>
        <time>2026-10-03T05:08:08.000Z</time>
        <extensions>
          <ns3:TrackPointExtension>
            <ns3:hr>89</ns3:hr>
            <ns3:cad>0</ns3:cad>
          </ns3:TrackPointExtension>
        </extensions>
      </trkpt>
      <trkpt lat="42.02666980214416980743408203125" lon="128.06645818054676055908203125">
        <ele>2635.60009765625</ele>
        <time>2026-10-03T05:08:10.000Z</time>
        <extensions>
          <ns3:TrackPointExtension>
            <ns3:hr>86</ns3:hr>
            <ns3:cad>0</ns3:cad>
          </ns3:TrackPointExtension>
        </extensions>
      </trkpt>
      <trkpt lat="42.02665991149842739105224609375" lon="128.0664653889834880828857421875">
        <ele>2635</ele>
        <time>2026-10-03T05:08:13.000Z</time>
        <extensions>
          <ns3:TrackPointExtension>
            <ns3:hr>88</ns3:hr>
            <ns3:cad>0</ns3:cad>
          </ns3:TrackPointExtension>
        </extensions>
      </trkpt>
      <trkpt lat="42.0266497693955898284912109375" lon="128.06645189411938190460205078125">
        <ele>2634</ele>
        <time>2026-10-03T05:08:16.000Z</time>
        <extensions>
          <ns3:TrackPointExtension>
            <ns3:hr>88</ns3:hr>
            <ns3:cad>0</ns3:cad>
          </ns3:TrackPointExtension>
        </extensions>
      </trkpt>
      <trkpt lat="42.0266412198543548583984375" lon="128.06643395684659481048583984375">
        <ele>2633</ele>
        <time>2026-10-03T05:08:24.000Z</time>
        <extensions>
          <ns3:TrackPointExtension>
            <ns3:hr>85</ns3:hr>
            <ns3:cad>0</ns3:cad>
          </ns3:TrackPointExtension>
        </extensions>
      </trkpt>
      <trkpt lat="42.02665287069976329803466796875" lon="128.06640562601387500762939453125">
        <ele>2632.800048828125</ele>
        <time>2026-10-03T05:08:29.000Z</time>
        <extensions>
          <ns3:TrackPointExtension>
            <ns3:hr>84</ns3:hr>
            <ns3:cad>0</ns3:cad>
          </ns3:TrackPointExtension>
        </extensions>
      </trkpt>
      <trkpt lat="42.02664180658757686614990234375" lon="128.06641635484993457794189453125">
        <ele>2632.800048828125</ele>
        <time>2026-10-03T05:08:30.000Z</time>
        <extensions>
          <ns3:TrackPointExtension>
            <ns3:hr>84</ns3:hr>
            <ns3:cad>0</ns3:cad>
          </ns3:TrackPointExtension>
        </extensions>
      </trkpt>
      <trkpt lat="42.0266192592680454254150390625" lon="128.06641551665961742401123046875">
        <ele>2632.60009765625</ele>
        <time>2026-10-03T05:08:37.000Z</time>
        <extensions>
          <ns3:TrackPointExtension>
            <ns3:hr>81</ns3:hr>
            <ns3:cad>0</ns3:cad>
          </ns3:TrackPointExtension>
        </extensions>
      </trkpt>
      <trkpt lat="42.0265817083418369293212890625" lon="128.06643848307430744171142578125">
        <ele>2633</ele>
        <time>2026-10-03T05:08:42.000Z</time>
        <extensions>
          <ns3:TrackPointExtension>
            <ns3:hr>77</ns3:hr>
            <ns3:cad>0</ns3:cad>
          </ns3:TrackPointExtension>
        </extensions>
      </trkpt>
      <trkpt lat="42.02657944522798061370849609375" lon="128.066440410912036895751953125">
        <ele>2633.199951171875</ele>
        <time>2026-10-03T05:08:43.000Z</time>
        <extensions>
          <ns3:TrackPointExtension>
            <ns3:hr>79</ns3:hr>
            <ns3:cad>0</ns3:cad>
          </ns3:TrackPointExtension>
        </extensions>
      </trkpt>
      <trkpt lat="42.02658195979893207550048828125" lon="128.06643311865627765655517578125">
        <ele>2633.800048828125</ele>
        <time>2026-10-03T05:08:50.000Z</time>
        <extensions>
          <ns3:TrackPointExtension>
            <ns3:hr>77</ns3:hr>
            <ns3:cad>0</ns3:cad>
          </ns3:TrackPointExtension>
        </extensions>
      </trkpt>
      <trkpt lat="42.0265837199985980987548828125" lon="128.0664291791617870330810546875">
        <ele>2634</ele>
        <time>2026-10-03T05:08:51.000Z</time>
        <extensions>
          <ns3:TrackPointExtension>
            <ns3:hr>77</ns3:hr>
            <ns3:cad>0</ns3:cad>
          </ns3:TrackPointExtension>
        </extensions>
      </trkpt>
      <trkpt lat="42.0265910960733890533447265625" lon="128.06641752831637859344482421875">
        <ele>2634</ele>
        <time>2026-10-03T05:08:55.000Z</time>
        <extensions>
          <ns3:TrackPointExtension>
            <ns3:hr>77</ns3:hr>
            <ns3:cad>0</ns3:cad>
          </ns3:TrackPointExtension>
        </extensions>
      </trkpt>
      <trkpt lat="42.02657424844801425933837890625" lon="128.06641585193574428558349609375">
        <ele>2635.39990234375</ele>
        <time>2026-10-03T05:09:00.000Z</time>
        <extensions>
          <ns3:TrackPointExtension>
            <ns3:hr>77</ns3:hr>
            <ns3:cad>0</ns3:cad>
          </ns3:TrackPointExtension>
        </extensions>
      </trkpt>
      <trkpt lat="42.02657760120928287506103515625" lon="128.06640964932739734649658203125">
        <ele>2636.60009765625</ele>
        <time>2026-10-03T05:09:02.000Z</time>
        <extensions>
          <ns3:TrackPointExtension>
            <ns3:hr>77</ns3:hr>
            <ns3:cad>0</ns3:cad>
          </ns3:TrackPointExtension>
        </extensions>
      </trkpt>
      <trkpt lat="42.0265781879425048828125" lon="128.066398836672306060791015625">
        <ele>2638</ele>
        <time>2026-10-03T05:09:05.000Z</time>
        <extensions>
          <ns3:TrackPointExtension>
            <ns3:hr>79</ns3:hr>
            <ns3:cad>0</ns3:cad>
          </ns3:TrackPointExtension>
        </extensions>
      </trkpt>
      <trkpt lat="42.0265931077301502227783203125" lon="128.06639221496880054473876953125">
        <ele>2639</ele>
        <time>2026-10-03T05:09:08.000Z</time>
        <extensions>
          <ns3:TrackPointExtension>
            <ns3:hr>79</ns3:hr>
            <ns3:cad>0</ns3:cad>
          </ns3:TrackPointExtension>
        </extensions>
      </trkpt>
      <trkpt lat="42.02658162452280521392822265625" lon="128.066396154463291168212890625">
        <ele>2639</ele>
        <time>2026-10-03T05:09:12.000Z</time>
        <extensions>
          <ns3:TrackPointExtension>
            <ns3:hr>78</ns3:hr>
            <ns3:cad>0</ns3:cad>
          </ns3:TrackPointExtension>
        </extensions>
      </trkpt>
      <trkpt lat="42.0265983045101165771484375" lon="128.0663859285414218902587890625">
        <ele>2637.800048828125</ele>
        <time>2026-10-03T05:09:15.000Z</time>
        <extensions>
          <ns3:TrackPointExtension>
            <ns3:hr>78</ns3:hr>
            <ns3:cad>0</ns3:cad>
          </ns3:TrackPointExtension>
        </extensions>
      </trkpt>
      <trkpt lat="42.02661230228841304779052734375" lon="128.06636623106896877288818359375">
        <ele>2636.39990234375</ele>
        <time>2026-10-03T05:09:18.000Z</time>
        <extensions>
          <ns3:TrackPointExtension>
            <ns3:hr>78</ns3:hr>
            <ns3:cad>0</ns3:cad>
          </ns3:TrackPointExtension>
        </extensions>
      </trkpt>
      <trkpt lat="42.02661397866904735565185546875" lon="128.0663596093654632568359375">
        <ele>2636</ele>
        <time>2026-10-03T05:09:19.000Z</time>
        <extensions>
          <ns3:TrackPointExtension>
            <ns3:hr>79</ns3:hr>
            <ns3:cad>0</ns3:cad>
          </ns3:TrackPointExtension>
        </extensions>
      </trkpt>
      <trkpt lat="42.0266152359545230865478515625" lon="128.0663631297647953033447265625">
        <ele>2635.39990234375</ele>
        <time>2026-10-03T05:09:21.000Z</time>
        <extensions>
          <ns3:TrackPointExtension>
            <ns3:hr>78</ns3:hr>
            <ns3:cad>0</ns3:cad>
          </ns3:TrackPointExtension>
        </extensions>
      </trkpt>
      <trkpt lat="42.0266118831932544708251953125" lon="128.06636455468833446502685546875">
        <ele>2634.199951171875</ele>
        <time>2026-10-03T05:09:24.000Z</time>
        <extensions>
          <ns3:TrackPointExtension>
            <ns3:hr>79</ns3:hr>
            <ns3:cad>0</ns3:cad>
          </ns3:TrackPointExtension>
        </extensions>
      </trkpt>
      <trkpt lat="42.02660609968006610870361328125" lon="128.066368997097015380859375">
        <ele>2633.199951171875</ele>
        <time>2026-10-03T05:09:28.000Z</time>
        <extensions>
          <ns3:TrackPointExtension>
            <ns3:hr>78</ns3:hr>
            <ns3:cad>0</ns3:cad>
          </ns3:TrackPointExtension>
        </extensions>
      </trkpt>
      <trkpt lat="42.026604004204273223876953125" lon="128.0663738586008548736572265625">
        <ele>2633</ele>
        <time>2026-10-03T05:09:30.000Z</time>
        <extensions>
          <ns3:TrackPointExtension>
            <ns3:hr>79</ns3:hr>
            <ns3:cad>0</ns3:cad>
          </ns3:TrackPointExtension>
        </extensions>
      </trkpt>
      <trkpt lat="42.02660643495619297027587890625" lon="128.06637058965861797332763671875">
        <ele>2633.60009765625</ele>
        <time>2026-10-03T05:09:35.000Z</time>
        <extensions>
          <ns3:TrackPointExtension>
            <ns3:hr>82</ns3:hr>
            <ns3:cad>0</ns3:cad>
          </ns3:TrackPointExtension>
        </extensions>
      </trkpt>
      <trkpt lat="42.02660744078457355499267578125" lon="128.06637058965861797332763671875">
        <ele>2634</ele>
        <time>2026-10-03T05:09:44.000Z</time>
        <extensions>
          <ns3:TrackPointExtension>
            <ns3:hr>85</ns3:hr>
            <ns3:cad>0</ns3:cad>
          </ns3:TrackPointExtension>
        </extensions>
      </trkpt>
      <trkpt lat="42.02660744078457355499267578125" lon="128.06637327186763286590576171875">
        <ele>2633.800048828125</ele>
        <time>2026-10-03T05:09:48.000Z</time>
        <extensions>
          <ns3:TrackPointExtension>
            <ns3:hr>88</ns3:hr>
            <ns3:cad>0</ns3:cad>
          </ns3:TrackPointExtension>
        </extensions>
      </trkpt>
      <trkpt lat="42.0266075246036052703857421875" lon="128.066374026238918304443359375">
        <ele>2633.60009765625</ele>
        <time>2026-10-03T05:09:52.000Z</time>
        <extensions>
          <ns3:TrackPointExtension>
            <ns3:hr>91</ns3:hr>
            <ns3:cad>0</ns3:cad>
          </ns3:TrackPointExtension>
        </extensions>
      </trkpt>
      <trkpt lat="42.0266118831932544708251953125" lon="128.0663792230188846588134765625">
        <ele>2633</ele>
        <time>2026-10-03T05:10:05.000Z</time>
        <extensions>
          <ns3:TrackPointExtension>
            <ns3:hr>89</ns3:hr>
            <ns3:cad>0</ns3:cad>
          </ns3:TrackPointExtension>
        </extensions>
      </trkpt>
      <trkpt lat="42.026633508503437042236328125" lon="128.06639020331203937530517578125">
        <ele>2633</ele>
        <time>2026-10-03T05:10:10.000Z</time>
        <extensions>
          <ns3:TrackPointExtension>
            <ns3:hr>89</ns3:hr>
            <ns3:cad>0</ns3:cad>
          </ns3:TrackPointExtension>
        </extensions>
      </trkpt>
      <trkpt lat="42.02662906609475612640380859375" lon="128.066382072865962982177734375">
        <ele>2633</ele>
        <time>2026-10-03T05:10:14.000Z</time>
        <extensions>
          <ns3:TrackPointExtension>
            <ns3:hr>90</ns3:hr>
            <ns3:cad>0</ns3:cad>
          </ns3:TrackPointExtension>
        </extensions>
      </trkpt>
      <trkpt lat="42.0266323350369930267333984375" lon="128.06635919027030467987060546875">
        <ele>2634.39990234375</ele>
        <time>2026-10-03T05:10:19.000Z</time>
        <extensions>
          <ns3:TrackPointExtension>
            <ns3:hr>92</ns3:hr>
            <ns3:cad>0</ns3:cad>
          </ns3:TrackPointExtension>
        </extensions>
      </trkpt>
      <trkpt lat="42.02661984600126743316650390625" lon="128.066360950469970703125">
        <ele>2635</ele>
        <time>2026-10-03T05:10:20.000Z</time>
        <extensions>
          <ns3:TrackPointExtension>
            <ns3:hr>95</ns3:hr>
            <ns3:cad>0</ns3:cad>
          </ns3:TrackPointExtension>
        </extensions>
      </trkpt>
      <trkpt lat="42.026606015861034393310546875" lon="128.06636438705027103424072265625">
        <ele>2635.199951171875</ele>
        <time>2026-10-03T05:10:21.000Z</time>
        <extensions>
          <ns3:TrackPointExtension>
            <ns3:hr>92</ns3:hr>
            <ns3:cad>0</ns3:cad>
          </ns3:TrackPointExtension>
        </extensions>
      </trkpt>
      <trkpt lat="42.026618756353855133056640625" lon="128.06636589579284191131591796875">
        <ele>2635.60009765625</ele>
        <time>2026-10-03T05:10:22.000Z</time>
        <extensions>
          <ns3:TrackPointExtension>
            <ns3:hr>92</ns3:hr>
            <ns3:cad>0</ns3:cad>
          </ns3:TrackPointExtension>
        </extensions>
      </trkpt>
      <trkpt lat="42.02663560397922992706298828125" lon="128.06636438705027103424072265625">
        <ele>2636</ele>
        <time>2026-10-03T05:10:25.000Z</time>
        <extensions>
          <ns3:TrackPointExtension>
            <ns3:hr>93</ns3:hr>
            <ns3:cad>0</ns3:cad>
          </ns3:TrackPointExtension>
        </extensions>
      </trkpt>
      <trkpt lat="42.0266242884099483489990234375" lon="128.06640126742422580718994140625">
        <ele>2635.800048828125</ele>
        <time>2026-10-03T05:10:30.000Z</time>
        <extensions>
          <ns3:TrackPointExtension>
            <ns3:hr>92</ns3:hr>
            <ns3:cad>0</ns3:cad>
          </ns3:TrackPointExtension>
        </extensions>
      </trkpt>
      <trkpt lat="42.0265956223011016845703125" lon="128.0664124153554439544677734375">
        <ele>2636.60009765625</ele>
        <time>2026-10-03T05:10:35.000Z</time>
        <extensions>
          <ns3:TrackPointExtension>
            <ns3:hr>92</ns3:hr>
            <ns3:cad>0</ns3:cad>
          </ns3:TrackPointExtension>
        </extensions>
      </trkpt>
      <trkpt lat="42.026521861553192138671875" lon="128.06645507924258708953857421875">
        <ele>2636.60009765625</ele>
        <time>2026-10-03T05:10:42.000Z</time>
        <extensions>
          <ns3:TrackPointExtension>
            <ns3:hr>92</ns3:hr>
            <ns3:cad>0</ns3:cad>
          </ns3:TrackPointExtension>
        </extensions>
      </trkpt>
      <trkpt lat="42.02655346132814884185791015625" lon="128.0664378963410854339599609375">
        <ele>2636</ele>
        <time>2026-10-03T05:10:47.000Z</time>
        <extensions>
          <ns3:TrackPointExtension>
            <ns3:hr>89</ns3:hr>
            <ns3:cad>0</ns3:cad>
          </ns3:TrackPointExtension>
        </extensions>
      </trkpt>
      <trkpt lat="42.0265646092593669891357421875" lon="128.06642725132405757904052734375">
        <ele>2636</ele>
        <time>2026-10-03T05:10:48.000Z</time>
        <extensions>
          <ns3:TrackPointExtension>
            <ns3:hr>88</ns3:hr>
            <ns3:cad>0</ns3:cad>
          </ns3:TrackPointExtension>
        </extensions>
      </trkpt>
      <trkpt lat="42.02658799476921558380126953125" lon="128.0664288438856601715087890625">
        <ele>2636.60009765625</ele>
        <time>2026-10-03T05:10:53.000Z</time>
        <extensions>
          <ns3:TrackPointExtension>
            <ns3:hr>85</ns3:hr>
            <ns3:cad>0</ns3:cad>
          </ns3:TrackPointExtension>
        </extensions>
      </trkpt>
      <trkpt lat="42.02661146409809589385986328125" lon="128.0664281733334064483642578125">
        <ele>2637.199951171875</ele>
        <time>2026-10-03T05:10:59.000Z</time>
        <extensions>
          <ns3:TrackPointExtension>
            <ns3:hr>85</ns3:hr>
            <ns3:cad>0</ns3:cad>
          </ns3:TrackPointExtension>
        </extensions>
      </trkpt>
      <trkpt lat="42.02661347575485706329345703125" lon="128.06642876006662845611572265625">
        <ele>2637.199951171875</ele>
        <time>2026-10-03T05:11:04.000Z</time>
        <extensions>
          <ns3:TrackPointExtension>
            <ns3:hr>88</ns3:hr>
            <ns3:cad>0</ns3:cad>
          </ns3:TrackPointExtension>
        </extensions>
      </trkpt>
      <trkpt lat="42.0266336761415004730224609375" lon="128.06641635484993457794189453125">
        <ele>2637</ele>
        <time>2026-10-03T05:11:06.000Z</time>
        <extensions>
          <ns3:TrackPointExtension>
            <ns3:hr>87</ns3:hr>
            <ns3:cad>0</ns3:cad>
          </ns3:TrackPointExtension>
        </extensions>
      </trkpt>
      <trkpt lat="42.02663258649408817291259765625" lon="128.0664177797734737396240234375">
        <ele>2636.800048828125</ele>
        <time>2026-10-03T05:11:08.000Z</time>
        <extensions>
          <ns3:TrackPointExtension>
            <ns3:hr>86</ns3:hr>
            <ns3:cad>0</ns3:cad>
          </ns3:TrackPointExtension>
        </extensions>
      </trkpt>
      <trkpt lat="42.02663258649408817291259765625" lon="128.06639573536813259124755859375">
        <ele>2636.60009765625</ele>
        <time>2026-10-03T05:11:12.000Z</time>
        <extensions>
          <ns3:TrackPointExtension>
            <ns3:hr>85</ns3:hr>
            <ns3:cad>0</ns3:cad>
          </ns3:TrackPointExtension>
        </extensions>
      </trkpt>
      <trkpt lat="42.0266142301261425018310546875" lon="128.0664275027811527252197265625">
        <ele>2636</ele>
        <time>2026-10-03T05:11:19.000Z</time>
        <extensions>
          <ns3:TrackPointExtension>
            <ns3:hr>85</ns3:hr>
            <ns3:cad>0</ns3:cad>
          </ns3:TrackPointExtension>
        </extensions>
      </trkpt>
      <trkpt lat="42.02658900059759616851806640625" lon="128.06643362157046794891357421875">
        <ele>2636</ele>
        <time>2026-10-03T05:11:24.000Z</time>
        <extensions>
          <ns3:TrackPointExtension>
            <ns3:hr>84</ns3:hr>
            <ns3:cad>0</ns3:cad>
          </ns3:TrackPointExtension>
        </extensions>
      </trkpt>
      <trkpt lat="42.02659402973949909210205078125" lon="128.06643269956111907958984375">
        <ele>2635.60009765625</ele>
        <time>2026-10-03T05:11:26.000Z</time>
        <extensions>
          <ns3:TrackPointExtension>
            <ns3:hr>85</ns3:hr>
            <ns3:cad>0</ns3:cad>
          </ns3:TrackPointExtension>
        </extensions>
      </trkpt>
      <trkpt lat="42.0265837199985980987548828125" lon="128.066433370113372802734375">
        <ele>2634.800048828125</ele>
        <time>2026-10-03T05:11:28.000Z</time>
        <extensions>
          <ns3:TrackPointExtension>
            <ns3:hr>86</ns3:hr>
            <ns3:cad>0</ns3:cad>
          </ns3:TrackPointExtension>
        </extensions>
      </trkpt>
      <trkpt lat="42.026575505733489990234375" lon="128.0664389021694660186767578125">
        <ele>2634.39990234375</ele>
        <time>2026-10-03T05:11:29.000Z</time>
        <extensions>
          <ns3:TrackPointExtension>
            <ns3:hr>86</ns3:hr>
            <ns3:cad>0</ns3:cad>
          </ns3:TrackPointExtension>
        </extensions>
      </trkpt>
      <trkpt lat="42.02656469307839870452880859375" lon="128.06645608507096767425537109375">
        <ele>2634</ele>
        <time>2026-10-03T05:11:32.000Z</time>
        <extensions>
          <ns3:TrackPointExtension>
            <ns3:hr>88</ns3:hr>
            <ns3:cad>0</ns3:cad>
          </ns3:TrackPointExtension>
        </extensions>
      </trkpt>
      <trkpt lat="42.02656209468841552734375" lon="128.06645474396646022796630859375">
        <ele>2634</ele>
        <time>2026-10-03T05:11:34.000Z</time>
        <extensions>
          <ns3:TrackPointExtension>
            <ns3:hr>85</ns3:hr>
            <ns3:cad>0</ns3:cad>
          </ns3:TrackPointExtension>
        </extensions>
      </trkpt>
      <trkpt lat="42.0265579037368297576904296875" lon="128.0664492957293987274169921875">
        <ele>2634</ele>
        <time>2026-10-03T05:11:37.000Z</time>
        <extensions>
          <ns3:TrackPointExtension>
            <ns3:hr>88</ns3:hr>
            <ns3:cad>0</ns3:cad>
          </ns3:TrackPointExtension>
        </extensions>
      </trkpt>
      <trkpt lat="42.02654801309108734130859375" lon="128.0664523132145404815673828125">
        <ele>2634</ele>
        <time>2026-10-03T05:11:38.000Z</time>
        <extensions>
          <ns3:TrackPointExtension>
            <ns3:hr>90</ns3:hr>
            <ns3:cad>0</ns3:cad>
          </ns3:TrackPointExtension>
        </extensions>
      </trkpt>
      <trkpt lat="42.0265304110944271087646484375" lon="128.066460192203521728515625">
        <ele>2634.199951171875</ele>
        <time>2026-10-03T05:11:43.000Z</time>
        <extensions>
          <ns3:TrackPointExtension>
            <ns3:hr>91</ns3:hr>
            <ns3:cad>0</ns3:cad>
          </ns3:TrackPointExtension>
        </extensions>
      </trkpt>
      <trkpt lat="42.0265206880867481231689453125" lon="128.0664596892893314361572265625">
        <ele>2635.39990234375</ele>
        <time>2026-10-03T05:11:48.000Z</time>
        <extensions>
          <ns3:TrackPointExtension>
            <ns3:hr>91</ns3:hr>
            <ns3:cad>0</ns3:cad>
          </ns3:TrackPointExtension>
        </extensions>
      </trkpt>
      <trkpt lat="42.026524208486080169677734375" lon="128.066458515822887420654296875">
        <ele>2635.60009765625</ele>
        <time>2026-10-03T05:11:49.000Z</time>
        <extensions>
          <ns3:TrackPointExtension>
            <ns3:hr>90</ns3:hr>
            <ns3:cad>0</ns3:cad>
          </ns3:TrackPointExtension>
        </extensions>
      </trkpt>
      <trkpt lat="42.0265086181461811065673828125" lon="128.06646010838449001312255859375">
        <ele>2636</ele>
        <time>2026-10-03T05:11:53.000Z</time>
        <extensions>
          <ns3:TrackPointExtension>
            <ns3:hr>90</ns3:hr>
            <ns3:cad>0</ns3:cad>
          </ns3:TrackPointExtension>
        </extensions>
      </trkpt>
      <trkpt lat="42.02647567726671695709228515625" lon="128.066453821957111358642578125">
        <ele>2636.800048828125</ele>
        <time>2026-10-03T05:11:57.000Z</time>
        <extensions>
          <ns3:TrackPointExtension>
            <ns3:hr>88</ns3:hr>
            <ns3:cad>0</ns3:cad>
          </ns3:TrackPointExtension>
        </extensions>
      </trkpt>
      <trkpt lat="42.02646779827773571014404296875" lon="128.06646128185093402862548828125">
        <ele>2637.800048828125</ele>
        <time>2026-10-03T05:12:00.000Z</time>
        <extensions>
          <ns3:TrackPointExtension>
            <ns3:hr>87</ns3:hr>
            <ns3:cad>0</ns3:cad>
          </ns3:TrackPointExtension>
        </extensions>
      </trkpt>
      <trkpt lat="42.0264646969735622406005859375" lon="128.0664606951177120208740234375">
        <ele>2638.800048828125</ele>
        <time>2026-10-03T05:12:04.000Z</time>
        <extensions>
          <ns3:TrackPointExtension>
            <ns3:hr>86</ns3:hr>
            <ns3:cad>0</ns3:cad>
          </ns3:TrackPointExtension>
        </extensions>
      </trkpt>
      <trkpt lat="42.02647425234317779541015625" lon="128.06646865792572498321533203125">
        <ele>2638.39990234375</ele>
        <time>2026-10-03T05:12:08.000Z</time>
        <extensions>
          <ns3:TrackPointExtension>
            <ns3:hr>83</ns3:hr>
            <ns3:cad>0</ns3:cad>
          </ns3:TrackPointExtension>
        </extensions>
      </trkpt>
      <trkpt lat="42.02648540027439594268798828125" lon="128.06645893491804599761962890625">
        <ele>2637.800048828125</ele>
        <time>2026-10-03T05:12:12.000Z</time>
        <extensions>
          <ns3:TrackPointExtension>
            <ns3:hr>80</ns3:hr>
            <ns3:cad>0</ns3:cad>
          </ns3:TrackPointExtension>
        </extensions>
      </trkpt>
      <trkpt lat="42.026487998664379119873046875" lon="128.0664561688899993896484375">
        <ele>2637.60009765625</ele>
        <time>2026-10-03T05:12:13.000Z</time>
        <extensions>
          <ns3:TrackPointExtension>
            <ns3:hr>84</ns3:hr>
            <ns3:cad>0</ns3:cad>
          </ns3:TrackPointExtension>
        </extensions>
      </trkpt>
      <trkpt lat="42.0264938659965991973876953125" lon="128.06645340286195278167724609375">
        <ele>2637.39990234375</ele>
        <time>2026-10-03T05:12:14.000Z</time>
        <extensions>
          <ns3:TrackPointExtension>
            <ns3:hr>81</ns3:hr>
            <ns3:cad>0</ns3:cad>
          </ns3:TrackPointExtension>
        </extensions>
      </trkpt>
      <trkpt lat="42.0265009067952632904052734375" lon="128.0664476193487644195556640625">
        <ele>2636.800048828125</ele>
        <time>2026-10-03T05:12:15.000Z</time>
        <extensions>
          <ns3:TrackPointExtension>
            <ns3:hr>81</ns3:hr>
            <ns3:cad>0</ns3:cad>
          </ns3:TrackPointExtension>
        </extensions>
      </trkpt>
      <trkpt lat="42.0265012420713901519775390625" lon="128.06644753552973270416259765625">
        <ele>2636.199951171875</ele>
        <time>2026-10-03T05:12:16.000Z</time>
        <extensions>
          <ns3:TrackPointExtension>
            <ns3:hr>81</ns3:hr>
            <ns3:cad>0</ns3:cad>
          </ns3:TrackPointExtension>
        </extensions>
      </trkpt>
      <trkpt lat="42.02650920487940311431884765625" lon="128.06644284166395664215087890625">
        <ele>2635.39990234375</ele>
        <time>2026-10-03T05:12:17.000Z</time>
        <extensions>
          <ns3:TrackPointExtension>
            <ns3:hr>81</ns3:hr>
            <ns3:cad>0</ns3:cad>
          </ns3:TrackPointExtension>
        </extensions>
      </trkpt>
      <trkpt lat="42.0264982245862483978271484375" lon="128.06643948890268802642822265625">
        <ele>2634.199951171875</ele>
        <time>2026-10-03T05:12:20.000Z</time>
        <extensions>
          <ns3:TrackPointExtension>
            <ns3:hr>82</ns3:hr>
            <ns3:cad>0</ns3:cad>
          </ns3:TrackPointExtension>
        </extensions>
      </trkpt>
      <trkpt lat="42.02650736086070537567138671875" lon="128.06642356328666210174560546875">
        <ele>2633.800048828125</ele>
        <time>2026-10-03T05:12:22.000Z</time>
        <extensions>
          <ns3:TrackPointExtension>
            <ns3:hr>82</ns3:hr>
            <ns3:cad>0</ns3:cad>
          </ns3:TrackPointExtension>
        </extensions>
      </trkpt>
      <trkpt lat="42.02652311883866786956787109375" lon="128.06643798016011714935302734375">
        <ele>2633.60009765625</ele>
        <time>2026-10-03T05:12:26.000Z</time>
        <extensions>
          <ns3:TrackPointExtension>
            <ns3:hr>80</ns3:hr>
            <ns3:cad>0</ns3:cad>
          </ns3:TrackPointExtension>
        </extensions>
      </trkpt>
      <trkpt lat="42.02652999199926853179931640625" lon="128.06643806397914886474609375">
        <ele>2633.60009765625</ele>
        <time>2026-10-03T05:12:27.000Z</time>
        <extensions>
          <ns3:TrackPointExtension>
            <ns3:hr>83</ns3:hr>
            <ns3:cad>0</ns3:cad>
          </ns3:TrackPointExtension>
        </extensions>
      </trkpt>
      <trkpt lat="42.0265136472880840301513671875" lon="128.06642758660018444061279296875">
        <ele>2633.39990234375</ele>
        <time>2026-10-03T05:12:30.000Z</time>
        <extensions>
          <ns3:TrackPointExtension>
            <ns3:hr>83</ns3:hr>
            <ns3:cad>0</ns3:cad>
          </ns3:TrackPointExtension>
        </extensions>
      </trkpt>
      <trkpt lat="42.02650601975619792938232421875" lon="128.06642792187631130218505859375">
        <ele>2633.199951171875</ele>
        <time>2026-10-03T05:12:31.000Z</time>
        <extensions>
          <ns3:TrackPointExtension>
            <ns3:hr>84</ns3:hr>
            <ns3:cad>0</ns3:cad>
          </ns3:TrackPointExtension>
        </extensions>
      </trkpt>
      <trkpt lat="42.0264910161495208740234375" lon="128.06644803844392299652099609375">
        <ele>2632.60009765625</ele>
        <time>2026-10-03T05:12:34.000Z</time>
        <extensions>
          <ns3:TrackPointExtension>
            <ns3:hr>84</ns3:hr>
            <ns3:cad>0</ns3:cad>
          </ns3:TrackPointExtension>
        </extensions>
      </trkpt>
      <trkpt lat="42.0264492742717266082763671875" lon="128.06646228767931461334228515625">
        <ele>2632.199951171875</ele>
        <time>2026-10-03T05:12:37.000Z</time>
        <extensions>
          <ns3:TrackPointExtension>
            <ns3:hr>88</ns3:hr>
            <ns3:cad>0</ns3:cad>
          </ns3:TrackPointExtension>
        </extensions>
      </trkpt>
      <trkpt lat="42.02643142081797122955322265625" lon="128.0664623714983463287353515625">
        <ele>2632.199951171875</ele>
        <time>2026-10-03T05:12:38.000Z</time>
        <extensions>
          <ns3:TrackPointExtension>
            <ns3:hr>89</ns3:hr>
            <ns3:cad>0</ns3:cad>
          </ns3:TrackPointExtension>
        </extensions>
      </trkpt>
      <trkpt lat="42.0263998210430145263671875" lon="128.0664623714983463287353515625">
        <ele>2631.800048828125</ele>
        <time>2026-10-03T05:12:41.000Z</time>
        <extensions>
          <ns3:TrackPointExtension>
            <ns3:hr>92</ns3:hr>
            <ns3:cad>0</ns3:cad>
          </ns3:TrackPointExtension>
        </extensions>
      </trkpt>
      <trkpt lat="42.02640049159526824951171875" lon="128.06646463461220264434814453125">
        <ele>2631.800048828125</ele>
        <time>2026-10-03T05:12:42.000Z</time>
        <extensions>
          <ns3:TrackPointExtension>
            <ns3:hr>93</ns3:hr>
            <ns3:cad>0</ns3:cad>
          </ns3:TrackPointExtension>
        </extensions>
      </trkpt>
      <trkpt lat="42.02640795148909091949462890625" lon="128.06647251360118389129638671875">
        <ele>2631</ele>
        <time>2026-10-03T05:12:47.000Z</time>
        <extensions>
          <ns3:TrackPointExtension>
            <ns3:hr>93</ns3:hr>
            <ns3:cad>0</ns3:cad>
          </ns3:TrackPointExtension>
        </extensions>
      </trkpt>
      <trkpt lat="42.02642236836254596710205078125" lon="128.066475279629230499267578125">
        <ele>2630.60009765625</ele>
        <time>2026-10-03T05:12:50.000Z</time>
        <extensions>
          <ns3:TrackPointExtension>
            <ns3:hr>93</ns3:hr>
            <ns3:cad>0</ns3:cad>
          </ns3:TrackPointExtension>
        </extensions>
      </trkpt>
      <trkpt lat="42.026404179632663726806640625" lon="128.06647351942956447601318359375">
        <ele>2630</ele>
        <time>2026-10-03T05:12:53.000Z</time>
        <extensions>
          <ns3:TrackPointExtension>
            <ns3:hr>93</ns3:hr>
            <ns3:cad>0</ns3:cad>
          </ns3:TrackPointExtension>
        </extensions>
      </trkpt>
      <trkpt lat="42.026438377797603607177734375" lon="128.06644183583557605743408203125">
        <ele>2629.60009765625</ele>
        <time>2026-10-03T05:12:56.000Z</time>
        <extensions>
          <ns3:TrackPointExtension>
            <ns3:hr>96</ns3:hr>
            <ns3:cad>0</ns3:cad>
          </ns3:TrackPointExtension>
        </extensions>
      </trkpt>
      <trkpt lat="42.02644701115787029266357421875" lon="128.066441752016544342041015625">
        <ele>2629.60009765625</ele>
        <time>2026-10-03T05:12:57.000Z</time>
        <extensions>
          <ns3:TrackPointExtension>
            <ns3:hr>96</ns3:hr>
            <ns3:cad>0</ns3:cad>
          </ns3:TrackPointExtension>
        </extensions>
      </trkpt>
      <trkpt lat="42.02642999589443206787109375" lon="128.0664385668933391571044921875">
        <ele>2629.39990234375</ele>
        <time>2026-10-03T05:12:59.000Z</time>
        <extensions>
          <ns3:TrackPointExtension>
            <ns3:hr>95</ns3:hr>
            <ns3:cad>0</ns3:cad>
          </ns3:TrackPointExtension>
        </extensions>
      </trkpt>
      <trkpt lat="42.02645086683332920074462890625" lon="128.0664301849901676177978515625">
        <ele>2628.800048828125</ele>
        <time>2026-10-03T05:13:02.000Z</time>
        <extensions>
          <ns3:TrackPointExtension>
            <ns3:hr>95</ns3:hr>
            <ns3:cad>0</ns3:cad>
          </ns3:TrackPointExtension>
        </extensions>
      </trkpt>
      <trkpt lat="42.02645857818424701690673828125" lon="128.0664228089153766632080078125">
        <ele>2628.800048828125</ele>
        <time>2026-10-03T05:13:03.000Z</time>
        <extensions>
          <ns3:TrackPointExtension>
            <ns3:hr>95</ns3:hr>
            <ns3:cad>0</ns3:cad>
          </ns3:TrackPointExtension>
        </extensions>
      </trkpt>
      <trkpt lat="42.0264774374663829803466796875" lon="128.0664157681167125701904296875">
        <ele>2629</ele>
        <time>2026-10-03T05:13:09.000Z</time>
        <extensions>
          <ns3:TrackPointExtension>
            <ns3:hr>97</ns3:hr>
            <ns3:cad>0</ns3:cad>
          </ns3:TrackPointExtension>
        </extensions>
      </trkpt>
      <trkpt lat="42.0264928601682186126708984375" lon="128.06644083000719547271728515625">
        <ele>2629</ele>
        <time>2026-10-03T05:13:16.000Z</time>
        <extensions>
          <ns3:TrackPointExtension>
            <ns3:hr>94</ns3:hr>
            <ns3:cad>0</ns3:cad>
          </ns3:TrackPointExtension>
        </extensions>
      </trkpt>
      <trkpt lat="42.0264878310263156890869140625" lon="128.0664405785501003265380859375">
        <ele>2629.60009765625</ele>
        <time>2026-10-03T05:13:20.000Z</time>
        <extensions>
          <ns3:TrackPointExtension>
            <ns3:hr>91</ns3:hr>
            <ns3:cad>0</ns3:cad>
          </ns3:TrackPointExtension>
        </extensions>
      </trkpt>
      <trkpt lat="42.0264878310263156890869140625" lon="128.0664405785501003265380859375">
        <ele>2629.800048828125</ele>
        <time>2026-10-03T05:13:23.000Z</time>
        <extensions>
          <ns3:TrackPointExtension>
            <ns3:hr>90</ns3:hr>
            <ns3:cad>0</ns3:cad>
          </ns3:TrackPointExtension>
        </extensions>
      </trkpt>
      <trkpt lat="42.0264878310263156890869140625" lon="128.0664405785501003265380859375">
        <ele>2629.800048828125</ele>
        <time>2026-10-03T05:13:29.000Z</time>
        <extensions>
          <ns3:TrackPointExtension>
            <ns3:hr>91</ns3:hr>
            <ns3:cad>0</ns3:cad>
          </ns3:TrackPointExtension>
        </extensions>
      </trkpt>
      <trkpt lat="42.0264878310263156890869140625" lon="128.06643663905560970306396484375">
        <ele>2630</ele>
        <time>2026-10-03T05:13:32.000Z</time>
        <extensions>
          <ns3:TrackPointExtension>
            <ns3:hr>94</ns3:hr>
            <ns3:cad>0</ns3:cad>
          </ns3:TrackPointExtension>
        </extensions>
      </trkpt>
      <trkpt lat="42.02655899338424205780029296875" lon="128.0664025247097015380859375">
        <ele>2629.800048828125</ele>
        <time>2026-10-03T05:13:48.000Z</time>
        <extensions>
          <ns3:TrackPointExtension>
            <ns3:hr>97</ns3:hr>
            <ns3:cad>0</ns3:cad>
          </ns3:TrackPointExtension>
        </extensions>
      </trkpt>
      <trkpt lat="42.02656905166804790496826171875" lon="128.06639322079718112945556640625">
        <ele>2630</ele>
        <time>2026-10-03T05:13:56.000Z</time>
        <extensions>
          <ns3:TrackPointExtension>
            <ns3:hr>94</ns3:hr>
            <ns3:cad>0</ns3:cad>
          </ns3:TrackPointExtension>
        </extensions>
      </trkpt>
      <trkpt lat="42.0265956223011016845703125" lon="128.06638131849467754364013671875">
        <ele>2630.39990234375</ele>
        <time>2026-10-03T05:14:15.000Z</time>
        <extensions>
          <ns3:TrackPointExtension>
            <ns3:hr>97</ns3:hr>
            <ns3:cad>0</ns3:cad>
          </ns3:TrackPointExtension>
        </extensions>
      </trkpt>
      <trkpt lat="42.02658263035118579864501953125" lon="128.0663852579891681671142578125">
        <ele>2630.39990234375</ele>
        <time>2026-10-03T05:14:22.000Z</time>
        <extensions>
          <ns3:TrackPointExtension>
            <ns3:hr>97</ns3:hr>
            <ns3:cad>0</ns3:cad>
          </ns3:TrackPointExtension>
        </extensions>
      </trkpt>
      <trkpt lat="42.02655463479459285736083984375" lon="128.06636187247931957244873046875">
        <ele>2630.39990234375</ele>
        <time>2026-10-03T05:14:27.000Z</time>
        <extensions>
          <ns3:TrackPointExtension>
            <ns3:hr>99</ns3:hr>
            <ns3:cad>0</ns3:cad>
          </ns3:TrackPointExtension>
        </extensions>
      </trkpt>
      <trkpt lat="42.02655061148107051849365234375" lon="128.06635868735611438751220703125">
        <ele>2631</ele>
        <time>2026-10-03T05:14:30.000Z</time>
        <extensions>
          <ns3:TrackPointExtension>
            <ns3:hr>98</ns3:hr>
            <ns3:cad>0</ns3:cad>
          </ns3:TrackPointExtension>
        </extensions>
      </trkpt>
      <trkpt lat="42.02655865810811519622802734375" lon="128.0663477070629596710205078125">
        <ele>2631.39990234375</ele>
        <time>2026-10-03T05:14:32.000Z</time>
        <extensions>
          <ns3:TrackPointExtension>
            <ns3:hr>97</ns3:hr>
            <ns3:cad>0</ns3:cad>
          </ns3:TrackPointExtension>
        </extensions>
      </trkpt>
      <trkpt lat="42.02655664645135402679443359375" lon="128.06634812615811824798583984375">
        <ele>2632</ele>
        <time>2026-10-03T05:14:33.000Z</time>
        <extensions>
          <ns3:TrackPointExtension>
            <ns3:hr>98</ns3:hr>
            <ns3:cad>0</ns3:cad>
          </ns3:TrackPointExtension>
        </extensions>
      </trkpt>
      <trkpt lat="42.02655832283198833465576171875" lon="128.06632700376212596893310546875">
        <ele>2633.199951171875</ele>
        <time>2026-10-03T05:14:36.000Z</time>
        <extensions>
          <ns3:TrackPointExtension>
            <ns3:hr>99</ns3:hr>
            <ns3:cad>0</ns3:cad>
          </ns3:TrackPointExtension>
        </extensions>
      </trkpt>
      <trkpt lat="42.026560418307781219482421875" lon="128.06632381863892078399658203125">
        <ele>2633.39990234375</ele>
        <time>2026-10-03T05:14:37.000Z</time>
        <extensions>
          <ns3:TrackPointExtension>
            <ns3:hr>100</ns3:hr>
            <ns3:cad>0</ns3:cad>
          </ns3:TrackPointExtension>
        </extensions>
      </trkpt>
      <trkpt lat="42.02654122374951839447021484375" lon="128.06631895713508129119873046875">
        <ele>2634.39990234375</ele>
        <time>2026-10-03T05:14:40.000Z</time>
        <extensions>
          <ns3:TrackPointExtension>
            <ns3:hr>101</ns3:hr>
            <ns3:cad>0</ns3:cad>
          </ns3:TrackPointExtension>
        </extensions>
      </trkpt>
      <trkpt lat="42.02652798034250736236572265625" lon="128.06631191633641719818115234375">
        <ele>2635.60009765625</ele>
        <time>2026-10-03T05:14:42.000Z</time>
        <extensions>
          <ns3:TrackPointExtension>
            <ns3:hr>101</ns3:hr>
            <ns3:cad>0</ns3:cad>
          </ns3:TrackPointExtension>
        </extensions>
      </trkpt>
      <trkpt lat="42.02652496285736560821533203125" lon="128.0663021095097064971923828125">
        <ele>2635.800048828125</ele>
        <time>2026-10-03T05:14:43.000Z</time>
        <extensions>
          <ns3:TrackPointExtension>
            <ns3:hr>101</ns3:hr>
            <ns3:cad>0</ns3:cad>
          </ns3:TrackPointExtension>
        </extensions>
      </trkpt>
      <trkpt lat="42.0265232026576995849609375" lon="128.0662886984646320343017578125">
        <ele>2636.60009765625</ele>
        <time>2026-10-03T05:14:45.000Z</time>
        <extensions>
          <ns3:TrackPointExtension>
            <ns3:hr>101</ns3:hr>
            <ns3:cad>0</ns3:cad>
          </ns3:TrackPointExtension>
        </extensions>
      </trkpt>
      <trkpt lat="42.02651984989643096923828125" lon="128.06627654470503330230712890625">
        <ele>2637.60009765625</ele>
        <time>2026-10-03T05:14:48.000Z</time>
        <extensions>
          <ns3:TrackPointExtension>
            <ns3:hr>101</ns3:hr>
            <ns3:cad>0</ns3:cad>
          </ns3:TrackPointExtension>
        </extensions>
      </trkpt>
      <trkpt lat="42.0265277288854122161865234375" lon="128.066240586340427398681640625">
        <ele>2638.800048828125</ele>
        <time>2026-10-03T05:14:52.000Z</time>
        <extensions>
          <ns3:TrackPointExtension>
            <ns3:hr>101</ns3:hr>
            <ns3:cad>0</ns3:cad>
          </ns3:TrackPointExtension>
        </extensions>
      </trkpt>
      <trkpt lat="42.026527225971221923828125" lon="128.06622373871505260467529296875">
        <ele>2638.800048828125</ele>
        <time>2026-10-03T05:14:53.000Z</time>
        <extensions>
          <ns3:TrackPointExtension>
            <ns3:hr>99</ns3:hr>
            <ns3:cad>0</ns3:cad>
          </ns3:TrackPointExtension>
        </extensions>
      </trkpt>
      <trkpt lat="42.02652278356254100799560546875" lon="128.06619708426296710968017578125">
        <ele>2639.800048828125</ele>
        <time>2026-10-03T05:14:56.000Z</time>
        <extensions>
          <ns3:TrackPointExtension>
            <ns3:hr>100</ns3:hr>
            <ns3:cad>0</ns3:cad>
          </ns3:TrackPointExtension>
        </extensions>
      </trkpt>
      <trkpt lat="42.026521861553192138671875" lon="128.06617143563926219940185546875">
        <ele>2640.800048828125</ele>
        <time>2026-10-03T05:14:59.000Z</time>
        <extensions>
          <ns3:TrackPointExtension>
            <ns3:hr>100</ns3:hr>
            <ns3:cad>40</ns3:cad>
          </ns3:TrackPointExtension>
        </extensions>
      </trkpt>
      <trkpt lat="42.0265210233628749847412109375" lon="128.066164813935756683349609375">
        <ele>2641</ele>
        <time>2026-10-03T05:15:00.000Z</time>
        <extensions>
          <ns3:TrackPointExtension>
            <ns3:hr>105</ns3:hr>
            <ns3:cad>40</ns3:cad>
          </ns3:TrackPointExtension>
        </extensions>
      </trkpt>
      <trkpt lat="42.026522196829319000244140625" lon="128.06615768931806087493896484375">
        <ele>2641.39990234375</ele>
        <time>2026-10-03T05:15:01.000Z</time>
        <extensions>
          <ns3:TrackPointExtension>
            <ns3:hr>111</ns3:hr>
            <ns3:cad>0</ns3:cad>
          </ns3:TrackPointExtension>
        </extensions>
      </trkpt>
      <trkpt lat="42.02652328647673130035400390625" lon="128.06615299545228481292724609375">
        <ele>2641.800048828125</ele>
        <time>2026-10-03T05:15:02.000Z</time>
        <extensions>
          <ns3:TrackPointExtension>
            <ns3:hr>115</ns3:hr>
            <ns3:cad>0</ns3:cad>
          </ns3:TrackPointExtension>
        </extensions>
      </trkpt>
      <trkpt lat="42.02652454376220703125" lon="128.06614964269101619720458984375">
        <ele>2642</ele>
        <time>2026-10-03T05:15:03.000Z</time>
        <extensions>
          <ns3:TrackPointExtension>
            <ns3:hr>119</ns3:hr>
            <ns3:cad>0</ns3:cad>
          </ns3:TrackPointExtension>
        </extensions>
      </trkpt>
      <trkpt lat="42.0265260525047779083251953125" lon="128.066145367920398712158203125">
        <ele>2642.39990234375</ele>
        <time>2026-10-03T05:15:04.000Z</time>
        <extensions>
          <ns3:TrackPointExtension>
            <ns3:hr>123</ns3:hr>
            <ns3:cad>0</ns3:cad>
          </ns3:TrackPointExtension>
        </extensions>
      </trkpt>
      <trkpt lat="42.02652529813349246978759765625" lon="128.06614813394844532012939453125">
        <ele>2642.800048828125</ele>
        <time>2026-10-03T05:15:06.000Z</time>
        <extensions>
          <ns3:TrackPointExtension>
            <ns3:hr>127</ns3:hr>
            <ns3:cad>0</ns3:cad>
          </ns3:TrackPointExtension>
        </extensions>
      </trkpt>
      <trkpt lat="42.0265260525047779083251953125" lon="128.06614511646330356597900390625">
        <ele>2643</ele>
        <time>2026-10-03T05:15:08.000Z</time>
        <extensions>
          <ns3:TrackPointExtension>
            <ns3:hr>130</ns3:hr>
            <ns3:cad>0</ns3:cad>
          </ns3:TrackPointExtension>
        </extensions>
      </trkpt>
      <trkpt lat="42.0265273936092853546142578125" lon="128.06613941676914691925048828125">
        <ele>2643.199951171875</ele>
        <time>2026-10-03T05:15:09.000Z</time>
        <extensions>
          <ns3:TrackPointExtension>
            <ns3:hr>129</ns3:hr>
            <ns3:cad>0</ns3:cad>
          </ns3:TrackPointExtension>
        </extensions>
      </trkpt>
      <trkpt lat="42.026527225971221923828125" lon="128.06612558662891387939453125">
        <ele>2643.39990234375</ele>
        <time>2026-10-03T05:15:13.000Z</time>
        <extensions>
          <ns3:TrackPointExtension>
            <ns3:hr>133</ns3:hr>
            <ns3:cad>0</ns3:cad>
          </ns3:TrackPointExtension>
        </extensions>
      </trkpt>
      <trkpt lat="42.02652798034250736236572265625" lon="128.066115863621234893798828125">
        <ele>2643.39990234375</ele>
        <time>2026-10-03T05:15:15.000Z</time>
        <extensions>
          <ns3:TrackPointExtension>
            <ns3:hr>130</ns3:hr>
            <ns3:cad>0</ns3:cad>
          </ns3:TrackPointExtension>
        </extensions>
      </trkpt>
      <trkpt lat="42.02651574276387691497802734375" lon="128.0660927295684814453125">
        <ele>2643.800048828125</ele>
        <time>2026-10-03T05:15:21.000Z</time>
        <extensions>
          <ns3:TrackPointExtension>
            <ns3:hr>131</ns3:hr>
            <ns3:cad>0</ns3:cad>
          </ns3:TrackPointExtension>
        </extensions>
      </trkpt>
      <trkpt lat="42.02650685794651508331298828125" lon="128.06606867350637912750244140625">
        <ele>2644.199951171875</ele>
        <time>2026-10-03T05:15:25.000Z</time>
        <extensions>
          <ns3:TrackPointExtension>
            <ns3:hr>131</ns3:hr>
            <ns3:cad>0</ns3:cad>
          </ns3:TrackPointExtension>
        </extensions>
      </trkpt>
      <trkpt lat="42.026493363082408905029296875" lon="128.06601955555379390716552734375">
        <ele>2643.60009765625</ele>
        <time>2026-10-03T05:15:32.000Z</time>
        <extensions>
          <ns3:TrackPointExtension>
            <ns3:hr>131</ns3:hr>
            <ns3:cad>0</ns3:cad>
          </ns3:TrackPointExtension>
        </extensions>
      </trkpt>
      <trkpt lat="42.0264935307204723358154296875" lon="128.0660047195851802825927734375">
        <ele>2643</ele>
        <time>2026-10-03T05:15:34.000Z</time>
        <extensions>
          <ns3:TrackPointExtension>
            <ns3:hr>128</ns3:hr>
            <ns3:cad>0</ns3:cad>
          </ns3:TrackPointExtension>
        </extensions>
      </trkpt>
      <trkpt lat="42.0264952071011066436767578125" lon="128.06598854251205921173095703125">
        <ele>2642.60009765625</ele>
        <time>2026-10-03T05:15:36.000Z</time>
        <extensions>
          <ns3:TrackPointExtension>
            <ns3:hr>128</ns3:hr>
            <ns3:cad>0</ns3:cad>
          </ns3:TrackPointExtension>
        </extensions>
      </trkpt>
      <trkpt lat="42.0264968834817409515380859375" lon="128.06597211398184299468994140625">
        <ele>2642</ele>
        <time>2026-10-03T05:15:38.000Z</time>
        <extensions>
          <ns3:TrackPointExtension>
            <ns3:hr>132</ns3:hr>
            <ns3:cad>0</ns3:cad>
          </ns3:TrackPointExtension>
        </extensions>
      </trkpt>
      <trkpt lat="42.02649361453950405120849609375" lon="128.0659628100693225860595703125">
        <ele>2641.39990234375</ele>
        <time>2026-10-03T05:15:40.000Z</time>
        <extensions>
          <ns3:TrackPointExtension>
            <ns3:hr>132</ns3:hr>
            <ns3:cad>0</ns3:cad>
          </ns3:TrackPointExtension>
        </extensions>
      </trkpt>
      <trkpt lat="42.0264921896159648895263671875" lon="128.0659668333828449249267578125">
        <ele>2641</ele>
        <time>2026-10-03T05:15:42.000Z</time>
        <extensions>
          <ns3:TrackPointExtension>
            <ns3:hr>132</ns3:hr>
            <ns3:cad>0</ns3:cad>
          </ns3:TrackPointExtension>
        </extensions>
      </trkpt>
      <trkpt lat="42.02649529092013835906982421875" lon="128.06597529910504817962646484375">
        <ele>2640.800048828125</ele>
        <time>2026-10-03T05:15:47.000Z</time>
        <extensions>
          <ns3:TrackPointExtension>
            <ns3:hr>131</ns3:hr>
            <ns3:cad>0</ns3:cad>
          </ns3:TrackPointExtension>
        </extensions>
      </trkpt>
      <trkpt lat="42.0265233702957630157470703125" lon="128.06593992747366428375244140625">
        <ele>2641</ele>
        <time>2026-10-03T05:15:52.000Z</time>
        <extensions>
          <ns3:TrackPointExtension>
            <ns3:hr>128</ns3:hr>
            <ns3:cad>0</ns3:cad>
          </ns3:TrackPointExtension>
        </extensions>
      </trkpt>
      <trkpt lat="42.0265424810349941253662109375" lon="128.06590698659420013427734375">
        <ele>2640.39990234375</ele>
        <time>2026-10-03T05:15:55.000Z</time>
        <extensions>
          <ns3:TrackPointExtension>
            <ns3:hr>126</ns3:hr>
            <ns3:cad>0</ns3:cad>
          </ns3:TrackPointExtension>
        </extensions>
      </trkpt>
      <trkpt lat="42.026551701128482818603515625" lon="128.06589986197650432586669921875">
        <ele>2640.39990234375</ele>
        <time>2026-10-03T05:15:56.000Z</time>
        <extensions>
          <ns3:TrackPointExtension>
            <ns3:hr>126</ns3:hr>
            <ns3:cad>49</ns3:cad>
          </ns3:TrackPointExtension>
        </extensions>
      </trkpt>
      <trkpt lat="42.02660894952714443206787109375" lon="128.06586281396448612213134765625">
        <ele>2641</ele>
        <time>2026-10-03T05:16:03.000Z</time>
        <extensions>
          <ns3:TrackPointExtension>
            <ns3:hr>123</ns3:hr>
            <ns3:cad>54</ns3:cad>
          </ns3:TrackPointExtension>
        </extensions>
      </trkpt>
      <trkpt lat="42.026632837951183319091796875" lon="128.06582995690405368804931640625">
        <ele>2641.199951171875</ele>
        <time>2026-10-03T05:16:07.000Z</time>
        <extensions>
          <ns3:TrackPointExtension>
            <ns3:hr>123</ns3:hr>
            <ns3:cad>54</ns3:cad>
          </ns3:TrackPointExtension>
        </extensions>
      </trkpt>
      <trkpt lat="42.02664725482463836669921875" lon="128.0658005364239215850830078125">
        <ele>2641.39990234375</ele>
        <time>2026-10-03T05:16:10.000Z</time>
        <extensions>
          <ns3:TrackPointExtension>
            <ns3:hr>124</ns3:hr>
            <ns3:cad>54</ns3:cad>
          </ns3:TrackPointExtension>
        </extensions>
      </trkpt>
      <trkpt lat="42.02665169723331928253173828125" lon="128.065789975225925445556640625">
        <ele>2641.60009765625</ele>
        <time>2026-10-03T05:16:11.000Z</time>
        <extensions>
          <ns3:TrackPointExtension>
            <ns3:hr>121</ns3:hr>
            <ns3:cad>49</ns3:cad>
          </ns3:TrackPointExtension>
        </extensions>
      </trkpt>
      <trkpt lat="42.0266541279852390289306640625" lon="128.065773881971836090087890625">
        <ele>2641.800048828125</ele>
        <time>2026-10-03T05:16:13.000Z</time>
        <extensions>
          <ns3:TrackPointExtension>
            <ns3:hr>121</ns3:hr>
            <ns3:cad>43</ns3:cad>
          </ns3:TrackPointExtension>
        </extensions>
      </trkpt>
      <trkpt lat="42.0266487635672092437744140625" lon="128.0657552741467952728271484375">
        <ele>2642</ele>
        <time>2026-10-03T05:16:16.000Z</time>
        <extensions>
          <ns3:TrackPointExtension>
            <ns3:hr>119</ns3:hr>
            <ns3:cad>42</ns3:cad>
          </ns3:TrackPointExtension>
        </extensions>
      </trkpt>
      <trkpt lat="42.02664901502430438995361328125" lon="128.06574781425297260284423828125">
        <ele>2642.199951171875</ele>
        <time>2026-10-03T05:16:17.000Z</time>
        <extensions>
          <ns3:TrackPointExtension>
            <ns3:hr>120</ns3:hr>
            <ns3:cad>42</ns3:cad>
          </ns3:TrackPointExtension>
        </extensions>
      </trkpt>
      <trkpt lat="42.0266531221568584442138671875" lon="128.06573490612208843231201171875">
        <ele>2642.199951171875</ele>
        <time>2026-10-03T05:16:18.000Z</time>
        <extensions>
          <ns3:TrackPointExtension>
            <ns3:hr>119</ns3:hr>
            <ns3:cad>41</ns3:cad>
          </ns3:TrackPointExtension>
        </extensions>
      </trkpt>
      <trkpt lat="42.02666091732680797576904296875" lon="128.0657049827277660369873046875">
        <ele>2642.60009765625</ele>
        <time>2026-10-03T05:16:20.000Z</time>
        <extensions>
          <ns3:TrackPointExtension>
            <ns3:hr>118</ns3:hr>
            <ns3:cad>0</ns3:cad>
          </ns3:TrackPointExtension>
        </extensions>
      </trkpt>
      <trkpt lat="42.02666846103966236114501953125" lon="128.0656788311898708343505859375">
        <ele>2643.199951171875</ele>
        <time>2026-10-03T05:16:22.000Z</time>
        <extensions>
          <ns3:TrackPointExtension>
            <ns3:hr>114</ns3:hr>
            <ns3:cad>0</ns3:cad>
          </ns3:TrackPointExtension>
        </extensions>
      </trkpt>
      <trkpt lat="42.026673071086406707763671875" lon="128.0656540207564830780029296875">
        <ele>2644</ele>
        <time>2026-10-03T05:16:24.000Z</time>
        <extensions>
          <ns3:TrackPointExtension>
            <ns3:hr>113</ns3:hr>
            <ns3:cad>0</ns3:cad>
          </ns3:TrackPointExtension>
        </extensions>
      </trkpt>
      <trkpt lat="42.02667566947638988494873046875" lon="128.0656409449875354766845703125">
        <ele>2644.199951171875</ele>
        <time>2026-10-03T05:16:25.000Z</time>
        <extensions>
          <ns3:TrackPointExtension>
            <ns3:hr>116</ns3:hr>
            <ns3:cad>0</ns3:cad>
          </ns3:TrackPointExtension>
        </extensions>
      </trkpt>
      <trkpt lat="42.02668136917054653167724609375" lon="128.0656214989721775054931640625">
        <ele>2644.39990234375</ele>
        <time>2026-10-03T05:16:27.000Z</time>
        <extensions>
          <ns3:TrackPointExtension>
            <ns3:hr>114</ns3:hr>
            <ns3:cad>78</ns3:cad>
          </ns3:TrackPointExtension>
        </extensions>
      </trkpt>
      <trkpt lat="42.0266849733889102935791015625" lon="128.06559911929070949554443359375">
        <ele>2644.60009765625</ele>
        <time>2026-10-03T05:16:29.000Z</time>
        <extensions>
          <ns3:TrackPointExtension>
            <ns3:hr>113</ns3:hr>
            <ns3:cad>78</ns3:cad>
          </ns3:TrackPointExtension>
        </extensions>
      </trkpt>
      <trkpt lat="42.02668623067438602447509765625" lon="128.06558914482593536376953125">
        <ele>2645</ele>
        <time>2026-10-03T05:16:30.000Z</time>
        <extensions>
          <ns3:TrackPointExtension>
            <ns3:hr>113</ns3:hr>
            <ns3:cad>78</ns3:cad>
          </ns3:TrackPointExtension>
        </extensions>
      </trkpt>
      <trkpt lat="42.0266782678663730621337890625" lon="128.06554597802460193634033203125">
        <ele>2646</ele>
        <time>2026-10-03T05:16:34.000Z</time>
        <extensions>
          <ns3:TrackPointExtension>
            <ns3:hr>112</ns3:hr>
            <ns3:cad>78</ns3:cad>
          </ns3:TrackPointExtension>
        </extensions>
      </trkpt>
      <trkpt lat="42.02666913159191608428955078125" lon="128.06548479013144969940185546875">
        <ele>2647.39990234375</ele>
        <time>2026-10-03T05:16:39.000Z</time>
        <extensions>
          <ns3:TrackPointExtension>
            <ns3:hr>111</ns3:hr>
            <ns3:cad>40</ns3:cad>
          </ns3:TrackPointExtension>
        </extensions>
      </trkpt>
      <trkpt lat="42.0266742445528507232666015625" lon="128.0654659308493137359619140625">
        <ele>2648.39990234375</ele>
        <time>2026-10-03T05:16:41.000Z</time>
        <extensions>
          <ns3:TrackPointExtension>
            <ns3:hr>111</ns3:hr>
            <ns3:cad>41</ns3:cad>
          </ns3:TrackPointExtension>
        </extensions>
      </trkpt>
      <trkpt lat="42.0266708917915821075439453125" lon="128.0654424615204334259033203125">
        <ele>2649.800048828125</ele>
        <time>2026-10-03T05:16:43.000Z</time>
        <extensions>
          <ns3:TrackPointExtension>
            <ns3:hr>111</ns3:hr>
            <ns3:cad>41</ns3:cad>
          </ns3:TrackPointExtension>
        </extensions>
      </trkpt>
      <trkpt lat="42.02666644938290119171142578125" lon="128.0654233507812023162841796875">
        <ele>2650.60009765625</ele>
        <time>2026-10-03T05:16:45.000Z</time>
        <extensions>
          <ns3:TrackPointExtension>
            <ns3:hr>114</ns3:hr>
            <ns3:cad>42</ns3:cad>
          </ns3:TrackPointExtension>
        </extensions>
      </trkpt>
      <trkpt lat="42.0266678743064403533935546875" lon="128.06541337631642818450927734375">
        <ele>2651</ele>
        <time>2026-10-03T05:16:46.000Z</time>
        <extensions>
          <ns3:TrackPointExtension>
            <ns3:hr>117</ns3:hr>
            <ns3:cad>42</ns3:cad>
          </ns3:TrackPointExtension>
        </extensions>
      </trkpt>
      <trkpt lat="42.0266705565154552459716796875" lon="128.065406419336795806884765625">
        <ele>2651.39990234375</ele>
        <time>2026-10-03T05:16:47.000Z</time>
        <extensions>
          <ns3:TrackPointExtension>
            <ns3:hr>118</ns3:hr>
            <ns3:cad>43</ns3:cad>
          </ns3:TrackPointExtension>
        </extensions>
      </trkpt>
      <trkpt lat="42.02667617239058017730712890625" lon="128.06539510376751422882080078125">
        <ele>2652</ele>
        <time>2026-10-03T05:16:50.000Z</time>
        <extensions>
          <ns3:TrackPointExtension>
            <ns3:hr>120</ns3:hr>
            <ns3:cad>0</ns3:cad>
          </ns3:TrackPointExtension>
        </extensions>
      </trkpt>
      <trkpt lat="42.026682458817958831787109375" lon="128.0653913319110870361328125">
        <ele>2651.60009765625</ele>
        <time>2026-10-03T05:16:53.000Z</time>
        <extensions>
          <ns3:TrackPointExtension>
            <ns3:hr>124</ns3:hr>
            <ns3:cad>0</ns3:cad>
          </ns3:TrackPointExtension>
        </extensions>
      </trkpt>
      <trkpt lat="42.026683799922466278076171875" lon="128.06538588367402553558349609375">
        <ele>2651.199951171875</ele>
        <time>2026-10-03T05:16:54.000Z</time>
        <extensions>
          <ns3:TrackPointExtension>
            <ns3:hr>124</ns3:hr>
            <ns3:cad>0</ns3:cad>
          </ns3:TrackPointExtension>
        </extensions>
      </trkpt>
      <trkpt lat="42.0266859792172908782958984375" lon="128.06536710821092128753662109375">
        <ele>2650</ele>
        <time>2026-10-03T05:16:57.000Z</time>
        <extensions>
          <ns3:TrackPointExtension>
            <ns3:hr>123</ns3:hr>
            <ns3:cad>0</ns3:cad>
          </ns3:TrackPointExtension>
        </extensions>
      </trkpt>
      <trkpt lat="42.02668480575084686279296875" lon="128.065355122089385986328125">
        <ele>2649.60009765625</ele>
        <time>2026-10-03T05:16:59.000Z</time>
        <extensions>
          <ns3:TrackPointExtension>
            <ns3:hr>120</ns3:hr>
            <ns3:cad>0</ns3:cad>
          </ns3:TrackPointExtension>
        </extensions>
      </trkpt>
      <trkpt lat="42.02668975107371807098388671875" lon="128.0653408728539943695068359375">
        <ele>2649</ele>
        <time>2026-10-03T05:17:02.000Z</time>
        <extensions>
          <ns3:TrackPointExtension>
            <ns3:hr>118</ns3:hr>
            <ns3:cad>0</ns3:cad>
          </ns3:TrackPointExtension>
        </extensions>
      </trkpt>
      <trkpt lat="42.02668908052146434783935546875" lon="128.0653288029134273529052734375">
        <ele>2648.800048828125</ele>
        <time>2026-10-03T05:17:04.000Z</time>
        <extensions>
          <ns3:TrackPointExtension>
            <ns3:hr>117</ns3:hr>
            <ns3:cad>0</ns3:cad>
          </ns3:TrackPointExtension>
        </extensions>
      </trkpt>
      <trkpt lat="42.02668723650276660919189453125" lon="128.06531212292611598968505859375">
        <ele>2648.60009765625</ele>
        <time>2026-10-03T05:17:07.000Z</time>
        <extensions>
          <ns3:TrackPointExtension>
            <ns3:hr>114</ns3:hr>
            <ns3:cad>0</ns3:cad>
          </ns3:TrackPointExtension>
        </extensions>
      </trkpt>
      <trkpt lat="42.02667541801929473876953125" lon="128.06529703550040721893310546875">
        <ele>2649.39990234375</ele>
        <time>2026-10-03T05:17:13.000Z</time>
        <extensions>
          <ns3:TrackPointExtension>
            <ns3:hr>112</ns3:hr>
            <ns3:cad>0</ns3:cad>
          </ns3:TrackPointExtension>
        </extensions>
      </trkpt>
      <trkpt lat="42.0266715623438358306884765625" lon="128.06528060697019100189208984375">
        <ele>2648.39990234375</ele>
        <time>2026-10-03T05:17:20.000Z</time>
        <extensions>
          <ns3:TrackPointExtension>
            <ns3:hr>108</ns3:hr>
            <ns3:cad>0</ns3:cad>
          </ns3:TrackPointExtension>
        </extensions>
      </trkpt>
      <trkpt lat="42.02667097561061382293701171875" lon="128.06527608074247837066650390625">
        <ele>2648</ele>
        <time>2026-10-03T05:17:21.000Z</time>
        <extensions>
          <ns3:TrackPointExtension>
            <ns3:hr>109</ns3:hr>
            <ns3:cad>0</ns3:cad>
          </ns3:TrackPointExtension>
        </extensions>
      </trkpt>
      <trkpt lat="42.02667097561061382293701171875" lon="128.06527205742895603179931640625">
        <ele>2647.39990234375</ele>
        <time>2026-10-03T05:17:22.000Z</time>
        <extensions>
          <ns3:TrackPointExtension>
            <ns3:hr>109</ns3:hr>
            <ns3:cad>0</ns3:cad>
          </ns3:TrackPointExtension>
        </extensions>
      </trkpt>
      <trkpt lat="42.026675082743167877197265625" lon="128.06526199914515018463134765625">
        <ele>2646.199951171875</ele>
        <time>2026-10-03T05:17:25.000Z</time>
        <extensions>
          <ns3:TrackPointExtension>
            <ns3:hr>110</ns3:hr>
            <ns3:cad>0</ns3:cad>
          </ns3:TrackPointExtension>
        </extensions>
      </trkpt>
      <trkpt lat="42.0266715623438358306884765625" lon="128.0652617476880550384521484375">
        <ele>2645</ele>
        <time>2026-10-03T05:17:28.000Z</time>
        <extensions>
          <ns3:TrackPointExtension>
            <ns3:hr>109</ns3:hr>
            <ns3:cad>0</ns3:cad>
          </ns3:TrackPointExtension>
        </extensions>
      </trkpt>
      <trkpt lat="42.02667550183832645416259765625" lon="128.0652483366429805755615234375">
        <ele>2643.800048828125</ele>
        <time>2026-10-03T05:17:32.000Z</time>
        <extensions>
          <ns3:TrackPointExtension>
            <ns3:hr>109</ns3:hr>
            <ns3:cad>0</ns3:cad>
          </ns3:TrackPointExtension>
        </extensions>
      </trkpt>
      <trkpt lat="42.02667550183832645416259765625" lon="128.0652483366429805755615234375">
        <ele>2643.60009765625</ele>
        <time>2026-10-03T05:17:33.000Z</time>
        <extensions>
          <ns3:TrackPointExtension>
            <ns3:hr>109</ns3:hr>
            <ns3:cad>0</ns3:cad>
          </ns3:TrackPointExtension>
        </extensions>
      </trkpt>
      <trkpt lat="42.02667214907705783843994140625" lon="128.06524808518588542938232421875">
        <ele>2643</ele>
        <time>2026-10-03T05:17:50.000Z</time>
        <extensions>
          <ns3:TrackPointExtension>
            <ns3:hr>105</ns3:hr>
            <ns3:cad>0</ns3:cad>
          </ns3:TrackPointExtension>
        </extensions>
      </trkpt>
      <trkpt lat="42.02667214907705783843994140625" lon="128.06524473242461681365966796875">
        <ele>2643.60009765625</ele>
        <time>2026-10-03T05:17:58.000Z</time>
        <extensions>
          <ns3:TrackPointExtension>
            <ns3:hr>108</ns3:hr>
            <ns3:cad>0</ns3:cad>
          </ns3:TrackPointExtension>
        </extensions>
      </trkpt>
      <trkpt lat="42.02667147852480411529541015625" lon="128.06524288840591907501220703125">
        <ele>2644.199951171875</ele>
        <time>2026-10-03T05:18:03.000Z</time>
        <extensions>
          <ns3:TrackPointExtension>
            <ns3:hr>105</ns3:hr>
            <ns3:cad>0</ns3:cad>
          </ns3:TrackPointExtension>
        </extensions>
      </trkpt>
      <trkpt lat="42.0266712270677089691162109375" lon="128.06523375213146209716796875">
        <ele>2644.800048828125</ele>
        <time>2026-10-03T05:18:08.000Z</time>
        <extensions>
          <ns3:TrackPointExtension>
            <ns3:hr>105</ns3:hr>
            <ns3:cad>0</ns3:cad>
          </ns3:TrackPointExtension>
        </extensions>
      </trkpt>
      <trkpt lat="42.0266599953174591064453125" lon="128.065228722989559173583984375">
        <ele>2645.60009765625</ele>
        <time>2026-10-03T05:18:16.000Z</time>
        <extensions>
          <ns3:TrackPointExtension>
            <ns3:hr>108</ns3:hr>
            <ns3:cad>0</ns3:cad>
          </ns3:TrackPointExtension>
        </extensions>
      </trkpt>
      <trkpt lat="42.02665940858423709869384765625" lon="128.06522704660892486572265625">
        <ele>2645.60009765625</ele>
        <time>2026-10-03T05:18:17.000Z</time>
        <extensions>
          <ns3:TrackPointExtension>
            <ns3:hr>105</ns3:hr>
            <ns3:cad>0</ns3:cad>
          </ns3:TrackPointExtension>
        </extensions>
      </trkpt>
      <trkpt lat="42.0266480930149555206298828125" lon="128.06522042490541934967041015625">
        <ele>2645.800048828125</ele>
        <time>2026-10-03T05:18:21.000Z</time>
        <extensions>
          <ns3:TrackPointExtension>
            <ns3:hr>102</ns3:hr>
            <ns3:cad>0</ns3:cad>
          </ns3:TrackPointExtension>
        </extensions>
      </trkpt>
      <trkpt lat="42.02664197422564029693603515625" lon="128.0652134679257869720458984375">
        <ele>2645.800048828125</ele>
        <time>2026-10-03T05:18:23.000Z</time>
        <extensions>
          <ns3:TrackPointExtension>
            <ns3:hr>100</ns3:hr>
            <ns3:cad>0</ns3:cad>
          </ns3:TrackPointExtension>
        </extensions>
      </trkpt>
      <trkpt lat="42.0265682972967624664306640625" lon="128.06515437550842761993408203125">
        <ele>2647</ele>
        <time>2026-10-03T05:18:45.000Z</time>
        <extensions>
          <ns3:TrackPointExtension>
            <ns3:hr>100</ns3:hr>
            <ns3:cad>0</ns3:cad>
          </ns3:TrackPointExtension>
        </extensions>
      </trkpt>
      <trkpt lat="42.02654943801462650299072265625" lon="128.06513912044465541839599609375">
        <ele>2647.800048828125</ele>
        <time>2026-10-03T05:19:05.000Z</time>
        <extensions>
          <ns3:TrackPointExtension>
            <ns3:hr>97</ns3:hr>
            <ns3:cad>46</ns3:cad>
          </ns3:TrackPointExtension>
        </extensions>
      </trkpt>
      <trkpt lat="42.02654826454818248748779296875" lon="128.06513710878789424896240234375">
        <ele>2648</ele>
        <time>2026-10-03T05:19:07.000Z</time>
        <extensions>
          <ns3:TrackPointExtension>
            <ns3:hr>97</ns3:hr>
            <ns3:cad>47</ns3:cad>
          </ns3:TrackPointExtension>
        </extensions>
      </trkpt>
      <trkpt lat="42.02653904445469379425048828125" lon="128.065131492912769317626953125">
        <ele>2649</ele>
        <time>2026-10-03T05:19:13.000Z</time>
        <extensions>
          <ns3:TrackPointExtension>
            <ns3:hr>97</ns3:hr>
            <ns3:cad>0</ns3:cad>
          </ns3:TrackPointExtension>
        </extensions>
      </trkpt>
      <trkpt lat="42.02652010135352611541748046875" lon="128.06512755341827869415283203125">
        <ele>2650</ele>
        <time>2026-10-03T05:19:19.000Z</time>
        <extensions>
          <ns3:TrackPointExtension>
            <ns3:hr>96</ns3:hr>
            <ns3:cad>0</ns3:cad>
          </ns3:TrackPointExtension>
        </extensions>
      </trkpt>
      <trkpt lat="42.02649897895753383636474609375" lon="128.0651175789535045623779296875">
        <ele>2650.60009765625</ele>
        <time>2026-10-03T05:19:26.000Z</time>
        <extensions>
          <ns3:TrackPointExtension>
            <ns3:hr>93</ns3:hr>
            <ns3:cad>0</ns3:cad>
          </ns3:TrackPointExtension>
        </extensions>
      </trkpt>
      <trkpt lat="42.02648489736020565032958984375" lon="128.0651031620800495147705078125">
        <ele>2650.800048828125</ele>
        <time>2026-10-03T05:19:32.000Z</time>
        <extensions>
          <ns3:TrackPointExtension>
            <ns3:hr>96</ns3:hr>
            <ns3:cad>43</ns3:cad>
          </ns3:TrackPointExtension>
        </extensions>
      </trkpt>
      <trkpt lat="42.0264695584774017333984375" lon="128.065100647509098052978515625">
        <ele>2650.60009765625</ele>
        <time>2026-10-03T05:19:37.000Z</time>
        <extensions>
          <ns3:TrackPointExtension>
            <ns3:hr>93</ns3:hr>
            <ns3:cad>78</ns3:cad>
          </ns3:TrackPointExtension>
        </extensions>
      </trkpt>
      <trkpt lat="42.0264506153762340545654296875" lon="128.0650951154530048370361328125">
        <ele>2650.60009765625</ele>
        <time>2026-10-03T05:19:42.000Z</time>
        <extensions>
          <ns3:TrackPointExtension>
            <ns3:hr>90</ns3:hr>
            <ns3:cad>48</ns3:cad>
          </ns3:TrackPointExtension>
        </extensions>
      </trkpt>
      <trkpt lat="42.02641599811613559722900390625" lon="128.06508312933146953582763671875">
        <ele>2650.60009765625</ele>
        <time>2026-10-03T05:19:51.000Z</time>
        <extensions>
          <ns3:TrackPointExtension>
            <ns3:hr>87</ns3:hr>
            <ns3:cad>43</ns3:cad>
          </ns3:TrackPointExtension>
        </extensions>
      </trkpt>
      <trkpt lat="42.02636604197323322296142578125" lon="128.0650609172880649566650390625">
        <ele>2650.60009765625</ele>
        <time>2026-10-03T05:20:00.000Z</time>
        <extensions>
          <ns3:TrackPointExtension>
            <ns3:hr>92</ns3:hr>
            <ns3:cad>80</ns3:cad>
          </ns3:TrackPointExtension>
        </extensions>
      </trkpt>
      <trkpt lat="42.02636218629777431488037109375" lon="128.065058402717113494873046875">
        <ele>2650.60009765625</ele>
        <time>2026-10-03T05:20:01.000Z</time>
        <extensions>
          <ns3:TrackPointExtension>
            <ns3:hr>97</ns3:hr>
            <ns3:cad>43</ns3:cad>
          </ns3:TrackPointExtension>
        </extensions>
      </trkpt>
      <trkpt lat="42.0263584144413471221923828125" lon="128.06505613960325717926025390625">
        <ele>2650.60009765625</ele>
        <time>2026-10-03T05:20:02.000Z</time>
        <extensions>
          <ns3:TrackPointExtension>
            <ns3:hr>101</ns3:hr>
            <ns3:cad>43</ns3:cad>
          </ns3:TrackPointExtension>
        </extensions>
      </trkpt>
      <trkpt lat="42.0263550616800785064697265625" lon="128.06505270302295684814453125">
        <ele>2650.800048828125</ele>
        <time>2026-10-03T05:20:03.000Z</time>
        <extensions>
          <ns3:TrackPointExtension>
            <ns3:hr>105</ns3:hr>
            <ns3:cad>43</ns3:cad>
          </ns3:TrackPointExtension>
        </extensions>
      </trkpt>
      <trkpt lat="42.0263520441949367523193359375" lon="128.06504943408071994781494140625">
        <ele>2650.800048828125</ele>
        <time>2026-10-03T05:20:04.000Z</time>
        <extensions>
          <ns3:TrackPointExtension>
            <ns3:hr>109</ns3:hr>
            <ns3:cad>43</ns3:cad>
          </ns3:TrackPointExtension>
        </extensions>
      </trkpt>
      <trkpt lat="42.0263453386723995208740234375" lon="128.065041638910770416259765625">
        <ele>2650.800048828125</ele>
        <time>2026-10-03T05:20:06.000Z</time>
        <extensions>
          <ns3:TrackPointExtension>
            <ns3:hr>113</ns3:hr>
            <ns3:cad>43</ns3:cad>
          </ns3:TrackPointExtension>
        </extensions>
      </trkpt>
      <trkpt lat="42.026340477168560028076171875" lon="128.065033257007598876953125">
        <ele>2650.800048828125</ele>
        <time>2026-10-03T05:20:08.000Z</time>
        <extensions>
          <ns3:TrackPointExtension>
            <ns3:hr>116</ns3:hr>
            <ns3:cad>0</ns3:cad>
          </ns3:TrackPointExtension>
        </extensions>
      </trkpt>
      <trkpt lat="42.02633871696889400482177734375" lon="128.06502881459891796112060546875">
        <ele>2650.800048828125</ele>
        <time>2026-10-03T05:20:09.000Z</time>
        <extensions>
          <ns3:TrackPointExtension>
            <ns3:hr>119</ns3:hr>
            <ns3:cad>0</ns3:cad>
          </ns3:TrackPointExtension>
        </extensions>
      </trkpt>
      <trkpt lat="42.026297561824321746826171875" lon="128.064980618655681610107421875">
        <ele>2650.39990234375</ele>
        <time>2026-10-03T05:20:23.000Z</time>
        <extensions>
          <ns3:TrackPointExtension>
            <ns3:hr>116</ns3:hr>
            <ns3:cad>43</ns3:cad>
          </ns3:TrackPointExtension>
        </extensions>
      </trkpt>
      <trkpt lat="42.0262779481709003448486328125" lon="128.06497181765735149383544921875">
        <ele>2650.199951171875</ele>
        <time>2026-10-03T05:20:31.000Z</time>
        <extensions>
          <ns3:TrackPointExtension>
            <ns3:hr>113</ns3:hr>
            <ns3:cad>0</ns3:cad>
          </ns3:TrackPointExtension>
        </extensions>
      </trkpt>
      <trkpt lat="42.02626906335353851318359375" lon="128.0649700574576854705810546875">
        <ele>2650.39990234375</ele>
        <time>2026-10-03T05:20:36.000Z</time>
        <extensions>
          <ns3:TrackPointExtension>
            <ns3:hr>117</ns3:hr>
            <ns3:cad>0</ns3:cad>
          </ns3:TrackPointExtension>
        </extensions>
      </trkpt>
      <trkpt lat="42.02626512385904788970947265625" lon="128.0649703927338123321533203125">
        <ele>2650.60009765625</ele>
        <time>2026-10-03T05:20:39.000Z</time>
        <extensions>
          <ns3:TrackPointExtension>
            <ns3:hr>114</ns3:hr>
            <ns3:cad>0</ns3:cad>
          </ns3:TrackPointExtension>
        </extensions>
      </trkpt>
      <trkpt lat="42.02625875361263751983642578125" lon="128.0649740807712078094482421875">
        <ele>2650.800048828125</ele>
        <time>2026-10-03T05:20:44.000Z</time>
        <extensions>
          <ns3:TrackPointExtension>
            <ns3:hr>111</ns3:hr>
            <ns3:cad>0</ns3:cad>
          </ns3:TrackPointExtension>
        </extensions>
      </trkpt>
      <trkpt lat="42.02625372447073459625244140625" lon="128.0649791099131107330322265625">
        <ele>2651</ele>
        <time>2026-10-03T05:20:49.000Z</time>
        <extensions>
          <ns3:TrackPointExtension>
            <ns3:hr>112</ns3:hr>
            <ns3:cad>40</ns3:cad>
          </ns3:TrackPointExtension>
        </extensions>
      </trkpt>
      <trkpt lat="42.026252634823322296142578125" lon="128.06498036719858646392822265625">
        <ele>2651.199951171875</ele>
        <time>2026-10-03T05:20:52.000Z</time>
        <extensions>
          <ns3:TrackPointExtension>
            <ns3:hr>109</ns3:hr>
            <ns3:cad>76</ns3:cad>
          </ns3:TrackPointExtension>
        </extensions>
      </trkpt>
      <trkpt lat="42.02625221572816371917724609375" lon="128.06498103775084018707275390625">
        <ele>2651.199951171875</ele>
        <time>2026-10-03T05:21:02.000Z</time>
        <extensions>
          <ns3:TrackPointExtension>
            <ns3:hr>112</ns3:hr>
            <ns3:cad>42</ns3:cad>
          </ns3:TrackPointExtension>
        </extensions>
      </trkpt>
      <trkpt lat="42.026251964271068572998046875" lon="128.06498154066503047943115234375">
        <ele>2651.39990234375</ele>
        <time>2026-10-03T05:21:06.000Z</time>
        <extensions>
          <ns3:TrackPointExtension>
            <ns3:hr>118</ns3:hr>
            <ns3:cad>40</ns3:cad>
          </ns3:TrackPointExtension>
        </extensions>
      </trkpt>
      <trkpt lat="42.02625188045203685760498046875" lon="128.06498187594115734100341796875">
        <ele>2651.39990234375</ele>
        <time>2026-10-03T05:21:09.000Z</time>
        <extensions>
          <ns3:TrackPointExtension>
            <ns3:hr>122</ns3:hr>
            <ns3:cad>0</ns3:cad>
          </ns3:TrackPointExtension>
        </extensions>
      </trkpt>
      <trkpt lat="42.0262517966330051422119140625" lon="128.0649821273982524871826171875">
        <ele>2651.39990234375</ele>
        <time>2026-10-03T05:21:11.000Z</time>
        <extensions>
          <ns3:TrackPointExtension>
            <ns3:hr>126</ns3:hr>
            <ns3:cad>0</ns3:cad>
          </ns3:TrackPointExtension>
        </extensions>
      </trkpt>
      <trkpt lat="42.02625162899494171142578125" lon="128.06498254649341106414794921875">
        <ele>2651.39990234375</ele>
        <time>2026-10-03T05:21:14.000Z</time>
        <extensions>
          <ns3:TrackPointExtension>
            <ns3:hr>123</ns3:hr>
            <ns3:cad>0</ns3:cad>
          </ns3:TrackPointExtension>
        </extensions>
      </trkpt>
      <trkpt lat="42.02625154517590999603271484375" lon="128.064983300864696502685546875">
        <ele>2651.39990234375</ele>
        <time>2026-10-03T05:21:18.000Z</time>
        <extensions>
          <ns3:TrackPointExtension>
            <ns3:hr>120</ns3:hr>
            <ns3:cad>43</ns3:cad>
          </ns3:TrackPointExtension>
        </extensions>
      </trkpt>
      <trkpt lat="42.0262514613568782806396484375" lon="128.06498371995985507965087890625">
        <ele>2651.39990234375</ele>
        <time>2026-10-03T05:21:20.000Z</time>
        <extensions>
          <ns3:TrackPointExtension>
            <ns3:hr>117</ns3:hr>
            <ns3:cad>43</ns3:cad>
          </ns3:TrackPointExtension>
        </extensions>
      </trkpt>
      <trkpt lat="42.02625137753784656524658203125" lon="128.0649841390550136566162109375">
        <ele>2651.39990234375</ele>
        <time>2026-10-03T05:21:22.000Z</time>
        <extensions>
          <ns3:TrackPointExtension>
            <ns3:hr>120</ns3:hr>
            <ns3:cad>43</ns3:cad>
          </ns3:TrackPointExtension>
        </extensions>
      </trkpt>
      <trkpt lat="42.02625120989978313446044921875" lon="128.06498489342629909515380859375">
        <ele>2651.39990234375</ele>
        <time>2026-10-03T05:21:25.000Z</time>
        <extensions>
          <ns3:TrackPointExtension>
            <ns3:hr>117</ns3:hr>
            <ns3:cad>41</ns3:cad>
          </ns3:TrackPointExtension>
        </extensions>
      </trkpt>
      <trkpt lat="42.0262504555284976959228515625" lon="128.06498908437788486480712890625">
        <ele>2651.39990234375</ele>
        <time>2026-10-03T05:21:38.000Z</time>
        <extensions>
          <ns3:TrackPointExtension>
            <ns3:hr>114</ns3:hr>
            <ns3:cad>0</ns3:cad>
          </ns3:TrackPointExtension>
        </extensions>
      </trkpt>
      <trkpt lat="42.0262496173381805419921875" lon="128.06499428115785121917724609375">
        <ele>2651.39990234375</ele>
        <time>2026-10-03T05:21:50.000Z</time>
        <extensions>
          <ns3:TrackPointExtension>
            <ns3:hr>111</ns3:hr>
            <ns3:cad>0</ns3:cad>
          </ns3:TrackPointExtension>
        </extensions>
      </trkpt>
      <trkpt lat="42.026248611509799957275390625" lon="128.0650012381374835968017578125">
        <ele>2651.39990234375</ele>
        <time>2026-10-03T05:22:03.000Z</time>
        <extensions>
          <ns3:TrackPointExtension>
            <ns3:hr>108</ns3:hr>
            <ns3:cad>0</ns3:cad>
          </ns3:TrackPointExtension>
        </extensions>
      </trkpt>
      <trkpt lat="42.0262474380433559417724609375" lon="128.06500970385968685150146484375">
        <ele>2651.60009765625</ele>
        <time>2026-10-03T05:22:18.000Z</time>
        <extensions>
          <ns3:TrackPointExtension>
            <ns3:hr>105</ns3:hr>
            <ns3:cad>0</ns3:cad>
          </ns3:TrackPointExtension>
        </extensions>
      </trkpt>
      <trkpt lat="42.02623545192182064056396484375" lon="128.06510944850742816925048828125">
        <ele>2651.60009765625</ele>
        <time>2026-10-03T05:22:31.000Z</time>
        <extensions>
          <ns3:TrackPointExtension>
            <ns3:hr>104</ns3:hr>
            <ns3:cad>0</ns3:cad>
          </ns3:TrackPointExtension>
        </extensions>
      </trkpt>
      <trkpt lat="42.026229836046695709228515625" lon="128.06520424783229827880859375">
        <ele>2652.199951171875</ele>
        <time>2026-10-03T05:22:34.000Z</time>
        <extensions>
          <ns3:TrackPointExtension>
            <ns3:hr>101</ns3:hr>
            <ns3:cad>0</ns3:cad>
          </ns3:TrackPointExtension>
        </extensions>
      </trkpt>
      <trkpt lat="42.0262202806770801544189453125" lon="128.065305165946483612060546875">
        <ele>2653.39990234375</ele>
        <time>2026-10-03T05:22:37.000Z</time>
        <extensions>
          <ns3:TrackPointExtension>
            <ns3:hr>102</ns3:hr>
            <ns3:cad>0</ns3:cad>
          </ns3:TrackPointExtension>
        </extensions>
      </trkpt>
      <trkpt lat="42.02621818520128726959228515625" lon="128.06534866802394390106201171875">
        <ele>2655</ele>
        <time>2026-10-03T05:22:39.000Z</time>
        <extensions>
          <ns3:TrackPointExtension>
            <ns3:hr>103</ns3:hr>
            <ns3:cad>0</ns3:cad>
          </ns3:TrackPointExtension>
        </extensions>
      </trkpt>
      <trkpt lat="42.02622069977223873138427734375" lon="128.06534774601459503173828125">
        <ele>2655.800048828125</ele>
        <time>2026-10-03T05:22:40.000Z</time>
        <extensions>
          <ns3:TrackPointExtension>
            <ns3:hr>101</ns3:hr>
            <ns3:cad>0</ns3:cad>
          </ns3:TrackPointExtension>
        </extensions>
      </trkpt>
      <trkpt lat="42.02622069977223873138427734375" lon="128.06534774601459503173828125">
        <ele>2656.800048828125</ele>
        <time>2026-10-03T05:22:41.000Z</time>
        <extensions>
          <ns3:TrackPointExtension>
            <ns3:hr>103</ns3:hr>
            <ns3:cad>0</ns3:cad>
          </ns3:TrackPointExtension>
        </extensions>
      </trkpt>
      <trkpt lat="42.02622069977223873138427734375" lon="128.06534774601459503173828125">
        <ele>2658</ele>
        <time>2026-10-03T05:22:42.000Z</time>
        <extensions>
          <ns3:TrackPointExtension>
            <ns3:hr>100</ns3:hr>
            <ns3:cad>0</ns3:cad>
          </ns3:TrackPointExtension>
        </extensions>
      </trkpt>
      <trkpt lat="42.02622069977223873138427734375" lon="128.06534774601459503173828125">
        <ele>2659.39990234375</ele>
        <time>2026-10-03T05:22:43.000Z</time>
        <extensions>
          <ns3:TrackPointExtension>
            <ns3:hr>100</ns3:hr>
            <ns3:cad>0</ns3:cad>
          </ns3:TrackPointExtension>
        </extensions>
      </trkpt>
      <trkpt lat="42.02622069977223873138427734375" lon="128.06534774601459503173828125">
        <ele>2660.60009765625</ele>
        <time>2026-10-03T05:22:44.000Z</time>
        <extensions>
          <ns3:TrackPointExtension>
            <ns3:hr>100</ns3:hr>
            <ns3:cad>0</ns3:cad>
          </ns3:TrackPointExtension>
        </extensions>
      </trkpt>
      <trkpt lat="42.02622069977223873138427734375" lon="128.06534774601459503173828125">
        <ele>2662.199951171875</ele>
        <time>2026-10-03T05:22:46.000Z</time>
        <extensions>
          <ns3:TrackPointExtension>
            <ns3:hr>99</ns3:hr>
            <ns3:cad>0</ns3:cad>
          </ns3:TrackPointExtension>
        </extensions>
      </trkpt>
      <trkpt lat="42.0262241363525390625" lon="128.0653613246977329254150390625">
        <ele>2663.39990234375</ele>
        <time>2026-10-03T05:22:49.000Z</time>
        <extensions>
          <ns3:TrackPointExtension>
            <ns3:hr>98</ns3:hr>
            <ns3:cad>0</ns3:cad>
          </ns3:TrackPointExtension>
        </extensions>
      </trkpt>
      <trkpt lat="42.026235200464725494384765625" lon="128.0653703771531581878662109375">
        <ele>2664.39990234375</ele>
        <time>2026-10-03T05:22:52.000Z</time>
        <extensions>
          <ns3:TrackPointExtension>
            <ns3:hr>97</ns3:hr>
            <ns3:cad>0</ns3:cad>
          </ns3:TrackPointExtension>
        </extensions>
      </trkpt>
      <trkpt lat="42.02624282799661159515380859375" lon="128.06536861695349216461181640625">
        <ele>2665.800048828125</ele>
        <time>2026-10-03T05:22:54.000Z</time>
        <extensions>
          <ns3:TrackPointExtension>
            <ns3:hr>97</ns3:hr>
            <ns3:cad>0</ns3:cad>
          </ns3:TrackPointExtension>
        </extensions>
      </trkpt>
      <trkpt lat="42.02623427845537662506103515625" lon="128.06538932025432586669921875">
        <ele>2667.39990234375</ele>
        <time>2026-10-03T05:22:56.000Z</time>
        <extensions>
          <ns3:TrackPointExtension>
            <ns3:hr>96</ns3:hr>
            <ns3:cad>0</ns3:cad>
          </ns3:TrackPointExtension>
        </extensions>
      </trkpt>
      <trkpt lat="42.0262279920279979705810546875" lon="128.0653995461761951446533203125">
        <ele>2669.199951171875</ele>
        <time>2026-10-03T05:22:58.000Z</time>
        <extensions>
          <ns3:TrackPointExtension>
            <ns3:hr>97</ns3:hr>
            <ns3:cad>0</ns3:cad>
          </ns3:TrackPointExtension>
        </extensions>
      </trkpt>
      <trkpt lat="42.02622371725738048553466796875" lon="128.06540407240390777587890625">
        <ele>2671</ele>
        <time>2026-10-03T05:23:00.000Z</time>
        <extensions>
          <ns3:TrackPointExtension>
            <ns3:hr>96</ns3:hr>
            <ns3:cad>0</ns3:cad>
          </ns3:TrackPointExtension>
        </extensions>
      </trkpt>
      <trkpt lat="42.02620678581297397613525390625" lon="128.06542008183896541595458984375">
        <ele>2672.39990234375</ele>
        <time>2026-10-03T05:23:02.000Z</time>
        <extensions>
          <ns3:TrackPointExtension>
            <ns3:hr>101</ns3:hr>
            <ns3:cad>0</ns3:cad>
          </ns3:TrackPointExtension>
        </extensions>
      </trkpt>
      <trkpt lat="42.026202678680419921875" lon="128.06540398858487606048583984375">
        <ele>2673.199951171875</ele>
        <time>2026-10-03T05:23:04.000Z</time>
        <extensions>
          <ns3:TrackPointExtension>
            <ns3:hr>104</ns3:hr>
            <ns3:cad>0</ns3:cad>
          </ns3:TrackPointExtension>
        </extensions>
      </trkpt>
      <trkpt lat="42.026196308434009552001953125" lon="128.06540197692811489105224609375">
        <ele>2673.39990234375</ele>
        <time>2026-10-03T05:23:05.000Z</time>
        <extensions>
          <ns3:TrackPointExtension>
            <ns3:hr>104</ns3:hr>
            <ns3:cad>0</ns3:cad>
          </ns3:TrackPointExtension>
        </extensions>
      </trkpt>
      <trkpt lat="42.026202343404293060302734375" lon="128.06539979763329029083251953125">
        <ele>2673.199951171875</ele>
        <time>2026-10-03T05:23:07.000Z</time>
        <extensions>
          <ns3:TrackPointExtension>
            <ns3:hr>105</ns3:hr>
            <ns3:cad>0</ns3:cad>
          </ns3:TrackPointExtension>
        </extensions>
      </trkpt>
      <trkpt lat="42.0261951349675655364990234375" lon="128.0653993785381317138671875">
        <ele>2672.39990234375</ele>
        <time>2026-10-03T05:23:09.000Z</time>
        <extensions>
          <ns3:TrackPointExtension>
            <ns3:hr>106</ns3:hr>
            <ns3:cad>0</ns3:cad>
          </ns3:TrackPointExtension>
        </extensions>
      </trkpt>
      <trkpt lat="42.026167809963226318359375" lon="128.0653945170342922210693359375">
        <ele>2671.800048828125</ele>
        <time>2026-10-03T05:23:12.000Z</time>
        <extensions>
          <ns3:TrackPointExtension>
            <ns3:hr>105</ns3:hr>
            <ns3:cad>0</ns3:cad>
          </ns3:TrackPointExtension>
        </extensions>
      </trkpt>
      <trkpt lat="42.0261813886463642120361328125" lon="128.06537901051342487335205078125">
        <ele>2672.199951171875</ele>
        <time>2026-10-03T05:23:16.000Z</time>
        <extensions>
          <ns3:TrackPointExtension>
            <ns3:hr>105</ns3:hr>
            <ns3:cad>0</ns3:cad>
          </ns3:TrackPointExtension>
        </extensions>
      </trkpt>
      <trkpt lat="42.02618516050279140472412109375" lon="128.06538839824497699737548828125">
        <ele>2671.60009765625</ele>
        <time>2026-10-03T05:23:22.000Z</time>
        <extensions>
          <ns3:TrackPointExtension>
            <ns3:hr>106</ns3:hr>
            <ns3:cad>0</ns3:cad>
          </ns3:TrackPointExtension>
        </extensions>
      </trkpt>
      <trkpt lat="42.0261937938630580902099609375" lon="128.065376915037631988525390625">
        <ele>2671.199951171875</ele>
        <time>2026-10-03T05:23:24.000Z</time>
        <extensions>
          <ns3:TrackPointExtension>
            <ns3:hr>107</ns3:hr>
            <ns3:cad>0</ns3:cad>
          </ns3:TrackPointExtension>
        </extensions>
      </trkpt>
      <trkpt lat="42.02619940973818302154541015625" lon="128.0653630010783672332763671875">
        <ele>2671</ele>
        <time>2026-10-03T05:23:26.000Z</time>
        <extensions>
          <ns3:TrackPointExtension>
            <ns3:hr>107</ns3:hr>
            <ns3:cad>0</ns3:cad>
          </ns3:TrackPointExtension>
        </extensions>
      </trkpt>
      <trkpt lat="42.02620058320462703704833984375" lon="128.06536945514380931854248046875">
        <ele>2670.60009765625</ele>
        <time>2026-10-03T05:23:32.000Z</time>
        <extensions>
          <ns3:TrackPointExtension>
            <ns3:hr>108</ns3:hr>
            <ns3:cad>0</ns3:cad>
          </ns3:TrackPointExtension>
        </extensions>
      </trkpt>
      <trkpt lat="42.02619421295821666717529296875" lon="128.06540943682193756103515625">
        <ele>2671</ele>
        <time>2026-10-03T05:23:36.000Z</time>
        <extensions>
          <ns3:TrackPointExtension>
            <ns3:hr>109</ns3:hr>
            <ns3:cad>0</ns3:cad>
          </ns3:TrackPointExtension>
        </extensions>
      </trkpt>
      <trkpt lat="42.02619186602532863616943359375" lon="128.0654069222509860992431640625">
        <ele>2672.39990234375</ele>
        <time>2026-10-03T05:23:43.000Z</time>
        <extensions>
          <ns3:TrackPointExtension>
            <ns3:hr>108</ns3:hr>
            <ns3:cad>0</ns3:cad>
          </ns3:TrackPointExtension>
        </extensions>
      </trkpt>
      <trkpt lat="42.02619186602532863616943359375" lon="128.0654069222509860992431640625">
        <ele>2672.800048828125</ele>
        <time>2026-10-03T05:23:47.000Z</time>
        <extensions>
          <ns3:TrackPointExtension>
            <ns3:hr>108</ns3:hr>
            <ns3:cad>0</ns3:cad>
          </ns3:TrackPointExtension>
        </extensions>
      </trkpt>
      <trkpt lat="42.0261880941689014434814453125" lon="128.06537616066634654998779296875">
        <ele>2671.800048828125</ele>
        <time>2026-10-03T05:23:57.000Z</time>
        <extensions>
          <ns3:TrackPointExtension>
            <ns3:hr>105</ns3:hr>
            <ns3:cad>0</ns3:cad>
          </ns3:TrackPointExtension>
        </extensions>
      </trkpt>
      <trkpt lat="42.02618733979761600494384765625" lon="128.0653754062950611114501953125">
        <ele>2671.39990234375</ele>
        <time>2026-10-03T05:24:00.000Z</time>
        <extensions>
          <ns3:TrackPointExtension>
            <ns3:hr>102</ns3:hr>
            <ns3:cad>0</ns3:cad>
          </ns3:TrackPointExtension>
        </extensions>
      </trkpt>
      <trkpt lat="42.0261847414076328277587890625" lon="128.06537364609539508819580078125">
        <ele>2670.800048828125</ele>
        <time>2026-10-03T05:24:07.000Z</time>
        <extensions>
          <ns3:TrackPointExtension>
            <ns3:hr>99</ns3:hr>
            <ns3:cad>0</ns3:cad>
          </ns3:TrackPointExtension>
        </extensions>
      </trkpt>
      <trkpt lat="42.026183903217315673828125" lon="128.06537314318120479583740234375">
        <ele>2670.800048828125</ele>
        <time>2026-10-03T05:24:09.000Z</time>
        <extensions>
          <ns3:TrackPointExtension>
            <ns3:hr>102</ns3:hr>
            <ns3:cad>0</ns3:cad>
          </ns3:TrackPointExtension>
        </extensions>
      </trkpt>
      <trkpt lat="42.0261817239224910736083984375" lon="128.065366186201572418212890625">
        <ele>2670.60009765625</ele>
        <time>2026-10-03T05:24:15.000Z</time>
        <extensions>
          <ns3:TrackPointExtension>
            <ns3:hr>98</ns3:hr>
            <ns3:cad>0</ns3:cad>
          </ns3:TrackPointExtension>
        </extensions>
      </trkpt>
      <trkpt lat="42.02617912553250789642333984375" lon="128.06536291725933551788330078125">
        <ele>2671</ele>
        <time>2026-10-03T05:24:31.000Z</time>
        <extensions>
          <ns3:TrackPointExtension>
            <ns3:hr>101</ns3:hr>
            <ns3:cad>0</ns3:cad>
          </ns3:TrackPointExtension>
        </extensions>
      </trkpt>
      <trkpt lat="42.02617895789444446563720703125" lon="128.06536291725933551788330078125">
        <ele>2671</ele>
        <time>2026-10-03T05:24:35.000Z</time>
        <extensions>
          <ns3:TrackPointExtension>
            <ns3:hr>104</ns3:hr>
            <ns3:cad>0</ns3:cad>
          </ns3:TrackPointExtension>
        </extensions>
      </trkpt>
      <trkpt lat="42.02619287185370922088623046875" lon="128.065390996634960174560546875">
        <ele>2671</ele>
        <time>2026-10-03T05:24:50.000Z</time>
        <extensions>
          <ns3:TrackPointExtension>
            <ns3:hr>104</ns3:hr>
            <ns3:cad>0</ns3:cad>
          </ns3:TrackPointExtension>
        </extensions>
      </trkpt>
      <trkpt lat="42.02620443888008594512939453125" lon="128.065433241426944732666015625">
        <ele>2670.800048828125</ele>
        <time>2026-10-03T05:24:56.000Z</time>
        <extensions>
          <ns3:TrackPointExtension>
            <ns3:hr>104</ns3:hr>
            <ns3:cad>0</ns3:cad>
          </ns3:TrackPointExtension>
        </extensions>
      </trkpt>
      <trkpt lat="42.02620343305170536041259765625" lon="128.06548194028437137603759765625">
        <ele>2670.60009765625</ele>
        <time>2026-10-03T05:25:03.000Z</time>
        <extensions>
          <ns3:TrackPointExtension>
            <ns3:hr>103</ns3:hr>
            <ns3:cad>0</ns3:cad>
          </ns3:TrackPointExtension>
        </extensions>
      </trkpt>
      <trkpt lat="42.0261847414076328277587890625" lon="128.06550440378487110137939453125">
        <ele>2671.199951171875</ele>
        <time>2026-10-03T05:25:09.000Z</time>
        <extensions>
          <ns3:TrackPointExtension>
            <ns3:hr>101</ns3:hr>
            <ns3:cad>0</ns3:cad>
          </ns3:TrackPointExtension>
        </extensions>
      </trkpt>
      <trkpt lat="42.0261823944747447967529296875" lon="128.06552083231508731842041015625">
        <ele>2671.800048828125</ele>
        <time>2026-10-03T05:25:15.000Z</time>
        <extensions>
          <ns3:TrackPointExtension>
            <ns3:hr>102</ns3:hr>
            <ns3:cad>0</ns3:cad>
          </ns3:TrackPointExtension>
        </extensions>
      </trkpt>
      <trkpt lat="42.02618583105504512786865234375" lon="128.065533153712749481201171875">
        <ele>2671.199951171875</ele>
        <time>2026-10-03T05:25:23.000Z</time>
        <extensions>
          <ns3:TrackPointExtension>
            <ns3:hr>101</ns3:hr>
            <ns3:cad>0</ns3:cad>
          </ns3:TrackPointExtension>
        </extensions>
      </trkpt>
      <trkpt lat="42.02618733979761600494384765625" lon="128.06553474627435207366943359375">
        <ele>2671.199951171875</ele>
        <time>2026-10-03T05:25:45.000Z</time>
        <extensions>
          <ns3:TrackPointExtension>
            <ns3:hr>98</ns3:hr>
            <ns3:cad>0</ns3:cad>
          </ns3:TrackPointExtension>
        </extensions>
      </trkpt>
      <trkpt lat="42.0261825621128082275390625" lon="128.06554279290139675140380859375">
        <ele>2671.199951171875</ele>
        <time>2026-10-03T05:25:54.000Z</time>
        <extensions>
          <ns3:TrackPointExtension>
            <ns3:hr>95</ns3:hr>
            <ns3:cad>0</ns3:cad>
          </ns3:TrackPointExtension>
        </extensions>
      </trkpt>
      <trkpt lat="42.02614626847207546234130859375" lon="128.06557238101959228515625">
        <ele>2671</ele>
        <time>2026-10-03T05:26:14.000Z</time>
        <extensions>
          <ns3:TrackPointExtension>
            <ns3:hr>92</ns3:hr>
            <ns3:cad>0</ns3:cad>
          </ns3:TrackPointExtension>
        </extensions>
      </trkpt>
      <trkpt lat="42.02613956294953823089599609375" lon="128.0656127817928791046142578125">
        <ele>2672</ele>
        <time>2026-10-03T05:26:56.000Z</time>
        <extensions>
          <ns3:TrackPointExtension>
            <ns3:hr>89</ns3:hr>
            <ns3:cad>0</ns3:cad>
          </ns3:TrackPointExtension>
        </extensions>
      </trkpt>
      <trkpt lat="42.02613755129277706146240234375" lon="128.06561286561191082000732421875">
        <ele>2672</ele>
        <time>2026-10-03T05:27:00.000Z</time>
        <extensions>
          <ns3:TrackPointExtension>
            <ns3:hr>95</ns3:hr>
            <ns3:cad>0</ns3:cad>
          </ns3:TrackPointExtension>
        </extensions>
      </trkpt>
      <trkpt lat="42.02613738365471363067626953125" lon="128.06561286561191082000732421875">
        <ele>2672</ele>
        <time>2026-10-03T05:27:01.000Z</time>
        <extensions>
          <ns3:TrackPointExtension>
            <ns3:hr>91</ns3:hr>
            <ns3:cad>0</ns3:cad>
          </ns3:TrackPointExtension>
        </extensions>
      </trkpt>
      <trkpt lat="42.02613000757992267608642578125" lon="128.06561169214546680450439453125">
        <ele>2672</ele>
        <time>2026-10-03T05:27:07.000Z</time>
        <extensions>
          <ns3:TrackPointExtension>
            <ns3:hr>94</ns3:hr>
            <ns3:cad>0</ns3:cad>
          </ns3:TrackPointExtension>
        </extensions>
      </trkpt>
      <trkpt lat="42.02612531371414661407470703125" lon="128.06560867466032505035400390625">
        <ele>2672</ele>
        <time>2026-10-03T05:27:11.000Z</time>
        <extensions>
          <ns3:TrackPointExtension>
            <ns3:hr>97</ns3:hr>
            <ns3:cad>0</ns3:cad>
          </ns3:TrackPointExtension>
        </extensions>
      </trkpt>
      <trkpt lat="42.02612481079995632171630859375" lon="128.065588474273681640625">
        <ele>2670.60009765625</ele>
        <time>2026-10-03T05:27:27.000Z</time>
        <extensions>
          <ns3:TrackPointExtension>
            <ns3:hr>94</ns3:hr>
            <ns3:cad>0</ns3:cad>
          </ns3:TrackPointExtension>
        </extensions>
      </trkpt>
      <trkpt lat="42.0261267386376857757568359375" lon="128.065586797893047332763671875">
        <ele>2670.199951171875</ele>
        <time>2026-10-03T05:27:30.000Z</time>
        <extensions>
          <ns3:TrackPointExtension>
            <ns3:hr>93</ns3:hr>
            <ns3:cad>0</ns3:cad>
          </ns3:TrackPointExtension>
        </extensions>
      </trkpt>
      <trkpt lat="42.02612212859094142913818359375" lon="128.06558621115982532501220703125">
        <ele>2669.800048828125</ele>
        <time>2026-10-03T05:28:25.000Z</time>
        <extensions>
          <ns3:TrackPointExtension>
            <ns3:hr>96</ns3:hr>
            <ns3:cad>0</ns3:cad>
          </ns3:TrackPointExtension>
        </extensions>
      </trkpt>
      <trkpt lat="42.0261208713054656982421875" lon="128.06558604352176189422607421875">
        <ele>2669.800048828125</ele>
        <time>2026-10-03T05:28:37.000Z</time>
        <extensions>
          <ns3:TrackPointExtension>
            <ns3:hr>93</ns3:hr>
            <ns3:cad>0</ns3:cad>
          </ns3:TrackPointExtension>
        </extensions>
      </trkpt>
      <trkpt lat="42.0261208713054656982421875" lon="128.06558604352176189422607421875">
        <ele>2669.800048828125</ele>
        <time>2026-10-03T05:28:41.000Z</time>
        <extensions>
          <ns3:TrackPointExtension>
            <ns3:hr>96</ns3:hr>
            <ns3:cad>0</ns3:cad>
          </ns3:TrackPointExtension>
        </extensions>
      </trkpt>
      <trkpt lat="42.02612095512449741363525390625" lon="128.06558604352176189422607421875">
        <ele>2669.800048828125</ele>
        <time>2026-10-03T05:28:47.000Z</time>
        <extensions>
          <ns3:TrackPointExtension>
            <ns3:hr>93</ns3:hr>
            <ns3:cad>0</ns3:cad>
          </ns3:TrackPointExtension>
        </extensions>
      </trkpt>
      <trkpt lat="42.0261210389435291290283203125" lon="128.0655859597027301788330078125">
        <ele>2669.800048828125</ele>
        <time>2026-10-03T05:28:59.000Z</time>
        <extensions>
          <ns3:TrackPointExtension>
            <ns3:hr>90</ns3:hr>
            <ns3:cad>0</ns3:cad>
          </ns3:TrackPointExtension>
        </extensions>
      </trkpt>
      <trkpt lat="42.0261210389435291290283203125" lon="128.0655859597027301788330078125">
        <ele>2669.800048828125</ele>
        <time>2026-10-03T05:29:03.000Z</time>
        <extensions>
          <ns3:TrackPointExtension>
            <ns3:hr>93</ns3:hr>
            <ns3:cad>0</ns3:cad>
          </ns3:TrackPointExtension>
        </extensions>
      </trkpt>
      <trkpt lat="42.0261210389435291290283203125" lon="128.06558587588369846343994140625">
        <ele>2669.800048828125</ele>
        <time>2026-10-03T05:29:05.000Z</time>
        <extensions>
          <ns3:TrackPointExtension>
            <ns3:hr>90</ns3:hr>
            <ns3:cad>0</ns3:cad>
          </ns3:TrackPointExtension>
        </extensions>
      </trkpt>
      <trkpt lat="42.02612112276256084442138671875" lon="128.065585792064666748046875">
        <ele>2669.800048828125</ele>
        <time>2026-10-03T05:29:20.000Z</time>
        <extensions>
          <ns3:TrackPointExtension>
            <ns3:hr>87</ns3:hr>
            <ns3:cad>0</ns3:cad>
          </ns3:TrackPointExtension>
        </extensions>
      </trkpt>
      <trkpt lat="42.02612112276256084442138671875" lon="128.06558554060757160186767578125">
        <ele>2669.800048828125</ele>
        <time>2026-10-03T05:29:41.000Z</time>
        <extensions>
          <ns3:TrackPointExtension>
            <ns3:hr>90</ns3:hr>
            <ns3:cad>0</ns3:cad>
          </ns3:TrackPointExtension>
        </extensions>
      </trkpt>
      <trkpt lat="42.0261210389435291290283203125" lon="128.06558537296950817108154296875">
        <ele>2669.800048828125</ele>
        <time>2026-10-03T05:30:10.000Z</time>
        <extensions>
          <ns3:TrackPointExtension>
            <ns3:hr>93</ns3:hr>
            <ns3:cad>0</ns3:cad>
          </ns3:TrackPointExtension>
        </extensions>
      </trkpt>
      <trkpt lat="42.02612095512449741363525390625" lon="128.06558554060757160186767578125">
        <ele>2669.800048828125</ele>
        <time>2026-10-03T05:30:19.000Z</time>
        <extensions>
          <ns3:TrackPointExtension>
            <ns3:hr>90</ns3:hr>
            <ns3:cad>0</ns3:cad>
          </ns3:TrackPointExtension>
        </extensions>
      </trkpt>
      <trkpt lat="42.02612095512449741363525390625" lon="128.0655856244266033172607421875">
        <ele>2669.800048828125</ele>
        <time>2026-10-03T05:30:26.000Z</time>
        <extensions>
          <ns3:TrackPointExtension>
            <ns3:hr>93</ns3:hr>
            <ns3:cad>0</ns3:cad>
          </ns3:TrackPointExtension>
        </extensions>
      </trkpt>
      <trkpt lat="42.0261208713054656982421875" lon="128.06558570824563503265380859375">
        <ele>2669.800048828125</ele>
        <time>2026-10-03T05:30:29.000Z</time>
        <extensions>
          <ns3:TrackPointExtension>
            <ns3:hr>90</ns3:hr>
            <ns3:cad>0</ns3:cad>
          </ns3:TrackPointExtension>
        </extensions>
      </trkpt>
      <trkpt lat="42.0261208713054656982421875" lon="128.065585792064666748046875">
        <ele>2669.800048828125</ele>
        <time>2026-10-03T05:30:34.000Z</time>
        <extensions>
          <ns3:TrackPointExtension>
            <ns3:hr>87</ns3:hr>
            <ns3:cad>0</ns3:cad>
          </ns3:TrackPointExtension>
        </extensions>
      </trkpt>
      <trkpt lat="42.0261208713054656982421875" lon="128.06558587588369846343994140625">
        <ele>2669.800048828125</ele>
        <time>2026-10-03T05:30:39.000Z</time>
        <extensions>
          <ns3:TrackPointExtension>
            <ns3:hr>90</ns3:hr>
            <ns3:cad>0</ns3:cad>
          </ns3:TrackPointExtension>
        </extensions>
      </trkpt>
      <trkpt lat="42.02612078748643398284912109375" lon="128.0655859597027301788330078125">
        <ele>2669.800048828125</ele>
        <time>2026-10-03T05:30:50.000Z</time>
        <extensions>
          <ns3:TrackPointExtension>
            <ns3:hr>86</ns3:hr>
            <ns3:cad>0</ns3:cad>
          </ns3:TrackPointExtension>
        </extensions>
      </trkpt>
      <trkpt lat="42.0261208713054656982421875" lon="128.0655859597027301788330078125">
        <ele>2669.800048828125</ele>
        <time>2026-10-03T05:30:57.000Z</time>
        <extensions>
          <ns3:TrackPointExtension>
            <ns3:hr>89</ns3:hr>
            <ns3:cad>0</ns3:cad>
          </ns3:TrackPointExtension>
        </extensions>
      </trkpt>
      <trkpt lat="42.02612095512449741363525390625" lon="128.0655859597027301788330078125">
        <ele>2669.800048828125</ele>
        <time>2026-10-03T05:31:07.000Z</time>
        <extensions>
          <ns3:TrackPointExtension>
            <ns3:hr>86</ns3:hr>
            <ns3:cad>0</ns3:cad>
          </ns3:TrackPointExtension>
        </extensions>
      </trkpt>
      <trkpt lat="42.0261210389435291290283203125" lon="128.065585792064666748046875">
        <ele>2669.800048828125</ele>
        <time>2026-10-03T05:31:22.000Z</time>
        <extensions>
          <ns3:TrackPointExtension>
            <ns3:hr>90</ns3:hr>
            <ns3:cad>0</ns3:cad>
          </ns3:TrackPointExtension>
        </extensions>
      </trkpt>
      <trkpt lat="42.02612112276256084442138671875" lon="128.06558570824563503265380859375">
        <ele>2669.800048828125</ele>
        <time>2026-10-03T05:31:25.000Z</time>
        <extensions>
          <ns3:TrackPointExtension>
            <ns3:hr>93</ns3:hr>
            <ns3:cad>0</ns3:cad>
          </ns3:TrackPointExtension>
        </extensions>
      </trkpt>
      <trkpt lat="42.02612112276256084442138671875" lon="128.0655856244266033172607421875">
        <ele>2669.800048828125</ele>
        <time>2026-10-03T05:31:28.000Z</time>
        <extensions>
          <ns3:TrackPointExtension>
            <ns3:hr>96</ns3:hr>
            <ns3:cad>0</ns3:cad>
          </ns3:TrackPointExtension>
        </extensions>
      </trkpt>
      <trkpt lat="42.0261210389435291290283203125" lon="128.065584115684032440185546875">
        <ele>2669.800048828125</ele>
        <time>2026-10-03T05:32:33.000Z</time>
        <extensions>
          <ns3:TrackPointExtension>
            <ns3:hr>93</ns3:hr>
            <ns3:cad>0</ns3:cad>
          </ns3:TrackPointExtension>
        </extensions>
      </trkpt>
      <trkpt lat="42.0261210389435291290283203125" lon="128.06558403186500072479248046875">
        <ele>2669.800048828125</ele>
        <time>2026-10-03T05:32:35.000Z</time>
        <extensions>
          <ns3:TrackPointExtension>
            <ns3:hr>97</ns3:hr>
            <ns3:cad>0</ns3:cad>
          </ns3:TrackPointExtension>
        </extensions>
      </trkpt>
      <trkpt lat="42.02612095512449741363525390625" lon="128.0655829422175884246826171875">
        <ele>2670</ele>
        <time>2026-10-03T05:32:58.000Z</time>
        <extensions>
          <ns3:TrackPointExtension>
            <ns3:hr>94</ns3:hr>
            <ns3:cad>0</ns3:cad>
          </ns3:TrackPointExtension>
        </extensions>
      </trkpt>
      <trkpt lat="42.0261203683912754058837890625" lon="128.06558185257017612457275390625">
        <ele>2670</ele>
        <time>2026-10-03T05:33:22.000Z</time>
        <extensions>
          <ns3:TrackPointExtension>
            <ns3:hr>91</ns3:hr>
            <ns3:cad>0</ns3:cad>
          </ns3:TrackPointExtension>
        </extensions>
      </trkpt>
      <trkpt lat="42.0261203683912754058837890625" lon="128.0655817687511444091796875">
        <ele>2670</ele>
        <time>2026-10-03T05:33:24.000Z</time>
        <extensions>
          <ns3:TrackPointExtension>
            <ns3:hr>88</ns3:hr>
            <ns3:cad>0</ns3:cad>
          </ns3:TrackPointExtension>
        </extensions>
      </trkpt>
      <trkpt lat="42.02612028457224369049072265625" lon="128.06558168493211269378662109375">
        <ele>2670</ele>
        <time>2026-10-03T05:33:25.000Z</time>
        <extensions>
          <ns3:TrackPointExtension>
            <ns3:hr>91</ns3:hr>
            <ns3:cad>0</ns3:cad>
          </ns3:TrackPointExtension>
        </extensions>
      </trkpt>
      <trkpt lat="42.0261200331151485443115234375" lon="128.065581433475017547607421875">
        <ele>2670</ele>
        <time>2026-10-03T05:33:32.000Z</time>
        <extensions>
          <ns3:TrackPointExtension>
            <ns3:hr>88</ns3:hr>
            <ns3:cad>0</ns3:cad>
          </ns3:TrackPointExtension>
        </extensions>
      </trkpt>
      <trkpt lat="42.02611994929611682891845703125" lon="128.0655812658369541168212890625">
        <ele>2670</ele>
        <time>2026-10-03T05:33:35.000Z</time>
        <extensions>
          <ns3:TrackPointExtension>
            <ns3:hr>91</ns3:hr>
            <ns3:cad>0</ns3:cad>
          </ns3:TrackPointExtension>
        </extensions>
      </trkpt>
      <trkpt lat="42.02611927874386310577392578125" lon="128.06558034382760524749755859375">
        <ele>2670</ele>
        <time>2026-10-03T05:34:02.000Z</time>
        <extensions>
          <ns3:TrackPointExtension>
            <ns3:hr>88</ns3:hr>
            <ns3:cad>0</ns3:cad>
          </ns3:TrackPointExtension>
        </extensions>
      </trkpt>
      <trkpt lat="42.026119194924831390380859375" lon="128.0655802600085735321044921875">
        <ele>2670</ele>
        <time>2026-10-03T05:34:07.000Z</time>
        <extensions>
          <ns3:TrackPointExtension>
            <ns3:hr>85</ns3:hr>
            <ns3:cad>0</ns3:cad>
          </ns3:TrackPointExtension>
        </extensions>
      </trkpt>
      <trkpt lat="42.02611911110579967498779296875" lon="128.0655802600085735321044921875">
        <ele>2670</ele>
        <time>2026-10-03T05:34:09.000Z</time>
        <extensions>
          <ns3:TrackPointExtension>
            <ns3:hr>82</ns3:hr>
            <ns3:cad>0</ns3:cad>
          </ns3:TrackPointExtension>
        </extensions>
      </trkpt>
      <trkpt lat="42.0261190272867679595947265625" lon="128.0655802600085735321044921875">
        <ele>2670</ele>
        <time>2026-10-03T05:34:11.000Z</time>
        <extensions>
          <ns3:TrackPointExtension>
            <ns3:hr>79</ns3:hr>
            <ns3:cad>0</ns3:cad>
          </ns3:TrackPointExtension>
        </extensions>
      </trkpt>
      <trkpt lat="42.02611885964870452880859375" lon="128.0655802600085735321044921875">
        <ele>2670.199951171875</ele>
        <time>2026-10-03T05:34:18.000Z</time>
        <extensions>
          <ns3:TrackPointExtension>
            <ns3:hr>76</ns3:hr>
            <ns3:cad>0</ns3:cad>
          </ns3:TrackPointExtension>
        </extensions>
      </trkpt>
      <trkpt lat="42.02611877582967281341552734375" lon="128.0655802600085735321044921875">
        <ele>2670.199951171875</ele>
        <time>2026-10-03T05:34:25.000Z</time>
        <extensions>
          <ns3:TrackPointExtension>
            <ns3:hr>73</ns3:hr>
            <ns3:cad>0</ns3:cad>
          </ns3:TrackPointExtension>
        </extensions>
      </trkpt>
      <trkpt lat="42.0261183567345142364501953125" lon="128.06557984091341495513916015625">
        <ele>2670.199951171875</ele>
        <time>2026-10-03T05:34:47.000Z</time>
        <extensions>
          <ns3:TrackPointExtension>
            <ns3:hr>76</ns3:hr>
            <ns3:cad>0</ns3:cad>
          </ns3:TrackPointExtension>
        </extensions>
      </trkpt>
      <trkpt lat="42.02611810527741909027099609375" lon="128.06557950563728809356689453125">
        <ele>2670.199951171875</ele>
        <time>2026-10-03T05:35:01.000Z</time>
        <extensions>
          <ns3:TrackPointExtension>
            <ns3:hr>79</ns3:hr>
            <ns3:cad>0</ns3:cad>
          </ns3:TrackPointExtension>
        </extensions>
      </trkpt>
      <trkpt lat="42.0261180214583873748779296875" lon="128.06557950563728809356689453125">
        <ele>2670.199951171875</ele>
        <time>2026-10-03T05:35:15.000Z</time>
        <extensions>
          <ns3:TrackPointExtension>
            <ns3:hr>76</ns3:hr>
            <ns3:cad>0</ns3:cad>
          </ns3:TrackPointExtension>
        </extensions>
      </trkpt>
      <trkpt lat="42.0261180214583873748779296875" lon="128.0655795894563198089599609375">
        <ele>2670.199951171875</ele>
        <time>2026-10-03T05:35:16.000Z</time>
        <extensions>
          <ns3:TrackPointExtension>
            <ns3:hr>79</ns3:hr>
            <ns3:cad>0</ns3:cad>
          </ns3:TrackPointExtension>
        </extensions>
      </trkpt>
      <trkpt lat="42.0261180214583873748779296875" lon="128.06558218784630298614501953125">
        <ele>2670.199951171875</ele>
        <time>2026-10-03T05:35:40.000Z</time>
        <extensions>
          <ns3:TrackPointExtension>
            <ns3:hr>75</ns3:hr>
            <ns3:cad>0</ns3:cad>
          </ns3:TrackPointExtension>
        </extensions>
      </trkpt>
      <trkpt lat="42.0261180214583873748779296875" lon="128.06558235548436641693115234375">
        <ele>2670.199951171875</ele>
        <time>2026-10-03T05:35:41.000Z</time>
        <extensions>
          <ns3:TrackPointExtension>
            <ns3:hr>78</ns3:hr>
            <ns3:cad>0</ns3:cad>
          </ns3:TrackPointExtension>
        </extensions>
      </trkpt>
      <trkpt lat="42.0261180214583873748779296875" lon="128.0655826069414615631103515625">
        <ele>2670.199951171875</ele>
        <time>2026-10-03T05:35:43.000Z</time>
        <extensions>
          <ns3:TrackPointExtension>
            <ns3:hr>81</ns3:hr>
            <ns3:cad>0</ns3:cad>
          </ns3:TrackPointExtension>
        </extensions>
      </trkpt>
      <trkpt lat="42.0261180214583873748779296875" lon="128.06558310985565185546875">
        <ele>2670.199951171875</ele>
        <time>2026-10-03T05:35:47.000Z</time>
        <extensions>
          <ns3:TrackPointExtension>
            <ns3:hr>84</ns3:hr>
            <ns3:cad>0</ns3:cad>
          </ns3:TrackPointExtension>
        </extensions>
      </trkpt>
      <trkpt lat="42.0261186920106410980224609375" lon="128.06558738462626934051513671875">
        <ele>2670.199951171875</ele>
        <time>2026-10-03T05:36:19.000Z</time>
        <extensions>
          <ns3:TrackPointExtension>
            <ns3:hr>87</ns3:hr>
            <ns3:cad>0</ns3:cad>
          </ns3:TrackPointExtension>
        </extensions>
      </trkpt>
      <trkpt lat="42.02611877582967281341552734375" lon="128.0655913241207599639892578125">
        <ele>2670.199951171875</ele>
        <time>2026-10-03T05:36:34.000Z</time>
        <extensions>
          <ns3:TrackPointExtension>
            <ns3:hr>84</ns3:hr>
            <ns3:cad>0</ns3:cad>
          </ns3:TrackPointExtension>
        </extensions>
      </trkpt>
      <trkpt lat="42.02611827291548252105712890625" lon="128.06559442542493343353271484375">
        <ele>2670.199951171875</ele>
        <time>2026-10-03T05:36:45.000Z</time>
        <extensions>
          <ns3:TrackPointExtension>
            <ns3:hr>87</ns3:hr>
            <ns3:cad>0</ns3:cad>
          </ns3:TrackPointExtension>
        </extensions>
      </trkpt>
      <trkpt lat="42.02611760236322879791259765625" lon="128.06559777818620204925537109375">
        <ele>2670.199951171875</ele>
        <time>2026-10-03T05:36:57.000Z</time>
        <extensions>
          <ns3:TrackPointExtension>
            <ns3:hr>90</ns3:hr>
            <ns3:cad>0</ns3:cad>
          </ns3:TrackPointExtension>
        </extensions>
      </trkpt>
      <trkpt lat="42.02611751854419708251953125" lon="128.06559828110039234161376953125">
        <ele>2670.199951171875</ele>
        <time>2026-10-03T05:36:59.000Z</time>
        <extensions>
          <ns3:TrackPointExtension>
            <ns3:hr>87</ns3:hr>
            <ns3:cad>0</ns3:cad>
          </ns3:TrackPointExtension>
        </extensions>
      </trkpt>
      <trkpt lat="42.02611726708710193634033203125" lon="128.0655997060239315032958984375">
        <ele>2670.199951171875</ele>
        <time>2026-10-03T05:37:04.000Z</time>
        <extensions>
          <ns3:TrackPointExtension>
            <ns3:hr>91</ns3:hr>
            <ns3:cad>0</ns3:cad>
          </ns3:TrackPointExtension>
        </extensions>
      </trkpt>
      <trkpt lat="42.02611709944903850555419921875" lon="128.065600879490375518798828125">
        <ele>2670.199951171875</ele>
        <time>2026-10-03T05:37:08.000Z</time>
        <extensions>
          <ns3:TrackPointExtension>
            <ns3:hr>88</ns3:hr>
            <ns3:cad>0</ns3:cad>
          </ns3:TrackPointExtension>
        </extensions>
      </trkpt>
      <trkpt lat="42.02611693181097507476806640625" lon="128.065602220594882965087890625">
        <ele>2670.199951171875</ele>
        <time>2026-10-03T05:37:12.000Z</time>
        <extensions>
          <ns3:TrackPointExtension>
            <ns3:hr>91</ns3:hr>
            <ns3:cad>0</ns3:cad>
          </ns3:TrackPointExtension>
        </extensions>
      </trkpt>
      <trkpt lat="42.02611642889678478240966796875" lon="128.06560481898486614227294921875">
        <ele>2670.199951171875</ele>
        <time>2026-10-03T05:37:19.000Z</time>
        <extensions>
          <ns3:TrackPointExtension>
            <ns3:hr>88</ns3:hr>
            <ns3:cad>0</ns3:cad>
          </ns3:TrackPointExtension>
        </extensions>
      </trkpt>
      <trkpt lat="42.02611483633518218994140625" lon="128.06561353616416454315185546875">
        <ele>2670.199951171875</ele>
        <time>2026-10-03T05:37:42.000Z</time>
        <extensions>
          <ns3:TrackPointExtension>
            <ns3:hr>84</ns3:hr>
            <ns3:cad>0</ns3:cad>
          </ns3:TrackPointExtension>
        </extensions>
      </trkpt>
      <trkpt lat="42.02611441724002361297607421875" lon="128.0656154640018939971923828125">
        <ele>2670</ele>
        <time>2026-10-03T05:37:47.000Z</time>
        <extensions>
          <ns3:TrackPointExtension>
            <ns3:hr>87</ns3:hr>
            <ns3:cad>0</ns3:cad>
          </ns3:TrackPointExtension>
        </extensions>
      </trkpt>
      <trkpt lat="42.02607586048543453216552734375" lon="128.0657432042062282562255859375">
        <ele>2670</ele>
        <time>2026-10-03T05:38:17.000Z</time>
        <extensions>
          <ns3:TrackPointExtension>
            <ns3:hr>84</ns3:hr>
            <ns3:cad>44</ns3:cad>
          </ns3:TrackPointExtension>
        </extensions>
      </trkpt>
      <trkpt lat="42.0260606892406940460205078125" lon="128.06578092277050018310546875">
        <ele>2670</ele>
        <time>2026-10-03T05:38:18.000Z</time>
        <extensions>
          <ns3:TrackPointExtension>
            <ns3:hr>87</ns3:hr>
            <ns3:cad>44</ns3:cad>
          </ns3:TrackPointExtension>
        </extensions>
      </trkpt>
      <trkpt lat="42.0259822346270084381103515625" lon="128.066017292439937591552734375">
        <ele>2670</ele>
        <time>2026-10-03T05:38:24.000Z</time>
        <extensions>
          <ns3:TrackPointExtension>
            <ns3:hr>87</ns3:hr>
            <ns3:cad>44</ns3:cad>
          </ns3:TrackPointExtension>
        </extensions>
      </trkpt>
      <trkpt lat="42.02597745694220066070556640625" lon="128.06601871736347675323486328125">
        <ele>2669.800048828125</ele>
        <time>2026-10-03T05:38:25.000Z</time>
        <extensions>
          <ns3:TrackPointExtension>
            <ns3:hr>88</ns3:hr>
            <ns3:cad>41</ns3:cad>
          </ns3:TrackPointExtension>
        </extensions>
      </trkpt>
      <trkpt lat="42.02595164068043231964111328125" lon="128.06605157442390918731689453125">
        <ele>2669.39990234375</ele>
        <time>2026-10-03T05:38:34.000Z</time>
        <extensions>
          <ns3:TrackPointExtension>
            <ns3:hr>85</ns3:hr>
            <ns3:cad>0</ns3:cad>
          </ns3:TrackPointExtension>
        </extensions>
      </trkpt>
      <trkpt lat="42.02594409696757793426513671875" lon="128.0660516582429409027099609375">
        <ele>2669.39990234375</ele>
        <time>2026-10-03T05:38:35.000Z</time>
        <extensions>
          <ns3:TrackPointExtension>
            <ns3:hr>88</ns3:hr>
            <ns3:cad>0</ns3:cad>
          </ns3:TrackPointExtension>
        </extensions>
      </trkpt>
      <trkpt lat="42.02592917717993259429931640625" lon="128.06605157442390918731689453125">
        <ele>2669.199951171875</ele>
        <time>2026-10-03T05:38:41.000Z</time>
        <extensions>
          <ns3:TrackPointExtension>
            <ns3:hr>88</ns3:hr>
            <ns3:cad>0</ns3:cad>
          </ns3:TrackPointExtension>
        </extensions>
      </trkpt>
      <trkpt lat="42.025926075875759124755859375" lon="128.0660560168325901031494140625">
        <ele>2669.199951171875</ele>
        <time>2026-10-03T05:38:43.000Z</time>
        <extensions>
          <ns3:TrackPointExtension>
            <ns3:hr>86</ns3:hr>
            <ns3:cad>0</ns3:cad>
          </ns3:TrackPointExtension>
        </extensions>
      </trkpt>
      <trkpt lat="42.025926746428012847900390625" lon="128.06607588194310665130615234375">
        <ele>2668.800048828125</ele>
        <time>2026-10-03T05:38:48.000Z</time>
        <extensions>
          <ns3:TrackPointExtension>
            <ns3:hr>81</ns3:hr>
            <ns3:cad>0</ns3:cad>
          </ns3:TrackPointExtension>
        </extensions>
      </trkpt>
      <trkpt lat="42.025914005935192108154296875" lon="128.06606783531606197357177734375">
        <ele>2668.39990234375</ele>
        <time>2026-10-03T05:38:53.000Z</time>
        <extensions>
          <ns3:TrackPointExtension>
            <ns3:hr>81</ns3:hr>
            <ns3:cad>0</ns3:cad>
          </ns3:TrackPointExtension>
        </extensions>
      </trkpt>
      <trkpt lat="42.02591140754520893096923828125" lon="128.0660680867731571197509765625">
        <ele>2668.199951171875</ele>
        <time>2026-10-03T05:38:54.000Z</time>
        <extensions>
          <ns3:TrackPointExtension>
            <ns3:hr>81</ns3:hr>
            <ns3:cad>0</ns3:cad>
          </ns3:TrackPointExtension>
        </extensions>
      </trkpt>
      <trkpt lat="42.0259078033268451690673828125" lon="128.06606615893542766571044921875">
        <ele>2667</ele>
        <time>2026-10-03T05:38:59.000Z</time>
        <extensions>
          <ns3:TrackPointExtension>
            <ns3:hr>81</ns3:hr>
            <ns3:cad>0</ns3:cad>
          </ns3:TrackPointExtension>
        </extensions>
      </trkpt>
      <trkpt lat="42.0259078033268451690673828125" lon="128.06606615893542766571044921875">
        <ele>2666.199951171875</ele>
        <time>2026-10-03T05:39:01.000Z</time>
        <extensions>
          <ns3:TrackPointExtension>
            <ns3:hr>84</ns3:hr>
            <ns3:cad>0</ns3:cad>
          </ns3:TrackPointExtension>
        </extensions>
      </trkpt>
      <trkpt lat="42.0259078033268451690673828125" lon="128.06606615893542766571044921875">
        <ele>2665.800048828125</ele>
        <time>2026-10-03T05:39:02.000Z</time>
        <extensions>
          <ns3:TrackPointExtension>
            <ns3:hr>85</ns3:hr>
            <ns3:cad>0</ns3:cad>
          </ns3:TrackPointExtension>
        </extensions>
      </trkpt>
      <trkpt lat="42.0259078033268451690673828125" lon="128.06606615893542766571044921875">
        <ele>2665.39990234375</ele>
        <time>2026-10-03T05:39:04.000Z</time>
        <extensions>
          <ns3:TrackPointExtension>
            <ns3:hr>85</ns3:hr>
            <ns3:cad>0</ns3:cad>
          </ns3:TrackPointExtension>
        </extensions>
      </trkpt>
      <trkpt lat="42.0259078033268451690673828125" lon="128.066067583858966827392578125">
        <ele>2665.39990234375</ele>
        <time>2026-10-03T05:39:22.000Z</time>
        <extensions>
          <ns3:TrackPointExtension>
            <ns3:hr>82</ns3:hr>
            <ns3:cad>0</ns3:cad>
          </ns3:TrackPointExtension>
        </extensions>
      </trkpt>
      <trkpt lat="42.0258749462664127349853515625" lon="128.066153414547443389892578125">
        <ele>2664.800048828125</ele>
        <time>2026-10-03T05:39:48.000Z</time>
        <extensions>
          <ns3:TrackPointExtension>
            <ns3:hr>85</ns3:hr>
            <ns3:cad>0</ns3:cad>
          </ns3:TrackPointExtension>
        </extensions>
      </trkpt>
      <trkpt lat="42.02587335370481014251708984375" lon="128.06616020388901233673095703125">
        <ele>2664.800048828125</ele>
        <time>2026-10-03T05:39:49.000Z</time>
        <extensions>
          <ns3:TrackPointExtension>
            <ns3:hr>85</ns3:hr>
            <ns3:cad>0</ns3:cad>
          </ns3:TrackPointExtension>
        </extensions>
      </trkpt>
      <trkpt lat="42.025840915739536285400390625" lon="128.06623731739819049835205078125">
        <ele>2664.60009765625</ele>
        <time>2026-10-03T05:40:06.000Z</time>
        <extensions>
          <ns3:TrackPointExtension>
            <ns3:hr>82</ns3:hr>
            <ns3:cad>0</ns3:cad>
          </ns3:TrackPointExtension>
        </extensions>
      </trkpt>
      <trkpt lat="42.0258290134370326995849609375" lon="128.06624938733875751495361328125">
        <ele>2664.39990234375</ele>
        <time>2026-10-03T05:40:22.000Z</time>
        <extensions>
          <ns3:TrackPointExtension>
            <ns3:hr>85</ns3:hr>
            <ns3:cad>0</ns3:cad>
          </ns3:TrackPointExtension>
        </extensions>
      </trkpt>
      <trkpt lat="42.0258209668099880218505859375" lon="128.066249303519725799560546875">
        <ele>2664.60009765625</ele>
        <time>2026-10-03T05:40:26.000Z</time>
        <extensions>
          <ns3:TrackPointExtension>
            <ns3:hr>82</ns3:hr>
            <ns3:cad>0</ns3:cad>
          </ns3:TrackPointExtension>
        </extensions>
      </trkpt>
      <trkpt lat="42.02581166289746761322021484375" lon="128.066234886646270751953125">
        <ele>2664.199951171875</ele>
        <time>2026-10-03T05:40:38.000Z</time>
        <extensions>
          <ns3:TrackPointExtension>
            <ns3:hr>86</ns3:hr>
            <ns3:cad>0</ns3:cad>
          </ns3:TrackPointExtension>
        </extensions>
      </trkpt>
      <trkpt lat="42.02581115998327732086181640625" lon="128.06623446755111217498779296875">
        <ele>2664.199951171875</ele>
        <time>2026-10-03T05:40:43.000Z</time>
        <extensions>
          <ns3:TrackPointExtension>
            <ns3:hr>89</ns3:hr>
            <ns3:cad>0</ns3:cad>
          </ns3:TrackPointExtension>
        </extensions>
      </trkpt>
      <trkpt lat="42.0258092321455478668212890625" lon="128.06624360382556915283203125">
        <ele>2664</ele>
        <time>2026-10-03T05:41:04.000Z</time>
        <extensions>
          <ns3:TrackPointExtension>
            <ns3:hr>86</ns3:hr>
            <ns3:cad>0</ns3:cad>
          </ns3:TrackPointExtension>
        </extensions>
      </trkpt>
      <trkpt lat="42.0258058793842792510986328125" lon="128.0663483776152133941650390625">
        <ele>2663.800048828125</ele>
        <time>2026-10-03T05:41:29.000Z</time>
        <extensions>
          <ns3:TrackPointExtension>
            <ns3:hr>86</ns3:hr>
            <ns3:cad>0</ns3:cad>
          </ns3:TrackPointExtension>
        </extensions>
      </trkpt>
      <trkpt lat="42.0258070528507232666015625" lon="128.06639514863491058349609375">
        <ele>2664.800048828125</ele>
        <time>2026-10-03T05:41:54.000Z</time>
        <extensions>
          <ns3:TrackPointExtension>
            <ns3:hr>83</ns3:hr>
            <ns3:cad>0</ns3:cad>
          </ns3:TrackPointExtension>
        </extensions>
      </trkpt>
      <trkpt lat="42.0258070528507232666015625" lon="128.06639741174876689910888671875">
        <ele>2664.800048828125</ele>
        <time>2026-10-03T05:41:55.000Z</time>
        <extensions>
          <ns3:TrackPointExtension>
            <ns3:hr>83</ns3:hr>
            <ns3:cad>0</ns3:cad>
          </ns3:TrackPointExtension>
        </extensions>
      </trkpt>
      <trkpt lat="42.02581333927810192108154296875" lon="128.0664288438856601715087890625">
        <ele>2666</ele>
        <time>2026-10-03T05:42:06.000Z</time>
        <extensions>
          <ns3:TrackPointExtension>
            <ns3:hr>84</ns3:hr>
            <ns3:cad>0</ns3:cad>
          </ns3:TrackPointExtension>
        </extensions>
      </trkpt>
      <trkpt lat="42.02581518329679965972900390625" lon="128.06643429212272167205810546875">
        <ele>2666</ele>
        <time>2026-10-03T05:42:09.000Z</time>
        <extensions>
          <ns3:TrackPointExtension>
            <ns3:hr>81</ns3:hr>
            <ns3:cad>0</ns3:cad>
          </ns3:TrackPointExtension>
        </extensions>
      </trkpt>
      <trkpt lat="42.0258213020861148834228515625" lon="128.06644451804459095001220703125">
        <ele>2666.199951171875</ele>
        <time>2026-10-03T05:42:30.000Z</time>
        <extensions>
          <ns3:TrackPointExtension>
            <ns3:hr>78</ns3:hr>
            <ns3:cad>0</ns3:cad>
          </ns3:TrackPointExtension>
        </extensions>
      </trkpt>
      <trkpt lat="42.0258219726383686065673828125" lon="128.06644535623490810394287109375">
        <ele>2666.199951171875</ele>
        <time>2026-10-03T05:42:36.000Z</time>
        <extensions>
          <ns3:TrackPointExtension>
            <ns3:hr>82</ns3:hr>
            <ns3:cad>0</ns3:cad>
          </ns3:TrackPointExtension>
        </extensions>
      </trkpt>
      <trkpt lat="42.02582239173352718353271484375" lon="128.0664459429681301116943359375">
        <ele>2666.199951171875</ele>
        <time>2026-10-03T05:42:40.000Z</time>
        <extensions>
          <ns3:TrackPointExtension>
            <ns3:hr>79</ns3:hr>
            <ns3:cad>0</ns3:cad>
          </ns3:TrackPointExtension>
        </extensions>
      </trkpt>
      <trkpt lat="42.025824487209320068359375" lon="128.0664492957293987274169921875">
        <ele>2666.199951171875</ele>
        <time>2026-10-03T05:43:01.000Z</time>
        <extensions>
          <ns3:TrackPointExtension>
            <ns3:hr>82</ns3:hr>
            <ns3:cad>0</ns3:cad>
          </ns3:TrackPointExtension>
        </extensions>
      </trkpt>
      <trkpt lat="42.02582490630447864532470703125" lon="128.06645005010068416595458984375">
        <ele>2666.199951171875</ele>
        <time>2026-10-03T05:43:06.000Z</time>
        <extensions>
          <ns3:TrackPointExtension>
            <ns3:hr>85</ns3:hr>
            <ns3:cad>0</ns3:cad>
          </ns3:TrackPointExtension>
        </extensions>
      </trkpt>
      <trkpt lat="42.02582540921866893768310546875" lon="128.06645088829100131988525390625">
        <ele>2666.199951171875</ele>
        <time>2026-10-03T05:43:11.000Z</time>
        <extensions>
          <ns3:TrackPointExtension>
            <ns3:hr>82</ns3:hr>
            <ns3:cad>0</ns3:cad>
          </ns3:TrackPointExtension>
        </extensions>
      </trkpt>
      <trkpt lat="42.02582607977092266082763671875" lon="128.06645206175744533538818359375">
        <ele>2666.199951171875</ele>
        <time>2026-10-03T05:43:19.000Z</time>
        <extensions>
          <ns3:TrackPointExtension>
            <ns3:hr>86</ns3:hr>
            <ns3:cad>0</ns3:cad>
          </ns3:TrackPointExtension>
        </extensions>
      </trkpt>
      <trkpt lat="42.025826834142208099365234375" lon="128.06645357050001621246337890625">
        <ele>2666.199951171875</ele>
        <time>2026-10-03T05:43:29.000Z</time>
        <extensions>
          <ns3:TrackPointExtension>
            <ns3:hr>83</ns3:hr>
            <ns3:cad>0</ns3:cad>
          </ns3:TrackPointExtension>
        </extensions>
      </trkpt>
      <trkpt lat="42.02582892961800098419189453125" lon="128.06645742617547512054443359375">
        <ele>2666</ele>
        <time>2026-10-03T05:43:56.000Z</time>
        <extensions>
          <ns3:TrackPointExtension>
            <ns3:hr>86</ns3:hr>
            <ns3:cad>0</ns3:cad>
          </ns3:TrackPointExtension>
        </extensions>
      </trkpt>
      <trkpt lat="42.0258290134370326995849609375" lon="128.06645759381353855133056640625">
        <ele>2666</ele>
        <time>2026-10-03T05:43:57.000Z</time>
        <extensions>
          <ns3:TrackPointExtension>
            <ns3:hr>83</ns3:hr>
            <ns3:cad>0</ns3:cad>
          </ns3:TrackPointExtension>
        </extensions>
      </trkpt>
      <trkpt lat="42.02582909725606441497802734375" lon="128.06645776145160198211669921875">
        <ele>2666</ele>
        <time>2026-10-03T05:43:58.000Z</time>
        <extensions>
          <ns3:TrackPointExtension>
            <ns3:hr>86</ns3:hr>
            <ns3:cad>0</ns3:cad>
          </ns3:TrackPointExtension>
        </extensions>
      </trkpt>
      <trkpt lat="42.02583052217960357666015625" lon="128.06646061129868030548095703125">
        <ele>2666</ele>
        <time>2026-10-03T05:44:12.000Z</time>
        <extensions>
          <ns3:TrackPointExtension>
            <ns3:hr>83</ns3:hr>
            <ns3:cad>42</ns3:cad>
          </ns3:TrackPointExtension>
        </extensions>
      </trkpt>
      <trkpt lat="42.02583630569279193878173828125" lon="128.06647687219083309173583984375">
        <ele>2665.39990234375</ele>
        <time>2026-10-03T05:44:53.000Z</time>
        <extensions>
          <ns3:TrackPointExtension>
            <ns3:hr>87</ns3:hr>
            <ns3:cad>0</ns3:cad>
          </ns3:TrackPointExtension>
        </extensions>
      </trkpt>
      <trkpt lat="42.02583664096891880035400390625" lon="128.0664781294763088226318359375">
        <ele>2665.39990234375</ele>
        <time>2026-10-03T05:44:55.000Z</time>
        <extensions>
          <ns3:TrackPointExtension>
            <ns3:hr>84</ns3:hr>
            <ns3:cad>0</ns3:cad>
          </ns3:TrackPointExtension>
        </extensions>
      </trkpt>
      <trkpt lat="42.02583798207342624664306640625" lon="128.0664828233420848846435546875">
        <ele>2665.39990234375</ele>
        <time>2026-10-03T05:45:03.000Z</time>
        <extensions>
          <ns3:TrackPointExtension>
            <ns3:hr>81</ns3:hr>
            <ns3:cad>0</ns3:cad>
          </ns3:TrackPointExtension>
        </extensions>
      </trkpt>
      <trkpt lat="42.025838233530521392822265625" lon="128.06648341007530689239501953125">
        <ele>2665.39990234375</ele>
        <time>2026-10-03T05:45:04.000Z</time>
        <extensions>
          <ns3:TrackPointExtension>
            <ns3:hr>84</ns3:hr>
            <ns3:cad>0</ns3:cad>
          </ns3:TrackPointExtension>
        </extensions>
      </trkpt>
      <trkpt lat="42.0258419215679168701171875" lon="128.06649430654942989349365234375">
        <ele>2665.199951171875</ele>
        <time>2026-10-03T05:45:21.000Z</time>
        <extensions>
          <ns3:TrackPointExtension>
            <ns3:hr>87</ns3:hr>
            <ns3:cad>64</ns3:cad>
          </ns3:TrackPointExtension>
        </extensions>
      </trkpt>
      <trkpt lat="42.02584418468177318572998046875" lon="128.0665009282529354095458984375">
        <ele>2665</ele>
        <time>2026-10-03T05:45:30.000Z</time>
        <extensions>
          <ns3:TrackPointExtension>
            <ns3:hr>84</ns3:hr>
            <ns3:cad>52</ns3:cad>
          </ns3:TrackPointExtension>
        </extensions>
      </trkpt>
      <trkpt lat="42.0258444361388683319091796875" lon="128.06650168262422084808349609375">
        <ele>2665</ele>
        <time>2026-10-03T05:45:31.000Z</time>
        <extensions>
          <ns3:TrackPointExtension>
            <ns3:hr>87</ns3:hr>
            <ns3:cad>50</ns3:cad>
          </ns3:TrackPointExtension>
        </extensions>
      </trkpt>
      <trkpt lat="42.02584586106240749359130859375" lon="128.0665056221187114715576171875">
        <ele>2665</ele>
        <time>2026-10-03T05:45:36.000Z</time>
        <extensions>
          <ns3:TrackPointExtension>
            <ns3:hr>91</ns3:hr>
            <ns3:cad>45</ns3:cad>
          </ns3:TrackPointExtension>
        </extensions>
      </trkpt>
      <trkpt lat="42.0258461125195026397705078125" lon="128.06650637648999691009521484375">
        <ele>2665</ele>
        <time>2026-10-03T05:45:37.000Z</time>
        <extensions>
          <ns3:TrackPointExtension>
            <ns3:hr>91</ns3:hr>
            <ns3:cad>0</ns3:cad>
          </ns3:TrackPointExtension>
        </extensions>
      </trkpt>
      <trkpt lat="42.02585197985172271728515625" lon="128.0665210448205471038818359375">
        <ele>2664.60009765625</ele>
        <time>2026-10-03T05:45:54.000Z</time>
        <extensions>
          <ns3:TrackPointExtension>
            <ns3:hr>87</ns3:hr>
            <ns3:cad>0</ns3:cad>
          </ns3:TrackPointExtension>
        </extensions>
      </trkpt>
      <trkpt lat="42.02585306949913501739501953125" lon="128.06652364321053028106689453125">
        <ele>2664.60009765625</ele>
        <time>2026-10-03T05:45:57.000Z</time>
        <extensions>
          <ns3:TrackPointExtension>
            <ns3:hr>82</ns3:hr>
            <ns3:cad>0</ns3:cad>
          </ns3:TrackPointExtension>
        </extensions>
      </trkpt>
      <trkpt lat="42.0258534885942935943603515625" lon="128.066524565219879150390625">
        <ele>2664.60009765625</ele>
        <time>2026-10-03T05:45:58.000Z</time>
        <extensions>
          <ns3:TrackPointExtension>
            <ns3:hr>85</ns3:hr>
            <ns3:cad>0</ns3:cad>
          </ns3:TrackPointExtension>
        </extensions>
      </trkpt>
      <trkpt lat="42.02585658989846706390380859375" lon="128.06653185747563838958740234375">
        <ele>2664.39990234375</ele>
        <time>2026-10-03T05:46:06.000Z</time>
        <extensions>
          <ns3:TrackPointExtension>
            <ns3:hr>81</ns3:hr>
            <ns3:cad>0</ns3:cad>
          </ns3:TrackPointExtension>
        </extensions>
      </trkpt>
      <trkpt lat="42.02585910446941852569580078125" lon="128.0665374733507633209228515625">
        <ele>2664.39990234375</ele>
        <time>2026-10-03T05:46:12.000Z</time>
        <extensions>
          <ns3:TrackPointExtension>
            <ns3:hr>78</ns3:hr>
            <ns3:cad>0</ns3:cad>
          </ns3:TrackPointExtension>
        </extensions>
      </trkpt>
      <trkpt lat="42.02586430124938488006591796875" lon="128.06654929183423519134521484375">
        <ele>2664</ele>
        <time>2026-10-03T05:46:24.000Z</time>
        <extensions>
          <ns3:TrackPointExtension>
            <ns3:hr>81</ns3:hr>
            <ns3:cad>0</ns3:cad>
          </ns3:TrackPointExtension>
        </extensions>
      </trkpt>
      <trkpt lat="42.0258665643632411956787109375" lon="128.066554404795169830322265625">
        <ele>2664</ele>
        <time>2026-10-03T05:46:29.000Z</time>
        <extensions>
          <ns3:TrackPointExtension>
            <ns3:hr>84</ns3:hr>
            <ns3:cad>0</ns3:cad>
          </ns3:TrackPointExtension>
        </extensions>
      </trkpt>
      <trkpt lat="42.0258689112961292266845703125" lon="128.0665596015751361846923828125">
        <ele>2663.800048828125</ele>
        <time>2026-10-03T05:46:34.000Z</time>
        <extensions>
          <ns3:TrackPointExtension>
            <ns3:hr>86</ns3:hr>
            <ns3:cad>0</ns3:cad>
          </ns3:TrackPointExtension>
        </extensions>
      </trkpt>
      <trkpt lat="42.02587821520864963531494140625" lon="128.06658097542822360992431640625">
        <ele>2663.39990234375</ele>
        <time>2026-10-03T05:46:54.000Z</time>
        <extensions>
          <ns3:TrackPointExtension>
            <ns3:hr>89</ns3:hr>
            <ns3:cad>0</ns3:cad>
          </ns3:TrackPointExtension>
        </extensions>
      </trkpt>
      <trkpt lat="42.0258809812366962432861328125" lon="128.06658784858882427215576171875">
        <ele>2663.199951171875</ele>
        <time>2026-10-03T05:47:00.000Z</time>
        <extensions>
          <ns3:TrackPointExtension>
            <ns3:hr>86</ns3:hr>
            <ns3:cad>75</ns3:cad>
          </ns3:TrackPointExtension>
        </extensions>
      </trkpt>
      <trkpt lat="42.02588148415088653564453125" lon="128.06658902205526828765869140625">
        <ele>2663.199951171875</ele>
        <time>2026-10-03T05:47:01.000Z</time>
        <extensions>
          <ns3:TrackPointExtension>
            <ns3:hr>91</ns3:hr>
            <ns3:cad>75</ns3:cad>
          </ns3:TrackPointExtension>
        </extensions>
      </trkpt>
      <trkpt lat="42.02588525600731372833251953125" lon="128.0665984936058521270751953125">
        <ele>2663</ele>
        <time>2026-10-03T05:47:09.000Z</time>
        <extensions>
          <ns3:TrackPointExtension>
            <ns3:hr>88</ns3:hr>
            <ns3:cad>0</ns3:cad>
          </ns3:TrackPointExtension>
        </extensions>
      </trkpt>
      <trkpt lat="42.02588860876858234405517578125" lon="128.06660704314708709716796875">
        <ele>2662.800048828125</ele>
        <time>2026-10-03T05:47:16.000Z</time>
        <extensions>
          <ns3:TrackPointExtension>
            <ns3:hr>87</ns3:hr>
            <ns3:cad>0</ns3:cad>
          </ns3:TrackPointExtension>
        </extensions>
      </trkpt>
      <trkpt lat="42.025890536606311798095703125" lon="128.06661215610802173614501953125">
        <ele>2662.800048828125</ele>
        <time>2026-10-03T05:47:20.000Z</time>
        <extensions>
          <ns3:TrackPointExtension>
            <ns3:hr>83</ns3:hr>
            <ns3:cad>0</ns3:cad>
          </ns3:TrackPointExtension>
        </extensions>
      </trkpt>
      <trkpt lat="42.02589363791048526763916015625" lon="128.066620118916034698486328125">
        <ele>2662.60009765625</ele>
        <time>2026-10-03T05:47:26.000Z</time>
        <extensions>
          <ns3:TrackPointExtension>
            <ns3:hr>86</ns3:hr>
            <ns3:cad>48</ns3:cad>
          </ns3:TrackPointExtension>
        </extensions>
      </trkpt>
      <trkpt lat="42.02600419521331787109375" lon="128.0669196881353855133056640625">
        <ele>2662.39990234375</ele>
        <time>2026-10-03T05:47:33.000Z</time>
        <extensions>
          <ns3:TrackPointExtension>
            <ns3:hr>86</ns3:hr>
            <ns3:cad>48</ns3:cad>
          </ns3:TrackPointExtension>
        </extensions>
      </trkpt>
      <trkpt lat="42.02607334591448307037353515625" lon="128.06712328456342220306396484375">
        <ele>2662</ele>
        <time>2026-10-03T05:47:35.000Z</time>
        <extensions>
          <ns3:TrackPointExtension>
            <ns3:hr>86</ns3:hr>
            <ns3:cad>47</ns3:cad>
          </ns3:TrackPointExtension>
        </extensions>
      </trkpt>
      <trkpt lat="42.026107795536518096923828125" lon="128.06722554378211498260498046875">
        <ele>2661</ele>
        <time>2026-10-03T05:47:36.000Z</time>
        <extensions>
          <ns3:TrackPointExtension>
            <ns3:hr>86</ns3:hr>
            <ns3:cad>47</ns3:cad>
          </ns3:TrackPointExtension>
        </extensions>
      </trkpt>
      <trkpt lat="42.02614308334887027740478515625" lon="128.06732847355306148529052734375">
        <ele>2659.800048828125</ele>
        <time>2026-10-03T05:47:37.000Z</time>
        <extensions>
          <ns3:TrackPointExtension>
            <ns3:hr>85</ns3:hr>
            <ns3:cad>47</ns3:cad>
          </ns3:TrackPointExtension>
        </extensions>
      </trkpt>
      <trkpt lat="42.02617979608476161956787109375" lon="128.06742855347692966461181640625">
        <ele>2658.39990234375</ele>
        <time>2026-10-03T05:47:38.000Z</time>
        <extensions>
          <ns3:TrackPointExtension>
            <ns3:hr>84</ns3:hr>
            <ns3:cad>49</ns3:cad>
          </ns3:TrackPointExtension>
        </extensions>
      </trkpt>
      <trkpt lat="42.02621902339160442352294921875" lon="128.06752494536340236663818359375">
        <ele>2656.800048828125</ele>
        <time>2026-10-03T05:47:39.000Z</time>
        <extensions>
          <ns3:TrackPointExtension>
            <ns3:hr>85</ns3:hr>
            <ns3:cad>52</ns3:cad>
          </ns3:TrackPointExtension>
        </extensions>
      </trkpt>
      <trkpt lat="42.02625540085136890411376953125" lon="128.06761915795505046844482421875">
        <ele>2655</ele>
        <time>2026-10-03T05:47:40.000Z</time>
        <extensions>
          <ns3:TrackPointExtension>
            <ns3:hr>85</ns3:hr>
            <ns3:cad>96</ns3:cad>
          </ns3:TrackPointExtension>
        </extensions>
      </trkpt>
      <trkpt lat="42.02625590376555919647216796875" lon="128.067622594535350799560546875">
        <ele>2653.199951171875</ele>
        <time>2026-10-03T05:47:41.000Z</time>
        <extensions>
          <ns3:TrackPointExtension>
            <ns3:hr>85</ns3:hr>
            <ns3:cad>96</ns3:cad>
          </ns3:TrackPointExtension>
        </extensions>
      </trkpt>
      <trkpt lat="42.02625841833651065826416015625" lon="128.06762737222015857696533203125">
        <ele>2651.199951171875</ele>
        <time>2026-10-03T05:47:42.000Z</time>
        <extensions>
          <ns3:TrackPointExtension>
            <ns3:hr>84</ns3:hr>
            <ns3:cad>96</ns3:cad>
          </ns3:TrackPointExtension>
        </extensions>
      </trkpt>
      <trkpt lat="42.026262693107128143310546875" lon="128.06763625703752040863037109375">
        <ele>2649.199951171875</ele>
        <time>2026-10-03T05:47:43.000Z</time>
        <extensions>
          <ns3:TrackPointExtension>
            <ns3:hr>84</ns3:hr>
            <ns3:cad>96</ns3:cad>
          </ns3:TrackPointExtension>
        </extensions>
      </trkpt>
      <trkpt lat="42.02626411803066730499267578125" lon="128.06764631532132625579833984375">
        <ele>2647</ele>
        <time>2026-10-03T05:47:44.000Z</time>
        <extensions>
          <ns3:TrackPointExtension>
            <ns3:hr>85</ns3:hr>
            <ns3:cad>48</ns3:cad>
          </ns3:TrackPointExtension>
        </extensions>
      </trkpt>
      <trkpt lat="42.02626705169677734375" lon="128.06765369139611721038818359375">
        <ele>2645</ele>
        <time>2026-10-03T05:47:45.000Z</time>
        <extensions>
          <ns3:TrackPointExtension>
            <ns3:hr>84</ns3:hr>
            <ns3:cad>48</ns3:cad>
          </ns3:TrackPointExtension>
        </extensions>
      </trkpt>
      <trkpt lat="42.02626713551580905914306640625" lon="128.06766106747090816497802734375">
        <ele>2643.60009765625</ele>
        <time>2026-10-03T05:47:46.000Z</time>
        <extensions>
          <ns3:TrackPointExtension>
            <ns3:hr>82</ns3:hr>
            <ns3:cad>48</ns3:cad>
          </ns3:TrackPointExtension>
        </extensions>
      </trkpt>
      <trkpt lat="42.02626780606806278228759765625" lon="128.06766986846923828125">
        <ele>2642.39990234375</ele>
        <time>2026-10-03T05:47:47.000Z</time>
        <extensions>
          <ns3:TrackPointExtension>
            <ns3:hr>82</ns3:hr>
            <ns3:cad>0</ns3:cad>
          </ns3:TrackPointExtension>
        </extensions>
      </trkpt>
      <trkpt lat="42.02627216465771198272705078125" lon="128.0676857940852642059326171875">
        <ele>2640.60009765625</ele>
        <time>2026-10-03T05:47:49.000Z</time>
        <extensions>
          <ns3:TrackPointExtension>
            <ns3:hr>84</ns3:hr>
            <ns3:cad>52</ns3:cad>
          </ns3:TrackPointExtension>
        </extensions>
      </trkpt>
      <trkpt lat="42.02627618797123432159423828125" lon="128.067690990865230560302734375">
        <ele>2639.800048828125</ele>
        <time>2026-10-03T05:47:50.000Z</time>
        <extensions>
          <ns3:TrackPointExtension>
            <ns3:hr>81</ns3:hr>
            <ns3:cad>52</ns3:cad>
          </ns3:TrackPointExtension>
        </extensions>
      </trkpt>
      <trkpt lat="42.026281468570232391357421875" lon="128.067693002521991729736328125">
        <ele>2639</ele>
        <time>2026-10-03T05:47:51.000Z</time>
        <extensions>
          <ns3:TrackPointExtension>
            <ns3:hr>82</ns3:hr>
            <ns3:cad>45</ns3:cad>
          </ns3:TrackPointExtension>
        </extensions>
      </trkpt>
      <trkpt lat="42.0262873359024524688720703125" lon="128.06769995950162410736083984375">
        <ele>2638.39990234375</ele>
        <time>2026-10-03T05:47:52.000Z</time>
        <extensions>
          <ns3:TrackPointExtension>
            <ns3:hr>80</ns3:hr>
            <ns3:cad>0</ns3:cad>
          </ns3:TrackPointExtension>
        </extensions>
      </trkpt>
      <trkpt lat="42.0262893475592136383056640625" lon="128.0677075870335102081298828125">
        <ele>2637.800048828125</ele>
        <time>2026-10-03T05:47:53.000Z</time>
        <extensions>
          <ns3:TrackPointExtension>
            <ns3:hr>82</ns3:hr>
            <ns3:cad>0</ns3:cad>
          </ns3:TrackPointExtension>
        </extensions>
      </trkpt>
      <trkpt lat="42.02629948966205120086669921875" lon="128.06772795505821704864501953125">
        <ele>2636.39990234375</ele>
        <time>2026-10-03T05:47:56.000Z</time>
        <extensions>
          <ns3:TrackPointExtension>
            <ns3:hr>84</ns3:hr>
            <ns3:cad>50</ns3:cad>
          </ns3:TrackPointExtension>
        </extensions>
      </trkpt>
      <trkpt lat="42.026300244033336639404296875" lon="128.0677360855042934417724609375">
        <ele>2635.800048828125</ele>
        <time>2026-10-03T05:47:57.000Z</time>
        <extensions>
          <ns3:TrackPointExtension>
            <ns3:hr>87</ns3:hr>
            <ns3:cad>50</ns3:cad>
          </ns3:TrackPointExtension>
        </extensions>
      </trkpt>
      <trkpt lat="42.02630183659493923187255859375" lon="128.06774421595036983489990234375">
        <ele>2635.60009765625</ele>
        <time>2026-10-03T05:47:58.000Z</time>
        <extensions>
          <ns3:TrackPointExtension>
            <ns3:hr>94</ns3:hr>
            <ns3:cad>50</ns3:cad>
          </ns3:TrackPointExtension>
        </extensions>
      </trkpt>
      <trkpt lat="42.026307620108127593994140625" lon="128.06775142438709735870361328125">
        <ele>2635.199951171875</ele>
        <time>2026-10-03T05:47:59.000Z</time>
        <extensions>
          <ns3:TrackPointExtension>
            <ns3:hr>99</ns3:hr>
            <ns3:cad>49</ns3:cad>
          </ns3:TrackPointExtension>
        </extensions>
      </trkpt>
      <trkpt lat="42.0263124816119670867919921875" lon="128.067758046090602874755859375">
        <ele>2634.800048828125</ele>
        <time>2026-10-03T05:48:00.000Z</time>
        <extensions>
          <ns3:TrackPointExtension>
            <ns3:hr>98</ns3:hr>
            <ns3:cad>49</ns3:cad>
          </ns3:TrackPointExtension>
        </extensions>
      </trkpt>
      <trkpt lat="42.02631876803934574127197265625" lon="128.0677736364305019378662109375">
        <ele>2634.199951171875</ele>
        <time>2026-10-03T05:48:02.000Z</time>
        <extensions>
          <ns3:TrackPointExtension>
            <ns3:hr>99</ns3:hr>
            <ns3:cad>0</ns3:cad>
          </ns3:TrackPointExtension>
        </extensions>
      </trkpt>
      <trkpt lat="42.02632279135286808013916015625" lon="128.067777492105960845947265625">
        <ele>2633.800048828125</ele>
        <time>2026-10-03T05:48:03.000Z</time>
        <extensions>
          <ns3:TrackPointExtension>
            <ns3:hr>95</ns3:hr>
            <ns3:cad>0</ns3:cad>
          </ns3:TrackPointExtension>
        </extensions>
      </trkpt>
      <trkpt lat="42.02632664702832698822021484375" lon="128.067792914807796478271484375">
        <ele>2633.199951171875</ele>
        <time>2026-10-03T05:48:05.000Z</time>
        <extensions>
          <ns3:TrackPointExtension>
            <ns3:hr>93</ns3:hr>
            <ns3:cad>0</ns3:cad>
          </ns3:TrackPointExtension>
        </extensions>
      </trkpt>
      <trkpt lat="42.026327736675739288330078125" lon="128.0678111873567104339599609375">
        <ele>2632</ele>
        <time>2026-10-03T05:48:08.000Z</time>
        <extensions>
          <ns3:TrackPointExtension>
            <ns3:hr>94</ns3:hr>
            <ns3:cad>49</ns3:cad>
          </ns3:TrackPointExtension>
        </extensions>
      </trkpt>
      <trkpt lat="42.02632664702832698822021484375" lon="128.06783876381814479827880859375">
        <ele>2630.800048828125</ele>
        <time>2026-10-03T05:48:11.000Z</time>
        <extensions>
          <ns3:TrackPointExtension>
            <ns3:hr>95</ns3:hr>
            <ns3:cad>50</ns3:cad>
          </ns3:TrackPointExtension>
        </extensions>
      </trkpt>
      <trkpt lat="42.02632698230445384979248046875" lon="128.06785820983350276947021484375">
        <ele>2630</ele>
        <time>2026-10-03T05:48:13.000Z</time>
        <extensions>
          <ns3:TrackPointExtension>
            <ns3:hr>95</ns3:hr>
            <ns3:cad>54</ns3:cad>
          </ns3:TrackPointExtension>
        </extensions>
      </trkpt>
      <trkpt lat="42.0263274013996124267578125" lon="128.06786357425153255462646484375">
        <ele>2629.60009765625</ele>
        <time>2026-10-03T05:48:14.000Z</time>
        <extensions>
          <ns3:TrackPointExtension>
            <ns3:hr>95</ns3:hr>
            <ns3:cad>54</ns3:cad>
          </ns3:TrackPointExtension>
        </extensions>
      </trkpt>
      <trkpt lat="42.02633880078792572021484375" lon="128.0678738839924335479736328125">
        <ele>2628.39990234375</ele>
        <time>2026-10-03T05:48:17.000Z</time>
        <extensions>
          <ns3:TrackPointExtension>
            <ns3:hr>95</ns3:hr>
            <ns3:cad>55</ns3:cad>
          </ns3:TrackPointExtension>
        </extensions>
      </trkpt>
      <trkpt lat="42.026349194347858428955078125" lon="128.06787036359310150146484375">
        <ele>2627.60009765625</ele>
        <time>2026-10-03T05:48:19.000Z</time>
        <extensions>
          <ns3:TrackPointExtension>
            <ns3:hr>96</ns3:hr>
            <ns3:cad>54</ns3:cad>
          </ns3:TrackPointExtension>
        </extensions>
      </trkpt>
      <trkpt lat="42.02635229565203189849853515625" lon="128.0678705312311649322509765625">
        <ele>2627.199951171875</ele>
        <time>2026-10-03T05:48:20.000Z</time>
        <extensions>
          <ns3:TrackPointExtension>
            <ns3:hr>96</ns3:hr>
            <ns3:cad>54</ns3:cad>
          </ns3:TrackPointExtension>
        </extensions>
      </trkpt>
      <trkpt lat="42.0263783633708953857421875" lon="128.06787078268826007843017578125">
        <ele>2626</ele>
        <time>2026-10-03T05:48:25.000Z</time>
        <extensions>
          <ns3:TrackPointExtension>
            <ns3:hr>94</ns3:hr>
            <ns3:cad>62</ns3:cad>
          </ns3:TrackPointExtension>
        </extensions>
      </trkpt>
      <trkpt lat="42.0264050178229808807373046875" lon="128.06787572801113128662109375">
        <ele>2625</ele>
        <time>2026-10-03T05:48:28.000Z</time>
        <extensions>
          <ns3:TrackPointExtension>
            <ns3:hr>96</ns3:hr>
            <ns3:cad>59</ns3:cad>
          </ns3:TrackPointExtension>
        </extensions>
      </trkpt>
      <trkpt lat="42.026416249573230743408203125" lon="128.0678815953433513641357421875">
        <ele>2624.199951171875</ele>
        <time>2026-10-03T05:48:30.000Z</time>
        <extensions>
          <ns3:TrackPointExtension>
            <ns3:hr>97</ns3:hr>
            <ns3:cad>54</ns3:cad>
          </ns3:TrackPointExtension>
        </extensions>
      </trkpt>
      <trkpt lat="42.02642203308641910552978515625" lon="128.06788017041981220245361328125">
        <ele>2623.800048828125</ele>
        <time>2026-10-03T05:48:31.000Z</time>
        <extensions>
          <ns3:TrackPointExtension>
            <ns3:hr>99</ns3:hr>
            <ns3:cad>54</ns3:cad>
          </ns3:TrackPointExtension>
        </extensions>
      </trkpt>
      <trkpt lat="42.02642865478992462158203125" lon="128.067879416048526763916015625">
        <ele>2623.39990234375</ele>
        <time>2026-10-03T05:48:32.000Z</time>
        <extensions>
          <ns3:TrackPointExtension>
            <ns3:hr>96</ns3:hr>
            <ns3:cad>53</ns3:cad>
          </ns3:TrackPointExtension>
        </extensions>
      </trkpt>
      <trkpt lat="42.0264522917568683624267578125" lon="128.06788369081914424896240234375">
        <ele>2622.800048828125</ele>
        <time>2026-10-03T05:48:35.000Z</time>
        <extensions>
          <ns3:TrackPointExtension>
            <ns3:hr>96</ns3:hr>
            <ns3:cad>50</ns3:cad>
          </ns3:TrackPointExtension>
        </extensions>
      </trkpt>
      <trkpt lat="42.0264740847051143646240234375" lon="128.06787514127790927886962890625">
        <ele>2622.199951171875</ele>
        <time>2026-10-03T05:48:38.000Z</time>
        <extensions>
          <ns3:TrackPointExtension>
            <ns3:hr>93</ns3:hr>
            <ns3:cad>53</ns3:cad>
          </ns3:TrackPointExtension>
        </extensions>
      </trkpt>
      <trkpt lat="42.02649143524467945098876953125" lon="128.067870028316974639892578125">
        <ele>2622</ele>
        <time>2026-10-03T05:48:40.000Z</time>
        <extensions>
          <ns3:TrackPointExtension>
            <ns3:hr>93</ns3:hr>
            <ns3:cad>52</ns3:cad>
          </ns3:TrackPointExtension>
        </extensions>
      </trkpt>
      <trkpt lat="42.02650115825235843658447265625" lon="128.06786910630762577056884765625">
        <ele>2621.800048828125</ele>
        <time>2026-10-03T05:48:41.000Z</time>
        <extensions>
          <ns3:TrackPointExtension>
            <ns3:hr>92</ns3:hr>
            <ns3:cad>52</ns3:cad>
          </ns3:TrackPointExtension>
        </extensions>
      </trkpt>
      <trkpt lat="42.02652211301028728485107421875" lon="128.06787530891597270965576171875">
        <ele>2621.60009765625</ele>
        <time>2026-10-03T05:48:43.000Z</time>
        <extensions>
          <ns3:TrackPointExtension>
            <ns3:hr>89</ns3:hr>
            <ns3:cad>54</ns3:cad>
          </ns3:TrackPointExtension>
        </extensions>
      </trkpt>
      <trkpt lat="42.02654675580561161041259765625" lon="128.0678618140518665313720703125">
        <ele>2620.60009765625</ele>
        <time>2026-10-03T05:48:47.000Z</time>
        <extensions>
          <ns3:TrackPointExtension>
            <ns3:hr>88</ns3:hr>
            <ns3:cad>55</ns3:cad>
          </ns3:TrackPointExtension>
        </extensions>
      </trkpt>
      <trkpt lat="42.0265974663197994232177734375" lon="128.0678614787757396697998046875">
        <ele>2619.39990234375</ele>
        <time>2026-10-03T05:48:53.000Z</time>
        <extensions>
          <ns3:TrackPointExtension>
            <ns3:hr>88</ns3:hr>
            <ns3:cad>51</ns3:cad>
          </ns3:TrackPointExtension>
        </extensions>
      </trkpt>
      <trkpt lat="42.02663443051278591156005859375" lon="128.067858628928661346435546875">
        <ele>2618.60009765625</ele>
        <time>2026-10-03T05:48:57.000Z</time>
        <extensions>
          <ns3:TrackPointExtension>
            <ns3:hr>87</ns3:hr>
            <ns3:cad>0</ns3:cad>
          </ns3:TrackPointExtension>
        </extensions>
      </trkpt>
      <trkpt lat="42.026663683354854583740234375" lon="128.0678522586822509765625">
        <ele>2618.39990234375</ele>
        <time>2026-10-03T05:49:00.000Z</time>
        <extensions>
          <ns3:TrackPointExtension>
            <ns3:hr>85</ns3:hr>
            <ns3:cad>0</ns3:cad>
          </ns3:TrackPointExtension>
        </extensions>
      </trkpt>
      <trkpt lat="42.0266948640346527099609375" lon="128.0678467266261577606201171875">
        <ele>2618.199951171875</ele>
        <time>2026-10-03T05:49:05.000Z</time>
        <extensions>
          <ns3:TrackPointExtension>
            <ns3:hr>82</ns3:hr>
            <ns3:cad>0</ns3:cad>
          </ns3:TrackPointExtension>
        </extensions>
      </trkpt>
      <trkpt lat="42.0266957022249698638916015625" lon="128.06784622371196746826171875">
        <ele>2618.199951171875</ele>
        <time>2026-10-03T05:49:06.000Z</time>
        <extensions>
          <ns3:TrackPointExtension>
            <ns3:hr>82</ns3:hr>
            <ns3:cad>0</ns3:cad>
          </ns3:TrackPointExtension>
        </extensions>
      </trkpt>
      <trkpt lat="42.0267550460994243621826171875" lon="128.06784815154969692230224609375">
        <ele>2618.199951171875</ele>
        <time>2026-10-03T05:49:14.000Z</time>
        <extensions>
          <ns3:TrackPointExtension>
            <ns3:hr>80</ns3:hr>
            <ns3:cad>44</ns3:cad>
          </ns3:TrackPointExtension>
        </extensions>
      </trkpt>
      <trkpt lat="42.02680827118456363677978515625" lon="128.06782468222081661224365234375">
        <ele>2618.39990234375</ele>
        <time>2026-10-03T05:49:20.000Z</time>
        <extensions>
          <ns3:TrackPointExtension>
            <ns3:hr>80</ns3:hr>
            <ns3:cad>52</ns3:cad>
          </ns3:TrackPointExtension>
        </extensions>
      </trkpt>
      <trkpt lat="42.02680894173681735992431640625" lon="128.06781806051731109619140625">
        <ele>2618.39990234375</ele>
        <time>2026-10-03T05:49:21.000Z</time>
        <extensions>
          <ns3:TrackPointExtension>
            <ns3:hr>80</ns3:hr>
            <ns3:cad>52</ns3:cad>
          </ns3:TrackPointExtension>
        </extensions>
      </trkpt>
      <trkpt lat="42.0268100313842296600341796875" lon="128.06781210936605930328369140625">
        <ele>2618.199951171875</ele>
        <time>2026-10-03T05:49:22.000Z</time>
        <extensions>
          <ns3:TrackPointExtension>
            <ns3:hr>79</ns3:hr>
            <ns3:cad>52</ns3:cad>
          </ns3:TrackPointExtension>
        </extensions>
      </trkpt>
      <trkpt lat="42.02682134695351123809814453125" lon="128.067794255912303924560546875">
        <ele>2618</ele>
        <time>2026-10-03T05:49:24.000Z</time>
        <extensions>
          <ns3:TrackPointExtension>
            <ns3:hr>81</ns3:hr>
            <ns3:cad>52</ns3:cad>
          </ns3:TrackPointExtension>
        </extensions>
      </trkpt>
      <trkpt lat="42.0268371887505054473876953125" lon="128.06777824647724628448486328125">
        <ele>2617.800048828125</ele>
        <time>2026-10-03T05:49:27.000Z</time>
        <extensions>
          <ns3:TrackPointExtension>
            <ns3:hr>83</ns3:hr>
            <ns3:cad>52</ns3:cad>
          </ns3:TrackPointExtension>
        </extensions>
      </trkpt>
      <trkpt lat="42.02684297226369380950927734375" lon="128.0677612312138080596923828125">
        <ele>2617.800048828125</ele>
        <time>2026-10-03T05:49:29.000Z</time>
        <extensions>
          <ns3:TrackPointExtension>
            <ns3:hr>81</ns3:hr>
            <ns3:cad>46</ns3:cad>
          </ns3:TrackPointExtension>
        </extensions>
      </trkpt>
      <trkpt lat="42.02685068361461162567138671875" lon="128.0677367560565471649169921875">
        <ele>2617.800048828125</ele>
        <time>2026-10-03T05:49:32.000Z</time>
        <extensions>
          <ns3:TrackPointExtension>
            <ns3:hr>81</ns3:hr>
            <ns3:cad>0</ns3:cad>
          </ns3:TrackPointExtension>
        </extensions>
      </trkpt>
      <trkpt lat="42.0268546231091022491455078125" lon="128.06770063005387783050537109375">
        <ele>2618</ele>
        <time>2026-10-03T05:49:37.000Z</time>
        <extensions>
          <ns3:TrackPointExtension>
            <ns3:hr>82</ns3:hr>
            <ns3:cad>0</ns3:cad>
          </ns3:TrackPointExtension>
        </extensions>
      </trkpt>
      <trkpt lat="42.02685738913714885711669921875" lon="128.06766710244119167327880859375">
        <ele>2618.199951171875</ele>
        <time>2026-10-03T05:49:40.000Z</time>
        <extensions>
          <ns3:TrackPointExtension>
            <ns3:hr>91</ns3:hr>
            <ns3:cad>0</ns3:cad>
          </ns3:TrackPointExtension>
        </extensions>
      </trkpt>
      <trkpt lat="42.02685688622295856475830078125" lon="128.0676593072712421417236328125">
        <ele>2618.199951171875</ele>
        <time>2026-10-03T05:49:41.000Z</time>
        <extensions>
          <ns3:TrackPointExtension>
            <ns3:hr>95</ns3:hr>
            <ns3:cad>0</ns3:cad>
          </ns3:TrackPointExtension>
        </extensions>
      </trkpt>
      <trkpt lat="42.02685646712779998779296875" lon="128.06765167973935604095458984375">
        <ele>2618.39990234375</ele>
        <time>2026-10-03T05:49:42.000Z</time>
        <extensions>
          <ns3:TrackPointExtension>
            <ns3:hr>99</ns3:hr>
            <ns3:cad>78</ns3:cad>
          </ns3:TrackPointExtension>
        </extensions>
      </trkpt>
      <trkpt lat="42.02685856260359287261962890625" lon="128.06764715351164340972900390625">
        <ele>2618.39990234375</ele>
        <time>2026-10-03T05:49:43.000Z</time>
        <extensions>
          <ns3:TrackPointExtension>
            <ns3:hr>104</ns3:hr>
            <ns3:cad>78</ns3:cad>
          </ns3:TrackPointExtension>
        </extensions>
      </trkpt>
      <trkpt lat="42.02686744742095470428466796875" lon="128.06763558648526668548583984375">
        <ele>2618.800048828125</ele>
        <time>2026-10-03T05:49:45.000Z</time>
        <extensions>
          <ns3:TrackPointExtension>
            <ns3:hr>109</ns3:hr>
            <ns3:cad>0</ns3:cad>
          </ns3:TrackPointExtension>
        </extensions>
      </trkpt>
      <trkpt lat="42.02687515877187252044677734375" lon="128.06762896478176116943359375">
        <ele>2619</ele>
        <time>2026-10-03T05:49:46.000Z</time>
        <extensions>
          <ns3:TrackPointExtension>
            <ns3:hr>114</ns3:hr>
            <ns3:cad>0</ns3:cad>
          </ns3:TrackPointExtension>
        </extensions>
      </trkpt>
      <trkpt lat="42.026881277561187744140625" lon="128.0676241032779216766357421875">
        <ele>2619.199951171875</ele>
        <time>2026-10-03T05:49:47.000Z</time>
        <extensions>
          <ns3:TrackPointExtension>
            <ns3:hr>117</ns3:hr>
            <ns3:cad>0</ns3:cad>
          </ns3:TrackPointExtension>
        </extensions>
      </trkpt>
      <trkpt lat="42.0268933475017547607421875" lon="128.067618571221828460693359375">
        <ele>2619.39990234375</ele>
        <time>2026-10-03T05:49:49.000Z</time>
        <extensions>
          <ns3:TrackPointExtension>
            <ns3:hr>121</ns3:hr>
            <ns3:cad>0</ns3:cad>
          </ns3:TrackPointExtension>
        </extensions>
      </trkpt>
      <trkpt lat="42.0269069261848926544189453125" lon="128.06761999614536762237548828125">
        <ele>2619.39990234375</ele>
        <time>2026-10-03T05:49:51.000Z</time>
        <extensions>
          <ns3:TrackPointExtension>
            <ns3:hr>121</ns3:hr>
            <ns3:cad>45</ns3:cad>
          </ns3:TrackPointExtension>
        </extensions>
      </trkpt>
      <trkpt lat="42.02687180601060390472412109375" lon="128.0675902403891086578369140625">
        <ele>2609.60009765625</ele>
        <time>2026-10-03T05:51:33.000Z</time>
        <extensions>
          <ns3:TrackPointExtension>
            <ns3:hr>101</ns3:hr>
            <ns3:cad>0</ns3:cad>
          </ns3:TrackPointExtension>
        </extensions>
      </trkpt>
      <trkpt lat="42.0268137194216251373291015625" lon="128.0675774998962879180908203125">
        <ele>2621</ele>
        <time>2026-10-03T05:51:34.000Z</time>
        <extensions>
          <ns3:TrackPointExtension>
            <ns3:hr>101</ns3:hr>
            <ns3:cad>0</ns3:cad>
          </ns3:TrackPointExtension>
        </extensions>
      </trkpt>
      <trkpt lat="42.02687482349574565887451171875" lon="128.0675718002021312713623046875">
        <ele>2622.800048828125</ele>
        <time>2026-10-03T05:51:36.000Z</time>
        <extensions>
          <ns3:TrackPointExtension>
            <ns3:hr>102</ns3:hr>
            <ns3:cad>0</ns3:cad>
          </ns3:TrackPointExtension>
        </extensions>
      </trkpt>
      <trkpt lat="42.0268760807812213897705078125" lon="128.06753483600914478302001953125">
        <ele>2624</ele>
        <time>2026-10-03T05:51:38.000Z</time>
        <extensions>
          <ns3:TrackPointExtension>
            <ns3:hr>102</ns3:hr>
            <ns3:cad>0</ns3:cad>
          </ns3:TrackPointExtension>
        </extensions>
      </trkpt>
      <trkpt lat="42.0268462412059307098388671875" lon="128.06750918738543987274169921875">
        <ele>2624</ele>
        <time>2026-10-03T05:51:44.000Z</time>
        <extensions>
          <ns3:TrackPointExtension>
            <ns3:hr>101</ns3:hr>
            <ns3:cad>0</ns3:cad>
          </ns3:TrackPointExtension>
        </extensions>
      </trkpt>
      <trkpt lat="42.0268432237207889556884765625" lon="128.06749393232166767120361328125">
        <ele>2624</ele>
        <time>2026-10-03T05:51:47.000Z</time>
        <extensions>
          <ns3:TrackPointExtension>
            <ns3:hr>97</ns3:hr>
            <ns3:cad>0</ns3:cad>
          </ns3:TrackPointExtension>
        </extensions>
      </trkpt>
      <trkpt lat="42.0268589816987514495849609375" lon="128.06748353876173496246337890625">
        <ele>2625.199951171875</ele>
        <time>2026-10-03T05:51:51.000Z</time>
        <extensions>
          <ns3:TrackPointExtension>
            <ns3:hr>98</ns3:hr>
            <ns3:cad>43</ns3:cad>
          </ns3:TrackPointExtension>
        </extensions>
      </trkpt>
      <trkpt lat="42.02686183154582977294921875" lon="128.06748236529529094696044921875">
        <ele>2625.800048828125</ele>
        <time>2026-10-03T05:51:52.000Z</time>
        <extensions>
          <ns3:TrackPointExtension>
            <ns3:hr>99</ns3:hr>
            <ns3:cad>0</ns3:cad>
          </ns3:TrackPointExtension>
        </extensions>
      </trkpt>
      <trkpt lat="42.0268656872212886810302734375" lon="128.067477084696292877197265625">
        <ele>2626.199951171875</ele>
        <time>2026-10-03T05:51:53.000Z</time>
        <extensions>
          <ns3:TrackPointExtension>
            <ns3:hr>99</ns3:hr>
            <ns3:cad>47</ns3:cad>
          </ns3:TrackPointExtension>
        </extensions>
      </trkpt>
      <trkpt lat="42.0268844626843929290771484375" lon="128.0674561299383640289306640625">
        <ele>2627.60009765625</ele>
        <time>2026-10-03T05:51:56.000Z</time>
        <extensions>
          <ns3:TrackPointExtension>
            <ns3:hr>99</ns3:hr>
            <ns3:cad>46</ns3:cad>
          </ns3:TrackPointExtension>
        </extensions>
      </trkpt>
      <trkpt lat="42.026903741061687469482421875" lon="128.06744850240647792816162109375">
        <ele>2628</ele>
        <time>2026-10-03T05:51:58.000Z</time>
        <extensions>
          <ns3:TrackPointExtension>
            <ns3:hr>99</ns3:hr>
            <ns3:cad>46</ns3:cad>
          </ns3:TrackPointExtension>
        </extensions>
      </trkpt>
      <trkpt lat="42.0269411243498325347900390625" lon="128.067434169352054595947265625">
        <ele>2627</ele>
        <time>2026-10-03T05:52:05.000Z</time>
        <extensions>
          <ns3:TrackPointExtension>
            <ns3:hr>99</ns3:hr>
            <ns3:cad>46</ns3:cad>
          </ns3:TrackPointExtension>
        </extensions>
      </trkpt>
      <trkpt lat="42.026944644749164581298828125" lon="128.0674524419009685516357421875">
        <ele>2626.39990234375</ele>
        <time>2026-10-03T05:52:07.000Z</time>
        <extensions>
          <ns3:TrackPointExtension>
            <ns3:hr>98</ns3:hr>
            <ns3:cad>51</ns3:cad>
          </ns3:TrackPointExtension>
        </extensions>
      </trkpt>
      <trkpt lat="42.0269545353949069976806640625" lon="128.067462332546710968017578125">
        <ele>2625.60009765625</ele>
        <time>2026-10-03T05:52:11.000Z</time>
        <extensions>
          <ns3:TrackPointExtension>
            <ns3:hr>97</ns3:hr>
            <ns3:cad>0</ns3:cad>
          </ns3:TrackPointExtension>
        </extensions>
      </trkpt>
      <trkpt lat="42.0269542001187801361083984375" lon="128.06746643967926502227783203125">
        <ele>2625.39990234375</ele>
        <time>2026-10-03T05:52:12.000Z</time>
        <extensions>
          <ns3:TrackPointExtension>
            <ns3:hr>98</ns3:hr>
            <ns3:cad>0</ns3:cad>
          </ns3:TrackPointExtension>
        </extensions>
      </trkpt>
      <trkpt lat="42.02695394866168498992919921875" lon="128.067468367516994476318359375">
        <ele>2625</ele>
        <time>2026-10-03T05:52:15.000Z</time>
        <extensions>
          <ns3:TrackPointExtension>
            <ns3:hr>95</ns3:hr>
            <ns3:cad>0</ns3:cad>
          </ns3:TrackPointExtension>
        </extensions>
      </trkpt>
      <trkpt lat="42.026943303644657135009765625" lon="128.06744833476841449737548828125">
        <ele>2624.800048828125</ele>
        <time>2026-10-03T05:52:18.000Z</time>
        <extensions>
          <ns3:TrackPointExtension>
            <ns3:hr>97</ns3:hr>
            <ns3:cad>0</ns3:cad>
          </ns3:TrackPointExtension>
        </extensions>
      </trkpt>
      <trkpt lat="42.02696702443063259124755859375" lon="128.0673813633620738983154296875">
        <ele>2624.39990234375</ele>
        <time>2026-10-03T05:52:25.000Z</time>
        <extensions>
          <ns3:TrackPointExtension>
            <ns3:hr>97</ns3:hr>
            <ns3:cad>47</ns3:cad>
          </ns3:TrackPointExtension>
        </extensions>
      </trkpt>
      <trkpt lat="42.0269625820219516754150390625" lon="128.06736208498477935791015625">
        <ele>2624</ele>
        <time>2026-10-03T05:52:27.000Z</time>
        <extensions>
          <ns3:TrackPointExtension>
            <ns3:hr>96</ns3:hr>
            <ns3:cad>49</ns3:cad>
          </ns3:TrackPointExtension>
        </extensions>
      </trkpt>
      <trkpt lat="42.0269612409174442291259765625" lon="128.06733082048594951629638671875">
        <ele>2624</ele>
        <time>2026-10-03T05:52:30.000Z</time>
        <extensions>
          <ns3:TrackPointExtension>
            <ns3:hr>93</ns3:hr>
            <ns3:cad>47</ns3:cad>
          </ns3:TrackPointExtension>
        </extensions>
      </trkpt>
      <trkpt lat="42.02696484513580799102783203125" lon="128.06730441749095916748046875">
        <ele>2625.60009765625</ele>
        <time>2026-10-03T05:52:34.000Z</time>
        <extensions>
          <ns3:TrackPointExtension>
            <ns3:hr>94</ns3:hr>
            <ns3:cad>47</ns3:cad>
          </ns3:TrackPointExtension>
        </extensions>
      </trkpt>
      <trkpt lat="42.02696886844933032989501953125" lon="128.06728907860815525054931640625">
        <ele>2626.39990234375</ele>
        <time>2026-10-03T05:52:36.000Z</time>
        <extensions>
          <ns3:TrackPointExtension>
            <ns3:hr>93</ns3:hr>
            <ns3:cad>0</ns3:cad>
          </ns3:TrackPointExtension>
        </extensions>
      </trkpt>
      <trkpt lat="42.0269723050296306610107421875" lon="128.06728388182818889617919921875">
        <ele>2626.60009765625</ele>
        <time>2026-10-03T05:52:37.000Z</time>
        <extensions>
          <ns3:TrackPointExtension>
            <ns3:hr>94</ns3:hr>
            <ns3:cad>0</ns3:cad>
          </ns3:TrackPointExtension>
        </extensions>
      </trkpt>
      <trkpt lat="42.0269843749701976776123046875" lon="128.0672666989266872406005859375">
        <ele>2626.800048828125</ele>
        <time>2026-10-03T05:52:43.000Z</time>
        <extensions>
          <ns3:TrackPointExtension>
            <ns3:hr>94</ns3:hr>
            <ns3:cad>0</ns3:cad>
          </ns3:TrackPointExtension>
        </extensions>
      </trkpt>
      <trkpt lat="42.02699384652078151702880859375" lon="128.067236356437206268310546875">
        <ele>2626.60009765625</ele>
        <time>2026-10-03T05:52:50.000Z</time>
        <extensions>
          <ns3:TrackPointExtension>
            <ns3:hr>93</ns3:hr>
            <ns3:cad>45</ns3:cad>
          </ns3:TrackPointExtension>
        </extensions>
      </trkpt>
      <trkpt lat="42.02699552290141582489013671875" lon="128.06719251908361911773681640625">
        <ele>2626.60009765625</ele>
        <time>2026-10-03T05:52:56.000Z</time>
        <extensions>
          <ns3:TrackPointExtension>
            <ns3:hr>90</ns3:hr>
            <ns3:cad>0</ns3:cad>
          </ns3:TrackPointExtension>
        </extensions>
      </trkpt>
      <trkpt lat="42.02700021676719188690185546875" lon="128.06717340834438800811767578125">
        <ele>2626.60009765625</ele>
        <time>2026-10-03T05:52:59.000Z</time>
        <extensions>
          <ns3:TrackPointExtension>
            <ns3:hr>94</ns3:hr>
            <ns3:cad>0</ns3:cad>
          </ns3:TrackPointExtension>
        </extensions>
      </trkpt>
      <trkpt lat="42.02699669636785984039306640625" lon="128.06716586463153362274169921875">
        <ele>2626.800048828125</ele>
        <time>2026-10-03T05:53:00.000Z</time>
        <extensions>
          <ns3:TrackPointExtension>
            <ns3:hr>94</ns3:hr>
            <ns3:cad>0</ns3:cad>
          </ns3:TrackPointExtension>
        </extensions>
      </trkpt>
      <trkpt lat="42.02699594199657440185546875" lon="128.0671597458422183990478515625">
        <ele>2626.800048828125</ele>
        <time>2026-10-03T05:53:01.000Z</time>
        <extensions>
          <ns3:TrackPointExtension>
            <ns3:hr>91</ns3:hr>
            <ns3:cad>0</ns3:cad>
          </ns3:TrackPointExtension>
        </extensions>
      </trkpt>
      <trkpt lat="42.02698797918856143951416015625" lon="128.06708120740950107574462890625">
        <ele>2627.60009765625</ele>
        <time>2026-10-03T05:53:07.000Z</time>
        <extensions>
          <ns3:TrackPointExtension>
            <ns3:hr>89</ns3:hr>
            <ns3:cad>41</ns3:cad>
          </ns3:TrackPointExtension>
        </extensions>
      </trkpt>
      <trkpt lat="42.02698789536952972412109375" lon="128.06707835756242275238037109375">
        <ele>2628</ele>
        <time>2026-10-03T05:53:08.000Z</time>
        <extensions>
          <ns3:TrackPointExtension>
            <ns3:hr>91</ns3:hr>
            <ns3:cad>0</ns3:cad>
          </ns3:TrackPointExtension>
        </extensions>
      </trkpt>
      <trkpt lat="42.0270004682242870330810546875" lon="128.0670849792659282684326171875">
        <ele>2629</ele>
        <time>2026-10-03T05:53:11.000Z</time>
        <extensions>
          <ns3:TrackPointExtension>
            <ns3:hr>93</ns3:hr>
            <ns3:cad>0</ns3:cad>
          </ns3:TrackPointExtension>
        </extensions>
      </trkpt>
      <trkpt lat="42.027011699974536895751953125" lon="128.06709394790232181549072265625">
        <ele>2629.60009765625</ele>
        <time>2026-10-03T05:53:13.000Z</time>
        <extensions>
          <ns3:TrackPointExtension>
            <ns3:hr>95</ns3:hr>
            <ns3:cad>0</ns3:cad>
          </ns3:TrackPointExtension>
        </extensions>
      </trkpt>
      <trkpt lat="42.02702351845800876617431640625" lon="128.06709696538746356964111328125">
        <ele>2630</ele>
        <time>2026-10-03T05:53:14.000Z</time>
        <extensions>
          <ns3:TrackPointExtension>
            <ns3:hr>96</ns3:hr>
            <ns3:cad>0</ns3:cad>
          </ns3:TrackPointExtension>
        </extensions>
      </trkpt>
      <trkpt lat="42.02703055925667285919189453125" lon="128.06707986630499362945556640625">
        <ele>2631</ele>
        <time>2026-10-03T05:53:18.000Z</time>
        <extensions>
          <ns3:TrackPointExtension>
            <ns3:hr>99</ns3:hr>
            <ns3:cad>46</ns3:cad>
          </ns3:TrackPointExtension>
        </extensions>
      </trkpt>
      <trkpt lat="42.0270400308072566986083984375" lon="128.06708313524723052978515625">
        <ele>2630</ele>
        <time>2026-10-03T05:53:23.000Z</time>
        <extensions>
          <ns3:TrackPointExtension>
            <ns3:hr>94</ns3:hr>
            <ns3:cad>48</ns3:cad>
          </ns3:TrackPointExtension>
        </extensions>
      </trkpt>
      <trkpt lat="42.02704195864498615264892578125" lon="128.0670869909226894378662109375">
        <ele>2629.800048828125</ele>
        <time>2026-10-03T05:53:24.000Z</time>
        <extensions>
          <ns3:TrackPointExtension>
            <ns3:hr>94</ns3:hr>
            <ns3:cad>48</ns3:cad>
          </ns3:TrackPointExtension>
        </extensions>
      </trkpt>
      <trkpt lat="42.02704397030174732208251953125" lon="128.06708808057010173797607421875">
        <ele>2629.60009765625</ele>
        <time>2026-10-03T05:53:25.000Z</time>
        <extensions>
          <ns3:TrackPointExtension>
            <ns3:hr>97</ns3:hr>
            <ns3:cad>47</ns3:cad>
          </ns3:TrackPointExtension>
        </extensions>
      </trkpt>
      <trkpt lat="42.02704690396785736083984375" lon="128.0670765973627567291259765625">
        <ele>2629</ele>
        <time>2026-10-03T05:53:30.000Z</time>
        <extensions>
          <ns3:TrackPointExtension>
            <ns3:hr>96</ns3:hr>
            <ns3:cad>47</ns3:cad>
          </ns3:TrackPointExtension>
        </extensions>
      </trkpt>
      <trkpt lat="42.02704824507236480712890625" lon="128.0670809559524059295654296875">
        <ele>2629</ele>
        <time>2026-10-03T05:53:31.000Z</time>
        <extensions>
          <ns3:TrackPointExtension>
            <ns3:hr>96</ns3:hr>
            <ns3:cad>47</ns3:cad>
          </ns3:TrackPointExtension>
        </extensions>
      </trkpt>
      <trkpt lat="42.0270474068820476531982421875" lon="128.0670816265046596527099609375">
        <ele>2627.800048828125</ele>
        <time>2026-10-03T05:53:37.000Z</time>
        <extensions>
          <ns3:TrackPointExtension>
            <ns3:hr>96</ns3:hr>
            <ns3:cad>49</ns3:cad>
          </ns3:TrackPointExtension>
        </extensions>
      </trkpt>
      <trkpt lat="42.0270487479865550994873046875" lon="128.06708154268562793731689453125">
        <ele>2627.199951171875</ele>
        <time>2026-10-03T05:53:42.000Z</time>
        <extensions>
          <ns3:TrackPointExtension>
            <ns3:hr>93</ns3:hr>
            <ns3:cad>44</ns3:cad>
          </ns3:TrackPointExtension>
        </extensions>
      </trkpt>
      <trkpt lat="42.0270490832626819610595703125" lon="128.0670856498181819915771484375">
        <ele>2627.199951171875</ele>
        <time>2026-10-03T05:53:51.000Z</time>
        <extensions>
          <ns3:TrackPointExtension>
            <ns3:hr>92</ns3:hr>
            <ns3:cad>46</ns3:cad>
          </ns3:TrackPointExtension>
        </extensions>
      </trkpt>
      <trkpt lat="42.027051262557506561279296875" lon="128.06708908639848232269287109375">
        <ele>2627.199951171875</ele>
        <time>2026-10-03T05:53:54.000Z</time>
        <extensions>
          <ns3:TrackPointExtension>
            <ns3:hr>95</ns3:hr>
            <ns3:cad>46</ns3:cad>
          </ns3:TrackPointExtension>
        </extensions>
      </trkpt>
      <trkpt lat="42.02710649929940700531005859375" lon="128.067096211016178131103515625">
        <ele>2628</ele>
        <time>2026-10-03T05:54:22.000Z</time>
        <extensions>
          <ns3:TrackPointExtension>
            <ns3:hr>99</ns3:hr>
            <ns3:cad>47</ns3:cad>
          </ns3:TrackPointExtension>
        </extensions>
      </trkpt>
      <trkpt lat="42.02710800804197788238525390625" lon="128.06709528900682926177978515625">
        <ele>2628</ele>
        <time>2026-10-03T05:54:24.000Z</time>
        <extensions>
          <ns3:TrackPointExtension>
            <ns3:hr>96</ns3:hr>
            <ns3:cad>47</ns3:cad>
          </ns3:TrackPointExtension>
        </extensions>
      </trkpt>
      <trkpt lat="42.02710884623229503631591796875" lon="128.06709428317844867706298828125">
        <ele>2628</ele>
        <time>2026-10-03T05:54:26.000Z</time>
        <extensions>
          <ns3:TrackPointExtension>
            <ns3:hr>93</ns3:hr>
            <ns3:cad>45</ns3:cad>
          </ns3:TrackPointExtension>
        </extensions>
      </trkpt>
      <trkpt lat="42.027132399380207061767578125" lon="128.06708975695073604583740234375">
        <ele>2628.199951171875</ele>
        <time>2026-10-03T05:54:32.000Z</time>
        <extensions>
          <ns3:TrackPointExtension>
            <ns3:hr>97</ns3:hr>
            <ns3:cad>0</ns3:cad>
          </ns3:TrackPointExtension>
        </extensions>
      </trkpt>
      <trkpt lat="42.02713365666568279266357421875" lon="128.06708841584622859954833984375">
        <ele>2628.39990234375</ele>
        <time>2026-10-03T05:54:33.000Z</time>
        <extensions>
          <ns3:TrackPointExtension>
            <ns3:hr>97</ns3:hr>
            <ns3:cad>0</ns3:cad>
          </ns3:TrackPointExtension>
        </extensions>
      </trkpt>
      <trkpt lat="42.02716249041259288787841796875" lon="128.067089505493640899658203125">
        <ele>2628.39990234375</ele>
        <time>2026-10-03T05:54:51.000Z</time>
        <extensions>
          <ns3:TrackPointExtension>
            <ns3:hr>100</ns3:hr>
            <ns3:cad>0</ns3:cad>
          </ns3:TrackPointExtension>
        </extensions>
      </trkpt>
      <trkpt lat="42.0271669328212738037109375" lon="128.0670940317213535308837890625">
        <ele>2628.199951171875</ele>
        <time>2026-10-03T05:54:55.000Z</time>
        <extensions>
          <ns3:TrackPointExtension>
            <ns3:hr>97</ns3:hr>
            <ns3:cad>0</ns3:cad>
          </ns3:TrackPointExtension>
        </extensions>
      </trkpt>
      <trkpt lat="42.02716483734548091888427734375" lon="128.0671094544231891632080078125">
        <ele>2629</ele>
        <time>2026-10-03T05:55:16.000Z</time>
        <extensions>
          <ns3:TrackPointExtension>
            <ns3:hr>96</ns3:hr>
            <ns3:cad>0</ns3:cad>
          </ns3:TrackPointExtension>
        </extensions>
      </trkpt>
      <trkpt lat="42.0271563716232776641845703125" lon="128.067076765000820159912109375">
        <ele>2630</ele>
        <time>2026-10-03T05:55:39.000Z</time>
        <extensions>
          <ns3:TrackPointExtension>
            <ns3:hr>95</ns3:hr>
            <ns3:cad>0</ns3:cad>
          </ns3:TrackPointExtension>
        </extensions>
      </trkpt>
      <trkpt lat="42.027156539261341094970703125" lon="128.06707601062953472137451171875">
        <ele>2631</ele>
        <time>2026-10-03T05:55:45.000Z</time>
        <extensions>
          <ns3:TrackPointExtension>
            <ns3:hr>94</ns3:hr>
            <ns3:cad>0</ns3:cad>
          </ns3:TrackPointExtension>
        </extensions>
      </trkpt>
      <trkpt lat="42.0271741412580013275146484375" lon="128.06709998287260532379150390625">
        <ele>2632</ele>
        <time>2026-10-03T05:55:50.000Z</time>
        <extensions>
          <ns3:TrackPointExtension>
            <ns3:hr>96</ns3:hr>
            <ns3:cad>0</ns3:cad>
          </ns3:TrackPointExtension>
        </extensions>
      </trkpt>
      <trkpt lat="42.02718310989439487457275390625" lon="128.067096211016178131103515625">
        <ele>2632.199951171875</ele>
        <time>2026-10-03T05:55:51.000Z</time>
        <extensions>
          <ns3:TrackPointExtension>
            <ns3:hr>96</ns3:hr>
            <ns3:cad>0</ns3:cad>
          </ns3:TrackPointExtension>
        </extensions>
      </trkpt>
      <trkpt lat="42.02720255590975284576416015625" lon="128.06712470948696136474609375">
        <ele>2632.60009765625</ele>
        <time>2026-10-03T05:55:56.000Z</time>
        <extensions>
          <ns3:TrackPointExtension>
            <ns3:hr>98</ns3:hr>
            <ns3:cad>0</ns3:cad>
          </ns3:TrackPointExtension>
        </extensions>
      </trkpt>
      <trkpt lat="42.02720289118587970733642578125" lon="128.0670950375497341156005859375">
        <ele>2632.199951171875</ele>
        <time>2026-10-03T05:56:02.000Z</time>
        <extensions>
          <ns3:TrackPointExtension>
            <ns3:hr>97</ns3:hr>
            <ns3:cad>0</ns3:cad>
          </ns3:TrackPointExtension>
        </extensions>
      </trkpt>
      <trkpt lat="42.027208507061004638671875" lon="128.06709327735006809234619140625">
        <ele>2633.199951171875</ele>
        <time>2026-10-03T05:56:06.000Z</time>
        <extensions>
          <ns3:TrackPointExtension>
            <ns3:hr>98</ns3:hr>
            <ns3:cad>0</ns3:cad>
          </ns3:TrackPointExtension>
        </extensions>
      </trkpt>
      <trkpt lat="42.02720121480524539947509765625" lon="128.0670776031911373138427734375">
        <ele>2633.39990234375</ele>
        <time>2026-10-03T05:56:08.000Z</time>
        <extensions>
          <ns3:TrackPointExtension>
            <ns3:hr>99</ns3:hr>
            <ns3:cad>0</ns3:cad>
          </ns3:TrackPointExtension>
        </extensions>
      </trkpt>
      <trkpt lat="42.02720657922327518463134765625" lon="128.0670725740492343902587890625">
        <ele>2632.199951171875</ele>
        <time>2026-10-03T05:56:13.000Z</time>
        <extensions>
          <ns3:TrackPointExtension>
            <ns3:hr>100</ns3:hr>
            <ns3:cad>0</ns3:cad>
          </ns3:TrackPointExtension>
        </extensions>
      </trkpt>
      <trkpt lat="42.0271915756165981292724609375" lon="128.067064695060253143310546875">
        <ele>2630.800048828125</ele>
        <time>2026-10-03T05:56:18.000Z</time>
        <extensions>
          <ns3:TrackPointExtension>
            <ns3:hr>99</ns3:hr>
            <ns3:cad>0</ns3:cad>
          </ns3:TrackPointExtension>
        </extensions>
      </trkpt>
      <trkpt lat="42.0271937549114227294921875" lon="128.06706494651734828948974609375">
        <ele>2630</ele>
        <time>2026-10-03T05:56:20.000Z</time>
        <extensions>
          <ns3:TrackPointExtension>
            <ns3:hr>99</ns3:hr>
            <ns3:cad>0</ns3:cad>
          </ns3:TrackPointExtension>
        </extensions>
      </trkpt>
      <trkpt lat="42.02719350345432758331298828125" lon="128.0670668743550777435302734375">
        <ele>2629.60009765625</ele>
        <time>2026-10-03T05:56:21.000Z</time>
        <extensions>
          <ns3:TrackPointExtension>
            <ns3:hr>99</ns3:hr>
            <ns3:cad>0</ns3:cad>
          </ns3:TrackPointExtension>
        </extensions>
      </trkpt>
      <trkpt lat="42.0271935872733592987060546875" lon="128.0670695565640926361083984375">
        <ele>2628.800048828125</ele>
        <time>2026-10-03T05:56:31.000Z</time>
        <extensions>
          <ns3:TrackPointExtension>
            <ns3:hr>96</ns3:hr>
            <ns3:cad>0</ns3:cad>
          </ns3:TrackPointExtension>
        </extensions>
      </trkpt>
      <trkpt lat="42.0271937549114227294921875" lon="128.06707148440182209014892578125">
        <ele>2629</ele>
        <time>2026-10-03T05:56:43.000Z</time>
        <extensions>
          <ns3:TrackPointExtension>
            <ns3:hr>93</ns3:hr>
            <ns3:cad>0</ns3:cad>
          </ns3:TrackPointExtension>
        </extensions>
      </trkpt>
      <trkpt lat="42.02719350345432758331298828125" lon="128.0670722387731075286865234375">
        <ele>2629.199951171875</ele>
        <time>2026-10-03T05:56:48.000Z</time>
        <extensions>
          <ns3:TrackPointExtension>
            <ns3:hr>90</ns3:hr>
            <ns3:cad>0</ns3:cad>
          </ns3:TrackPointExtension>
        </extensions>
      </trkpt>
      <trkpt lat="42.027192749083042144775390625" lon="128.0670730769634246826171875">
        <ele>2629.199951171875</ele>
        <time>2026-10-03T05:56:51.000Z</time>
        <extensions>
          <ns3:TrackPointExtension>
            <ns3:hr>87</ns3:hr>
            <ns3:cad>0</ns3:cad>
          </ns3:TrackPointExtension>
        </extensions>
      </trkpt>
      <trkpt lat="42.02718746848404407501220703125" lon="128.0670838057994842529296875">
        <ele>2629.39990234375</ele>
        <time>2026-10-03T05:57:08.000Z</time>
        <extensions>
          <ns3:TrackPointExtension>
            <ns3:hr>90</ns3:hr>
            <ns3:cad>0</ns3:cad>
          </ns3:TrackPointExtension>
        </extensions>
      </trkpt>
      <trkpt lat="42.02718713320791721343994140625" lon="128.06708715856075286865234375">
        <ele>2629.60009765625</ele>
        <time>2026-10-03T05:57:12.000Z</time>
        <extensions>
          <ns3:TrackPointExtension>
            <ns3:hr>93</ns3:hr>
            <ns3:cad>0</ns3:cad>
          </ns3:TrackPointExtension>
        </extensions>
      </trkpt>
      <trkpt lat="42.02718696556985378265380859375" lon="128.06708774529397487640380859375">
        <ele>2630</ele>
        <time>2026-10-03T05:57:19.000Z</time>
        <extensions>
          <ns3:TrackPointExtension>
            <ns3:hr>96</ns3:hr>
            <ns3:cad>0</ns3:cad>
          </ns3:TrackPointExtension>
        </extensions>
      </trkpt>
      <trkpt lat="42.0271875523030757904052734375" lon="128.06708707474172115325927734375">
        <ele>2630.199951171875</ele>
        <time>2026-10-03T05:57:31.000Z</time>
        <extensions>
          <ns3:TrackPointExtension>
            <ns3:hr>93</ns3:hr>
            <ns3:cad>0</ns3:cad>
          </ns3:TrackPointExtension>
        </extensions>
      </trkpt>
      <trkpt lat="42.0271888934075832366943359375" lon="128.06708321906626224517822265625">
        <ele>2630.199951171875</ele>
        <time>2026-10-03T05:57:43.000Z</time>
        <extensions>
          <ns3:TrackPointExtension>
            <ns3:hr>90</ns3:hr>
            <ns3:cad>0</ns3:cad>
          </ns3:TrackPointExtension>
        </extensions>
      </trkpt>
      <trkpt lat="42.027189396321773529052734375" lon="128.067082129418849945068359375">
        <ele>2630.60009765625</ele>
        <time>2026-10-03T05:57:52.000Z</time>
        <extensions>
          <ns3:TrackPointExtension>
            <ns3:hr>89</ns3:hr>
            <ns3:cad>0</ns3:cad>
          </ns3:TrackPointExtension>
        </extensions>
      </trkpt>
      <trkpt lat="42.02718897722661495208740234375" lon="128.067078776657581329345703125">
        <ele>2630.800048828125</ele>
        <time>2026-10-03T05:57:56.000Z</time>
        <extensions>
          <ns3:TrackPointExtension>
            <ns3:hr>92</ns3:hr>
            <ns3:cad>0</ns3:cad>
          </ns3:TrackPointExtension>
        </extensions>
      </trkpt>
      <trkpt lat="42.027186043560504913330078125" lon="128.06706259958446025848388671875">
        <ele>2630.800048828125</ele>
        <time>2026-10-03T05:58:02.000Z</time>
        <extensions>
          <ns3:TrackPointExtension>
            <ns3:hr>95</ns3:hr>
            <ns3:cad>0</ns3:cad>
          </ns3:TrackPointExtension>
        </extensions>
      </trkpt>
      <trkpt lat="42.0271845348179340362548828125" lon="128.06705228984355926513671875">
        <ele>2630.800048828125</ele>
        <time>2026-10-03T05:58:09.000Z</time>
        <extensions>
          <ns3:TrackPointExtension>
            <ns3:hr>99</ns3:hr>
            <ns3:cad>0</ns3:cad>
          </ns3:TrackPointExtension>
        </extensions>
      </trkpt>
      <trkpt lat="42.0271830260753631591796875" lon="128.06705019436776638031005859375">
        <ele>2630.60009765625</ele>
        <time>2026-10-03T05:58:16.000Z</time>
        <extensions>
          <ns3:TrackPointExtension>
            <ns3:hr>95</ns3:hr>
            <ns3:cad>0</ns3:cad>
          </ns3:TrackPointExtension>
        </extensions>
      </trkpt>
      <trkpt lat="42.02718294225633144378662109375" lon="128.0670501105487346649169921875">
        <ele>2630.39990234375</ele>
        <time>2026-10-03T05:58:23.000Z</time>
        <extensions>
          <ns3:TrackPointExtension>
            <ns3:hr>95</ns3:hr>
            <ns3:cad>86</ns3:cad>
          </ns3:TrackPointExtension>
        </extensions>
      </trkpt>
      <trkpt lat="42.02718436717987060546875" lon="128.067092858254909515380859375">
        <ele>2630</ele>
        <time>2026-10-03T05:58:42.000Z</time>
        <extensions>
          <ns3:TrackPointExtension>
            <ns3:hr>92</ns3:hr>
            <ns3:cad>0</ns3:cad>
          </ns3:TrackPointExtension>
        </extensions>
      </trkpt>
      <trkpt lat="42.0271818526089191436767578125" lon="128.067092858254909515380859375">
        <ele>2629.800048828125</ele>
        <time>2026-10-03T05:58:51.000Z</time>
        <extensions>
          <ns3:TrackPointExtension>
            <ns3:hr>94</ns3:hr>
            <ns3:cad>0</ns3:cad>
          </ns3:TrackPointExtension>
        </extensions>
      </trkpt>
      <trkpt lat="42.02717171050608158111572265625" lon="128.067092858254909515380859375">
        <ele>2629.800048828125</ele>
        <time>2026-10-03T05:58:53.000Z</time>
        <extensions>
          <ns3:TrackPointExtension>
            <ns3:hr>91</ns3:hr>
            <ns3:cad>0</ns3:cad>
          </ns3:TrackPointExtension>
        </extensions>
      </trkpt>
      <trkpt lat="42.02716282568871974945068359375" lon="128.0670853145420551300048828125">
        <ele>2631.800048828125</ele>
        <time>2026-10-03T05:59:11.000Z</time>
        <extensions>
          <ns3:TrackPointExtension>
            <ns3:hr>93</ns3:hr>
            <ns3:cad>0</ns3:cad>
          </ns3:TrackPointExtension>
        </extensions>
      </trkpt>
      <trkpt lat="42.02716358006000518798828125" lon="128.06708523072302341461181640625">
        <ele>2632</ele>
        <time>2026-10-03T05:59:12.000Z</time>
        <extensions>
          <ns3:TrackPointExtension>
            <ns3:hr>90</ns3:hr>
            <ns3:cad>0</ns3:cad>
          </ns3:TrackPointExtension>
        </extensions>
      </trkpt>
      <trkpt lat="42.02717430889606475830078125" lon="128.06708791293203830718994140625">
        <ele>2632.800048828125</ele>
        <time>2026-10-03T05:59:25.000Z</time>
        <extensions>
          <ns3:TrackPointExtension>
            <ns3:hr>87</ns3:hr>
            <ns3:cad>0</ns3:cad>
          </ns3:TrackPointExtension>
        </extensions>
      </trkpt>
      <trkpt lat="42.0271801762282848358154296875" lon="128.06708657182753086090087890625">
        <ele>2632.800048828125</ele>
        <time>2026-10-03T05:59:29.000Z</time>
        <extensions>
          <ns3:TrackPointExtension>
            <ns3:hr>90</ns3:hr>
            <ns3:cad>0</ns3:cad>
          </ns3:TrackPointExtension>
        </extensions>
      </trkpt>
      <trkpt lat="42.027183361351490020751953125" lon="128.0670843087136745452880859375">
        <ele>2632.39990234375</ele>
        <time>2026-10-03T05:59:37.000Z</time>
        <extensions>
          <ns3:TrackPointExtension>
            <ns3:hr>85</ns3:hr>
            <ns3:cad>0</ns3:cad>
          </ns3:TrackPointExtension>
        </extensions>
      </trkpt>
      <trkpt lat="42.027184702455997467041015625" lon="128.06707684881985187530517578125">
        <ele>2632.199951171875</ele>
        <time>2026-10-03T05:59:44.000Z</time>
        <extensions>
          <ns3:TrackPointExtension>
            <ns3:hr>88</ns3:hr>
            <ns3:cad>0</ns3:cad>
          </ns3:TrackPointExtension>
        </extensions>
      </trkpt>
      <trkpt lat="42.027184702455997467041015625" lon="128.067067377269268035888671875">
        <ele>2631.800048828125</ele>
        <time>2026-10-03T05:59:48.000Z</time>
        <extensions>
          <ns3:TrackPointExtension>
            <ns3:hr>85</ns3:hr>
            <ns3:cad>0</ns3:cad>
          </ns3:TrackPointExtension>
        </extensions>
      </trkpt>
      <trkpt lat="42.027184702455997467041015625" lon="128.0670651979744434356689453125">
        <ele>2631.60009765625</ele>
        <time>2026-10-03T05:59:49.000Z</time>
        <extensions>
          <ns3:TrackPointExtension>
            <ns3:hr>86</ns3:hr>
            <ns3:cad>0</ns3:cad>
          </ns3:TrackPointExtension>
        </extensions>
      </trkpt>
      <trkpt lat="42.027192749083042144775390625" lon="128.067063353955745697021484375">
        <ele>2631</ele>
        <time>2026-10-03T05:59:54.000Z</time>
        <extensions>
          <ns3:TrackPointExtension>
            <ns3:hr>89</ns3:hr>
            <ns3:cad>0</ns3:cad>
          </ns3:TrackPointExtension>
        </extensions>
      </trkpt>
      <trkpt lat="42.02719300054013729095458984375" lon="128.067063353955745697021484375">
        <ele>2630.800048828125</ele>
        <time>2026-10-03T05:59:55.000Z</time>
        <extensions>
          <ns3:TrackPointExtension>
            <ns3:hr>94</ns3:hr>
            <ns3:cad>0</ns3:cad>
          </ns3:TrackPointExtension>
        </extensions>
      </trkpt>
      <trkpt lat="42.02719316817820072174072265625" lon="128.067063353955745697021484375">
        <ele>2630.800048828125</ele>
        <time>2026-10-03T05:59:56.000Z</time>
        <extensions>
          <ns3:TrackPointExtension>
            <ns3:hr>101</ns3:hr>
            <ns3:cad>0</ns3:cad>
          </ns3:TrackPointExtension>
        </extensions>
      </trkpt>
      <trkpt lat="42.0271932519972324371337890625" lon="128.067063353955745697021484375">
        <ele>2630.60009765625</ele>
        <time>2026-10-03T05:59:57.000Z</time>
        <extensions>
          <ns3:TrackPointExtension>
            <ns3:hr>105</ns3:hr>
            <ns3:cad>0</ns3:cad>
          </ns3:TrackPointExtension>
        </extensions>
      </trkpt>
      <trkpt lat="42.02719534747302532196044921875" lon="128.06706377305090427398681640625">
        <ele>2630.39990234375</ele>
        <time>2026-10-03T06:00:06.000Z</time>
        <extensions>
          <ns3:TrackPointExtension>
            <ns3:hr>102</ns3:hr>
            <ns3:cad>0</ns3:cad>
          </ns3:TrackPointExtension>
        </extensions>
      </trkpt>
      <trkpt lat="42.0271969400346279144287109375" lon="128.0670662038028240203857421875">
        <ele>2630.39990234375</ele>
        <time>2026-10-03T06:00:10.000Z</time>
        <extensions>
          <ns3:TrackPointExtension>
            <ns3:hr>99</ns3:hr>
            <ns3:cad>0</ns3:cad>
          </ns3:TrackPointExtension>
        </extensions>
      </trkpt>
      <trkpt lat="42.027200795710086822509765625" lon="128.06706813164055347442626953125">
        <ele>2630.39990234375</ele>
        <time>2026-10-03T06:00:16.000Z</time>
        <extensions>
          <ns3:TrackPointExtension>
            <ns3:hr>96</ns3:hr>
            <ns3:cad>0</ns3:cad>
          </ns3:TrackPointExtension>
        </extensions>
      </trkpt>
      <trkpt lat="42.02720121480524539947509765625" lon="128.0670688860118389129638671875">
        <ele>2630.39990234375</ele>
        <time>2026-10-03T06:00:18.000Z</time>
        <extensions>
          <ns3:TrackPointExtension>
            <ns3:hr>99</ns3:hr>
            <ns3:cad>0</ns3:cad>
          </ns3:TrackPointExtension>
        </extensions>
      </trkpt>
      <trkpt lat="42.02722719870507717132568359375" lon="128.06709562428295612335205078125">
        <ele>2631.199951171875</ele>
        <time>2026-10-03T06:00:29.000Z</time>
        <extensions>
          <ns3:TrackPointExtension>
            <ns3:hr>95</ns3:hr>
            <ns3:cad>0</ns3:cad>
          </ns3:TrackPointExtension>
        </extensions>
      </trkpt>
      <trkpt lat="42.0272348262369632720947265625" lon="128.06710534729063510894775390625">
        <ele>2631.199951171875</ele>
        <time>2026-10-03T06:00:37.000Z</time>
        <extensions>
          <ns3:TrackPointExtension>
            <ns3:hr>98</ns3:hr>
            <ns3:cad>0</ns3:cad>
          </ns3:TrackPointExtension>
        </extensions>
      </trkpt>
      <trkpt lat="42.02723507769405841827392578125" lon="128.067105598747730255126953125">
        <ele>2631.199951171875</ele>
        <time>2026-10-03T06:00:39.000Z</time>
        <extensions>
          <ns3:TrackPointExtension>
            <ns3:hr>95</ns3:hr>
            <ns3:cad>0</ns3:cad>
          </ns3:TrackPointExtension>
        </extensions>
      </trkpt>
      <trkpt lat="42.0272351615130901336669921875" lon="128.06710568256676197052001953125">
        <ele>2631.39990234375</ele>
        <time>2026-10-03T06:00:44.000Z</time>
        <extensions>
          <ns3:TrackPointExtension>
            <ns3:hr>92</ns3:hr>
            <ns3:cad>0</ns3:cad>
          </ns3:TrackPointExtension>
        </extensions>
      </trkpt>
      <trkpt lat="42.02722954563796520233154296875" lon="128.06708338670432567596435546875">
        <ele>2631.60009765625</ele>
        <time>2026-10-03T06:01:01.000Z</time>
        <extensions>
          <ns3:TrackPointExtension>
            <ns3:hr>94</ns3:hr>
            <ns3:cad>0</ns3:cad>
          </ns3:TrackPointExtension>
        </extensions>
      </trkpt>
      <trkpt lat="42.02725552953779697418212890625" lon="128.067084811627864837646484375">
        <ele>2631.39990234375</ele>
        <time>2026-10-03T06:01:37.000Z</time>
        <extensions>
          <ns3:TrackPointExtension>
            <ns3:hr>94</ns3:hr>
            <ns3:cad>0</ns3:cad>
          </ns3:TrackPointExtension>
        </extensions>
      </trkpt>
      <trkpt lat="42.0272572897374629974365234375" lon="128.06708975695073604583740234375">
        <ele>2631.800048828125</ele>
        <time>2026-10-03T06:01:41.000Z</time>
        <extensions>
          <ns3:TrackPointExtension>
            <ns3:hr>94</ns3:hr>
            <ns3:cad>0</ns3:cad>
          </ns3:TrackPointExtension>
        </extensions>
      </trkpt>
      <trkpt lat="42.02725385315716266632080078125" lon="128.0670940317213535308837890625">
        <ele>2632.60009765625</ele>
        <time>2026-10-03T06:01:47.000Z</time>
        <extensions>
          <ns3:TrackPointExtension>
            <ns3:hr>94</ns3:hr>
            <ns3:cad>0</ns3:cad>
          </ns3:TrackPointExtension>
        </extensions>
      </trkpt>
      <trkpt lat="42.02725737355649471282958984375" lon="128.06709579192101955413818359375">
        <ele>2632.800048828125</ele>
        <time>2026-10-03T06:01:48.000Z</time>
        <extensions>
          <ns3:TrackPointExtension>
            <ns3:hr>91</ns3:hr>
            <ns3:cad>0</ns3:cad>
          </ns3:TrackPointExtension>
        </extensions>
      </trkpt>
      <trkpt lat="42.02726416289806365966796875" lon="128.0671017430722713470458984375">
        <ele>2632.800048828125</ele>
        <time>2026-10-03T06:01:49.000Z</time>
        <extensions>
          <ns3:TrackPointExtension>
            <ns3:hr>89</ns3:hr>
            <ns3:cad>0</ns3:cad>
          </ns3:TrackPointExtension>
        </extensions>
      </trkpt>
      <trkpt lat="42.02726609073579311370849609375" lon="128.06710601784288883209228515625">
        <ele>2632.800048828125</ele>
        <time>2026-10-03T06:01:51.000Z</time>
        <extensions>
          <ns3:TrackPointExtension>
            <ns3:hr>86</ns3:hr>
            <ns3:cad>0</ns3:cad>
          </ns3:TrackPointExtension>
        </extensions>
      </trkpt>
      <trkpt lat="42.02726022340357303619384765625" lon="128.0670972168445587158203125">
        <ele>2633.199951171875</ele>
        <time>2026-10-03T06:01:54.000Z</time>
        <extensions>
          <ns3:TrackPointExtension>
            <ns3:hr>83</ns3:hr>
            <ns3:cad>0</ns3:cad>
          </ns3:TrackPointExtension>
        </extensions>
      </trkpt>
      <trkpt lat="42.0272529311478137969970703125" lon="128.06710836477577686309814453125">
        <ele>2633.800048828125</ele>
        <time>2026-10-03T06:01:57.000Z</time>
        <extensions>
          <ns3:TrackPointExtension>
            <ns3:hr>83</ns3:hr>
            <ns3:cad>0</ns3:cad>
          </ns3:TrackPointExtension>
        </extensions>
      </trkpt>
      <trkpt lat="42.02723599970340728759765625" lon="128.067124374210834503173828125">
        <ele>2635.199951171875</ele>
        <time>2026-10-03T06:02:00.000Z</time>
        <extensions>
          <ns3:TrackPointExtension>
            <ns3:hr>82</ns3:hr>
            <ns3:cad>0</ns3:cad>
          </ns3:TrackPointExtension>
        </extensions>
      </trkpt>
      <trkpt lat="42.02722929418087005615234375" lon="128.06713887490332126617431640625">
        <ele>2636.39990234375</ele>
        <time>2026-10-03T06:02:04.000Z</time>
        <extensions>
          <ns3:TrackPointExtension>
            <ns3:hr>82</ns3:hr>
            <ns3:cad>0</ns3:cad>
          </ns3:TrackPointExtension>
        </extensions>
      </trkpt>
      <trkpt lat="42.0272251032292842864990234375" lon="128.06713283993303775787353515625">
        <ele>2637.39990234375</ele>
        <time>2026-10-03T06:02:09.000Z</time>
        <extensions>
          <ns3:TrackPointExtension>
            <ns3:hr>83</ns3:hr>
            <ns3:cad>0</ns3:cad>
          </ns3:TrackPointExtension>
        </extensions>
      </trkpt>
      <trkpt lat="42.02722166664898395538330078125" lon="128.067110292613506317138671875">
        <ele>2636</ele>
        <time>2026-10-03T06:02:13.000Z</time>
        <extensions>
          <ns3:TrackPointExtension>
            <ns3:hr>83</ns3:hr>
            <ns3:cad>0</ns3:cad>
          </ns3:TrackPointExtension>
        </extensions>
      </trkpt>
      <trkpt lat="42.0272291265428066253662109375" lon="128.0671221949160099029541015625">
        <ele>2634.800048828125</ele>
        <time>2026-10-03T06:02:16.000Z</time>
        <extensions>
          <ns3:TrackPointExtension>
            <ns3:hr>82</ns3:hr>
            <ns3:cad>0</ns3:cad>
          </ns3:TrackPointExtension>
        </extensions>
      </trkpt>
      <trkpt lat="42.02723390422761440277099609375" lon="128.0671232007443904876708984375">
        <ele>2634.39990234375</ele>
        <time>2026-10-03T06:02:18.000Z</time>
        <extensions>
          <ns3:TrackPointExtension>
            <ns3:hr>79</ns3:hr>
            <ns3:cad>0</ns3:cad>
          </ns3:TrackPointExtension>
        </extensions>
      </trkpt>
      <trkpt lat="42.027234993875026702880859375" lon="128.06711859069764614105224609375">
        <ele>2634.199951171875</ele>
        <time>2026-10-03T06:02:19.000Z</time>
        <extensions>
          <ns3:TrackPointExtension>
            <ns3:hr>81</ns3:hr>
            <ns3:cad>0</ns3:cad>
          </ns3:TrackPointExtension>
        </extensions>
      </trkpt>
      <trkpt lat="42.0272435434162616729736328125" lon="128.067106939852237701416015625">
        <ele>2633.800048828125</ele>
        <time>2026-10-03T06:02:25.000Z</time>
        <extensions>
          <ns3:TrackPointExtension>
            <ns3:hr>84</ns3:hr>
            <ns3:cad>0</ns3:cad>
          </ns3:TrackPointExtension>
        </extensions>
      </trkpt>
      <trkpt lat="42.02724270522594451904296875" lon="128.06710635311901569366455078125">
        <ele>2633.800048828125</ele>
        <time>2026-10-03T06:02:26.000Z</time>
        <extensions>
          <ns3:TrackPointExtension>
            <ns3:hr>85</ns3:hr>
            <ns3:cad>0</ns3:cad>
          </ns3:TrackPointExtension>
        </extensions>
      </trkpt>
      <trkpt lat="42.02723641879856586456298828125" lon="128.06709788739681243896484375">
        <ele>2633.60009765625</ele>
        <time>2026-10-03T06:02:28.000Z</time>
        <extensions>
          <ns3:TrackPointExtension>
            <ns3:hr>87</ns3:hr>
            <ns3:cad>0</ns3:cad>
          </ns3:TrackPointExtension>
        </extensions>
      </trkpt>
      <trkpt lat="42.0272311381995677947998046875" lon="128.0671024136245250701904296875">
        <ele>2633.199951171875</ele>
        <time>2026-10-03T06:02:31.000Z</time>
        <extensions>
          <ns3:TrackPointExtension>
            <ns3:hr>90</ns3:hr>
            <ns3:cad>0</ns3:cad>
          </ns3:TrackPointExtension>
        </extensions>
      </trkpt>
      <trkpt lat="42.02722686342895030975341796875" lon="128.0671118013560771942138671875">
        <ele>2633</ele>
        <time>2026-10-03T06:02:35.000Z</time>
        <extensions>
          <ns3:TrackPointExtension>
            <ns3:hr>89</ns3:hr>
            <ns3:cad>0</ns3:cad>
          </ns3:TrackPointExtension>
        </extensions>
      </trkpt>
      <trkpt lat="42.02722686342895030975341796875" lon="128.0671118013560771942138671875">
        <ele>2633</ele>
        <time>2026-10-03T06:02:44.000Z</time>
        <extensions>
          <ns3:TrackPointExtension>
            <ns3:hr>92</ns3:hr>
            <ns3:cad>0</ns3:cad>
          </ns3:TrackPointExtension>
        </extensions>
      </trkpt>
      <trkpt lat="42.02722686342895030975341796875" lon="128.06711054407060146331787109375">
        <ele>2633</ele>
        <time>2026-10-03T06:02:45.000Z</time>
        <extensions>
          <ns3:TrackPointExtension>
            <ns3:hr>89</ns3:hr>
            <ns3:cad>0</ns3:cad>
          </ns3:TrackPointExtension>
        </extensions>
      </trkpt>
      <trkpt lat="42.02722686342895030975341796875" lon="128.06711020879447460174560546875">
        <ele>2633</ele>
        <time>2026-10-03T06:02:46.000Z</time>
        <extensions>
          <ns3:TrackPointExtension>
            <ns3:hr>92</ns3:hr>
            <ns3:cad>0</ns3:cad>
          </ns3:TrackPointExtension>
        </extensions>
      </trkpt>
      <trkpt lat="42.02722937799990177154541015625" lon="128.06710953824222087860107421875">
        <ele>2633</ele>
        <time>2026-10-03T06:02:50.000Z</time>
        <extensions>
          <ns3:TrackPointExtension>
            <ns3:hr>93</ns3:hr>
            <ns3:cad>0</ns3:cad>
          </ns3:TrackPointExtension>
        </extensions>
      </trkpt>
      <trkpt lat="42.02725586481392383575439453125" lon="128.0670856498181819915771484375">
        <ele>2633.800048828125</ele>
        <time>2026-10-03T06:03:15.000Z</time>
        <extensions>
          <ns3:TrackPointExtension>
            <ns3:hr>93</ns3:hr>
            <ns3:cad>0</ns3:cad>
          </ns3:TrackPointExtension>
        </extensions>
      </trkpt>
      <trkpt lat="42.02726324088871479034423828125" lon="128.06705991737544536590576171875">
        <ele>2632.800048828125</ele>
        <time>2026-10-03T06:03:23.000Z</time>
        <extensions>
          <ns3:TrackPointExtension>
            <ns3:hr>93</ns3:hr>
            <ns3:cad>0</ns3:cad>
          </ns3:TrackPointExtension>
        </extensions>
      </trkpt>
      <trkpt lat="42.02725066803395748138427734375" lon="128.06704466231167316436767578125">
        <ele>2632.60009765625</ele>
        <time>2026-10-03T06:03:30.000Z</time>
        <extensions>
          <ns3:TrackPointExtension>
            <ns3:hr>92</ns3:hr>
            <ns3:cad>0</ns3:cad>
          </ns3:TrackPointExtension>
        </extensions>
      </trkpt>
      <trkpt lat="42.02725385315716266632080078125" lon="128.06704181246459484100341796875">
        <ele>2631.800048828125</ele>
        <time>2026-10-03T06:03:42.000Z</time>
        <extensions>
          <ns3:TrackPointExtension>
            <ns3:hr>93</ns3:hr>
            <ns3:cad>0</ns3:cad>
          </ns3:TrackPointExtension>
        </extensions>
      </trkpt>
      <trkpt lat="42.02725603245198726654052734375" lon="128.06704181246459484100341796875">
        <ele>2631.60009765625</ele>
        <time>2026-10-03T06:03:45.000Z</time>
        <extensions>
          <ns3:TrackPointExtension>
            <ns3:hr>94</ns3:hr>
            <ns3:cad>67</ns3:cad>
          </ns3:TrackPointExtension>
        </extensions>
      </trkpt>
      <trkpt lat="42.027262486517429351806640625" lon="128.06708338670432567596435546875">
        <ele>2631.60009765625</ele>
        <time>2026-10-03T06:03:48.000Z</time>
        <extensions>
          <ns3:TrackPointExtension>
            <ns3:hr>98</ns3:hr>
            <ns3:cad>0</ns3:cad>
          </ns3:TrackPointExtension>
        </extensions>
      </trkpt>
      <trkpt lat="42.02726659364998340606689453125" lon="128.067135773599147796630859375">
        <ele>2631.60009765625</ele>
        <time>2026-10-03T06:03:49.000Z</time>
        <extensions>
          <ns3:TrackPointExtension>
            <ns3:hr>99</ns3:hr>
            <ns3:cad>0</ns3:cad>
          </ns3:TrackPointExtension>
        </extensions>
      </trkpt>
      <trkpt lat="42.027255780994892120361328125" lon="128.06747800670564174652099609375">
        <ele>2630.800048828125</ele>
        <time>2026-10-03T06:03:54.000Z</time>
        <extensions>
          <ns3:TrackPointExtension>
            <ns3:hr>100</ns3:hr>
            <ns3:cad>0</ns3:cad>
          </ns3:TrackPointExtension>
        </extensions>
      </trkpt>
      <trkpt lat="42.0272381789982318878173828125" lon="128.067574314773082733154296875">
        <ele>2630.199951171875</ele>
        <time>2026-10-03T06:03:55.000Z</time>
        <extensions>
          <ns3:TrackPointExtension>
            <ns3:hr>100</ns3:hr>
            <ns3:cad>0</ns3:cad>
          </ns3:TrackPointExtension>
        </extensions>
      </trkpt>
      <trkpt lat="42.0271939225494861602783203125" lon="128.06777514517307281494140625">
        <ele>2629</ele>
        <time>2026-10-03T06:03:57.000Z</time>
        <extensions>
          <ns3:TrackPointExtension>
            <ns3:hr>100</ns3:hr>
            <ns3:cad>0</ns3:cad>
          </ns3:TrackPointExtension>
        </extensions>
      </trkpt>
      <trkpt lat="42.0271696150302886962890625" lon="128.06788117624819278717041015625">
        <ele>2628.199951171875</ele>
        <time>2026-10-03T06:03:58.000Z</time>
        <extensions>
          <ns3:TrackPointExtension>
            <ns3:hr>100</ns3:hr>
            <ns3:cad>0</ns3:cad>
          </ns3:TrackPointExtension>
        </extensions>
      </trkpt>
      <trkpt lat="42.02715008519589900970458984375" lon="128.06799081154167652130126953125">
        <ele>2627.60009765625</ele>
        <time>2026-10-03T06:03:59.000Z</time>
        <extensions>
          <ns3:TrackPointExtension>
            <ns3:hr>100</ns3:hr>
            <ns3:cad>0</ns3:cad>
          </ns3:TrackPointExtension>
        </extensions>
      </trkpt>
      <trkpt lat="42.02712242491543292999267578125" lon="128.0681927315890789031982421875">
        <ele>2625.800048828125</ele>
        <time>2026-10-03T06:04:01.000Z</time>
        <extensions>
          <ns3:TrackPointExtension>
            <ns3:hr>100</ns3:hr>
            <ns3:cad>0</ns3:cad>
          </ns3:TrackPointExtension>
        </extensions>
      </trkpt>
      <trkpt lat="42.02712946571409702301025390625" lon="128.0682792328298091888427734375">
        <ele>2624.800048828125</ele>
        <time>2026-10-03T06:04:02.000Z</time>
        <extensions>
          <ns3:TrackPointExtension>
            <ns3:hr>100</ns3:hr>
            <ns3:cad>0</ns3:cad>
          </ns3:TrackPointExtension>
        </extensions>
      </trkpt>
      <trkpt lat="42.0271508395671844482421875" lon="128.068344108760356903076171875">
        <ele>2623.800048828125</ele>
        <time>2026-10-03T06:04:03.000Z</time>
        <extensions>
          <ns3:TrackPointExtension>
            <ns3:hr>100</ns3:hr>
            <ns3:cad>0</ns3:cad>
          </ns3:TrackPointExtension>
        </extensions>
      </trkpt>
      <trkpt lat="42.02724949456751346588134765625" lon="128.06848995387554168701171875">
        <ele>2622.199951171875</ele>
        <time>2026-10-03T06:04:05.000Z</time>
        <extensions>
          <ns3:TrackPointExtension>
            <ns3:hr>100</ns3:hr>
            <ns3:cad>0</ns3:cad>
          </ns3:TrackPointExtension>
        </extensions>
      </trkpt>
      <trkpt lat="42.02738762833178043365478515625" lon="128.06864694692194461822509765625">
        <ele>2620.800048828125</ele>
        <time>2026-10-03T06:04:07.000Z</time>
        <extensions>
          <ns3:TrackPointExtension>
            <ns3:hr>100</ns3:hr>
            <ns3:cad>0</ns3:cad>
          </ns3:TrackPointExtension>
        </extensions>
      </trkpt>
      <trkpt lat="42.0274658314883708953857421875" lon="128.0687320232391357421875">
        <ele>2620.199951171875</ele>
        <time>2026-10-03T06:04:08.000Z</time>
        <extensions>
          <ns3:TrackPointExtension>
            <ns3:hr>99</ns3:hr>
            <ns3:cad>0</ns3:cad>
          </ns3:TrackPointExtension>
        </extensions>
      </trkpt>
      <trkpt lat="42.027568928897380828857421875" lon="128.06884023360908031463623046875">
        <ele>2619.39990234375</ele>
        <time>2026-10-03T06:04:09.000Z</time>
        <extensions>
          <ns3:TrackPointExtension>
            <ns3:hr>99</ns3:hr>
            <ns3:cad>0</ns3:cad>
          </ns3:TrackPointExtension>
        </extensions>
      </trkpt>
      <trkpt lat="42.0277511514723300933837890625" lon="128.06903318502008914947509765625">
        <ele>2617.39990234375</ele>
        <time>2026-10-03T06:04:11.000Z</time>
        <extensions>
          <ns3:TrackPointExtension>
            <ns3:hr>99</ns3:hr>
            <ns3:cad>0</ns3:cad>
          </ns3:TrackPointExtension>
        </extensions>
      </trkpt>
      <trkpt lat="42.02784226275980472564697265625" lon="128.0691294930875301361083984375">
        <ele>2616.199951171875</ele>
        <time>2026-10-03T06:04:12.000Z</time>
        <extensions>
          <ns3:TrackPointExtension>
            <ns3:hr>98</ns3:hr>
            <ns3:cad>0</ns3:cad>
          </ns3:TrackPointExtension>
        </extensions>
      </trkpt>
      <trkpt lat="42.0279179513454437255859375" lon="128.0692081153392791748046875">
        <ele>2615</ele>
        <time>2026-10-03T06:04:13.000Z</time>
        <extensions>
          <ns3:TrackPointExtension>
            <ns3:hr>98</ns3:hr>
            <ns3:cad>0</ns3:cad>
          </ns3:TrackPointExtension>
        </extensions>
      </trkpt>
      <trkpt lat="42.0280270837247371673583984375" lon="128.069323785603046417236328125">
        <ele>2613.800048828125</ele>
        <time>2026-10-03T06:04:14.000Z</time>
        <extensions>
          <ns3:TrackPointExtension>
            <ns3:hr>99</ns3:hr>
            <ns3:cad>0</ns3:cad>
          </ns3:TrackPointExtension>
        </extensions>
      </trkpt>
      <trkpt lat="42.0281186141073703765869140625" lon="128.06941992603242397308349609375">
        <ele>2612.800048828125</ele>
        <time>2026-10-03T06:04:15.000Z</time>
        <extensions>
          <ns3:TrackPointExtension>
            <ns3:hr>97</ns3:hr>
            <ns3:cad>0</ns3:cad>
          </ns3:TrackPointExtension>
        </extensions>
      </trkpt>
      <trkpt lat="42.02830008231103420257568359375" lon="128.0695630051195621490478515625">
        <ele>2611</ele>
        <time>2026-10-03T06:04:17.000Z</time>
        <extensions>
          <ns3:TrackPointExtension>
            <ns3:hr>97</ns3:hr>
            <ns3:cad>0</ns3:cad>
          </ns3:TrackPointExtension>
        </extensions>
      </trkpt>
      <trkpt lat="42.02837862074375152587890625" lon="128.06959242559969425201416015625">
        <ele>2610.199951171875</ele>
        <time>2026-10-03T06:04:18.000Z</time>
        <extensions>
          <ns3:TrackPointExtension>
            <ns3:hr>97</ns3:hr>
            <ns3:cad>0</ns3:cad>
          </ns3:TrackPointExtension>
        </extensions>
      </trkpt>
      <trkpt lat="42.0285014994442462921142578125" lon="128.06961706839501857757568359375">
        <ele>2609.39990234375</ele>
        <time>2026-10-03T06:04:19.000Z</time>
        <extensions>
          <ns3:TrackPointExtension>
            <ns3:hr>97</ns3:hr>
            <ns3:cad>0</ns3:cad>
          </ns3:TrackPointExtension>
        </extensions>
      </trkpt>
      <trkpt lat="42.02872487716376781463623046875" lon="128.0696132965385913848876953125">
        <ele>2608.199951171875</ele>
        <time>2026-10-03T06:04:21.000Z</time>
        <extensions>
          <ns3:TrackPointExtension>
            <ns3:hr>96</ns3:hr>
            <ns3:cad>0</ns3:cad>
          </ns3:TrackPointExtension>
        </extensions>
      </trkpt>
      <trkpt lat="42.0289511047303676605224609375" lon="128.06961036287248134613037109375">
        <ele>2607.199951171875</ele>
        <time>2026-10-03T06:04:23.000Z</time>
        <extensions>
          <ns3:TrackPointExtension>
            <ns3:hr>96</ns3:hr>
            <ns3:cad>0</ns3:cad>
          </ns3:TrackPointExtension>
        </extensions>
      </trkpt>
      <trkpt lat="42.029152773320674896240234375" lon="128.06959544308483600616455078125">
        <ele>2605.60009765625</ele>
        <time>2026-10-03T06:04:25.000Z</time>
        <extensions>
          <ns3:TrackPointExtension>
            <ns3:hr>97</ns3:hr>
            <ns3:cad>0</ns3:cad>
          </ns3:TrackPointExtension>
        </extensions>
      </trkpt>
      <trkpt lat="42.0292404480278491973876953125" lon="128.06956292130053043365478515625">
        <ele>2604.60009765625</ele>
        <time>2026-10-03T06:04:26.000Z</time>
        <extensions>
          <ns3:TrackPointExtension>
            <ns3:hr>97</ns3:hr>
            <ns3:cad>0</ns3:cad>
          </ns3:TrackPointExtension>
        </extensions>
      </trkpt>
      <trkpt lat="42.0293024741113185882568359375" lon="128.06951313279569149017333984375">
        <ele>2603.39990234375</ele>
        <time>2026-10-03T06:04:27.000Z</time>
        <extensions>
          <ns3:TrackPointExtension>
            <ns3:hr>97</ns3:hr>
            <ns3:cad>0</ns3:cad>
          </ns3:TrackPointExtension>
        </extensions>
      </trkpt>
      <trkpt lat="42.02937296591699123382568359375" lon="128.06943400762975215911865234375">
        <ele>2602.199951171875</ele>
        <time>2026-10-03T06:04:28.000Z</time>
        <extensions>
          <ns3:TrackPointExtension>
            <ns3:hr>97</ns3:hr>
            <ns3:cad>0</ns3:cad>
          </ns3:TrackPointExtension>
        </extensions>
      </trkpt>
      <trkpt lat="42.029444463551044464111328125" lon="128.069335184991359710693359375">
        <ele>2601.199951171875</ele>
        <time>2026-10-03T06:04:29.000Z</time>
        <extensions>
          <ns3:TrackPointExtension>
            <ns3:hr>96</ns3:hr>
            <ns3:cad>0</ns3:cad>
          </ns3:TrackPointExtension>
        </extensions>
      </trkpt>
      <trkpt lat="42.0295167155563831329345703125" lon="128.069228567183017730712890625">
        <ele>2600.39990234375</ele>
        <time>2026-10-03T06:04:30.000Z</time>
        <extensions>
          <ns3:TrackPointExtension>
            <ns3:hr>96</ns3:hr>
            <ns3:cad>0</ns3:cad>
          </ns3:TrackPointExtension>
        </extensions>
      </trkpt>
      <trkpt lat="42.0295938290655612945556640625" lon="128.06911180727183818817138671875">
        <ele>2599.39990234375</ele>
        <time>2026-10-03T06:04:31.000Z</time>
        <extensions>
          <ns3:TrackPointExtension>
            <ns3:hr>96</ns3:hr>
            <ns3:cad>0</ns3:cad>
          </ns3:TrackPointExtension>
        </extensions>
      </trkpt>
      <trkpt lat="42.0297634787857532501220703125" lon="128.0688646249473094940185546875">
        <ele>2597.800048828125</ele>
        <time>2026-10-03T06:04:33.000Z</time>
        <extensions>
          <ns3:TrackPointExtension>
            <ns3:hr>95</ns3:hr>
            <ns3:cad>0</ns3:cad>
          </ns3:TrackPointExtension>
        </extensions>
      </trkpt>
      <trkpt lat="42.02993555925786495208740234375" lon="128.068613670766353607177734375">
        <ele>2595.60009765625</ele>
        <time>2026-10-03T06:04:35.000Z</time>
        <extensions>
          <ns3:TrackPointExtension>
            <ns3:hr>95</ns3:hr>
            <ns3:cad>0</ns3:cad>
          </ns3:TrackPointExtension>
        </extensions>
      </trkpt>
      <trkpt lat="42.03002549707889556884765625" lon="128.068462125957012176513671875">
        <ele>2594.60009765625</ele>
        <time>2026-10-03T06:04:36.000Z</time>
        <extensions>
          <ns3:TrackPointExtension>
            <ns3:hr>95</ns3:hr>
            <ns3:cad>0</ns3:cad>
          </ns3:TrackPointExtension>
        </extensions>
      </trkpt>
      <trkpt lat="42.0300789736211299896240234375" lon="128.06835860945284366607666015625">
        <ele>2593.39990234375</ele>
        <time>2026-10-03T06:04:37.000Z</time>
        <extensions>
          <ns3:TrackPointExtension>
            <ns3:hr>95</ns3:hr>
            <ns3:cad>0</ns3:cad>
          </ns3:TrackPointExtension>
        </extensions>
      </trkpt>
      <trkpt lat="42.0301607809960842132568359375" lon="128.068202622234821319580078125">
        <ele>2592.199951171875</ele>
        <time>2026-10-03T06:04:38.000Z</time>
        <extensions>
          <ns3:TrackPointExtension>
            <ns3:hr>94</ns3:hr>
            <ns3:cad>0</ns3:cad>
          </ns3:TrackPointExtension>
        </extensions>
      </trkpt>
      <trkpt lat="42.030215598642826080322265625" lon="128.06809189729392528533935546875">
        <ele>2591</ele>
        <time>2026-10-03T06:04:39.000Z</time>
        <extensions>
          <ns3:TrackPointExtension>
            <ns3:hr>93</ns3:hr>
            <ns3:cad>0</ns3:cad>
          </ns3:TrackPointExtension>
        </extensions>
      </trkpt>
      <trkpt lat="42.03029430471360683441162109375" lon="128.06794278323650360107421875">
        <ele>2589.800048828125</ele>
        <time>2026-10-03T06:04:40.000Z</time>
        <extensions>
          <ns3:TrackPointExtension>
            <ns3:hr>92</ns3:hr>
            <ns3:cad>0</ns3:cad>
          </ns3:TrackPointExtension>
        </extensions>
      </trkpt>
      <trkpt lat="42.03035314567387104034423828125" lon="128.06782342493534088134765625">
        <ele>2588.39990234375</ele>
        <time>2026-10-03T06:04:41.000Z</time>
        <extensions>
          <ns3:TrackPointExtension>
            <ns3:hr>91</ns3:hr>
            <ns3:cad>0</ns3:cad>
          </ns3:TrackPointExtension>
        </extensions>
      </trkpt>
      <trkpt lat="42.0304035209119319915771484375" lon="128.067699037492275238037109375">
        <ele>2587.199951171875</ele>
        <time>2026-10-03T06:04:42.000Z</time>
        <extensions>
          <ns3:TrackPointExtension>
            <ns3:hr>90</ns3:hr>
            <ns3:cad>0</ns3:cad>
          </ns3:TrackPointExtension>
        </extensions>
      </trkpt>
      <trkpt lat="42.03044417314231395721435546875" lon="128.067559897899627685546875">
        <ele>2586.39990234375</ele>
        <time>2026-10-03T06:04:43.000Z</time>
        <extensions>
          <ns3:TrackPointExtension>
            <ns3:hr>90</ns3:hr>
            <ns3:cad>0</ns3:cad>
          </ns3:TrackPointExtension>
        </extensions>
      </trkpt>
      <trkpt lat="42.03046445734798908233642578125" lon="128.06744649074971675872802734375">
        <ele>2585.60009765625</ele>
        <time>2026-10-03T06:04:44.000Z</time>
        <extensions>
          <ns3:TrackPointExtension>
            <ns3:hr>90</ns3:hr>
            <ns3:cad>0</ns3:cad>
          </ns3:TrackPointExtension>
        </extensions>
      </trkpt>
      <trkpt lat="42.03052103519439697265625" lon="128.06713736616075038909912109375">
        <ele>2584</ele>
        <time>2026-10-03T06:04:46.000Z</time>
        <extensions>
          <ns3:TrackPointExtension>
            <ns3:hr>89</ns3:hr>
            <ns3:cad>0</ns3:cad>
          </ns3:TrackPointExtension>
        </extensions>
      </trkpt>
      <trkpt lat="42.03056327998638153076171875" lon="128.0670061893761157989501953125">
        <ele>2583.39990234375</ele>
        <time>2026-10-03T06:04:47.000Z</time>
        <extensions>
          <ns3:TrackPointExtension>
            <ns3:hr>89</ns3:hr>
            <ns3:cad>0</ns3:cad>
          </ns3:TrackPointExtension>
        </extensions>
      </trkpt>
      <trkpt lat="42.03061616979539394378662109375" lon="128.0668901838362216949462890625">
        <ele>2583</ele>
        <time>2026-10-03T06:04:48.000Z</time>
        <extensions>
          <ns3:TrackPointExtension>
            <ns3:hr>89</ns3:hr>
            <ns3:cad>0</ns3:cad>
          </ns3:TrackPointExtension>
        </extensions>
      </trkpt>
      <trkpt lat="42.0307398028671741485595703125" lon="128.066676445305347442626953125">
        <ele>2582</ele>
        <time>2026-10-03T06:04:50.000Z</time>
        <extensions>
          <ns3:TrackPointExtension>
            <ns3:hr>88</ns3:hr>
            <ns3:cad>0</ns3:cad>
          </ns3:TrackPointExtension>
        </extensions>
      </trkpt>
      <trkpt lat="42.03084600158035755157470703125" lon="128.06651911698281764984130859375">
        <ele>2580</ele>
        <time>2026-10-03T06:04:52.000Z</time>
        <extensions>
          <ns3:TrackPointExtension>
            <ns3:hr>87</ns3:hr>
            <ns3:cad>50</ns3:cad>
          </ns3:TrackPointExtension>
        </extensions>
      </trkpt>
      <trkpt lat="42.03090568073093891143798828125" lon="128.0664650537073612213134765625">
        <ele>2579</ele>
        <time>2026-10-03T06:04:53.000Z</time>
        <extensions>
          <ns3:TrackPointExtension>
            <ns3:hr>87</ns3:hr>
            <ns3:cad>50</ns3:cad>
          </ns3:TrackPointExtension>
        </extensions>
      </trkpt>
      <trkpt lat="42.0309649407863616943359375" lon="128.0664513073861598968505859375">
        <ele>2577.800048828125</ele>
        <time>2026-10-03T06:04:54.000Z</time>
        <extensions>
          <ns3:TrackPointExtension>
            <ns3:hr>86</ns3:hr>
            <ns3:cad>50</ns3:cad>
          </ns3:TrackPointExtension>
        </extensions>
      </trkpt>
      <trkpt lat="42.03103132545948028564453125" lon="128.06648097932338714599609375">
        <ele>2576.800048828125</ele>
        <time>2026-10-03T06:04:55.000Z</time>
        <extensions>
          <ns3:TrackPointExtension>
            <ns3:hr>86</ns3:hr>
            <ns3:cad>50</ns3:cad>
          </ns3:TrackPointExtension>
        </extensions>
      </trkpt>
      <trkpt lat="42.03107398934662342071533203125" lon="128.06654593907296657562255859375">
        <ele>2575.800048828125</ele>
        <time>2026-10-03T06:04:56.000Z</time>
        <extensions>
          <ns3:TrackPointExtension>
            <ns3:hr>86</ns3:hr>
            <ns3:cad>0</ns3:cad>
          </ns3:TrackPointExtension>
        </extensions>
      </trkpt>
      <trkpt lat="42.0311069302260875701904296875" lon="128.0666279979050159454345703125">
        <ele>2575</ele>
        <time>2026-10-03T06:04:57.000Z</time>
        <extensions>
          <ns3:TrackPointExtension>
            <ns3:hr>86</ns3:hr>
            <ns3:cad>0</ns3:cad>
          </ns3:TrackPointExtension>
        </extensions>
      </trkpt>
      <trkpt lat="42.03113333322107791900634765625" lon="128.06674291379749774932861328125">
        <ele>2574.199951171875</ele>
        <time>2026-10-03T06:04:58.000Z</time>
        <extensions>
          <ns3:TrackPointExtension>
            <ns3:hr>86</ns3:hr>
            <ns3:cad>0</ns3:cad>
          </ns3:TrackPointExtension>
        </extensions>
      </trkpt>
      <trkpt lat="42.0311622507870197296142578125" lon="128.06688389740884304046630859375">
        <ele>2573.39990234375</ele>
        <time>2026-10-03T06:04:59.000Z</time>
        <extensions>
          <ns3:TrackPointExtension>
            <ns3:hr>86</ns3:hr>
            <ns3:cad>0</ns3:cad>
          </ns3:TrackPointExtension>
        </extensions>
      </trkpt>
      <trkpt lat="42.0311759971082210540771484375" lon="128.06705170311033725738525390625">
        <ele>2572.60009765625</ele>
        <time>2026-10-03T06:05:00.000Z</time>
        <extensions>
          <ns3:TrackPointExtension>
            <ns3:hr>86</ns3:hr>
            <ns3:cad>0</ns3:cad>
          </ns3:TrackPointExtension>
        </extensions>
      </trkpt>
      <trkpt lat="42.031190581619739532470703125" lon="128.06738764978945255279541015625">
        <ele>2571</ele>
        <time>2026-10-03T06:05:02.000Z</time>
        <extensions>
          <ns3:TrackPointExtension>
            <ns3:hr>86</ns3:hr>
            <ns3:cad>0</ns3:cad>
          </ns3:TrackPointExtension>
        </extensions>
      </trkpt>
      <trkpt lat="42.03121799044311046600341796875" lon="128.0674956925213336944580078125">
        <ele>2570</ele>
        <time>2026-10-03T06:05:03.000Z</time>
        <extensions>
          <ns3:TrackPointExtension>
            <ns3:hr>86</ns3:hr>
            <ns3:cad>0</ns3:cad>
          </ns3:TrackPointExtension>
        </extensions>
      </trkpt>
      <trkpt lat="42.03127934597432613372802734375" lon="128.06763273663818836212158203125">
        <ele>2569.199951171875</ele>
        <time>2026-10-03T06:05:04.000Z</time>
        <extensions>
          <ns3:TrackPointExtension>
            <ns3:hr>88</ns3:hr>
            <ns3:cad>0</ns3:cad>
          </ns3:TrackPointExtension>
        </extensions>
      </trkpt>
      <trkpt lat="42.03134925104677677154541015625" lon="128.06773181073367595672607421875">
        <ele>2568</ele>
        <time>2026-10-03T06:05:05.000Z</time>
        <extensions>
          <ns3:TrackPointExtension>
            <ns3:hr>86</ns3:hr>
            <ns3:cad>0</ns3:cad>
          </ns3:TrackPointExtension>
        </extensions>
      </trkpt>
      <trkpt lat="42.03150029294192790985107421875" lon="128.06790749542415142059326171875">
        <ele>2566.199951171875</ele>
        <time>2026-10-03T06:05:07.000Z</time>
        <extensions>
          <ns3:TrackPointExtension>
            <ns3:hr>85</ns3:hr>
            <ns3:cad>0</ns3:cad>
          </ns3:TrackPointExtension>
        </extensions>
      </trkpt>
      <trkpt lat="42.0316148735582828521728515625" lon="128.06802601553499698638916015625">
        <ele>2565.60009765625</ele>
        <time>2026-10-03T06:05:08.000Z</time>
        <extensions>
          <ns3:TrackPointExtension>
            <ns3:hr>84</ns3:hr>
            <ns3:cad>0</ns3:cad>
          </ns3:TrackPointExtension>
        </extensions>
      </trkpt>
      <trkpt lat="42.031688131392002105712890625" lon="128.068120479583740234375">
        <ele>2565</ele>
        <time>2026-10-03T06:05:09.000Z</time>
        <extensions>
          <ns3:TrackPointExtension>
            <ns3:hr>84</ns3:hr>
            <ns3:cad>0</ns3:cad>
          </ns3:TrackPointExtension>
        </extensions>
      </trkpt>
      <trkpt lat="42.0318475551903247833251953125" lon="128.06837721727788448333740234375">
        <ele>2564.199951171875</ele>
        <time>2026-10-03T06:05:11.000Z</time>
        <extensions>
          <ns3:TrackPointExtension>
            <ns3:hr>83</ns3:hr>
            <ns3:cad>0</ns3:cad>
          </ns3:TrackPointExtension>
        </extensions>
      </trkpt>
      <trkpt lat="42.03189860098063945770263671875" lon="128.068467490375041961669921875">
        <ele>2563.800048828125</ele>
        <time>2026-10-03T06:05:12.000Z</time>
        <extensions>
          <ns3:TrackPointExtension>
            <ns3:hr>83</ns3:hr>
            <ns3:cad>0</ns3:cad>
          </ns3:TrackPointExtension>
        </extensions>
      </trkpt>
      <trkpt lat="42.032001949846744537353515625" lon="128.06870209984481334686279296875">
        <ele>2562.60009765625</ele>
        <time>2026-10-03T06:05:14.000Z</time>
        <extensions>
          <ns3:TrackPointExtension>
            <ns3:hr>84</ns3:hr>
            <ns3:cad>0</ns3:cad>
          </ns3:TrackPointExtension>
        </extensions>
      </trkpt>
      <trkpt lat="42.03206959180533885955810546875" lon="128.068945594131946563720703125">
        <ele>2561.199951171875</ele>
        <time>2026-10-03T06:05:16.000Z</time>
        <extensions>
          <ns3:TrackPointExtension>
            <ns3:hr>86</ns3:hr>
            <ns3:cad>0</ns3:cad>
          </ns3:TrackPointExtension>
        </extensions>
      </trkpt>
      <trkpt lat="42.03206129372119903564453125" lon="128.06920367293059825897216796875">
        <ele>2559.60009765625</ele>
        <time>2026-10-03T06:05:18.000Z</time>
        <extensions>
          <ns3:TrackPointExtension>
            <ns3:hr>85</ns3:hr>
            <ns3:cad>0</ns3:cad>
          </ns3:TrackPointExtension>
        </extensions>
      </trkpt>
      <trkpt lat="42.03206129372119903564453125" lon="128.0693400464951992034912109375">
        <ele>2558.60009765625</ele>
        <time>2026-10-03T06:05:19.000Z</time>
        <extensions>
          <ns3:TrackPointExtension>
            <ns3:hr>86</ns3:hr>
            <ns3:cad>0</ns3:cad>
          </ns3:TrackPointExtension>
        </extensions>
      </trkpt>
      <trkpt lat="42.03208384104073047637939453125" lon="128.06949150748550891876220703125">
        <ele>2558</ele>
        <time>2026-10-03T06:05:20.000Z</time>
        <extensions>
          <ns3:TrackPointExtension>
            <ns3:hr>87</ns3:hr>
            <ns3:cad>0</ns3:cad>
          </ns3:TrackPointExtension>
        </extensions>
      </trkpt>
      <trkpt lat="42.0321687497198581695556640625" lon="128.0697879754006862640380859375">
        <ele>2556.39990234375</ele>
        <time>2026-10-03T06:05:22.000Z</time>
        <extensions>
          <ns3:TrackPointExtension>
            <ns3:hr>87</ns3:hr>
            <ns3:cad>0</ns3:cad>
          </ns3:TrackPointExtension>
        </extensions>
      </trkpt>
      <trkpt lat="42.03227293677628040313720703125" lon="128.07011914439499378204345703125">
        <ele>2554.39990234375</ele>
        <time>2026-10-03T06:05:24.000Z</time>
        <extensions>
          <ns3:TrackPointExtension>
            <ns3:hr>87</ns3:hr>
            <ns3:cad>0</ns3:cad>
          </ns3:TrackPointExtension>
        </extensions>
      </trkpt>
      <trkpt lat="42.03234736807644367218017578125" lon="128.0704246647655963897705078125">
        <ele>2552.800048828125</ele>
        <time>2026-10-03T06:05:26.000Z</time>
        <extensions>
          <ns3:TrackPointExtension>
            <ns3:hr>88</ns3:hr>
            <ns3:cad>0</ns3:cad>
          </ns3:TrackPointExtension>
        </extensions>
      </trkpt>
      <trkpt lat="42.0323682390153408050537109375" lon="128.07057403028011322021484375">
        <ele>2552.199951171875</ele>
        <time>2026-10-03T06:05:27.000Z</time>
        <extensions>
          <ns3:TrackPointExtension>
            <ns3:hr>88</ns3:hr>
            <ns3:cad>0</ns3:cad>
          </ns3:TrackPointExtension>
        </extensions>
      </trkpt>
      <trkpt lat="42.03237150795757770538330078125" lon="128.07070889510214328765869140625">
        <ele>2551.800048828125</ele>
        <time>2026-10-03T06:05:28.000Z</time>
        <extensions>
          <ns3:TrackPointExtension>
            <ns3:hr>88</ns3:hr>
            <ns3:cad>0</ns3:cad>
          </ns3:TrackPointExtension>
        </extensions>
      </trkpt>
      <trkpt lat="42.03235675580799579620361328125" lon="128.07083730585873126983642578125">
        <ele>2551.199951171875</ele>
        <time>2026-10-03T06:05:29.000Z</time>
        <extensions>
          <ns3:TrackPointExtension>
            <ns3:hr>88</ns3:hr>
            <ns3:cad>0</ns3:cad>
          </ns3:TrackPointExtension>
        </extensions>
      </trkpt>
      <trkpt lat="42.032335884869098663330078125" lon="128.07096454314887523651123046875">
        <ele>2550.60009765625</ele>
        <time>2026-10-03T06:05:30.000Z</time>
        <extensions>
          <ns3:TrackPointExtension>
            <ns3:hr>89</ns3:hr>
            <ns3:cad>0</ns3:cad>
          </ns3:TrackPointExtension>
        </extensions>
      </trkpt>
      <trkpt lat="42.03230797313153743743896484375" lon="128.0710856616497039794921875">
        <ele>2550</ele>
        <time>2026-10-03T06:05:31.000Z</time>
        <extensions>
          <ns3:TrackPointExtension>
            <ns3:hr>88</ns3:hr>
            <ns3:cad>0</ns3:cad>
          </ns3:TrackPointExtension>
        </extensions>
      </trkpt>
      <trkpt lat="42.0322777144610881805419921875" lon="128.071189932525157928466796875">
        <ele>2549.39990234375</ele>
        <time>2026-10-03T06:05:32.000Z</time>
        <extensions>
          <ns3:TrackPointExtension>
            <ns3:hr>88</ns3:hr>
            <ns3:cad>0</ns3:cad>
          </ns3:TrackPointExtension>
        </extensions>
      </trkpt>
      <trkpt lat="42.03223907388746738433837890625" lon="128.07126260362565517425537109375">
        <ele>2549</ele>
        <time>2026-10-03T06:05:33.000Z</time>
        <extensions>
          <ns3:TrackPointExtension>
            <ns3:hr>88</ns3:hr>
            <ns3:cad>0</ns3:cad>
          </ns3:TrackPointExtension>
        </extensions>
      </trkpt>
      <trkpt lat="42.0322468690574169158935546875" lon="128.071401156485080718994140625">
        <ele>2547.800048828125</ele>
        <time>2026-10-03T06:05:35.000Z</time>
        <extensions>
          <ns3:TrackPointExtension>
            <ns3:hr>87</ns3:hr>
            <ns3:cad>0</ns3:cad>
          </ns3:TrackPointExtension>
        </extensions>
      </trkpt>
      <trkpt lat="42.032317779958248138427734375" lon="128.0714370310306549072265625">
        <ele>2546.199951171875</ele>
        <time>2026-10-03T06:05:37.000Z</time>
        <extensions>
          <ns3:TrackPointExtension>
            <ns3:hr>86</ns3:hr>
            <ns3:cad>0</ns3:cad>
          </ns3:TrackPointExtension>
        </extensions>
      </trkpt>
      <trkpt lat="42.03243923373520374298095703125" lon="128.07136285118758678436279296875">
        <ele>2544.39990234375</ele>
        <time>2026-10-03T06:05:39.000Z</time>
        <extensions>
          <ns3:TrackPointExtension>
            <ns3:hr>86</ns3:hr>
            <ns3:cad>0</ns3:cad>
          </ns3:TrackPointExtension>
        </extensions>
      </trkpt>
      <trkpt lat="42.03250511549413204193115234375" lon="128.0712906830012798309326171875">
        <ele>2543.39990234375</ele>
        <time>2026-10-03T06:05:40.000Z</time>
        <extensions>
          <ns3:TrackPointExtension>
            <ns3:hr>86</ns3:hr>
            <ns3:cad>0</ns3:cad>
          </ns3:TrackPointExtension>
        </extensions>
      </trkpt>
      <trkpt lat="42.03257887624204158782958984375" lon="128.0711934529244899749755859375">
        <ele>2542.39990234375</ele>
        <time>2026-10-03T06:05:41.000Z</time>
        <extensions>
          <ns3:TrackPointExtension>
            <ns3:hr>86</ns3:hr>
            <ns3:cad>0</ns3:cad>
          </ns3:TrackPointExtension>
        </extensions>
      </trkpt>
      <trkpt lat="42.03273444436490535736083984375" lon="128.0709912814199924468994140625">
        <ele>2540.800048828125</ele>
        <time>2026-10-03T06:05:43.000Z</time>
        <extensions>
          <ns3:TrackPointExtension>
            <ns3:hr>86</ns3:hr>
            <ns3:cad>0</ns3:cad>
          </ns3:TrackPointExtension>
        </extensions>
      </trkpt>
      <trkpt lat="42.03279554843902587890625" lon="128.07087854482233524322509765625">
        <ele>2540</ele>
        <time>2026-10-03T06:05:44.000Z</time>
        <extensions>
          <ns3:TrackPointExtension>
            <ns3:hr>85</ns3:hr>
            <ns3:cad>0</ns3:cad>
          </ns3:TrackPointExtension>
        </extensions>
      </trkpt>
      <trkpt lat="42.03285145573318004608154296875" lon="128.07076446712017059326171875">
        <ele>2539.199951171875</ele>
        <time>2026-10-03T06:05:45.000Z</time>
        <extensions>
          <ns3:TrackPointExtension>
            <ns3:hr>84</ns3:hr>
            <ns3:cad>0</ns3:cad>
          </ns3:TrackPointExtension>
        </extensions>
      </trkpt>
      <trkpt lat="42.03289655037224292755126953125" lon="128.07063572108745574951171875">
        <ele>2538.39990234375</ele>
        <time>2026-10-03T06:05:46.000Z</time>
        <extensions>
          <ns3:TrackPointExtension>
            <ns3:hr>83</ns3:hr>
            <ns3:cad>0</ns3:cad>
          </ns3:TrackPointExtension>
        </extensions>
      </trkpt>
      <trkpt lat="42.03293971717357635498046875" lon="128.07048694230616092681884765625">
        <ele>2537.60009765625</ele>
        <time>2026-10-03T06:05:47.000Z</time>
        <extensions>
          <ns3:TrackPointExtension>
            <ns3:hr>82</ns3:hr>
            <ns3:cad>0</ns3:cad>
          </ns3:TrackPointExtension>
        </extensions>
      </trkpt>
      <trkpt lat="42.0330287329852581024169921875" lon="128.07017647661268711090087890625">
        <ele>2535.800048828125</ele>
        <time>2026-10-03T06:05:49.000Z</time>
        <extensions>
          <ns3:TrackPointExtension>
            <ns3:hr>80</ns3:hr>
            <ns3:cad>0</ns3:cad>
          </ns3:TrackPointExtension>
        </extensions>
      </trkpt>
      <trkpt lat="42.0331843011081218719482421875" lon="128.06981203146278858184814453125">
        <ele>2534</ele>
        <time>2026-10-03T06:05:51.000Z</time>
        <extensions>
          <ns3:TrackPointExtension>
            <ns3:hr>79</ns3:hr>
            <ns3:cad>0</ns3:cad>
          </ns3:TrackPointExtension>
        </extensions>
      </trkpt>
      <trkpt lat="42.0333264581859111785888671875" lon="128.06948279030621051788330078125">
        <ele>2532.39990234375</ele>
        <time>2026-10-03T06:05:53.000Z</time>
        <extensions>
          <ns3:TrackPointExtension>
            <ns3:hr>78</ns3:hr>
            <ns3:cad>0</ns3:cad>
          </ns3:TrackPointExtension>
        </extensions>
      </trkpt>
      <trkpt lat="42.03339007683098316192626953125" lon="128.06926243007183074951171875">
        <ele>2531</ele>
        <time>2026-10-03T06:05:55.000Z</time>
        <extensions>
          <ns3:TrackPointExtension>
            <ns3:hr>78</ns3:hr>
            <ns3:cad>0</ns3:cad>
          </ns3:TrackPointExtension>
        </extensions>
      </trkpt>
      <trkpt lat="42.0334132947027683258056640625" lon="128.06920283474028110504150390625">
        <ele>2530.39990234375</ele>
        <time>2026-10-03T06:05:56.000Z</time>
        <extensions>
          <ns3:TrackPointExtension>
            <ns3:hr>79</ns3:hr>
            <ns3:cad>0</ns3:cad>
          </ns3:TrackPointExtension>
        </extensions>
      </trkpt>
      <trkpt lat="42.03345210291445255279541015625" lon="128.06914768181741237640380859375">
        <ele>2529.60009765625</ele>
        <time>2026-10-03T06:05:57.000Z</time>
        <extensions>
          <ns3:TrackPointExtension>
            <ns3:hr>79</ns3:hr>
            <ns3:cad>0</ns3:cad>
          </ns3:TrackPointExtension>
        </extensions>
      </trkpt>
      <trkpt lat="42.03348848037421703338623046875" lon="128.06911733932793140411376953125">
        <ele>2528.800048828125</ele>
        <time>2026-10-03T06:05:58.000Z</time>
        <extensions>
          <ns3:TrackPointExtension>
            <ns3:hr>79</ns3:hr>
            <ns3:cad>0</ns3:cad>
          </ns3:TrackPointExtension>
        </extensions>
      </trkpt>
      <trkpt lat="42.0335108600556850433349609375" lon="128.0691284872591495513916015625">
        <ele>2528.199951171875</ele>
        <time>2026-10-03T06:05:59.000Z</time>
        <extensions>
          <ns3:TrackPointExtension>
            <ns3:hr>79</ns3:hr>
            <ns3:cad>0</ns3:cad>
          </ns3:TrackPointExtension>
        </extensions>
      </trkpt>
      <trkpt lat="42.0335452258586883544921875" lon="128.06917391717433929443359375">
        <ele>2527.60009765625</ele>
        <time>2026-10-03T06:06:00.000Z</time>
        <extensions>
          <ns3:TrackPointExtension>
            <ns3:hr>79</ns3:hr>
            <ns3:cad>0</ns3:cad>
          </ns3:TrackPointExtension>
        </extensions>
      </trkpt>
      <trkpt lat="42.03354245983064174652099609375" lon="128.06925664655864238739013671875">
        <ele>2527.199951171875</ele>
        <time>2026-10-03T06:06:01.000Z</time>
        <extensions>
          <ns3:TrackPointExtension>
            <ns3:hr>80</ns3:hr>
            <ns3:cad>0</ns3:cad>
          </ns3:TrackPointExtension>
        </extensions>
      </trkpt>
      <trkpt lat="42.03355385921895503997802734375" lon="128.06934515945613384246826171875">
        <ele>2526.39990234375</ele>
        <time>2026-10-03T06:06:02.000Z</time>
        <extensions>
          <ns3:TrackPointExtension>
            <ns3:hr>80</ns3:hr>
            <ns3:cad>0</ns3:cad>
          </ns3:TrackPointExtension>
        </extensions>
      </trkpt>
      <trkpt lat="42.03357028774917125701904296875" lon="128.06945026852190494537353515625">
        <ele>2525.800048828125</ele>
        <time>2026-10-03T06:06:03.000Z</time>
        <extensions>
          <ns3:TrackPointExtension>
            <ns3:hr>80</ns3:hr>
            <ns3:cad>0</ns3:cad>
          </ns3:TrackPointExtension>
        </extensions>
      </trkpt>
      <trkpt lat="42.03359962441027164459228515625" lon="128.06971245445311069488525390625">
        <ele>2524.60009765625</ele>
        <time>2026-10-03T06:06:05.000Z</time>
        <extensions>
          <ns3:TrackPointExtension>
            <ns3:hr>80</ns3:hr>
            <ns3:cad>0</ns3:cad>
          </ns3:TrackPointExtension>
        </extensions>
      </trkpt>
      <trkpt lat="42.03361487947404384613037109375" lon="128.069855868816375732421875">
        <ele>2524</ele>
        <time>2026-10-03T06:06:06.000Z</time>
        <extensions>
          <ns3:TrackPointExtension>
            <ns3:hr>80</ns3:hr>
            <ns3:cad>0</ns3:cad>
          </ns3:TrackPointExtension>
        </extensions>
      </trkpt>
      <trkpt lat="42.0336137898266315460205078125" lon="128.06999106891453266143798828125">
        <ele>2523.199951171875</ele>
        <time>2026-10-03T06:06:07.000Z</time>
        <extensions>
          <ns3:TrackPointExtension>
            <ns3:hr>81</ns3:hr>
            <ns3:cad>0</ns3:cad>
          </ns3:TrackPointExtension>
        </extensions>
      </trkpt>
      <trkpt lat="42.033640444278717041015625" lon="128.0702962540090084075927734375">
        <ele>2522</ele>
        <time>2026-10-03T06:06:09.000Z</time>
        <extensions>
          <ns3:TrackPointExtension>
            <ns3:hr>81</ns3:hr>
            <ns3:cad>0</ns3:cad>
          </ns3:TrackPointExtension>
        </extensions>
      </trkpt>
      <trkpt lat="42.03367732465267181396484375" lon="128.07059548795223236083984375">
        <ele>2520.60009765625</ele>
        <time>2026-10-03T06:06:11.000Z</time>
        <extensions>
          <ns3:TrackPointExtension>
            <ns3:hr>81</ns3:hr>
            <ns3:cad>0</ns3:cad>
          </ns3:TrackPointExtension>
        </extensions>
      </trkpt>
      <trkpt lat="42.03367707319557666778564453125" lon="128.0707223899662494659423828125">
        <ele>2520</ele>
        <time>2026-10-03T06:06:12.000Z</time>
        <extensions>
          <ns3:TrackPointExtension>
            <ns3:hr>81</ns3:hr>
            <ns3:cad>0</ns3:cad>
          </ns3:TrackPointExtension>
        </extensions>
      </trkpt>
      <trkpt lat="42.03365745954215526580810546875" lon="128.07081048376858234405517578125">
        <ele>2519.39990234375</ele>
        <time>2026-10-03T06:06:13.000Z</time>
        <extensions>
          <ns3:TrackPointExtension>
            <ns3:hr>81</ns3:hr>
            <ns3:cad>0</ns3:cad>
          </ns3:TrackPointExtension>
        </extensions>
      </trkpt>
      <trkpt lat="42.0336305536329746246337890625" lon="128.07094560004770755767822265625">
        <ele>2519</ele>
        <time>2026-10-03T06:06:14.000Z</time>
        <extensions>
          <ns3:TrackPointExtension>
            <ns3:hr>81</ns3:hr>
            <ns3:cad>0</ns3:cad>
          </ns3:TrackPointExtension>
        </extensions>
      </trkpt>
      <trkpt lat="42.03356173820793628692626953125" lon="128.0711086280643939971923828125">
        <ele>2518.39990234375</ele>
        <time>2026-10-03T06:06:16.000Z</time>
        <extensions>
          <ns3:TrackPointExtension>
            <ns3:hr>81</ns3:hr>
            <ns3:cad>0</ns3:cad>
          </ns3:TrackPointExtension>
        </extensions>
      </trkpt>
      <trkpt lat="42.0335256122052669525146484375" lon="128.07117643766105175018310546875">
        <ele>2518.199951171875</ele>
        <time>2026-10-03T06:06:17.000Z</time>
        <extensions>
          <ns3:TrackPointExtension>
            <ns3:hr>81</ns3:hr>
            <ns3:cad>0</ns3:cad>
          </ns3:TrackPointExtension>
        </extensions>
      </trkpt>
      <trkpt lat="42.03343232162296772003173828125" lon="128.0713604204356670379638671875">
        <ele>2516.800048828125</ele>
        <time>2026-10-03T06:06:20.000Z</time>
        <extensions>
          <ns3:TrackPointExtension>
            <ns3:hr>82</ns3:hr>
            <ns3:cad>0</ns3:cad>
          </ns3:TrackPointExtension>
        </extensions>
      </trkpt>
      <trkpt lat="42.03341849148273468017578125" lon="128.071419261395931243896484375">
        <ele>2516.39990234375</ele>
        <time>2026-10-03T06:06:21.000Z</time>
        <extensions>
          <ns3:TrackPointExtension>
            <ns3:hr>82</ns3:hr>
            <ns3:cad>0</ns3:cad>
          </ns3:TrackPointExtension>
        </extensions>
      </trkpt>
      <trkpt lat="42.033427543938159942626953125" lon="128.071491681039333343505859375">
        <ele>2515.800048828125</ele>
        <time>2026-10-03T06:06:22.000Z</time>
        <extensions>
          <ns3:TrackPointExtension>
            <ns3:hr>82</ns3:hr>
            <ns3:cad>0</ns3:cad>
          </ns3:TrackPointExtension>
        </extensions>
      </trkpt>
      <trkpt lat="42.0334360934793949127197265625" lon="128.071539290249347686767578125">
        <ele>2515.39990234375</ele>
        <time>2026-10-03T06:06:23.000Z</time>
        <extensions>
          <ns3:TrackPointExtension>
            <ns3:hr>83</ns3:hr>
            <ns3:cad>0</ns3:cad>
          </ns3:TrackPointExtension>
        </extensions>
      </trkpt>
      <trkpt lat="42.03344942070543766021728515625" lon="128.07153954170644283294677734375">
        <ele>2514.60009765625</ele>
        <time>2026-10-03T06:06:25.000Z</time>
        <extensions>
          <ns3:TrackPointExtension>
            <ns3:hr>83</ns3:hr>
            <ns3:cad>0</ns3:cad>
          </ns3:TrackPointExtension>
        </extensions>
      </trkpt>
      <trkpt lat="42.033474147319793701171875" lon="128.07151816785335540771484375">
        <ele>2514.199951171875</ele>
        <time>2026-10-03T06:06:26.000Z</time>
        <extensions>
          <ns3:TrackPointExtension>
            <ns3:hr>83</ns3:hr>
            <ns3:cad>0</ns3:cad>
          </ns3:TrackPointExtension>
        </extensions>
      </trkpt>
      <trkpt lat="42.03356626443564891815185546875" lon="128.07146594859659671783447265625">
        <ele>2513.60009765625</ele>
        <time>2026-10-03T06:06:28.000Z</time>
        <extensions>
          <ns3:TrackPointExtension>
            <ns3:hr>84</ns3:hr>
            <ns3:cad>0</ns3:cad>
          </ns3:TrackPointExtension>
        </extensions>
      </trkpt>
      <trkpt lat="42.03365184366703033447265625" lon="128.07139704935252666473388671875">
        <ele>2513.199951171875</ele>
        <time>2026-10-03T06:06:30.000Z</time>
        <extensions>
          <ns3:TrackPointExtension>
            <ns3:hr>84</ns3:hr>
            <ns3:cad>0</ns3:cad>
          </ns3:TrackPointExtension>
        </extensions>
      </trkpt>
      <trkpt lat="42.033718563616275787353515625" lon="128.07134726084768772125244140625">
        <ele>2513.199951171875</ele>
        <time>2026-10-03T06:06:31.000Z</time>
        <extensions>
          <ns3:TrackPointExtension>
            <ns3:hr>85</ns3:hr>
            <ns3:cad>0</ns3:cad>
          </ns3:TrackPointExtension>
        </extensions>
      </trkpt>
      <trkpt lat="42.0338132791221141815185546875" lon="128.07128238491714000701904296875">
        <ele>2513.199951171875</ele>
        <time>2026-10-03T06:06:32.000Z</time>
        <extensions>
          <ns3:TrackPointExtension>
            <ns3:hr>85</ns3:hr>
            <ns3:cad>0</ns3:cad>
          </ns3:TrackPointExtension>
        </extensions>
      </trkpt>
      <trkpt lat="42.033989466726779937744140625" lon="128.0711515434086322784423828125">
        <ele>2513</ele>
        <time>2026-10-03T06:06:34.000Z</time>
        <extensions>
          <ns3:TrackPointExtension>
            <ns3:hr>85</ns3:hr>
            <ns3:cad>0</ns3:cad>
          </ns3:TrackPointExtension>
        </extensions>
      </trkpt>
      <trkpt lat="42.03417043201625347137451171875" lon="128.070928752422332763671875">
        <ele>2513</ele>
        <time>2026-10-03T06:06:37.000Z</time>
        <extensions>
          <ns3:TrackPointExtension>
            <ns3:hr>84</ns3:hr>
            <ns3:cad>0</ns3:cad>
          </ns3:TrackPointExtension>
        </extensions>
      </trkpt>
      <trkpt lat="42.03427235595881938934326171875" lon="128.0708469450473785400390625">
        <ele>2511.800048828125</ele>
        <time>2026-10-03T06:06:39.000Z</time>
        <extensions>
          <ns3:TrackPointExtension>
            <ns3:hr>84</ns3:hr>
            <ns3:cad>0</ns3:cad>
          </ns3:TrackPointExtension>
        </extensions>
      </trkpt>
      <trkpt lat="42.034312002360820770263671875" lon="128.07076656259596347808837890625">
        <ele>2510</ele>
        <time>2026-10-03T06:06:40.000Z</time>
        <extensions>
          <ns3:TrackPointExtension>
            <ns3:hr>85</ns3:hr>
            <ns3:cad>76</ns3:cad>
          </ns3:TrackPointExtension>
        </extensions>
      </trkpt>
      <trkpt lat="42.03435164876282215118408203125" lon="128.070650137960910797119140625">
        <ele>2508.39990234375</ele>
        <time>2026-10-03T06:06:41.000Z</time>
        <extensions>
          <ns3:TrackPointExtension>
            <ns3:hr>84</ns3:hr>
            <ns3:cad>76</ns3:cad>
          </ns3:TrackPointExtension>
        </extensions>
      </trkpt>
      <trkpt lat="42.03439707867801189422607421875" lon="128.07053103111684322357177734375">
        <ele>2507.199951171875</ele>
        <time>2026-10-03T06:06:42.000Z</time>
        <extensions>
          <ns3:TrackPointExtension>
            <ns3:hr>84</ns3:hr>
            <ns3:cad>76</ns3:cad>
          </ns3:TrackPointExtension>
        </extensions>
      </trkpt>
      <trkpt lat="42.03464970923960208892822265625" lon="128.0695378594100475311279296875">
        <ele>2496</ele>
        <time>2026-10-03T06:06:50.000Z</time>
        <extensions>
          <ns3:TrackPointExtension>
            <ns3:hr>86</ns3:hr>
            <ns3:cad>0</ns3:cad>
          </ns3:TrackPointExtension>
        </extensions>
      </trkpt>
      <trkpt lat="42.03441954217851161956787109375" lon="128.0692376196384429931640625">
        <ele>2496.60009765625</ele>
        <time>2026-10-03T06:06:52.000Z</time>
        <extensions>
          <ns3:TrackPointExtension>
            <ns3:hr>85</ns3:hr>
            <ns3:cad>0</ns3:cad>
          </ns3:TrackPointExtension>
        </extensions>
      </trkpt>
      <trkpt lat="42.03412852250039577484130859375" lon="128.06871852837502956390380859375">
        <ele>2489</ele>
        <time>2026-10-03T06:06:58.000Z</time>
        <extensions>
          <ns3:TrackPointExtension>
            <ns3:hr>83</ns3:hr>
            <ns3:cad>0</ns3:cad>
          </ns3:TrackPointExtension>
        </extensions>
      </trkpt>
      <trkpt lat="42.03411318361759185791015625" lon="128.0686922930181026458740234375">
        <ele>2488.199951171875</ele>
        <time>2026-10-03T06:06:59.000Z</time>
        <extensions>
          <ns3:TrackPointExtension>
            <ns3:hr>83</ns3:hr>
            <ns3:cad>0</ns3:cad>
          </ns3:TrackPointExtension>
        </extensions>
      </trkpt>
      <trkpt lat="42.03440713696181774139404296875" lon="128.06844058446586132049560546875">
        <ele>2488</ele>
        <time>2026-10-03T06:07:11.000Z</time>
        <extensions>
          <ns3:TrackPointExtension>
            <ns3:hr>83</ns3:hr>
            <ns3:cad>0</ns3:cad>
          </ns3:TrackPointExtension>
        </extensions>
      </trkpt>
      <trkpt lat="42.03470905311405658721923828125" lon="128.06859615258872509002685546875">
        <ele>2480.60009765625</ele>
        <time>2026-10-03T06:07:12.000Z</time>
        <extensions>
          <ns3:TrackPointExtension>
            <ns3:hr>84</ns3:hr>
            <ns3:cad>0</ns3:cad>
          </ns3:TrackPointExtension>
        </extensions>
      </trkpt>
      <trkpt lat="42.03514155931770801544189453125" lon="128.068918101489543914794921875">
        <ele>2481</ele>
        <time>2026-10-03T06:07:14.000Z</time>
        <extensions>
          <ns3:TrackPointExtension>
            <ns3:hr>83</ns3:hr>
            <ns3:cad>0</ns3:cad>
          </ns3:TrackPointExtension>
        </extensions>
      </trkpt>
      <trkpt lat="42.03531615436077117919921875" lon="128.0691177584230899810791015625">
        <ele>2481.800048828125</ele>
        <time>2026-10-03T06:07:15.000Z</time>
        <extensions>
          <ns3:TrackPointExtension>
            <ns3:hr>81</ns3:hr>
            <ns3:cad>0</ns3:cad>
          </ns3:TrackPointExtension>
        </extensions>
      </trkpt>
      <trkpt lat="42.03547901473939418792724609375" lon="128.069320432841777801513671875">
        <ele>2483.60009765625</ele>
        <time>2026-10-03T06:07:16.000Z</time>
        <extensions>
          <ns3:TrackPointExtension>
            <ns3:hr>79</ns3:hr>
            <ns3:cad>0</ns3:cad>
          </ns3:TrackPointExtension>
        </extensions>
      </trkpt>
      <trkpt lat="42.03561631031334400177001953125" lon="128.06950793601572513580322265625">
        <ele>2485</ele>
        <time>2026-10-03T06:07:17.000Z</time>
        <extensions>
          <ns3:TrackPointExtension>
            <ns3:hr>82</ns3:hr>
            <ns3:cad>0</ns3:cad>
          </ns3:TrackPointExtension>
        </extensions>
      </trkpt>
      <trkpt lat="42.0357049070298671722412109375" lon="128.0696511827409267425537109375">
        <ele>2486.199951171875</ele>
        <time>2026-10-03T06:07:18.000Z</time>
        <extensions>
          <ns3:TrackPointExtension>
            <ns3:hr>82</ns3:hr>
            <ns3:cad>0</ns3:cad>
          </ns3:TrackPointExtension>
        </extensions>
      </trkpt>
      <trkpt lat="42.03581378795206546783447265625" lon="128.0698681063950061798095703125">
        <ele>2485.60009765625</ele>
        <time>2026-10-03T06:07:19.000Z</time>
        <extensions>
          <ns3:TrackPointExtension>
            <ns3:hr>81</ns3:hr>
            <ns3:cad>0</ns3:cad>
          </ns3:TrackPointExtension>
        </extensions>
      </trkpt>
      <trkpt lat="42.03592308796942234039306640625" lon="128.0701155401766300201416015625">
        <ele>2484</ele>
        <time>2026-10-03T06:07:21.000Z</time>
        <extensions>
          <ns3:TrackPointExtension>
            <ns3:hr>84</ns3:hr>
            <ns3:cad>0</ns3:cad>
          </ns3:TrackPointExtension>
        </extensions>
      </trkpt>
      <trkpt lat="42.03601344488561153411865234375" lon="128.07034947909414768218994140625">
        <ele>2484.199951171875</ele>
        <time>2026-10-03T06:07:23.000Z</time>
        <extensions>
          <ns3:TrackPointExtension>
            <ns3:hr>82</ns3:hr>
            <ns3:cad>0</ns3:cad>
          </ns3:TrackPointExtension>
        </extensions>
      </trkpt>
      <trkpt lat="42.03609642572700977325439453125" lon="128.0705668218433856964111328125">
        <ele>2484</ele>
        <time>2026-10-03T06:07:25.000Z</time>
        <extensions>
          <ns3:TrackPointExtension>
            <ns3:hr>81</ns3:hr>
            <ns3:cad>0</ns3:cad>
          </ns3:TrackPointExtension>
        </extensions>
      </trkpt>
      <trkpt lat="42.03616239130496978759765625" lon="128.0707408301532268524169921875">
        <ele>2479.800048828125</ele>
        <time>2026-10-03T06:07:26.000Z</time>
        <extensions>
          <ns3:TrackPointExtension>
            <ns3:hr>79</ns3:hr>
            <ns3:cad>0</ns3:cad>
          </ns3:TrackPointExtension>
        </extensions>
      </trkpt>
      <trkpt lat="42.03620941378176212310791015625" lon="128.0708806402981281280517578125">
        <ele>2476.199951171875</ele>
        <time>2026-10-03T06:07:27.000Z</time>
        <extensions>
          <ns3:TrackPointExtension>
            <ns3:hr>79</ns3:hr>
            <ns3:cad>0</ns3:cad>
          </ns3:TrackPointExtension>
        </extensions>
      </trkpt>
      <trkpt lat="42.03622584231197834014892578125" lon="128.07103981263935565948486328125">
        <ele>2473.199951171875</ele>
        <time>2026-10-03T06:07:28.000Z</time>
        <extensions>
          <ns3:TrackPointExtension>
            <ns3:hr>79</ns3:hr>
            <ns3:cad>0</ns3:cad>
          </ns3:TrackPointExtension>
        </extensions>
      </trkpt>
      <trkpt lat="42.03621779568493366241455078125" lon="128.07117191143333911895751953125">
        <ele>2472</ele>
        <time>2026-10-03T06:07:29.000Z</time>
        <extensions>
          <ns3:TrackPointExtension>
            <ns3:hr>81</ns3:hr>
            <ns3:cad>0</ns3:cad>
          </ns3:TrackPointExtension>
        </extensions>
      </trkpt>
      <trkpt lat="42.036206983029842376708984375" lon="128.07131968438625335693359375">
        <ele>2471</ele>
        <time>2026-10-03T06:07:30.000Z</time>
        <extensions>
          <ns3:TrackPointExtension>
            <ns3:hr>81</ns3:hr>
            <ns3:cad>0</ns3:cad>
          </ns3:TrackPointExtension>
        </extensions>
      </trkpt>
      <trkpt lat="42.03572519123554229736328125" lon="128.07176048867404460906982421875">
        <ele>2466.199951171875</ele>
        <time>2026-10-03T06:07:37.000Z</time>
        <extensions>
          <ns3:TrackPointExtension>
            <ns3:hr>81</ns3:hr>
            <ns3:cad>0</ns3:cad>
          </ns3:TrackPointExtension>
        </extensions>
      </trkpt>
      <trkpt lat="42.03565520234405994415283203125" lon="128.07180575095117092132568359375">
        <ele>2464.39990234375</ele>
        <time>2026-10-03T06:07:38.000Z</time>
        <extensions>
          <ns3:TrackPointExtension>
            <ns3:hr>81</ns3:hr>
            <ns3:cad>0</ns3:cad>
          </ns3:TrackPointExtension>
        </extensions>
      </trkpt>
      <trkpt lat="42.035590745508670806884765625" lon="128.07186425663530826568603515625">
        <ele>2462</ele>
        <time>2026-10-03T06:07:39.000Z</time>
        <extensions>
          <ns3:TrackPointExtension>
            <ns3:hr>81</ns3:hr>
            <ns3:cad>0</ns3:cad>
          </ns3:TrackPointExtension>
        </extensions>
      </trkpt>
      <trkpt lat="42.03553718514740467071533203125" lon="128.0719404481351375579833984375">
        <ele>2459.60009765625</ele>
        <time>2026-10-03T06:07:40.000Z</time>
        <extensions>
          <ns3:TrackPointExtension>
            <ns3:hr>81</ns3:hr>
            <ns3:cad>0</ns3:cad>
          </ns3:TrackPointExtension>
        </extensions>
      </trkpt>
      <trkpt lat="42.035494856536388397216796875" lon="128.0720272846519947052001953125">
        <ele>2457.800048828125</ele>
        <time>2026-10-03T06:07:41.000Z</time>
        <extensions>
          <ns3:TrackPointExtension>
            <ns3:hr>77</ns3:hr>
            <ns3:cad>0</ns3:cad>
          </ns3:TrackPointExtension>
        </extensions>
      </trkpt>
      <trkpt lat="42.0354829542338848114013671875" lon="128.0721156299114227294921875">
        <ele>2456.800048828125</ele>
        <time>2026-10-03T06:07:42.000Z</time>
        <extensions>
          <ns3:TrackPointExtension>
            <ns3:hr>79</ns3:hr>
            <ns3:cad>0</ns3:cad>
          </ns3:TrackPointExtension>
        </extensions>
      </trkpt>
      <trkpt lat="42.03548739664256572723388671875" lon="128.072203807532787322998046875">
        <ele>2456</ele>
        <time>2026-10-03T06:07:43.000Z</time>
        <extensions>
          <ns3:TrackPointExtension>
            <ns3:hr>80</ns3:hr>
            <ns3:cad>0</ns3:cad>
          </ns3:TrackPointExtension>
        </extensions>
      </trkpt>
      <trkpt lat="42.03552662394940853118896484375" lon="128.07227983139455318450927734375">
        <ele>2454.39990234375</ele>
        <time>2026-10-03T06:07:44.000Z</time>
        <extensions>
          <ns3:TrackPointExtension>
            <ns3:hr>82</ns3:hr>
            <ns3:cad>0</ns3:cad>
          </ns3:TrackPointExtension>
        </extensions>
      </trkpt>
      <trkpt lat="42.03559200279414653778076171875" lon="128.0723340623080730438232421875">
        <ele>2455.199951171875</ele>
        <time>2026-10-03T06:07:45.000Z</time>
        <extensions>
          <ns3:TrackPointExtension>
            <ns3:hr>81</ns3:hr>
            <ns3:cad>0</ns3:cad>
          </ns3:TrackPointExtension>
        </extensions>
      </trkpt>
      <trkpt lat="42.03566978685557842254638671875" lon="128.07236935012042522430419921875">
        <ele>2455.60009765625</ele>
        <time>2026-10-03T06:07:46.000Z</time>
        <extensions>
          <ns3:TrackPointExtension>
            <ns3:hr>81</ns3:hr>
            <ns3:cad>0</ns3:cad>
          </ns3:TrackPointExtension>
        </extensions>
      </trkpt>
      <trkpt lat="42.0357568748295307159423828125" lon="128.072387538850307464599609375">
        <ele>2455.800048828125</ele>
        <time>2026-10-03T06:07:47.000Z</time>
        <extensions>
          <ns3:TrackPointExtension>
            <ns3:hr>80</ns3:hr>
            <ns3:cad>0</ns3:cad>
          </ns3:TrackPointExtension>
        </extensions>
      </trkpt>
      <trkpt lat="42.03585066832602024078369140625" lon="128.07240472175180912017822265625">
        <ele>2455.39990234375</ele>
        <time>2026-10-03T06:07:48.000Z</time>
        <extensions>
          <ns3:TrackPointExtension>
            <ns3:hr>80</ns3:hr>
            <ns3:cad>0</ns3:cad>
          </ns3:TrackPointExtension>
        </extensions>
      </trkpt>
      <trkpt lat="42.03604965470731258392333984375" lon="128.07242433540523052215576171875">
        <ele>2453.800048828125</ele>
        <time>2026-10-03T06:07:50.000Z</time>
        <extensions>
          <ns3:TrackPointExtension>
            <ns3:hr>79</ns3:hr>
            <ns3:cad>0</ns3:cad>
          </ns3:TrackPointExtension>
        </extensions>
      </trkpt>
      <trkpt lat="42.0361702702939510345458984375" lon="128.0724235810339450836181640625">
        <ele>2452.60009765625</ele>
        <time>2026-10-03T06:07:51.000Z</time>
        <extensions>
          <ns3:TrackPointExtension>
            <ns3:hr>80</ns3:hr>
            <ns3:cad>0</ns3:cad>
          </ns3:TrackPointExtension>
        </extensions>
      </trkpt>
      <trkpt lat="42.03630211763083934783935546875" lon="128.07240488938987255096435546875">
        <ele>2451.199951171875</ele>
        <time>2026-10-03T06:07:52.000Z</time>
        <extensions>
          <ns3:TrackPointExtension>
            <ns3:hr>81</ns3:hr>
            <ns3:cad>0</ns3:cad>
          </ns3:TrackPointExtension>
        </extensions>
      </trkpt>
      <trkpt lat="42.0364311151206493377685546875" lon="128.072385527193546295166015625">
        <ele>2449.39990234375</ele>
        <time>2026-10-03T06:07:53.000Z</time>
        <extensions>
          <ns3:TrackPointExtension>
            <ns3:hr>80</ns3:hr>
            <ns3:cad>0</ns3:cad>
          </ns3:TrackPointExtension>
        </extensions>
      </trkpt>
      <trkpt lat="42.0365601964294910430908203125" lon="128.07236314751207828521728515625">
        <ele>2447.39990234375</ele>
        <time>2026-10-03T06:07:54.000Z</time>
        <extensions>
          <ns3:TrackPointExtension>
            <ns3:hr>82</ns3:hr>
            <ns3:cad>0</ns3:cad>
          </ns3:TrackPointExtension>
        </extensions>
      </trkpt>
      <trkpt lat="42.03669212758541107177734375" lon="128.0723337270319461822509765625">
        <ele>2445</ele>
        <time>2026-10-03T06:07:55.000Z</time>
        <extensions>
          <ns3:TrackPointExtension>
            <ns3:hr>79</ns3:hr>
            <ns3:cad>0</ns3:cad>
          </ns3:TrackPointExtension>
        </extensions>
      </trkpt>
      <trkpt lat="42.03681995160877704620361328125" lon="128.07230782695114612579345703125">
        <ele>2442.39990234375</ele>
        <time>2026-10-03T06:07:56.000Z</time>
        <extensions>
          <ns3:TrackPointExtension>
            <ns3:hr>79</ns3:hr>
            <ns3:cad>0</ns3:cad>
          </ns3:TrackPointExtension>
        </extensions>
      </trkpt>
      <trkpt lat="42.036939896643161773681640625" lon="128.07228418998420238494873046875">
        <ele>2439.60009765625</ele>
        <time>2026-10-03T06:07:57.000Z</time>
        <extensions>
          <ns3:TrackPointExtension>
            <ns3:hr>81</ns3:hr>
            <ns3:cad>0</ns3:cad>
          </ns3:TrackPointExtension>
        </extensions>
      </trkpt>
      <trkpt lat="42.03704559244215488433837890625" lon="128.07226776145398616790771484375">
        <ele>2437.199951171875</ele>
        <time>2026-10-03T06:07:58.000Z</time>
        <extensions>
          <ns3:TrackPointExtension>
            <ns3:hr>78</ns3:hr>
            <ns3:cad>0</ns3:cad>
          </ns3:TrackPointExtension>
        </extensions>
      </trkpt>
      <trkpt lat="42.03714885748922824859619140625" lon="128.07223540730774402618408203125">
        <ele>2434.800048828125</ele>
        <time>2026-10-03T06:07:59.000Z</time>
        <extensions>
          <ns3:TrackPointExtension>
            <ns3:hr>80</ns3:hr>
            <ns3:cad>0</ns3:cad>
          </ns3:TrackPointExtension>
        </extensions>
      </trkpt>
      <trkpt lat="42.03723485581576824188232421875" lon="128.07218980975449085235595703125">
        <ele>2432.39990234375</ele>
        <time>2026-10-03T06:08:00.000Z</time>
        <extensions>
          <ns3:TrackPointExtension>
            <ns3:hr>82</ns3:hr>
            <ns3:cad>0</ns3:cad>
          </ns3:TrackPointExtension>
        </extensions>
      </trkpt>
      <trkpt lat="42.0373199321329593658447265625" lon="128.07211873121559619903564453125">
        <ele>2430.199951171875</ele>
        <time>2026-10-03T06:08:01.000Z</time>
        <extensions>
          <ns3:TrackPointExtension>
            <ns3:hr>81</ns3:hr>
            <ns3:cad>0</ns3:cad>
          </ns3:TrackPointExtension>
        </extensions>
      </trkpt>
      <trkpt lat="42.0374022424221038818359375" lon="128.07201965712010860443115234375">
        <ele>2428</ele>
        <time>2026-10-03T06:08:02.000Z</time>
        <extensions>
          <ns3:TrackPointExtension>
            <ns3:hr>80</ns3:hr>
            <ns3:cad>0</ns3:cad>
          </ns3:TrackPointExtension>
        </extensions>
      </trkpt>
      <trkpt lat="42.03747776336967945098876953125" lon="128.0719251930713653564453125">
        <ele>2425.39990234375</ele>
        <time>2026-10-03T06:08:03.000Z</time>
        <extensions>
          <ns3:TrackPointExtension>
            <ns3:hr>80</ns3:hr>
            <ns3:cad>0</ns3:cad>
          </ns3:TrackPointExtension>
        </extensions>
      </trkpt>
      <trkpt lat="42.0375470817089080810546875" lon="128.0718326568603515625">
        <ele>2422.800048828125</ele>
        <time>2026-10-03T06:08:04.000Z</time>
        <extensions>
          <ns3:TrackPointExtension>
            <ns3:hr>80</ns3:hr>
            <ns3:cad>0</ns3:cad>
          </ns3:TrackPointExtension>
        </extensions>
      </trkpt>
      <trkpt lat="42.03761505894362926483154296875" lon="128.07173819281160831451416015625">
        <ele>2420.39990234375</ele>
        <time>2026-10-03T06:08:05.000Z</time>
        <extensions>
          <ns3:TrackPointExtension>
            <ns3:hr>82</ns3:hr>
            <ns3:cad>0</ns3:cad>
          </ns3:TrackPointExtension>
        </extensions>
      </trkpt>
      <trkpt lat="42.03768697567284107208251953125" lon="128.071636855602264404296875">
        <ele>2418.60009765625</ele>
        <time>2026-10-03T06:08:06.000Z</time>
        <extensions>
          <ns3:TrackPointExtension>
            <ns3:hr>81</ns3:hr>
            <ns3:cad>0</ns3:cad>
          </ns3:TrackPointExtension>
        </extensions>
      </trkpt>
      <trkpt lat="42.03775671310722827911376953125" lon="128.07152981869876384735107421875">
        <ele>2417.199951171875</ele>
        <time>2026-10-03T06:08:07.000Z</time>
        <extensions>
          <ns3:TrackPointExtension>
            <ns3:hr>81</ns3:hr>
            <ns3:cad>0</ns3:cad>
          </ns3:TrackPointExtension>
        </extensions>
      </trkpt>
      <trkpt lat="42.03782242722809314727783203125" lon="128.0714278109371662139892578125">
        <ele>2416</ele>
        <time>2026-10-03T06:08:08.000Z</time>
        <extensions>
          <ns3:TrackPointExtension>
            <ns3:hr>82</ns3:hr>
            <ns3:cad>0</ns3:cad>
          </ns3:TrackPointExtension>
        </extensions>
      </trkpt>
      <trkpt lat="42.0378748141229152679443359375" lon="128.07131373323500156402587890625">
        <ele>2414.800048828125</ele>
        <time>2026-10-03T06:08:09.000Z</time>
        <extensions>
          <ns3:TrackPointExtension>
            <ns3:hr>79</ns3:hr>
            <ns3:cad>0</ns3:cad>
          </ns3:TrackPointExtension>
        </extensions>
      </trkpt>
      <trkpt lat="42.03790272586047649383544921875" lon="128.07119018398225307464599609375">
        <ele>2413.800048828125</ele>
        <time>2026-10-03T06:08:10.000Z</time>
        <extensions>
          <ns3:TrackPointExtension>
            <ns3:hr>79</ns3:hr>
            <ns3:cad>0</ns3:cad>
          </ns3:TrackPointExtension>
        </extensions>
      </trkpt>
      <trkpt lat="42.03791244886815547943115234375" lon="128.071083314716815948486328125">
        <ele>2413</ele>
        <time>2026-10-03T06:08:11.000Z</time>
        <extensions>
          <ns3:TrackPointExtension>
            <ns3:hr>79</ns3:hr>
            <ns3:cad>0</ns3:cad>
          </ns3:TrackPointExtension>
        </extensions>
      </trkpt>
      <trkpt lat="42.03792083077132701873779296875" lon="128.07087787427008152008056640625">
        <ele>2411.800048828125</ele>
        <time>2026-10-03T06:08:13.000Z</time>
        <extensions>
          <ns3:TrackPointExtension>
            <ns3:hr>79</ns3:hr>
            <ns3:cad>0</ns3:cad>
          </ns3:TrackPointExtension>
        </extensions>
      </trkpt>
      <trkpt lat="42.037953771650791168212890625" lon="128.07068400084972381591796875">
        <ele>2410.60009765625</ele>
        <time>2026-10-03T06:08:15.000Z</time>
        <extensions>
          <ns3:TrackPointExtension>
            <ns3:hr>81</ns3:hr>
            <ns3:cad>0</ns3:cad>
          </ns3:TrackPointExtension>
        </extensions>
      </trkpt>
      <trkpt lat="42.03799090348184108734130859375" lon="128.070615939795970916748046875">
        <ele>2410</ele>
        <time>2026-10-03T06:08:16.000Z</time>
        <extensions>
          <ns3:TrackPointExtension>
            <ns3:hr>83</ns3:hr>
            <ns3:cad>0</ns3:cad>
          </ns3:TrackPointExtension>
        </extensions>
      </trkpt>
      <trkpt lat="42.038026191294193267822265625" lon="128.070587776601314544677734375">
        <ele>2409</ele>
        <time>2026-10-03T06:08:17.000Z</time>
        <extensions>
          <ns3:TrackPointExtension>
            <ns3:hr>84</ns3:hr>
            <ns3:cad>0</ns3:cad>
          </ns3:TrackPointExtension>
        </extensions>
      </trkpt>
      <trkpt lat="42.038071453571319580078125" lon="128.0706157721579074859619140625">
        <ele>2407.800048828125</ele>
        <time>2026-10-03T06:08:18.000Z</time>
        <extensions>
          <ns3:TrackPointExtension>
            <ns3:hr>84</ns3:hr>
            <ns3:cad>0</ns3:cad>
          </ns3:TrackPointExtension>
        </extensions>
      </trkpt>
      <trkpt lat="42.03811629675328731536865234375" lon="128.07067670859396457672119140625">
        <ele>2406.60009765625</ele>
        <time>2026-10-03T06:08:19.000Z</time>
        <extensions>
          <ns3:TrackPointExtension>
            <ns3:hr>84</ns3:hr>
            <ns3:cad>0</ns3:cad>
          </ns3:TrackPointExtension>
        </extensions>
      </trkpt>
      <trkpt lat="42.03815929591655731201171875" lon="128.07076471857726573944091796875">
        <ele>2405.199951171875</ele>
        <time>2026-10-03T06:08:20.000Z</time>
        <extensions>
          <ns3:TrackPointExtension>
            <ns3:hr>84</ns3:hr>
            <ns3:cad>0</ns3:cad>
          </ns3:TrackPointExtension>
        </extensions>
      </trkpt>
      <trkpt lat="42.03819592483341693878173828125" lon="128.0708642117679119110107421875">
        <ele>2404</ele>
        <time>2026-10-03T06:08:21.000Z</time>
        <extensions>
          <ns3:TrackPointExtension>
            <ns3:hr>84</ns3:hr>
            <ns3:cad>0</ns3:cad>
          </ns3:TrackPointExtension>
        </extensions>
      </trkpt>
      <trkpt lat="42.03822492621839046478271484375" lon="128.07098231278359889984130859375">
        <ele>2402.60009765625</ele>
        <time>2026-10-03T06:08:22.000Z</time>
        <extensions>
          <ns3:TrackPointExtension>
            <ns3:hr>84</ns3:hr>
            <ns3:cad>0</ns3:cad>
          </ns3:TrackPointExtension>
        </extensions>
      </trkpt>
      <trkpt lat="42.0382449589669704437255859375" lon="128.07110804133117198944091796875">
        <ele>2401.39990234375</ele>
        <time>2026-10-03T06:08:23.000Z</time>
        <extensions>
          <ns3:TrackPointExtension>
            <ns3:hr>84</ns3:hr>
            <ns3:cad>0</ns3:cad>
          </ns3:TrackPointExtension>
        </extensions>
      </trkpt>
      <trkpt lat="42.03826230950653553009033203125" lon="128.07123159058392047882080078125">
        <ele>2400.199951171875</ele>
        <time>2026-10-03T06:08:24.000Z</time>
        <extensions>
          <ns3:TrackPointExtension>
            <ns3:hr>83</ns3:hr>
            <ns3:cad>0</ns3:cad>
          </ns3:TrackPointExtension>
        </extensions>
      </trkpt>
      <trkpt lat="42.03827328979969024658203125" lon="128.07135446928441524505615234375">
        <ele>2399.199951171875</ele>
        <time>2026-10-03T06:08:25.000Z</time>
        <extensions>
          <ns3:TrackPointExtension>
            <ns3:hr>84</ns3:hr>
            <ns3:cad>0</ns3:cad>
          </ns3:TrackPointExtension>
        </extensions>
      </trkpt>
      <trkpt lat="42.03825158067047595977783203125" lon="128.07159268297255039215087890625">
        <ele>2397.39990234375</ele>
        <time>2026-10-03T06:08:27.000Z</time>
        <extensions>
          <ns3:TrackPointExtension>
            <ns3:hr>83</ns3:hr>
            <ns3:cad>0</ns3:cad>
          </ns3:TrackPointExtension>
        </extensions>
      </trkpt>
      <trkpt lat="42.03820480965077877044677734375" lon="128.0718338303267955780029296875">
        <ele>2395.39990234375</ele>
        <time>2026-10-03T06:08:29.000Z</time>
        <extensions>
          <ns3:TrackPointExtension>
            <ns3:hr>84</ns3:hr>
            <ns3:cad>0</ns3:cad>
          </ns3:TrackPointExtension>
        </extensions>
      </trkpt>
      <trkpt lat="42.03816357068717479705810546875" lon="128.07209056802093982696533203125">
        <ele>2393.60009765625</ele>
        <time>2026-10-03T06:08:31.000Z</time>
        <extensions>
          <ns3:TrackPointExtension>
            <ns3:hr>84</ns3:hr>
            <ns3:cad>0</ns3:cad>
          </ns3:TrackPointExtension>
        </extensions>
      </trkpt>
      <trkpt lat="42.0381540991365909576416015625" lon="128.0722284503281116485595703125">
        <ele>2392.60009765625</ele>
        <time>2026-10-03T06:08:32.000Z</time>
        <extensions>
          <ns3:TrackPointExtension>
            <ns3:hr>84</ns3:hr>
            <ns3:cad>0</ns3:cad>
          </ns3:TrackPointExtension>
        </extensions>
      </trkpt>
      <trkpt lat="42.03814647160470485687255859375" lon="128.0723763071000576019287109375">
        <ele>2391.60009765625</ele>
        <time>2026-10-03T06:08:33.000Z</time>
        <extensions>
          <ns3:TrackPointExtension>
            <ns3:hr>84</ns3:hr>
            <ns3:cad>0</ns3:cad>
          </ns3:TrackPointExtension>
        </extensions>
      </trkpt>
      <trkpt lat="42.0381477288901805877685546875" lon="128.0726679973304271697998046875">
        <ele>2390</ele>
        <time>2026-10-03T06:08:35.000Z</time>
        <extensions>
          <ns3:TrackPointExtension>
            <ns3:hr>85</ns3:hr>
            <ns3:cad>0</ns3:cad>
          </ns3:TrackPointExtension>
        </extensions>
      </trkpt>
      <trkpt lat="42.038168013095855712890625" lon="128.07276011444628238677978515625">
        <ele>2389.199951171875</ele>
        <time>2026-10-03T06:08:36.000Z</time>
        <extensions>
          <ns3:TrackPointExtension>
            <ns3:hr>86</ns3:hr>
            <ns3:cad>0</ns3:cad>
          </ns3:TrackPointExtension>
        </extensions>
      </trkpt>
      <trkpt lat="42.03820967115461826324462890625" lon="128.072848208248615264892578125">
        <ele>2388.39990234375</ele>
        <time>2026-10-03T06:08:37.000Z</time>
        <extensions>
          <ns3:TrackPointExtension>
            <ns3:hr>86</ns3:hr>
            <ns3:cad>0</ns3:cad>
          </ns3:TrackPointExtension>
        </extensions>
      </trkpt>
      <trkpt lat="42.03826784156262874603271484375" lon="128.0729184485971927642822265625">
        <ele>2387.60009765625</ele>
        <time>2026-10-03T06:08:38.000Z</time>
        <extensions>
          <ns3:TrackPointExtension>
            <ns3:hr>86</ns3:hr>
            <ns3:cad>0</ns3:cad>
          </ns3:TrackPointExtension>
        </extensions>
      </trkpt>
      <trkpt lat="42.03832835890352725982666015625" lon="128.07294669561088085174560546875">
        <ele>2386.60009765625</ele>
        <time>2026-10-03T06:08:39.000Z</time>
        <extensions>
          <ns3:TrackPointExtension>
            <ns3:hr>87</ns3:hr>
            <ns3:cad>0</ns3:cad>
          </ns3:TrackPointExtension>
        </extensions>
      </trkpt>
      <trkpt lat="42.03839474357664585113525390625" lon="128.07294351048767566680908203125">
        <ele>2385.60009765625</ele>
        <time>2026-10-03T06:08:40.000Z</time>
        <extensions>
          <ns3:TrackPointExtension>
            <ns3:hr>87</ns3:hr>
            <ns3:cad>0</ns3:cad>
          </ns3:TrackPointExtension>
        </extensions>
      </trkpt>
      <trkpt lat="42.038463056087493896484375" lon="128.07290109805762767791748046875">
        <ele>2385</ele>
        <time>2026-10-03T06:08:41.000Z</time>
        <extensions>
          <ns3:TrackPointExtension>
            <ns3:hr>87</ns3:hr>
            <ns3:cad>0</ns3:cad>
          </ns3:TrackPointExtension>
        </extensions>
      </trkpt>
      <trkpt lat="42.0385368168354034423828125" lon="128.0728386528789997100830078125">
        <ele>2384.199951171875</ele>
        <time>2026-10-03T06:08:42.000Z</time>
        <extensions>
          <ns3:TrackPointExtension>
            <ns3:hr>87</ns3:hr>
            <ns3:cad>0</ns3:cad>
          </ns3:TrackPointExtension>
        </extensions>
      </trkpt>
      <trkpt lat="42.03861518763005733489990234375" lon="128.07276983745396137237548828125">
        <ele>2383.199951171875</ele>
        <time>2026-10-03T06:08:43.000Z</time>
        <extensions>
          <ns3:TrackPointExtension>
            <ns3:hr>87</ns3:hr>
            <ns3:cad>0</ns3:cad>
          </ns3:TrackPointExtension>
        </extensions>
      </trkpt>
      <trkpt lat="42.03870286233723163604736328125" lon="128.07270294986665248870849609375">
        <ele>2382.39990234375</ele>
        <time>2026-10-03T06:08:44.000Z</time>
        <extensions>
          <ns3:TrackPointExtension>
            <ns3:hr>88</ns3:hr>
            <ns3:cad>0</ns3:cad>
          </ns3:TrackPointExtension>
        </extensions>
      </trkpt>
      <trkpt lat="42.0387996733188629150390625" lon="128.0726264230906963348388671875">
        <ele>2381.800048828125</ele>
        <time>2026-10-03T06:08:45.000Z</time>
        <extensions>
          <ns3:TrackPointExtension>
            <ns3:hr>87</ns3:hr>
            <ns3:cad>0</ns3:cad>
          </ns3:TrackPointExtension>
        </extensions>
      </trkpt>
      <trkpt lat="42.03898214735090732574462890625" lon="128.07247948832809925079345703125">
        <ele>2380</ele>
        <time>2026-10-03T06:08:47.000Z</time>
        <extensions>
          <ns3:TrackPointExtension>
            <ns3:hr>87</ns3:hr>
            <ns3:cad>0</ns3:cad>
          </ns3:TrackPointExtension>
        </extensions>
      </trkpt>
      <trkpt lat="42.03913201577961444854736328125" lon="128.0723377503454685211181640625">
        <ele>2378.39990234375</ele>
        <time>2026-10-03T06:08:49.000Z</time>
        <extensions>
          <ns3:TrackPointExtension>
            <ns3:hr>88</ns3:hr>
            <ns3:cad>0</ns3:cad>
          </ns3:TrackPointExtension>
        </extensions>
      </trkpt>
      <trkpt lat="42.0391901023685932159423828125" lon="128.07224228046834468841552734375">
        <ele>2377.60009765625</ele>
        <time>2026-10-03T06:08:50.000Z</time>
        <extensions>
          <ns3:TrackPointExtension>
            <ns3:hr>88</ns3:hr>
            <ns3:cad>0</ns3:cad>
          </ns3:TrackPointExtension>
        </extensions>
      </trkpt>
      <trkpt lat="42.03923083841800689697265625" lon="128.0721278674900531768798828125">
        <ele>2376.800048828125</ele>
        <time>2026-10-03T06:08:51.000Z</time>
        <extensions>
          <ns3:TrackPointExtension>
            <ns3:hr>89</ns3:hr>
            <ns3:cad>0</ns3:cad>
          </ns3:TrackPointExtension>
        </extensions>
      </trkpt>
      <trkpt lat="42.0392541401088237762451171875" lon="128.0720189027488231658935546875">
        <ele>2376</ele>
        <time>2026-10-03T06:08:52.000Z</time>
        <extensions>
          <ns3:TrackPointExtension>
            <ns3:hr>88</ns3:hr>
            <ns3:cad>0</ns3:cad>
          </ns3:TrackPointExtension>
        </extensions>
      </trkpt>
      <trkpt lat="42.039258666336536407470703125" lon="128.0718985386192798614501953125">
        <ele>2375.199951171875</ele>
        <time>2026-10-03T06:08:53.000Z</time>
        <extensions>
          <ns3:TrackPointExtension>
            <ns3:hr>88</ns3:hr>
            <ns3:cad>0</ns3:cad>
          </ns3:TrackPointExtension>
        </extensions>
      </trkpt>
      <trkpt lat="42.03925388865172863006591796875" lon="128.071776665747165679931640625">
        <ele>2374.199951171875</ele>
        <time>2026-10-03T06:08:54.000Z</time>
        <extensions>
          <ns3:TrackPointExtension>
            <ns3:hr>89</ns3:hr>
            <ns3:cad>0</ns3:cad>
          </ns3:TrackPointExtension>
        </extensions>
      </trkpt>
      <trkpt lat="42.03924114815890789031982421875" lon="128.07164280675351619720458984375">
        <ele>2373.199951171875</ele>
        <time>2026-10-03T06:08:55.000Z</time>
        <extensions>
          <ns3:TrackPointExtension>
            <ns3:hr>89</ns3:hr>
            <ns3:cad>0</ns3:cad>
          </ns3:TrackPointExtension>
        </extensions>
      </trkpt>
      <trkpt lat="42.039203681051731109619140625" lon="128.07150802575051784515380859375">
        <ele>2372.39990234375</ele>
        <time>2026-10-03T06:08:56.000Z</time>
        <extensions>
          <ns3:TrackPointExtension>
            <ns3:hr>90</ns3:hr>
            <ns3:cad>0</ns3:cad>
          </ns3:TrackPointExtension>
        </extensions>
      </trkpt>
      <trkpt lat="42.0391505397856235504150390625" lon="128.0713745020329952239990234375">
        <ele>2371.39990234375</ele>
        <time>2026-10-03T06:08:57.000Z</time>
        <extensions>
          <ns3:TrackPointExtension>
            <ns3:hr>90</ns3:hr>
            <ns3:cad>0</ns3:cad>
          </ns3:TrackPointExtension>
        </extensions>
      </trkpt>
      <trkpt lat="42.03909337520599365234375" lon="128.07124726474285125732421875">
        <ele>2370.60009765625</ele>
        <time>2026-10-03T06:08:58.000Z</time>
        <extensions>
          <ns3:TrackPointExtension>
            <ns3:hr>90</ns3:hr>
            <ns3:cad>0</ns3:cad>
          </ns3:TrackPointExtension>
        </extensions>
      </trkpt>
      <trkpt lat="42.03904232941567897796630859375" lon="128.07111860252916812896728515625">
        <ele>2370.199951171875</ele>
        <time>2026-10-03T06:08:59.000Z</time>
        <extensions>
          <ns3:TrackPointExtension>
            <ns3:hr>90</ns3:hr>
            <ns3:cad>0</ns3:cad>
          </ns3:TrackPointExtension>
        </extensions>
      </trkpt>
      <trkpt lat="42.039005197584629058837890625" lon="128.07098834775388240814208984375">
        <ele>2369.60009765625</ele>
        <time>2026-10-03T06:09:00.000Z</time>
        <extensions>
          <ns3:TrackPointExtension>
            <ns3:hr>90</ns3:hr>
            <ns3:cad>0</ns3:cad>
          </ns3:TrackPointExtension>
        </extensions>
      </trkpt>
      <trkpt lat="42.038981728255748748779296875" lon="128.07086647488176822662353515625">
        <ele>2369</ele>
        <time>2026-10-03T06:09:01.000Z</time>
        <extensions>
          <ns3:TrackPointExtension>
            <ns3:hr>90</ns3:hr>
            <ns3:cad>0</ns3:cad>
          </ns3:TrackPointExtension>
        </extensions>
      </trkpt>
      <trkpt lat="42.0389590971171855926513671875" lon="128.070756085216999053955078125">
        <ele>2368.39990234375</ele>
        <time>2026-10-03T06:09:02.000Z</time>
        <extensions>
          <ns3:TrackPointExtension>
            <ns3:hr>89</ns3:hr>
            <ns3:cad>0</ns3:cad>
          </ns3:TrackPointExtension>
        </extensions>
      </trkpt>
      <trkpt lat="42.0389416627585887908935546875" lon="128.07065206579864025115966796875">
        <ele>2367.800048828125</ele>
        <time>2026-10-03T06:09:03.000Z</time>
        <extensions>
          <ns3:TrackPointExtension>
            <ns3:hr>90</ns3:hr>
            <ns3:cad>0</ns3:cad>
          </ns3:TrackPointExtension>
        </extensions>
      </trkpt>
      <trkpt lat="42.038914002478122711181640625" lon="128.07047587819397449493408203125">
        <ele>2366.39990234375</ele>
        <time>2026-10-03T06:09:05.000Z</time>
        <extensions>
          <ns3:TrackPointExtension>
            <ns3:hr>90</ns3:hr>
            <ns3:cad>0</ns3:cad>
          </ns3:TrackPointExtension>
        </extensions>
      </trkpt>
      <trkpt lat="42.03891542740166187286376953125" lon="128.070397339761257171630859375">
        <ele>2365.800048828125</ele>
        <time>2026-10-03T06:09:06.000Z</time>
        <extensions>
          <ns3:TrackPointExtension>
            <ns3:hr>89</ns3:hr>
            <ns3:cad>0</ns3:cad>
          </ns3:TrackPointExtension>
        </extensions>
      </trkpt>
      <trkpt lat="42.038940489292144775390625" lon="128.0703374929726123809814453125">
        <ele>2365.199951171875</ele>
        <time>2026-10-03T06:09:07.000Z</time>
        <extensions>
          <ns3:TrackPointExtension>
            <ns3:hr>90</ns3:hr>
            <ns3:cad>0</ns3:cad>
          </ns3:TrackPointExtension>
        </extensions>
      </trkpt>
      <trkpt lat="42.03897527419030666351318359375" lon="128.070309497416019439697265625">
        <ele>2364.60009765625</ele>
        <time>2026-10-03T06:09:08.000Z</time>
        <extensions>
          <ns3:TrackPointExtension>
            <ns3:hr>90</ns3:hr>
            <ns3:cad>0</ns3:cad>
          </ns3:TrackPointExtension>
        </extensions>
      </trkpt>
      <trkpt lat="42.0390023477375507354736328125" lon="128.07033321820199489593505859375">
        <ele>2364.199951171875</ele>
        <time>2026-10-03T06:09:09.000Z</time>
        <extensions>
          <ns3:TrackPointExtension>
            <ns3:hr>88</ns3:hr>
            <ns3:cad>0</ns3:cad>
          </ns3:TrackPointExtension>
        </extensions>
      </trkpt>
      <trkpt lat="42.03903612680733203887939453125" lon="128.07037428952753543853759765625">
        <ele>2363.60009765625</ele>
        <time>2026-10-03T06:09:10.000Z</time>
        <extensions>
          <ns3:TrackPointExtension>
            <ns3:hr>89</ns3:hr>
            <ns3:cad>0</ns3:cad>
          </ns3:TrackPointExtension>
        </extensions>
      </trkpt>
      <trkpt lat="42.039067558944225311279296875" lon="128.070432879030704498291015625">
        <ele>2363.199951171875</ele>
        <time>2026-10-03T06:09:11.000Z</time>
        <extensions>
          <ns3:TrackPointExtension>
            <ns3:hr>90</ns3:hr>
            <ns3:cad>0</ns3:cad>
          </ns3:TrackPointExtension>
        </extensions>
      </trkpt>
      <trkpt lat="42.03915028832852840423583984375" lon="128.070603869855403900146484375">
        <ele>2362</ele>
        <time>2026-10-03T06:09:13.000Z</time>
        <extensions>
          <ns3:TrackPointExtension>
            <ns3:hr>89</ns3:hr>
            <ns3:cad>0</ns3:cad>
          </ns3:TrackPointExtension>
        </extensions>
      </trkpt>
      <trkpt lat="42.03927534632384777069091796875" lon="128.07083814404904842376708984375">
        <ele>2361.199951171875</ele>
        <time>2026-10-03T06:09:15.000Z</time>
        <extensions>
          <ns3:TrackPointExtension>
            <ns3:hr>88</ns3:hr>
            <ns3:cad>0</ns3:cad>
          </ns3:TrackPointExtension>
        </extensions>
      </trkpt>
      <trkpt lat="42.03934139572083950042724609375" lon="128.07093621231615543365478515625">
        <ele>2360.60009765625</ele>
        <time>2026-10-03T06:09:16.000Z</time>
        <extensions>
          <ns3:TrackPointExtension>
            <ns3:hr>87</ns3:hr>
            <ns3:cad>0</ns3:cad>
          </ns3:TrackPointExtension>
        </extensions>
      </trkpt>
      <trkpt lat="42.0394935272634029388427734375" lon="128.07106378488242626190185546875">
        <ele>2359.39990234375</ele>
        <time>2026-10-03T06:09:18.000Z</time>
        <extensions>
          <ns3:TrackPointExtension>
            <ns3:hr>88</ns3:hr>
            <ns3:cad>0</ns3:cad>
          </ns3:TrackPointExtension>
        </extensions>
      </trkpt>
      <trkpt lat="42.039571143686771392822265625" lon="128.071118183434009552001953125">
        <ele>2359</ele>
        <time>2026-10-03T06:09:19.000Z</time>
        <extensions>
          <ns3:TrackPointExtension>
            <ns3:hr>89</ns3:hr>
            <ns3:cad>0</ns3:cad>
          </ns3:TrackPointExtension>
        </extensions>
      </trkpt>
      <trkpt lat="42.03966158442199230194091796875" lon="128.07116989977657794952392578125">
        <ele>2358.60009765625</ele>
        <time>2026-10-03T06:09:20.000Z</time>
        <extensions>
          <ns3:TrackPointExtension>
            <ns3:hr>89</ns3:hr>
            <ns3:cad>0</ns3:cad>
          </ns3:TrackPointExtension>
        </extensions>
      </trkpt>
      <trkpt lat="42.0397490076720714569091796875" lon="128.07121516205370426177978515625">
        <ele>2358</ele>
        <time>2026-10-03T06:09:21.000Z</time>
        <extensions>
          <ns3:TrackPointExtension>
            <ns3:hr>87</ns3:hr>
            <ns3:cad>0</ns3:cad>
          </ns3:TrackPointExtension>
        </extensions>
      </trkpt>
      <trkpt lat="42.039830647408962249755859375" lon="128.07124793529510498046875">
        <ele>2357.800048828125</ele>
        <time>2026-10-03T06:09:22.000Z</time>
        <extensions>
          <ns3:TrackPointExtension>
            <ns3:hr>87</ns3:hr>
            <ns3:cad>0</ns3:cad>
          </ns3:TrackPointExtension>
        </extensions>
      </trkpt>
      <trkpt lat="42.03995863907039165496826171875" lon="128.071264363825321197509765625">
        <ele>2357</ele>
        <time>2026-10-03T06:09:24.000Z</time>
        <extensions>
          <ns3:TrackPointExtension>
            <ns3:hr>87</ns3:hr>
            <ns3:cad>0</ns3:cad>
          </ns3:TrackPointExtension>
        </extensions>
      </trkpt>
      <trkpt lat="42.03999903984367847442626953125" lon="128.07123578153550624847412109375">
        <ele>2356.39990234375</ele>
        <time>2026-10-03T06:09:25.000Z</time>
        <extensions>
          <ns3:TrackPointExtension>
            <ns3:hr>87</ns3:hr>
            <ns3:cad>0</ns3:cad>
          </ns3:TrackPointExtension>
        </extensions>
      </trkpt>
      <trkpt lat="42.0400279574096202850341796875" lon="128.07117006741464138031005859375">
        <ele>2355.60009765625</ele>
        <time>2026-10-03T06:09:26.000Z</time>
        <extensions>
          <ns3:TrackPointExtension>
            <ns3:hr>87</ns3:hr>
            <ns3:cad>0</ns3:cad>
          </ns3:TrackPointExtension>
        </extensions>
      </trkpt>
      <trkpt lat="42.04003860242664813995361328125" lon="128.071080632507801055908203125">
        <ele>2354.800048828125</ele>
        <time>2026-10-03T06:09:27.000Z</time>
        <extensions>
          <ns3:TrackPointExtension>
            <ns3:hr>87</ns3:hr>
            <ns3:cad>0</ns3:cad>
          </ns3:TrackPointExtension>
        </extensions>
      </trkpt>
      <trkpt lat="42.04002971760928630828857421875" lon="128.07098180986940860748291015625">
        <ele>2354</ele>
        <time>2026-10-03T06:09:28.000Z</time>
        <extensions>
          <ns3:TrackPointExtension>
            <ns3:hr>87</ns3:hr>
            <ns3:cad>0</ns3:cad>
          </ns3:TrackPointExtension>
        </extensions>
      </trkpt>
      <trkpt lat="42.0399602316319942474365234375" lon="128.070789277553558349609375">
        <ele>2352.199951171875</ele>
        <time>2026-10-03T06:09:30.000Z</time>
        <extensions>
          <ns3:TrackPointExtension>
            <ns3:hr>87</ns3:hr>
            <ns3:cad>0</ns3:cad>
          </ns3:TrackPointExtension>
        </extensions>
      </trkpt>
      <trkpt lat="42.03985369764268398284912109375" lon="128.07058769278228282928466796875">
        <ele>2350.199951171875</ele>
        <time>2026-10-03T06:09:32.000Z</time>
        <extensions>
          <ns3:TrackPointExtension>
            <ns3:hr>87</ns3:hr>
            <ns3:cad>0</ns3:cad>
          </ns3:TrackPointExtension>
        </extensions>
      </trkpt>
      <trkpt lat="42.0397298969328403472900390625" lon="128.07036473415791988372802734375">
        <ele>2348.39990234375</ele>
        <time>2026-10-03T06:09:34.000Z</time>
        <extensions>
          <ns3:TrackPointExtension>
            <ns3:hr>86</ns3:hr>
            <ns3:cad>0</ns3:cad>
          </ns3:TrackPointExtension>
        </extensions>
      </trkpt>
      <trkpt lat="42.03960643149912357330322265625" lon="128.07011914439499378204345703125">
        <ele>2346.199951171875</ele>
        <time>2026-10-03T06:09:36.000Z</time>
        <extensions>
          <ns3:TrackPointExtension>
            <ns3:hr>86</ns3:hr>
            <ns3:cad>0</ns3:cad>
          </ns3:TrackPointExtension>
        </extensions>
      </trkpt>
      <trkpt lat="42.03953602351248264312744140625" lon="128.0699998699128627777099609375">
        <ele>2344.800048828125</ele>
        <time>2026-10-03T06:09:37.000Z</time>
        <extensions>
          <ns3:TrackPointExtension>
            <ns3:hr>86</ns3:hr>
            <ns3:cad>0</ns3:cad>
          </ns3:TrackPointExtension>
        </extensions>
      </trkpt>
      <trkpt lat="42.03947097994387149810791015625" lon="128.0698925815522670745849609375">
        <ele>2343.199951171875</ele>
        <time>2026-10-03T06:09:38.000Z</time>
        <extensions>
          <ns3:TrackPointExtension>
            <ns3:hr>86</ns3:hr>
            <ns3:cad>0</ns3:cad>
          </ns3:TrackPointExtension>
        </extensions>
      </trkpt>
      <trkpt lat="42.03939654864370822906494140625" lon="128.069792501628398895263671875">
        <ele>2341.39990234375</ele>
        <time>2026-10-03T06:09:39.000Z</time>
        <extensions>
          <ns3:TrackPointExtension>
            <ns3:hr>86</ns3:hr>
            <ns3:cad>0</ns3:cad>
          </ns3:TrackPointExtension>
        </extensions>
      </trkpt>
      <trkpt lat="42.03932127915322780609130859375" lon="128.06969334371387958526611328125">
        <ele>2339.60009765625</ele>
        <time>2026-10-03T06:09:40.000Z</time>
        <extensions>
          <ns3:TrackPointExtension>
            <ns3:hr>86</ns3:hr>
            <ns3:cad>0</ns3:cad>
          </ns3:TrackPointExtension>
        </extensions>
      </trkpt>
      <trkpt lat="42.03924936242401599884033203125" lon="128.069596700370311737060546875">
        <ele>2338.199951171875</ele>
        <time>2026-10-03T06:09:41.000Z</time>
        <extensions>
          <ns3:TrackPointExtension>
            <ns3:hr>86</ns3:hr>
            <ns3:cad>0</ns3:cad>
          </ns3:TrackPointExtension>
        </extensions>
      </trkpt>
      <trkpt lat="42.03917744569480419158935546875" lon="128.06949846446514129638671875">
        <ele>2336.60009765625</ele>
        <time>2026-10-03T06:09:42.000Z</time>
        <extensions>
          <ns3:TrackPointExtension>
            <ns3:hr>86</ns3:hr>
            <ns3:cad>0</ns3:cad>
          </ns3:TrackPointExtension>
        </extensions>
      </trkpt>
      <trkpt lat="42.0391227118670940399169921875" lon="128.06940257549285888671875">
        <ele>2335</ele>
        <time>2026-10-03T06:09:43.000Z</time>
        <extensions>
          <ns3:TrackPointExtension>
            <ns3:hr>86</ns3:hr>
            <ns3:cad>0</ns3:cad>
          </ns3:TrackPointExtension>
        </extensions>
      </trkpt>
      <trkpt lat="42.03907015733420848846435546875" lon="128.06930274702608585357666015625">
        <ele>2333.39990234375</ele>
        <time>2026-10-03T06:09:44.000Z</time>
        <extensions>
          <ns3:TrackPointExtension>
            <ns3:hr>86</ns3:hr>
            <ns3:cad>0</ns3:cad>
          </ns3:TrackPointExtension>
        </extensions>
      </trkpt>
      <trkpt lat="42.03903160057961940765380859375" lon="128.06920819915831089019775390625">
        <ele>2332</ele>
        <time>2026-10-03T06:09:45.000Z</time>
        <extensions>
          <ns3:TrackPointExtension>
            <ns3:hr>86</ns3:hr>
            <ns3:cad>0</ns3:cad>
          </ns3:TrackPointExtension>
        </extensions>
      </trkpt>
      <trkpt lat="42.0390499569475650787353515625" lon="128.06909537874162197113037109375">
        <ele>2330.60009765625</ele>
        <time>2026-10-03T06:09:46.000Z</time>
        <extensions>
          <ns3:TrackPointExtension>
            <ns3:hr>86</ns3:hr>
            <ns3:cad>0</ns3:cad>
          </ns3:TrackPointExtension>
        </extensions>
      </trkpt>
      <trkpt lat="42.03907920978963375091552734375" lon="128.06898079812526702880859375">
        <ele>2329.39990234375</ele>
        <time>2026-10-03T06:09:47.000Z</time>
        <extensions>
          <ns3:TrackPointExtension>
            <ns3:hr>86</ns3:hr>
            <ns3:cad>0</ns3:cad>
          </ns3:TrackPointExtension>
        </extensions>
      </trkpt>
      <trkpt lat="42.0391287468373775482177734375" lon="128.0688807182013988494873046875">
        <ele>2328.39990234375</ele>
        <time>2026-10-03T06:09:48.000Z</time>
        <extensions>
          <ns3:TrackPointExtension>
            <ns3:hr>86</ns3:hr>
            <ns3:cad>0</ns3:cad>
          </ns3:TrackPointExtension>
        </extensions>
      </trkpt>
      <trkpt lat="42.0392717421054840087890625" lon="128.06874384172260761260986328125">
        <ele>2326.800048828125</ele>
        <time>2026-10-03T06:09:50.000Z</time>
        <extensions>
          <ns3:TrackPointExtension>
            <ns3:hr>86</ns3:hr>
            <ns3:cad>0</ns3:cad>
          </ns3:TrackPointExtension>
        </extensions>
      </trkpt>
      <trkpt lat="42.03945203684270381927490234375" lon="128.06873898021876811981201171875">
        <ele>2325.60009765625</ele>
        <time>2026-10-03T06:09:52.000Z</time>
        <extensions>
          <ns3:TrackPointExtension>
            <ns3:hr>86</ns3:hr>
            <ns3:cad>0</ns3:cad>
          </ns3:TrackPointExtension>
        </extensions>
      </trkpt>
      <trkpt lat="42.0396185852587223052978515625" lon="128.068850040435791015625">
        <ele>2324</ele>
        <time>2026-10-03T06:09:54.000Z</time>
        <extensions>
          <ns3:TrackPointExtension>
            <ns3:hr>86</ns3:hr>
            <ns3:cad>0</ns3:cad>
          </ns3:TrackPointExtension>
        </extensions>
      </trkpt>
      <trkpt lat="42.03969419002532958984375" lon="128.0689330212771892547607421875">
        <ele>2323.39990234375</ele>
        <time>2026-10-03T06:09:55.000Z</time>
        <extensions>
          <ns3:TrackPointExtension>
            <ns3:hr>88</ns3:hr>
            <ns3:cad>0</ns3:cad>
          </ns3:TrackPointExtension>
        </extensions>
      </trkpt>
      <trkpt lat="42.03976652584969997406005859375" lon="128.0690252222120761871337890625">
        <ele>2322.60009765625</ele>
        <time>2026-10-03T06:09:56.000Z</time>
        <extensions>
          <ns3:TrackPointExtension>
            <ns3:hr>85</ns3:hr>
            <ns3:cad>0</ns3:cad>
          </ns3:TrackPointExtension>
        </extensions>
      </trkpt>
      <trkpt lat="42.03987398184835910797119140625" lon="128.06920073926448822021484375">
        <ele>2321.60009765625</ele>
        <time>2026-10-03T06:09:58.000Z</time>
        <extensions>
          <ns3:TrackPointExtension>
            <ns3:hr>85</ns3:hr>
            <ns3:cad>0</ns3:cad>
          </ns3:TrackPointExtension>
        </extensions>
      </trkpt>
      <trkpt lat="42.03992418944835662841796875" lon="128.06930132210254669189453125">
        <ele>2321.199951171875</ele>
        <time>2026-10-03T06:09:59.000Z</time>
        <extensions>
          <ns3:TrackPointExtension>
            <ns3:hr>84</ns3:hr>
            <ns3:cad>0</ns3:cad>
          </ns3:TrackPointExtension>
        </extensions>
      </trkpt>
      <trkpt lat="42.04001781530678272247314453125" lon="128.06950173340737819671630859375">
        <ele>2320</ele>
        <time>2026-10-03T06:10:01.000Z</time>
        <extensions>
          <ns3:TrackPointExtension>
            <ns3:hr>83</ns3:hr>
            <ns3:cad>0</ns3:cad>
          </ns3:TrackPointExtension>
        </extensions>
      </trkpt>
      <trkpt lat="42.04004363156855106353759765625" lon="128.06958069093525409698486328125">
        <ele>2319.60009765625</ele>
        <time>2026-10-03T06:10:02.000Z</time>
        <extensions>
          <ns3:TrackPointExtension>
            <ns3:hr>83</ns3:hr>
            <ns3:cad>0</ns3:cad>
          </ns3:TrackPointExtension>
        </extensions>
      </trkpt>
      <trkpt lat="42.04007648862898349761962890625" lon="128.069663085043430328369140625">
        <ele>2319</ele>
        <time>2026-10-03T06:10:03.000Z</time>
        <extensions>
          <ns3:TrackPointExtension>
            <ns3:hr>83</ns3:hr>
            <ns3:cad>0</ns3:cad>
          </ns3:TrackPointExtension>
        </extensions>
      </trkpt>
      <trkpt lat="42.04015980474650859832763671875" lon="128.06978872977197170257568359375">
        <ele>2317.800048828125</ele>
        <time>2026-10-03T06:10:05.000Z</time>
        <extensions>
          <ns3:TrackPointExtension>
            <ns3:hr>83</ns3:hr>
            <ns3:cad>0</ns3:cad>
          </ns3:TrackPointExtension>
        </extensions>
      </trkpt>
      <trkpt lat="42.040191404521465301513671875" lon="128.069815970957279205322265625">
        <ele>2317</ele>
        <time>2026-10-03T06:10:06.000Z</time>
        <extensions>
          <ns3:TrackPointExtension>
            <ns3:hr>83</ns3:hr>
            <ns3:cad>0</ns3:cad>
          </ns3:TrackPointExtension>
        </extensions>
      </trkpt>
      <trkpt lat="42.04022585414350032806396484375" lon="128.06979225017130374908447265625">
        <ele>2316.39990234375</ele>
        <time>2026-10-03T06:10:07.000Z</time>
        <extensions>
          <ns3:TrackPointExtension>
            <ns3:hr>83</ns3:hr>
            <ns3:cad>0</ns3:cad>
          </ns3:TrackPointExtension>
        </extensions>
      </trkpt>
      <trkpt lat="42.04026214778423309326171875" lon="128.06975352577865123748779296875">
        <ele>2315.800048828125</ele>
        <time>2026-10-03T06:10:08.000Z</time>
        <extensions>
          <ns3:TrackPointExtension>
            <ns3:hr>84</ns3:hr>
            <ns3:cad>0</ns3:cad>
          </ns3:TrackPointExtension>
        </extensions>
      </trkpt>
      <trkpt lat="42.04030129127204418182373046875" lon="128.069669790565967559814453125">
        <ele>2315.199951171875</ele>
        <time>2026-10-03T06:10:09.000Z</time>
        <extensions>
          <ns3:TrackPointExtension>
            <ns3:hr>83</ns3:hr>
            <ns3:cad>0</ns3:cad>
          </ns3:TrackPointExtension>
        </extensions>
      </trkpt>
      <trkpt lat="42.04040019772946834564208984375" lon="128.0695231072604656219482421875">
        <ele>2313.60009765625</ele>
        <time>2026-10-03T06:10:11.000Z</time>
        <extensions>
          <ns3:TrackPointExtension>
            <ns3:hr>83</ns3:hr>
            <ns3:cad>0</ns3:cad>
          </ns3:TrackPointExtension>
        </extensions>
      </trkpt>
      <trkpt lat="42.04052022658288478851318359375" lon="128.06944054551422595977783203125">
        <ele>2311.800048828125</ele>
        <time>2026-10-03T06:10:13.000Z</time>
        <extensions>
          <ns3:TrackPointExtension>
            <ns3:hr>84</ns3:hr>
            <ns3:cad>0</ns3:cad>
          </ns3:TrackPointExtension>
        </extensions>
      </trkpt>
      <trkpt lat="42.0405731163918972015380859375" lon="128.06944079697132110595703125">
        <ele>2310.60009765625</ele>
        <time>2026-10-03T06:10:14.000Z</time>
        <extensions>
          <ns3:TrackPointExtension>
            <ns3:hr>83</ns3:hr>
            <ns3:cad>0</ns3:cad>
          </ns3:TrackPointExtension>
        </extensions>
      </trkpt>
      <trkpt lat="42.040620557963848114013671875" lon="128.06947239674627780914306640625">
        <ele>2309.199951171875</ele>
        <time>2026-10-03T06:10:15.000Z</time>
        <extensions>
          <ns3:TrackPointExtension>
            <ns3:hr>83</ns3:hr>
            <ns3:cad>0</ns3:cad>
          </ns3:TrackPointExtension>
        </extensions>
      </trkpt>
      <trkpt lat="42.04065836034715175628662109375" lon="128.06951028294861316680908203125">
        <ele>2308</ele>
        <time>2026-10-03T06:10:16.000Z</time>
        <extensions>
          <ns3:TrackPointExtension>
            <ns3:hr>83</ns3:hr>
            <ns3:cad>0</ns3:cad>
          </ns3:TrackPointExtension>
        </extensions>
      </trkpt>
      <trkpt lat="42.040688283741474151611328125" lon="128.06957985274493694305419921875">
        <ele>2307.199951171875</ele>
        <time>2026-10-03T06:10:17.000Z</time>
        <extensions>
          <ns3:TrackPointExtension>
            <ns3:hr>83</ns3:hr>
            <ns3:cad>0</ns3:cad>
          </ns3:TrackPointExtension>
        </extensions>
      </trkpt>
      <trkpt lat="42.040710411965847015380859375" lon="128.06967272423207759857177734375">
        <ele>2306.199951171875</ele>
        <time>2026-10-03T06:10:18.000Z</time>
        <extensions>
          <ns3:TrackPointExtension>
            <ns3:hr>83</ns3:hr>
            <ns3:cad>0</ns3:cad>
          </ns3:TrackPointExtension>
        </extensions>
      </trkpt>
      <trkpt lat="42.0407199673354625701904296875" lon="128.06977883912622928619384765625">
        <ele>2305.39990234375</ele>
        <time>2026-10-03T06:10:19.000Z</time>
        <extensions>
          <ns3:TrackPointExtension>
            <ns3:hr>83</ns3:hr>
            <ns3:cad>0</ns3:cad>
          </ns3:TrackPointExtension>
        </extensions>
      </trkpt>
      <trkpt lat="42.0407327078282833099365234375" lon="128.069888055324554443359375">
        <ele>2304.199951171875</ele>
        <time>2026-10-03T06:10:20.000Z</time>
        <extensions>
          <ns3:TrackPointExtension>
            <ns3:hr>83</ns3:hr>
            <ns3:cad>0</ns3:cad>
          </ns3:TrackPointExtension>
        </extensions>
      </trkpt>
      <trkpt lat="42.04075475223362445831298828125" lon="128.069999031722545623779296875">
        <ele>2302.60009765625</ele>
        <time>2026-10-03T06:10:21.000Z</time>
        <extensions>
          <ns3:TrackPointExtension>
            <ns3:hr>83</ns3:hr>
            <ns3:cad>0</ns3:cad>
          </ns3:TrackPointExtension>
        </extensions>
      </trkpt>
      <trkpt lat="42.04079783521592617034912109375" lon="128.0700987763702869415283203125">
        <ele>2301</ele>
        <time>2026-10-03T06:10:22.000Z</time>
        <extensions>
          <ns3:TrackPointExtension>
            <ns3:hr>83</ns3:hr>
            <ns3:cad>0</ns3:cad>
          </ns3:TrackPointExtension>
        </extensions>
      </trkpt>
      <trkpt lat="42.04084728844463825225830078125" lon="128.07019240222871303558349609375">
        <ele>2299.199951171875</ele>
        <time>2026-10-03T06:10:23.000Z</time>
        <extensions>
          <ns3:TrackPointExtension>
            <ns3:hr>83</ns3:hr>
            <ns3:cad>0</ns3:cad>
          </ns3:TrackPointExtension>
        </extensions>
      </trkpt>
      <trkpt lat="42.0409110747277736663818359375" lon="128.0702783167362213134765625">
        <ele>2297.60009765625</ele>
        <time>2026-10-03T06:10:24.000Z</time>
        <extensions>
          <ns3:TrackPointExtension>
            <ns3:hr>82</ns3:hr>
            <ns3:cad>0</ns3:cad>
          </ns3:TrackPointExtension>
        </extensions>
      </trkpt>
      <trkpt lat="42.0409668982028961181640625" lon="128.070362471044063568115234375">
        <ele>2296.199951171875</ele>
        <time>2026-10-03T06:10:25.000Z</time>
        <extensions>
          <ns3:TrackPointExtension>
            <ns3:hr>82</ns3:hr>
            <ns3:cad>0</ns3:cad>
          </ns3:TrackPointExtension>
        </extensions>
      </trkpt>
      <trkpt lat="42.04103236086666584014892578125" lon="128.0704363994300365447998046875">
        <ele>2294.800048828125</ele>
        <time>2026-10-03T06:10:26.000Z</time>
        <extensions>
          <ns3:TrackPointExtension>
            <ns3:hr>82</ns3:hr>
            <ns3:cad>0</ns3:cad>
          </ns3:TrackPointExtension>
        </extensions>
      </trkpt>
      <trkpt lat="42.041102014482021331787109375" lon="128.0704910494387149810791015625">
        <ele>2293.39990234375</ele>
        <time>2026-10-03T06:10:27.000Z</time>
        <extensions>
          <ns3:TrackPointExtension>
            <ns3:hr>82</ns3:hr>
            <ns3:cad>0</ns3:cad>
          </ns3:TrackPointExtension>
        </extensions>
      </trkpt>
      <trkpt lat="42.0411694049835205078125" lon="128.07053840719163417816162109375">
        <ele>2292</ele>
        <time>2026-10-03T06:10:28.000Z</time>
        <extensions>
          <ns3:TrackPointExtension>
            <ns3:hr>82</ns3:hr>
            <ns3:cad>0</ns3:cad>
          </ns3:TrackPointExtension>
        </extensions>
      </trkpt>
      <trkpt lat="42.0412336103618144989013671875" lon="128.07057444937527179718017578125">
        <ele>2290.800048828125</ele>
        <time>2026-10-03T06:10:29.000Z</time>
        <extensions>
          <ns3:TrackPointExtension>
            <ns3:hr>81</ns3:hr>
            <ns3:cad>0</ns3:cad>
          </ns3:TrackPointExtension>
        </extensions>
      </trkpt>
      <trkpt lat="42.0412902720272541046142578125" lon="128.0705976672470569610595703125">
        <ele>2289.60009765625</ele>
        <time>2026-10-03T06:10:30.000Z</time>
        <extensions>
          <ns3:TrackPointExtension>
            <ns3:hr>80</ns3:hr>
            <ns3:cad>0</ns3:cad>
          </ns3:TrackPointExtension>
        </extensions>
      </trkpt>
      <trkpt lat="42.04134651459753513336181640625" lon="128.07060780934989452362060546875">
        <ele>2288.39990234375</ele>
        <time>2026-10-03T06:10:31.000Z</time>
        <extensions>
          <ns3:TrackPointExtension>
            <ns3:hr>80</ns3:hr>
            <ns3:cad>0</ns3:cad>
          </ns3:TrackPointExtension>
        </extensions>
      </trkpt>
      <trkpt lat="42.041409127414226531982421875" lon="128.070595823228359222412109375">
        <ele>2287</ele>
        <time>2026-10-03T06:10:32.000Z</time>
        <extensions>
          <ns3:TrackPointExtension>
            <ns3:hr>79</ns3:hr>
            <ns3:cad>0</ns3:cad>
          </ns3:TrackPointExtension>
        </extensions>
      </trkpt>
      <trkpt lat="42.04146645963191986083984375" lon="128.0705426819622516632080078125">
        <ele>2285.800048828125</ele>
        <time>2026-10-03T06:10:33.000Z</time>
        <extensions>
          <ns3:TrackPointExtension>
            <ns3:hr>78</ns3:hr>
            <ns3:cad>0</ns3:cad>
          </ns3:TrackPointExtension>
        </extensions>
      </trkpt>
      <trkpt lat="42.041515074670314788818359375" lon="128.0704672448337078094482421875">
        <ele>2284.800048828125</ele>
        <time>2026-10-03T06:10:34.000Z</time>
        <extensions>
          <ns3:TrackPointExtension>
            <ns3:hr>79</ns3:hr>
            <ns3:cad>0</ns3:cad>
          </ns3:TrackPointExtension>
        </extensions>
      </trkpt>
      <trkpt lat="42.0415504463016986846923828125" lon="128.07037764228880405426025390625">
        <ele>2283.800048828125</ele>
        <time>2026-10-03T06:10:35.000Z</time>
        <extensions>
          <ns3:TrackPointExtension>
            <ns3:hr>80</ns3:hr>
            <ns3:cad>0</ns3:cad>
          </ns3:TrackPointExtension>
        </extensions>
      </trkpt>
      <trkpt lat="42.041569054126739501953125" lon="128.070276640355587005615234375">
        <ele>2282.800048828125</ele>
        <time>2026-10-03T06:10:36.000Z</time>
        <extensions>
          <ns3:TrackPointExtension>
            <ns3:hr>81</ns3:hr>
            <ns3:cad>0</ns3:cad>
          </ns3:TrackPointExtension>
        </extensions>
      </trkpt>
      <trkpt lat="42.0415598340332508087158203125" lon="128.0701790750026702880859375">
        <ele>2281.800048828125</ele>
        <time>2026-10-03T06:10:37.000Z</time>
        <extensions>
          <ns3:TrackPointExtension>
            <ns3:hr>80</ns3:hr>
            <ns3:cad>0</ns3:cad>
          </ns3:TrackPointExtension>
        </extensions>
      </trkpt>
      <trkpt lat="42.04152152873575687408447265625" lon="128.07008796371519565582275390625">
        <ele>2281</ele>
        <time>2026-10-03T06:10:38.000Z</time>
        <extensions>
          <ns3:TrackPointExtension>
            <ns3:hr>80</ns3:hr>
            <ns3:cad>0</ns3:cad>
          </ns3:TrackPointExtension>
        </extensions>
      </trkpt>
      <trkpt lat="42.04146738164126873016357421875" lon="128.06999274529516696929931640625">
        <ele>2280.39990234375</ele>
        <time>2026-10-03T06:10:39.000Z</time>
        <extensions>
          <ns3:TrackPointExtension>
            <ns3:hr>80</ns3:hr>
            <ns3:cad>0</ns3:cad>
          </ns3:TrackPointExtension>
        </extensions>
      </trkpt>
      <trkpt lat="42.0414072833955287933349609375" lon="128.0699006281793117523193359375">
        <ele>2279.60009765625</ele>
        <time>2026-10-03T06:10:40.000Z</time>
        <extensions>
          <ns3:TrackPointExtension>
            <ns3:hr>81</ns3:hr>
            <ns3:cad>0</ns3:cad>
          </ns3:TrackPointExtension>
        </extensions>
      </trkpt>
      <trkpt lat="42.04129555262625217437744140625" lon="128.0697048269212245941162109375">
        <ele>2277.60009765625</ele>
        <time>2026-10-03T06:10:42.000Z</time>
        <extensions>
          <ns3:TrackPointExtension>
            <ns3:hr>80</ns3:hr>
            <ns3:cad>0</ns3:cad>
          </ns3:TrackPointExtension>
        </extensions>
      </trkpt>
      <trkpt lat="42.04123981297016143798828125" lon="128.06960038840770721435546875">
        <ele>2276.199951171875</ele>
        <time>2026-10-03T06:10:43.000Z</time>
        <extensions>
          <ns3:TrackPointExtension>
            <ns3:hr>80</ns3:hr>
            <ns3:cad>0</ns3:cad>
          </ns3:TrackPointExtension>
        </extensions>
      </trkpt>
      <trkpt lat="42.041189856827259063720703125" lon="128.0694872327148914337158203125">
        <ele>2275</ele>
        <time>2026-10-03T06:10:44.000Z</time>
        <extensions>
          <ns3:TrackPointExtension>
            <ns3:hr>80</ns3:hr>
            <ns3:cad>0</ns3:cad>
          </ns3:TrackPointExtension>
        </extensions>
      </trkpt>
      <trkpt lat="42.041138894855976104736328125" lon="128.0693725682795047760009765625">
        <ele>2273.800048828125</ele>
        <time>2026-10-03T06:10:45.000Z</time>
        <extensions>
          <ns3:TrackPointExtension>
            <ns3:hr>80</ns3:hr>
            <ns3:cad>0</ns3:cad>
          </ns3:TrackPointExtension>
        </extensions>
      </trkpt>
      <trkpt lat="42.041095979511737823486328125" lon="128.0692528747022151947021484375">
        <ele>2273</ele>
        <time>2026-10-03T06:10:46.000Z</time>
        <extensions>
          <ns3:TrackPointExtension>
            <ns3:hr>81</ns3:hr>
            <ns3:cad>0</ns3:cad>
          </ns3:TrackPointExtension>
        </extensions>
      </trkpt>
      <trkpt lat="42.04105817712843418121337890625" lon="128.06913510896265506744384765625">
        <ele>2272.199951171875</ele>
        <time>2026-10-03T06:10:47.000Z</time>
        <extensions>
          <ns3:TrackPointExtension>
            <ns3:hr>81</ns3:hr>
            <ns3:cad>0</ns3:cad>
          </ns3:TrackPointExtension>
        </extensions>
      </trkpt>
      <trkpt lat="42.04101140610873699188232421875" lon="128.0689303390681743621826171875">
        <ele>2271.199951171875</ele>
        <time>2026-10-03T06:10:49.000Z</time>
        <extensions>
          <ns3:TrackPointExtension>
            <ns3:hr>81</ns3:hr>
            <ns3:cad>0</ns3:cad>
          </ns3:TrackPointExtension>
        </extensions>
      </trkpt>
      <trkpt lat="42.041019536554813385009765625" lon="128.0688272416591644287109375">
        <ele>2270.39990234375</ele>
        <time>2026-10-03T06:10:50.000Z</time>
        <extensions>
          <ns3:TrackPointExtension>
            <ns3:hr>81</ns3:hr>
            <ns3:cad>0</ns3:cad>
          </ns3:TrackPointExtension>
        </extensions>
      </trkpt>
      <trkpt lat="42.041045688092708587646484375" lon="128.0687228031456470489501953125">
        <ele>2269.800048828125</ele>
        <time>2026-10-03T06:10:51.000Z</time>
        <extensions>
          <ns3:TrackPointExtension>
            <ns3:hr>80</ns3:hr>
            <ns3:cad>0</ns3:cad>
          </ns3:TrackPointExtension>
        </extensions>
      </trkpt>
      <trkpt lat="42.04111240804195404052734375" lon="128.0685001797974109649658203125">
        <ele>2268.39990234375</ele>
        <time>2026-10-03T06:10:53.000Z</time>
        <extensions>
          <ns3:TrackPointExtension>
            <ns3:hr>79</ns3:hr>
            <ns3:cad>0</ns3:cad>
          </ns3:TrackPointExtension>
        </extensions>
      </trkpt>
      <trkpt lat="42.0411769486963748931884765625" lon="128.0682591162621974945068359375">
        <ele>2266.800048828125</ele>
        <time>2026-10-03T06:10:55.000Z</time>
        <extensions>
          <ns3:TrackPointExtension>
            <ns3:hr>81</ns3:hr>
            <ns3:cad>0</ns3:cad>
          </ns3:TrackPointExtension>
        </extensions>
      </trkpt>
      <trkpt lat="42.041193544864654541015625" lon="128.06814084760844707489013671875">
        <ele>2265.800048828125</ele>
        <time>2026-10-03T06:10:56.000Z</time>
        <extensions>
          <ns3:TrackPointExtension>
            <ns3:hr>83</ns3:hr>
            <ns3:cad>0</ns3:cad>
          </ns3:TrackPointExtension>
        </extensions>
      </trkpt>
      <trkpt lat="42.04119765199720859527587890625" lon="128.06803121231496334075927734375">
        <ele>2264.199951171875</ele>
        <time>2026-10-03T06:10:57.000Z</time>
        <extensions>
          <ns3:TrackPointExtension>
            <ns3:hr>83</ns3:hr>
            <ns3:cad>0</ns3:cad>
          </ns3:TrackPointExtension>
        </extensions>
      </trkpt>
      <trkpt lat="42.04119362868368625640869140625" lon="128.06793012656271457672119140625">
        <ele>2262.60009765625</ele>
        <time>2026-10-03T06:10:58.000Z</time>
        <extensions>
          <ns3:TrackPointExtension>
            <ns3:hr>82</ns3:hr>
            <ns3:cad>0</ns3:cad>
          </ns3:TrackPointExtension>
        </extensions>
      </trkpt>
      <trkpt lat="42.04119949601590633392333984375" lon="128.06783356703817844390869140625">
        <ele>2261.199951171875</ele>
        <time>2026-10-03T06:10:59.000Z</time>
        <extensions>
          <ns3:TrackPointExtension>
            <ns3:hr>80</ns3:hr>
            <ns3:cad>0</ns3:cad>
          </ns3:TrackPointExtension>
        </extensions>
      </trkpt>
      <trkpt lat="42.04121592454612255096435546875" lon="128.067747652530670166015625">
        <ele>2260</ele>
        <time>2026-10-03T06:11:00.000Z</time>
        <extensions>
          <ns3:TrackPointExtension>
            <ns3:hr>83</ns3:hr>
            <ns3:cad>0</ns3:cad>
          </ns3:TrackPointExtension>
        </extensions>
      </trkpt>
      <trkpt lat="42.0412513799965381622314453125" lon="128.0676712095737457275390625">
        <ele>2258.60009765625</ele>
        <time>2026-10-03T06:11:01.000Z</time>
        <extensions>
          <ns3:TrackPointExtension>
            <ns3:hr>84</ns3:hr>
            <ns3:cad>0</ns3:cad>
          </ns3:TrackPointExtension>
        </extensions>
      </trkpt>
      <trkpt lat="42.04130644910037517547607421875" lon="128.06763223372399806976318359375">
        <ele>2257.199951171875</ele>
        <time>2026-10-03T06:11:02.000Z</time>
        <extensions>
          <ns3:TrackPointExtension>
            <ns3:hr>84</ns3:hr>
            <ns3:cad>0</ns3:cad>
          </ns3:TrackPointExtension>
        </extensions>
      </trkpt>
      <trkpt lat="42.04136453568935394287109375" lon="128.06760977022349834442138671875">
        <ele>2255.800048828125</ele>
        <time>2026-10-03T06:11:03.000Z</time>
        <extensions>
          <ns3:TrackPointExtension>
            <ns3:hr>87</ns3:hr>
            <ns3:cad>0</ns3:cad>
          </ns3:TrackPointExtension>
        </extensions>
      </trkpt>
      <trkpt lat="42.04142547212541103363037109375" lon="128.06761815212666988372802734375">
        <ele>2254.39990234375</ele>
        <time>2026-10-03T06:11:04.000Z</time>
        <extensions>
          <ns3:TrackPointExtension>
            <ns3:hr>86</ns3:hr>
            <ns3:cad>0</ns3:cad>
          </ns3:TrackPointExtension>
        </extensions>
      </trkpt>
      <trkpt lat="42.0414872467517852783203125" lon="128.06763743050396442413330078125">
        <ele>2253.39990234375</ele>
        <time>2026-10-03T06:11:05.000Z</time>
        <extensions>
          <ns3:TrackPointExtension>
            <ns3:hr>85</ns3:hr>
            <ns3:cad>0</ns3:cad>
          </ns3:TrackPointExtension>
        </extensions>
      </trkpt>
      <trkpt lat="42.041552960872650146484375" lon="128.067666180431842803955078125">
        <ele>2252.39990234375</ele>
        <time>2026-10-03T06:11:06.000Z</time>
        <extensions>
          <ns3:TrackPointExtension>
            <ns3:hr>85</ns3:hr>
            <ns3:cad>0</ns3:cad>
          </ns3:TrackPointExtension>
        </extensions>
      </trkpt>
      <trkpt lat="42.04161800444126129150390625" lon="128.0677072517573833465576171875">
        <ele>2251.39990234375</ele>
        <time>2026-10-03T06:11:07.000Z</time>
        <extensions>
          <ns3:TrackPointExtension>
            <ns3:hr>85</ns3:hr>
            <ns3:cad>0</ns3:cad>
          </ns3:TrackPointExtension>
        </extensions>
      </trkpt>
      <trkpt lat="42.0416812039911746978759765625" lon="128.0677461437880992889404296875">
        <ele>2250.60009765625</ele>
        <time>2026-10-03T06:11:08.000Z</time>
        <extensions>
          <ns3:TrackPointExtension>
            <ns3:hr>85</ns3:hr>
            <ns3:cad>0</ns3:cad>
          </ns3:TrackPointExtension>
        </extensions>
      </trkpt>
      <trkpt lat="42.0418109558522701263427734375" lon="128.06781747378408908843994140625">
        <ele>2249</ele>
        <time>2026-10-03T06:11:10.000Z</time>
        <extensions>
          <ns3:TrackPointExtension>
            <ns3:hr>86</ns3:hr>
            <ns3:cad>0</ns3:cad>
          </ns3:TrackPointExtension>
        </extensions>
      </trkpt>
      <trkpt lat="42.041944228112697601318359375" lon="128.06787899695336818695068359375">
        <ele>2247.60009765625</ele>
        <time>2026-10-03T06:11:12.000Z</time>
        <extensions>
          <ns3:TrackPointExtension>
            <ns3:hr>85</ns3:hr>
            <ns3:cad>0</ns3:cad>
          </ns3:TrackPointExtension>
        </extensions>
      </trkpt>
      <trkpt lat="42.04207942821085453033447265625" lon="128.06792937219142913818359375">
        <ele>2246.199951171875</ele>
        <time>2026-10-03T06:11:14.000Z</time>
        <extensions>
          <ns3:TrackPointExtension>
            <ns3:hr>84</ns3:hr>
            <ns3:cad>0</ns3:cad>
          </ns3:TrackPointExtension>
        </extensions>
      </trkpt>
      <trkpt lat="42.04220700077712535858154296875" lon="128.06794990785419940948486328125">
        <ele>2245</ele>
        <time>2026-10-03T06:11:16.000Z</time>
        <extensions>
          <ns3:TrackPointExtension>
            <ns3:hr>83</ns3:hr>
            <ns3:cad>0</ns3:cad>
          </ns3:TrackPointExtension>
        </extensions>
      </trkpt>
      <trkpt lat="42.04226098023355007171630859375" lon="128.06792400777339935302734375">
        <ele>2244.39990234375</ele>
        <time>2026-10-03T06:11:17.000Z</time>
        <extensions>
          <ns3:TrackPointExtension>
            <ns3:hr>83</ns3:hr>
            <ns3:cad>0</ns3:cad>
          </ns3:TrackPointExtension>
        </extensions>
      </trkpt>
      <trkpt lat="42.04229953698813915252685546875" lon="128.067872039973735809326171875">
        <ele>2243.39990234375</ele>
        <time>2026-10-03T06:11:18.000Z</time>
        <extensions>
          <ns3:TrackPointExtension>
            <ns3:hr>83</ns3:hr>
            <ns3:cad>0</ns3:cad>
          </ns3:TrackPointExtension>
        </extensions>
      </trkpt>
      <trkpt lat="42.042314708232879638671875" lon="128.067787550389766693115234375">
        <ele>2242.39990234375</ele>
        <time>2026-10-03T06:11:19.000Z</time>
        <extensions>
          <ns3:TrackPointExtension>
            <ns3:hr>83</ns3:hr>
            <ns3:cad>0</ns3:cad>
          </ns3:TrackPointExtension>
        </extensions>
      </trkpt>
      <trkpt lat="42.04231546260416507720947265625" lon="128.06768319569528102874755859375">
        <ele>2241.39990234375</ele>
        <time>2026-10-03T06:11:20.000Z</time>
        <extensions>
          <ns3:TrackPointExtension>
            <ns3:hr>83</ns3:hr>
            <ns3:cad>0</ns3:cad>
          </ns3:TrackPointExtension>
        </extensions>
      </trkpt>
      <trkpt lat="42.042317055165767669677734375" lon="128.0675627477467060089111328125">
        <ele>2240.199951171875</ele>
        <time>2026-10-03T06:11:21.000Z</time>
        <extensions>
          <ns3:TrackPointExtension>
            <ns3:hr>83</ns3:hr>
            <ns3:cad>0</ns3:cad>
          </ns3:TrackPointExtension>
        </extensions>
      </trkpt>
      <trkpt lat="42.042319066822528839111328125" lon="128.0674272961914539337158203125">
        <ele>2239.199951171875</ele>
        <time>2026-10-03T06:11:22.000Z</time>
        <extensions>
          <ns3:TrackPointExtension>
            <ns3:hr>83</ns3:hr>
            <ns3:cad>0</ns3:cad>
          </ns3:TrackPointExtension>
        </extensions>
      </trkpt>
      <trkpt lat="42.042315714061260223388671875" lon="128.0671406351029872894287109375">
        <ele>2237.199951171875</ele>
        <time>2026-10-03T06:11:24.000Z</time>
        <extensions>
          <ns3:TrackPointExtension>
            <ns3:hr>83</ns3:hr>
            <ns3:cad>72</ns3:cad>
          </ns3:TrackPointExtension>
        </extensions>
      </trkpt>
      <trkpt lat="42.04230791889131069183349609375" lon="128.06700241751968860626220703125">
        <ele>2236.199951171875</ele>
        <time>2026-10-03T06:11:25.000Z</time>
        <extensions>
          <ns3:TrackPointExtension>
            <ns3:hr>83</ns3:hr>
            <ns3:cad>0</ns3:cad>
          </ns3:TrackPointExtension>
        </extensions>
      </trkpt>
      <trkpt lat="42.04229794442653656005859375" lon="128.06686855852603912353515625">
        <ele>2235.199951171875</ele>
        <time>2026-10-03T06:11:26.000Z</time>
        <extensions>
          <ns3:TrackPointExtension>
            <ns3:hr>83</ns3:hr>
            <ns3:cad>0</ns3:cad>
          </ns3:TrackPointExtension>
        </extensions>
      </trkpt>
      <trkpt lat="42.04229366965591907501220703125" lon="128.066742829978466033935546875">
        <ele>2234.39990234375</ele>
        <time>2026-10-03T06:11:27.000Z</time>
        <extensions>
          <ns3:TrackPointExtension>
            <ns3:hr>82</ns3:hr>
            <ns3:cad>0</ns3:cad>
          </ns3:TrackPointExtension>
        </extensions>
      </trkpt>
      <trkpt lat="42.04228528775274753570556640625" lon="128.0665103159844875335693359375">
        <ele>2232.60009765625</ele>
        <time>2026-10-03T06:11:29.000Z</time>
        <extensions>
          <ns3:TrackPointExtension>
            <ns3:hr>82</ns3:hr>
            <ns3:cad>0</ns3:cad>
          </ns3:TrackPointExtension>
        </extensions>
      </trkpt>
      <trkpt lat="42.04227405600249767303466796875" lon="128.06628660298883914947509765625">
        <ele>2230.800048828125</ele>
        <time>2026-10-03T06:11:31.000Z</time>
        <extensions>
          <ns3:TrackPointExtension>
            <ns3:hr>83</ns3:hr>
            <ns3:cad>0</ns3:cad>
          </ns3:TrackPointExtension>
        </extensions>
      </trkpt>
      <trkpt lat="42.0422193221747875213623046875" lon="128.0660913884639739990234375">
        <ele>2229.199951171875</ele>
        <time>2026-10-03T06:11:33.000Z</time>
        <extensions>
          <ns3:TrackPointExtension>
            <ns3:hr>84</ns3:hr>
            <ns3:cad>0</ns3:cad>
          </ns3:TrackPointExtension>
        </extensions>
      </trkpt>
      <trkpt lat="42.042179591953754425048828125" lon="128.06599658913910388946533203125">
        <ele>2228.60009765625</ele>
        <time>2026-10-03T06:11:34.000Z</time>
        <extensions>
          <ns3:TrackPointExtension>
            <ns3:hr>84</ns3:hr>
            <ns3:cad>0</ns3:cad>
          </ns3:TrackPointExtension>
        </extensions>
      </trkpt>
      <trkpt lat="42.04214036464691162109375" lon="128.0659054778516292572021484375">
        <ele>2227.800048828125</ele>
        <time>2026-10-03T06:11:35.000Z</time>
        <extensions>
          <ns3:TrackPointExtension>
            <ns3:hr>84</ns3:hr>
            <ns3:cad>0</ns3:cad>
          </ns3:TrackPointExtension>
        </extensions>
      </trkpt>
      <trkpt lat="42.042078338563442230224609375" lon="128.06575636379420757293701171875">
        <ele>2225.60009765625</ele>
        <time>2026-10-03T06:11:37.000Z</time>
        <extensions>
          <ns3:TrackPointExtension>
            <ns3:hr>84</ns3:hr>
            <ns3:cad>0</ns3:cad>
          </ns3:TrackPointExtension>
        </extensions>
      </trkpt>
      <trkpt lat="42.0420516841113567352294921875" lon="128.0656825192272663116455078125">
        <ele>2224.60009765625</ele>
        <time>2026-10-03T06:11:38.000Z</time>
        <extensions>
          <ns3:TrackPointExtension>
            <ns3:hr>85</ns3:hr>
            <ns3:cad>0</ns3:cad>
          </ns3:TrackPointExtension>
        </extensions>
      </trkpt>
      <trkpt lat="42.0420449785888195037841796875" lon="128.0656070820987224578857421875">
        <ele>2223.800048828125</ele>
        <time>2026-10-03T06:11:39.000Z</time>
        <extensions>
          <ns3:TrackPointExtension>
            <ns3:hr>85</ns3:hr>
            <ns3:cad>0</ns3:cad>
          </ns3:TrackPointExtension>
        </extensions>
      </trkpt>
      <trkpt lat="42.04206115566194057464599609375" lon="128.06553793139755725860595703125">
        <ele>2223</ele>
        <time>2026-10-03T06:11:40.000Z</time>
        <extensions>
          <ns3:TrackPointExtension>
            <ns3:hr>85</ns3:hr>
            <ns3:cad>58</ns3:cad>
          </ns3:TrackPointExtension>
        </extensions>
      </trkpt>
      <trkpt lat="42.0420962758362293243408203125" lon="128.0654843710362911224365234375">
        <ele>2222.39990234375</ele>
        <time>2026-10-03T06:11:41.000Z</time>
        <extensions>
          <ns3:TrackPointExtension>
            <ns3:hr>85</ns3:hr>
            <ns3:cad>58</ns3:cad>
          </ns3:TrackPointExtension>
        </extensions>
      </trkpt>
      <trkpt lat="42.04214799217879772186279296875" lon="128.06545377708971500396728515625">
        <ele>2221.60009765625</ele>
        <time>2026-10-03T06:11:42.000Z</time>
        <extensions>
          <ns3:TrackPointExtension>
            <ns3:hr>85</ns3:hr>
            <ns3:cad>58</ns3:cad>
          </ns3:TrackPointExtension>
        </extensions>
      </trkpt>
      <trkpt lat="42.04225293360650539398193359375" lon="128.0653965286910533905029296875">
        <ele>2219.800048828125</ele>
        <time>2026-10-03T06:11:44.000Z</time>
        <extensions>
          <ns3:TrackPointExtension>
            <ns3:hr>85</ns3:hr>
            <ns3:cad>0</ns3:cad>
          </ns3:TrackPointExtension>
        </extensions>
      </trkpt>
      <trkpt lat="42.04243415035307407379150390625" lon="128.06540817953646183013916015625">
        <ele>2218.39990234375</ele>
        <time>2026-10-03T06:11:46.000Z</time>
        <extensions>
          <ns3:TrackPointExtension>
            <ns3:hr>85</ns3:hr>
            <ns3:cad>0</ns3:cad>
          </ns3:TrackPointExtension>
        </extensions>
      </trkpt>
      <trkpt lat="42.0425113476812839508056640625" lon="128.065398037433624267578125">
        <ele>2217.800048828125</ele>
        <time>2026-10-03T06:11:47.000Z</time>
        <extensions>
          <ns3:TrackPointExtension>
            <ns3:hr>85</ns3:hr>
            <ns3:cad>0</ns3:cad>
          </ns3:TrackPointExtension>
        </extensions>
      </trkpt>
      <trkpt lat="42.0425871200859546661376953125" lon="128.0653898231685161590576171875">
        <ele>2217</ele>
        <time>2026-10-03T06:11:48.000Z</time>
        <extensions>
          <ns3:TrackPointExtension>
            <ns3:hr>87</ns3:hr>
            <ns3:cad>0</ns3:cad>
          </ns3:TrackPointExtension>
        </extensions>
      </trkpt>
      <trkpt lat="42.042665742337703704833984375" lon="128.0653901584446430206298828125">
        <ele>2215.800048828125</ele>
        <time>2026-10-03T06:11:49.000Z</time>
        <extensions>
          <ns3:TrackPointExtension>
            <ns3:hr>87</ns3:hr>
            <ns3:cad>0</ns3:cad>
          </ns3:TrackPointExtension>
        </extensions>
      </trkpt>
      <trkpt lat="42.0427470467984676361083984375" lon="128.06540331803262233734130859375">
        <ele>2214.60009765625</ele>
        <time>2026-10-03T06:11:50.000Z</time>
        <extensions>
          <ns3:TrackPointExtension>
            <ns3:hr>86</ns3:hr>
            <ns3:cad>0</ns3:cad>
          </ns3:TrackPointExtension>
        </extensions>
      </trkpt>
      <trkpt lat="42.04282902181148529052734375" lon="128.065430559217929840087890625">
        <ele>2213.60009765625</ele>
        <time>2026-10-03T06:11:51.000Z</time>
        <extensions>
          <ns3:TrackPointExtension>
            <ns3:hr>85</ns3:hr>
            <ns3:cad>0</ns3:cad>
          </ns3:TrackPointExtension>
        </extensions>
      </trkpt>
      <trkpt lat="42.0429032854735851287841796875" lon="128.06547087617218494415283203125">
        <ele>2212.60009765625</ele>
        <time>2026-10-03T06:11:52.000Z</time>
        <extensions>
          <ns3:TrackPointExtension>
            <ns3:hr>86</ns3:hr>
            <ns3:cad>0</ns3:cad>
          </ns3:TrackPointExtension>
        </extensions>
      </trkpt>
      <trkpt lat="42.04295634292066097259521484375" lon="128.06550876237452030181884765625">
        <ele>2211.60009765625</ele>
        <time>2026-10-03T06:11:53.000Z</time>
        <extensions>
          <ns3:TrackPointExtension>
            <ns3:hr>86</ns3:hr>
            <ns3:cad>0</ns3:cad>
          </ns3:TrackPointExtension>
        </extensions>
      </trkpt>
      <trkpt lat="42.04302691854536533355712890625" lon="128.0655752308666706085205078125">
        <ele>2210.39990234375</ele>
        <time>2026-10-03T06:11:54.000Z</time>
        <extensions>
          <ns3:TrackPointExtension>
            <ns3:hr>86</ns3:hr>
            <ns3:cad>0</ns3:cad>
          </ns3:TrackPointExtension>
        </extensions>
      </trkpt>
      <trkpt lat="42.04308374784886837005615234375" lon="128.06564069353044033050537109375">
        <ele>2209.39990234375</ele>
        <time>2026-10-03T06:11:55.000Z</time>
        <extensions>
          <ns3:TrackPointExtension>
            <ns3:hr>86</ns3:hr>
            <ns3:cad>0</ns3:cad>
          </ns3:TrackPointExtension>
        </extensions>
      </trkpt>
      <trkpt lat="42.04313135705888271331787109375" lon="128.0657187290489673614501953125">
        <ele>2208.199951171875</ele>
        <time>2026-10-03T06:11:56.000Z</time>
        <extensions>
          <ns3:TrackPointExtension>
            <ns3:hr>86</ns3:hr>
            <ns3:cad>0</ns3:cad>
          </ns3:TrackPointExtension>
        </extensions>
      </trkpt>
      <trkpt lat="42.0432293415069580078125" lon="128.0658897198736667633056640625">
        <ele>2206.39990234375</ele>
        <time>2026-10-03T06:11:58.000Z</time>
        <extensions>
          <ns3:TrackPointExtension>
            <ns3:hr>86</ns3:hr>
            <ns3:cad>0</ns3:cad>
          </ns3:TrackPointExtension>
        </extensions>
      </trkpt>
      <trkpt lat="42.04334157519042491912841796875" lon="128.0660328827798366546630859375">
        <ele>2205</ele>
        <time>2026-10-03T06:12:00.000Z</time>
        <extensions>
          <ns3:TrackPointExtension>
            <ns3:hr>85</ns3:hr>
            <ns3:cad>0</ns3:cad>
          </ns3:TrackPointExtension>
        </extensions>
      </trkpt>
      <trkpt lat="42.04354978166520595550537109375" lon="128.06626732461154460906982421875">
        <ele>2203.60009765625</ele>
        <time>2026-10-03T06:12:03.000Z</time>
        <extensions>
          <ns3:TrackPointExtension>
            <ns3:hr>84</ns3:hr>
            <ns3:cad>0</ns3:cad>
          </ns3:TrackPointExtension>
        </extensions>
      </trkpt>
      <trkpt lat="42.0437042601406574249267578125" lon="128.06639523245394229888916015625">
        <ele>2202.800048828125</ele>
        <time>2026-10-03T06:12:05.000Z</time>
        <extensions>
          <ns3:TrackPointExtension>
            <ns3:hr>85</ns3:hr>
            <ns3:cad>0</ns3:cad>
          </ns3:TrackPointExtension>
        </extensions>
      </trkpt>
      <trkpt lat="42.04378128983080387115478515625" lon="128.06645390577614307403564453125">
        <ele>2202.39990234375</ele>
        <time>2026-10-03T06:12:06.000Z</time>
        <extensions>
          <ns3:TrackPointExtension>
            <ns3:hr>85</ns3:hr>
            <ns3:cad>0</ns3:cad>
          </ns3:TrackPointExtension>
        </extensions>
      </trkpt>
      <trkpt lat="42.04393350519239902496337890625" lon="128.0665733478963375091552734375">
        <ele>2201.800048828125</ele>
        <time>2026-10-03T06:12:08.000Z</time>
        <extensions>
          <ns3:TrackPointExtension>
            <ns3:hr>85</ns3:hr>
            <ns3:cad>0</ns3:cad>
          </ns3:TrackPointExtension>
        </extensions>
      </trkpt>
      <trkpt lat="42.0440046675503253936767578125" lon="128.0666358768939971923828125">
        <ele>2201.60009765625</ele>
        <time>2026-10-03T06:12:09.000Z</time>
        <extensions>
          <ns3:TrackPointExtension>
            <ns3:hr>82</ns3:hr>
            <ns3:cad>0</ns3:cad>
          </ns3:TrackPointExtension>
        </extensions>
      </trkpt>
      <trkpt lat="42.04406845383346080780029296875" lon="128.0667034350335597991943359375">
        <ele>2201.39990234375</ele>
        <time>2026-10-03T06:12:10.000Z</time>
        <extensions>
          <ns3:TrackPointExtension>
            <ns3:hr>86</ns3:hr>
            <ns3:cad>0</ns3:cad>
          </ns3:TrackPointExtension>
        </extensions>
      </trkpt>
      <trkpt lat="42.0442557893693447113037109375" lon="128.06691172532737255096435546875">
        <ele>2200</ele>
        <time>2026-10-03T06:12:13.000Z</time>
        <extensions>
          <ns3:TrackPointExtension>
            <ns3:hr>85</ns3:hr>
            <ns3:cad>0</ns3:cad>
          </ns3:TrackPointExtension>
        </extensions>
      </trkpt>
      <trkpt lat="42.04443792812526226043701171875" lon="128.06705757044255733489990234375">
        <ele>2198.800048828125</ele>
        <time>2026-10-03T06:12:15.000Z</time>
        <extensions>
          <ns3:TrackPointExtension>
            <ns3:hr>85</ns3:hr>
            <ns3:cad>0</ns3:cad>
          </ns3:TrackPointExtension>
        </extensions>
      </trkpt>
      <trkpt lat="42.044609673321247100830078125" lon="128.067172653973102569580078125">
        <ele>2197.39990234375</ele>
        <time>2026-10-03T06:12:17.000Z</time>
        <extensions>
          <ns3:TrackPointExtension>
            <ns3:hr>87</ns3:hr>
            <ns3:cad>0</ns3:cad>
          </ns3:TrackPointExtension>
        </extensions>
      </trkpt>
      <trkpt lat="42.0447798259556293487548828125" lon="128.067278601229190826416015625">
        <ele>2195.199951171875</ele>
        <time>2026-10-03T06:12:19.000Z</time>
        <extensions>
          <ns3:TrackPointExtension>
            <ns3:hr>86</ns3:hr>
            <ns3:cad>0</ns3:cad>
          </ns3:TrackPointExtension>
        </extensions>
      </trkpt>
      <trkpt lat="42.04489457421004772186279296875" lon="128.06734976358711719512939453125">
        <ele>2194</ele>
        <time>2026-10-03T06:12:20.000Z</time>
        <extensions>
          <ns3:TrackPointExtension>
            <ns3:hr>87</ns3:hr>
            <ns3:cad>0</ns3:cad>
          </ns3:TrackPointExtension>
        </extensions>
      </trkpt>
      <trkpt lat="42.0449902117252349853515625" lon="128.06741665117442607879638671875">
        <ele>2192.60009765625</ele>
        <time>2026-10-03T06:12:21.000Z</time>
        <extensions>
          <ns3:TrackPointExtension>
            <ns3:hr>86</ns3:hr>
            <ns3:cad>0</ns3:cad>
          </ns3:TrackPointExtension>
        </extensions>
      </trkpt>
      <trkpt lat="42.045084424316883087158203125" lon="128.06747532449662685394287109375">
        <ele>2191.39990234375</ele>
        <time>2026-10-03T06:12:22.000Z</time>
        <extensions>
          <ns3:TrackPointExtension>
            <ns3:hr>85</ns3:hr>
            <ns3:cad>0</ns3:cad>
          </ns3:TrackPointExtension>
        </extensions>
      </trkpt>
      <trkpt lat="42.04518022947013378143310546875" lon="128.0675248615443706512451171875">
        <ele>2189.800048828125</ele>
        <time>2026-10-03T06:12:23.000Z</time>
        <extensions>
          <ns3:TrackPointExtension>
            <ns3:hr>85</ns3:hr>
            <ns3:cad>0</ns3:cad>
          </ns3:TrackPointExtension>
        </extensions>
      </trkpt>
      <trkpt lat="42.0452772080898284912109375" lon="128.06756459176540374755859375">
        <ele>2188.39990234375</ele>
        <time>2026-10-03T06:12:24.000Z</time>
        <extensions>
          <ns3:TrackPointExtension>
            <ns3:hr>84</ns3:hr>
            <ns3:cad>0</ns3:cad>
          </ns3:TrackPointExtension>
        </extensions>
      </trkpt>
      <trkpt lat="42.0453710854053497314453125" lon="128.0676096864044666290283203125">
        <ele>2186.800048828125</ele>
        <time>2026-10-03T06:12:25.000Z</time>
        <extensions>
          <ns3:TrackPointExtension>
            <ns3:hr>85</ns3:hr>
            <ns3:cad>0</ns3:cad>
          </ns3:TrackPointExtension>
        </extensions>
      </trkpt>
    </trkseg>
  </trk>
</gpx>
