<gpx xmlns:ns3="http://www.garmin.com/xmlschemas/TrackPointExtension/v1" xmlns="http://www.topografix.com/GPX/1/1" xmlns:xsi="http://www.w3.org/2001/XMLSchema-instance" xmlns:ns2="http://www.garmin.com/xmlschemas/GpxExtensions/v3" creator="Garmin Connect" version="1.1" xsi:schemaLocation="http://www.topografix.com/GPX/1/1 http://www.topografix.com/GPX/11.xsd">
  <extensions>
<distance>10002.1</distance>
<average_hr>178.0</average_hr>
<average_speed>2.757999897003174</average_speed>
<start_time>2026-10-07T10:12:01+00:00</start_time>
<end_time>2026-10-07T11:12:28.171000+00:00</end_time>
<moving_time>3291.935</moving_time>
<elapsed_time>3627.171</elapsed_time>
</extensions>
<metadata>
    <link href="connect.garmin.com">
      <text>Garmin Connect</text>
    </link>
    <time>2026-10-07T10:12:01.000Z</time>
  </metadata>
  <trk>
    <name>Changping Running</name>
    <type>running</type>
    <trkseg>
      <trkpt lat="40.07568544708192348480224609375" lon="116.33788478560745716094970703125">
        <ele>46</ele>
        <time>2026-10-07T10:12:01.000Z</time>
        <extensions>
          <ns3:TrackPointExtension>
            <ns3:atemp>75.0</ns3:atemp>
            <ns3:hr>97</ns3:hr>
            <ns3:cad>0</ns3:cad>
          </ns3:TrackPointExtension>
        </extensions>
      </trkpt>
      <trkpt lat="40.0757970102131366729736328125" lon="116.3378375954926013946533203125">
        <ele>46</ele>
        <time>2026-10-07T10:12:08.000Z</time>
        <extensions>
          <ns3:TrackPointExtension>
            <ns3:atemp>75.0</ns3:atemp>
            <ns3:hr>97</ns3:hr>
            <ns3:cad>91</ns3:cad>
          </ns3:TrackPointExtension>
        </extensions>
      </trkpt>
      <trkpt lat="40.0758188031613826751708984375" lon="116.33783784694969654083251953125">
        <ele>46</ele>
        <time>2026-10-07T10:12:09.000Z</time>
        <extensions>
          <ns3:TrackPointExtension>
            <ns3:atemp>75.0</ns3:atemp>
            <ns3:hr>102</ns3:hr>
            <ns3:cad>90</ns3:cad>
          </ns3:TrackPointExtension>
        </extensions>
      </trkpt>
      <trkpt lat="40.0758379139006137847900390625" lon="116.33783868514001369476318359375">
        <ele>46</ele>
        <time>2026-10-07T10:12:10.000Z</time>
        <extensions>
          <ns3:TrackPointExtension>
            <ns3:atemp>75.0</ns3:atemp>
            <ns3:hr>107</ns3:hr>
            <ns3:cad>90</ns3:cad>
          </ns3:TrackPointExtension>
        </extensions>
      </trkpt>
      <trkpt lat="40.07585912011563777923583984375" lon="116.33783969096839427947998046875">
        <ele>46</ele>
        <time>2026-10-07T10:12:11.000Z</time>
        <extensions>
          <ns3:TrackPointExtension>
            <ns3:atemp>75.0</ns3:atemp>
            <ns3:hr>111</ns3:hr>
            <ns3:cad>90</ns3:cad>
          </ns3:TrackPointExtension>
        </extensions>
      </trkpt>
      <trkpt lat="40.0758781470358371734619140625" lon="116.33784002624452114105224609375">
        <ele>46</ele>
        <time>2026-10-07T10:12:12.000Z</time>
        <extensions>
          <ns3:TrackPointExtension>
            <ns3:atemp>75.0</ns3:atemp>
            <ns3:hr>114</ns3:hr>
            <ns3:cad>90</ns3:cad>
          </ns3:TrackPointExtension>
        </extensions>
      </trkpt>
      <trkpt lat="40.07591578178107738494873046875" lon="116.3378446362912654876708984375">
        <ele>46</ele>
        <time>2026-10-07T10:12:14.000Z</time>
        <extensions>
          <ns3:TrackPointExtension>
            <ns3:atemp>75.0</ns3:atemp>
            <ns3:hr>120</ns3:hr>
            <ns3:cad>90</ns3:cad>
          </ns3:TrackPointExtension>
        </extensions>
      </trkpt>
      <trkpt lat="40.0759644806385040283203125" lon="116.33784689940512180328369140625">
        <ele>46</ele>
        <time>2026-10-07T10:12:16.000Z</time>
        <extensions>
          <ns3:TrackPointExtension>
            <ns3:atemp>75.0</ns3:atemp>
            <ns3:hr>124</ns3:hr>
            <ns3:cad>90</ns3:cad>
          </ns3:TrackPointExtension>
        </extensions>
      </trkpt>
      <trkpt lat="40.0759854353964328765869140625" lon="116.3378463126718997955322265625">
        <ele>46</ele>
        <time>2026-10-07T10:12:17.000Z</time>
        <extensions>
          <ns3:TrackPointExtension>
            <ns3:atemp>75.0</ns3:atemp>
            <ns3:hr>126</ns3:hr>
            <ns3:cad>90</ns3:cad>
          </ns3:TrackPointExtension>
        </extensions>
      </trkpt>
      <trkpt lat="40.0760213099420070648193359375" lon="116.3378365896642208099365234375">
        <ele>46</ele>
        <time>2026-10-07T10:12:19.000Z</time>
        <extensions>
          <ns3:TrackPointExtension>
            <ns3:atemp>75.0</ns3:atemp>
            <ns3:hr>129</ns3:hr>
            <ns3:cad>90</ns3:cad>
          </ns3:TrackPointExtension>
        </extensions>
      </trkpt>
      <trkpt lat="40.07606917060911655426025390625" lon="116.337831728160381317138671875">
        <ele>46</ele>
        <time>2026-10-07T10:12:21.000Z</time>
        <extensions>
          <ns3:TrackPointExtension>
            <ns3:atemp>75.0</ns3:atemp>
            <ns3:hr>132</ns3:hr>
            <ns3:cad>91</ns3:cad>
          </ns3:TrackPointExtension>
        </extensions>
      </trkpt>
      <trkpt lat="40.07613010704517364501953125" lon="116.3378248549997806549072265625">
        <ele>46</ele>
        <time>2026-10-07T10:12:24.000Z</time>
        <extensions>
          <ns3:TrackPointExtension>
            <ns3:atemp>75.0</ns3:atemp>
            <ns3:hr>136</ns3:hr>
            <ns3:cad>90</ns3:cad>
          </ns3:TrackPointExtension>
        </extensions>
      </trkpt>
      <trkpt lat="40.0761554203927516937255859375" lon="116.33782200515270233154296875">
        <ele>46</ele>
        <time>2026-10-07T10:12:25.000Z</time>
        <extensions>
          <ns3:TrackPointExtension>
            <ns3:atemp>75.0</ns3:atemp>
            <ns3:hr>137</ns3:hr>
            <ns3:cad>90</ns3:cad>
          </ns3:TrackPointExtension>
        </extensions>
      </trkpt>
      <trkpt lat="40.07624669931828975677490234375" lon="116.33781488053500652313232421875">
        <ele>46</ele>
        <time>2026-10-07T10:12:29.000Z</time>
        <extensions>
          <ns3:TrackPointExtension>
            <ns3:atemp>75.0</ns3:atemp>
            <ns3:hr>141</ns3:hr>
            <ns3:cad>91</ns3:cad>
          </ns3:TrackPointExtension>
        </extensions>
      </trkpt>
      <trkpt lat="40.07631258107721805572509765625" lon="116.33780867792665958404541015625">
        <ele>46</ele>
        <time>2026-10-07T10:12:32.000Z</time>
        <extensions>
          <ns3:TrackPointExtension>
            <ns3:atemp>75.0</ns3:atemp>
            <ns3:hr>144</ns3:hr>
            <ns3:cad>90</ns3:cad>
          </ns3:TrackPointExtension>
        </extensions>
      </trkpt>
      <trkpt lat="40.07635817863047122955322265625" lon="116.3378047384321689605712890625">
        <ele>46</ele>
        <time>2026-10-07T10:12:34.000Z</time>
        <extensions>
          <ns3:TrackPointExtension>
            <ns3:atemp>75.0</ns3:atemp>
            <ns3:hr>147</ns3:hr>
            <ns3:cad>90</ns3:cad>
          </ns3:TrackPointExtension>
        </extensions>
      </trkpt>
      <trkpt lat="40.076406039297580718994140625" lon="116.3378040678799152374267578125">
        <ele>46</ele>
        <time>2026-10-07T10:12:36.000Z</time>
        <extensions>
          <ns3:TrackPointExtension>
            <ns3:atemp>75.0</ns3:atemp>
            <ns3:hr>150</ns3:hr>
            <ns3:cad>90</ns3:cad>
          </ns3:TrackPointExtension>
        </extensions>
      </trkpt>
      <trkpt lat="40.0764953903853893280029296875" lon="116.33780549280345439910888671875">
        <ele>46</ele>
        <time>2026-10-07T10:12:40.000Z</time>
        <extensions>
          <ns3:TrackPointExtension>
            <ns3:atemp>75.0</ns3:atemp>
            <ns3:hr>153</ns3:hr>
            <ns3:cad>90</ns3:cad>
          </ns3:TrackPointExtension>
        </extensions>
      </trkpt>
      <trkpt lat="40.07654450833797454833984375" lon="116.33780482225120067596435546875">
        <ele>46</ele>
        <time>2026-10-07T10:12:42.000Z</time>
        <extensions>
          <ns3:TrackPointExtension>
            <ns3:atemp>75.0</ns3:atemp>
            <ns3:hr>156</ns3:hr>
            <ns3:cad>89</ns3:cad>
          </ns3:TrackPointExtension>
        </extensions>
      </trkpt>
      <trkpt lat="40.076607875525951385498046875" lon="116.3378104381263256072998046875">
        <ele>46</ele>
        <time>2026-10-07T10:12:45.000Z</time>
        <extensions>
          <ns3:TrackPointExtension>
            <ns3:atemp>75.0</ns3:atemp>
            <ns3:hr>158</ns3:hr>
            <ns3:cad>90</ns3:cad>
          </ns3:TrackPointExtension>
        </extensions>
      </trkpt>
      <trkpt lat="40.076722204685211181640625" lon="116.33780364878475666046142578125">
        <ele>46</ele>
        <time>2026-10-07T10:12:50.000Z</time>
        <extensions>
          <ns3:TrackPointExtension>
            <ns3:atemp>75.0</ns3:atemp>
            <ns3:hr>161</ns3:hr>
            <ns3:cad>90</ns3:cad>
          </ns3:TrackPointExtension>
        </extensions>
      </trkpt>
      <trkpt lat="40.07678599096834659576416015625" lon="116.33778177201747894287109375">
        <ele>46</ele>
        <time>2026-10-07T10:12:53.000Z</time>
        <extensions>
          <ns3:TrackPointExtension>
            <ns3:atemp>75.0</ns3:atemp>
            <ns3:hr>160</ns3:hr>
            <ns3:cad>90</ns3:cad>
          </ns3:TrackPointExtension>
        </extensions>
      </trkpt>
      <trkpt lat="40.07689830847084522247314453125" lon="116.3376910798251628875732421875">
        <ele>46</ele>
        <time>2026-10-07T10:12:59.000Z</time>
        <extensions>
          <ns3:TrackPointExtension>
            <ns3:atemp>75.0</ns3:atemp>
            <ns3:hr>163</ns3:hr>
            <ns3:cad>91</ns3:cad>
          </ns3:TrackPointExtension>
        </extensions>
      </trkpt>
      <trkpt lat="40.0769255496561527252197265625" lon="116.3376541994512081146240234375">
        <ele>46</ele>
        <time>2026-10-07T10:13:01.000Z</time>
        <extensions>
          <ns3:TrackPointExtension>
            <ns3:atemp>75.0</ns3:atemp>
            <ns3:hr>162</ns3:hr>
            <ns3:cad>90</ns3:cad>
          </ns3:TrackPointExtension>
        </extensions>
      </trkpt>
      <trkpt lat="40.07700006477534770965576171875" lon="116.3374369405210018157958984375">
        <ele>46</ele>
        <time>2026-10-07T10:13:09.000Z</time>
        <extensions>
          <ns3:TrackPointExtension>
            <ns3:atemp>75.0</ns3:atemp>
            <ns3:hr>163</ns3:hr>
            <ns3:cad>90</ns3:cad>
          </ns3:TrackPointExtension>
        </extensions>
      </trkpt>
      <trkpt lat="40.07697341032326221466064453125" lon="116.33719973266124725341796875">
        <ele>46</ele>
        <time>2026-10-07T10:13:17.000Z</time>
        <extensions>
          <ns3:TrackPointExtension>
            <ns3:atemp>75.0</ns3:atemp>
            <ns3:hr>160</ns3:hr>
            <ns3:cad>90</ns3:cad>
          </ns3:TrackPointExtension>
        </extensions>
      </trkpt>
      <trkpt lat="40.076910965144634246826171875" lon="116.33708246983587741851806640625">
        <ele>46</ele>
        <time>2026-10-07T10:13:22.000Z</time>
        <extensions>
          <ns3:TrackPointExtension>
            <ns3:atemp>75.0</ns3:atemp>
            <ns3:hr>160</ns3:hr>
            <ns3:cad>90</ns3:cad>
          </ns3:TrackPointExtension>
        </extensions>
      </trkpt>
      <trkpt lat="40.07677274756133556365966796875" lon="116.3369558192789554595947265625">
        <ele>46</ele>
        <time>2026-10-07T10:13:29.000Z</time>
        <extensions>
          <ns3:TrackPointExtension>
            <ns3:atemp>75.0</ns3:atemp>
            <ns3:hr>159</ns3:hr>
            <ns3:cad>90</ns3:cad>
          </ns3:TrackPointExtension>
        </extensions>
      </trkpt>
      <trkpt lat="40.0766097195446491241455078125" lon="116.33691164664924144744873046875">
        <ele>46</ele>
        <time>2026-10-07T10:13:36.000Z</time>
        <extensions>
          <ns3:TrackPointExtension>
            <ns3:atemp>75.0</ns3:atemp>
            <ns3:hr>158</ns3:hr>
            <ns3:cad>91</ns3:cad>
          </ns3:TrackPointExtension>
        </extensions>
      </trkpt>
      <trkpt lat="40.07643629796802997589111328125" lon="116.33691566996276378631591796875">
        <ele>46</ele>
        <time>2026-10-07T10:13:43.000Z</time>
        <extensions>
          <ns3:TrackPointExtension>
            <ns3:atemp>75.0</ns3:atemp>
            <ns3:hr>160</ns3:hr>
            <ns3:cad>91</ns3:cad>
          </ns3:TrackPointExtension>
        </extensions>
      </trkpt>
      <trkpt lat="40.0762917101383209228515625" lon="116.336926482617855072021484375">
        <ele>46</ele>
        <time>2026-10-07T10:13:49.000Z</time>
        <extensions>
          <ns3:TrackPointExtension>
            <ns3:atemp>75.0</ns3:atemp>
            <ns3:hr>157</ns3:hr>
            <ns3:cad>89</ns3:cad>
          </ns3:TrackPointExtension>
        </extensions>
      </trkpt>
      <trkpt lat="40.07626798935234546661376953125" lon="116.33692522533237934112548828125">
        <ele>46</ele>
        <time>2026-10-07T10:13:50.000Z</time>
        <extensions>
          <ns3:TrackPointExtension>
            <ns3:atemp>75.0</ns3:atemp>
            <ns3:hr>160</ns3:hr>
            <ns3:cad>89</ns3:cad>
          </ns3:TrackPointExtension>
        </extensions>
      </trkpt>
      <trkpt lat="40.07617394439876079559326171875" lon="116.336931847035884857177734375">
        <ele>46</ele>
        <time>2026-10-07T10:13:54.000Z</time>
        <extensions>
          <ns3:TrackPointExtension>
            <ns3:atemp>75.0</ns3:atemp>
            <ns3:hr>161</ns3:hr>
            <ns3:cad>90</ns3:cad>
          </ns3:TrackPointExtension>
        </extensions>
      </trkpt>
      <trkpt lat="40.07600605487823486328125" lon="116.33694048039615154266357421875">
        <ele>46</ele>
        <time>2026-10-07T10:14:01.000Z</time>
        <extensions>
          <ns3:TrackPointExtension>
            <ns3:atemp>75.0</ns3:atemp>
            <ns3:hr>164</ns3:hr>
            <ns3:cad>90</ns3:cad>
          </ns3:TrackPointExtension>
        </extensions>
      </trkpt>
      <trkpt lat="40.07595785893499851226806640625" lon="116.33693880401551723480224609375">
        <ele>46</ele>
        <time>2026-10-07T10:14:03.000Z</time>
        <extensions>
          <ns3:TrackPointExtension>
            <ns3:atemp>75.0</ns3:atemp>
            <ns3:hr>164</ns3:hr>
            <ns3:cad>90</ns3:cad>
          </ns3:TrackPointExtension>
        </extensions>
      </trkpt>
      <trkpt lat="40.07578820921480655670166015625" lon="116.33695472963154315948486328125">
        <ele>46</ele>
        <time>2026-10-07T10:14:10.000Z</time>
        <extensions>
          <ns3:TrackPointExtension>
            <ns3:atemp>75.0</ns3:atemp>
            <ns3:hr>165</ns3:hr>
            <ns3:cad>90</ns3:cad>
          </ns3:TrackPointExtension>
        </extensions>
      </trkpt>
      <trkpt lat="40.07561805658042430877685546875" lon="116.3370409794151782989501953125">
        <ele>46</ele>
        <time>2026-10-07T10:14:18.000Z</time>
        <extensions>
          <ns3:TrackPointExtension>
            <ns3:atemp>75.0</ns3:atemp>
            <ns3:hr>165</ns3:hr>
            <ns3:cad>89</ns3:cad>
          </ns3:TrackPointExtension>
        </extensions>
      </trkpt>
      <trkpt lat="40.07551864720880985260009765625" lon="116.3372082822024822235107421875">
        <ele>46</ele>
        <time>2026-10-07T10:14:26.000Z</time>
        <extensions>
          <ns3:TrackPointExtension>
            <ns3:atemp>75.0</ns3:atemp>
            <ns3:hr>167</ns3:hr>
            <ns3:cad>88</ns3:cad>
          </ns3:TrackPointExtension>
        </extensions>
      </trkpt>
      <trkpt lat="40.075481347739696502685546875" lon="116.33734750561416149139404296875">
        <ele>46</ele>
        <time>2026-10-07T10:14:31.000Z</time>
        <extensions>
          <ns3:TrackPointExtension>
            <ns3:atemp>75.0</ns3:atemp>
            <ns3:hr>167</ns3:hr>
            <ns3:cad>89</ns3:cad>
          </ns3:TrackPointExtension>
        </extensions>
      </trkpt>
      <trkpt lat="40.07550640963017940521240234375" lon="116.337529309093952178955078125">
        <ele>46</ele>
        <time>2026-10-07T10:14:37.000Z</time>
        <extensions>
          <ns3:TrackPointExtension>
            <ns3:atemp>75.0</ns3:atemp>
            <ns3:hr>167</ns3:hr>
            <ns3:cad>88</ns3:cad>
          </ns3:TrackPointExtension>
        </extensions>
      </trkpt>
      <trkpt lat="40.07559726946055889129638671875" lon="116.33773609064519405364990234375">
        <ele>46</ele>
        <time>2026-10-07T10:14:45.000Z</time>
        <extensions>
          <ns3:TrackPointExtension>
            <ns3:atemp>75.0</ns3:atemp>
            <ns3:hr>166</ns3:hr>
            <ns3:cad>91</ns3:cad>
          </ns3:TrackPointExtension>
        </extensions>
      </trkpt>
      <trkpt lat="40.07575686089694499969482421875" lon="116.33786601014435291290283203125">
        <ele>46</ele>
        <time>2026-10-07T10:14:53.000Z</time>
        <extensions>
          <ns3:TrackPointExtension>
            <ns3:atemp>75.0</ns3:atemp>
            <ns3:hr>164</ns3:hr>
            <ns3:cad>90</ns3:cad>
          </ns3:TrackPointExtension>
        </extensions>
      </trkpt>
      <trkpt lat="40.0757782347500324249267578125" lon="116.33787455968558788299560546875">
        <ele>46</ele>
        <time>2026-10-07T10:14:54.000Z</time>
        <extensions>
          <ns3:TrackPointExtension>
            <ns3:atemp>75.0</ns3:atemp>
            <ns3:hr>166</ns3:hr>
            <ns3:cad>90</ns3:cad>
          </ns3:TrackPointExtension>
        </extensions>
      </trkpt>
      <trkpt lat="40.07597696967422962188720703125" lon="116.33787095546722412109375">
        <ele>46</ele>
        <time>2026-10-07T10:15:03.000Z</time>
        <extensions>
          <ns3:TrackPointExtension>
            <ns3:atemp>75.0</ns3:atemp>
            <ns3:hr>167</ns3:hr>
            <ns3:cad>90</ns3:cad>
          </ns3:TrackPointExtension>
        </extensions>
      </trkpt>
      <trkpt lat="40.0761656463146209716796875" lon="116.337861903011798858642578125">
        <ele>46</ele>
        <time>2026-10-07T10:15:11.000Z</time>
        <extensions>
          <ns3:TrackPointExtension>
            <ns3:atemp>75.0</ns3:atemp>
            <ns3:hr>169</ns3:hr>
            <ns3:cad>90</ns3:cad>
          </ns3:TrackPointExtension>
        </extensions>
      </trkpt>
      <trkpt lat="40.076278634369373321533203125" lon="116.33784874342381954193115234375">
        <ele>46</ele>
        <time>2026-10-07T10:15:16.000Z</time>
        <extensions>
          <ns3:TrackPointExtension>
            <ns3:atemp>75.0</ns3:atemp>
            <ns3:hr>169</ns3:hr>
            <ns3:cad>90</ns3:cad>
          </ns3:TrackPointExtension>
        </extensions>
      </trkpt>
      <trkpt lat="40.07647183723747730255126953125" lon="116.33784673176705837249755859375">
        <ele>46</ele>
        <time>2026-10-07T10:15:24.000Z</time>
        <extensions>
          <ns3:TrackPointExtension>
            <ns3:atemp>75.0</ns3:atemp>
            <ns3:hr>171</ns3:hr>
            <ns3:cad>90</ns3:cad>
          </ns3:TrackPointExtension>
        </extensions>
      </trkpt>
      <trkpt lat="40.0765476934611797332763671875" lon="116.33784480392932891845703125">
        <ele>46</ele>
        <time>2026-10-07T10:15:27.000Z</time>
        <extensions>
          <ns3:TrackPointExtension>
            <ns3:atemp>75.0</ns3:atemp>
            <ns3:hr>171</ns3:hr>
            <ns3:cad>90</ns3:cad>
          </ns3:TrackPointExtension>
        </extensions>
      </trkpt>
      <trkpt lat="40.0767324306070804595947265625" lon="116.3378266990184783935546875">
        <ele>46</ele>
        <time>2026-10-07T10:15:35.000Z</time>
        <extensions>
          <ns3:TrackPointExtension>
            <ns3:atemp>75.0</ns3:atemp>
            <ns3:hr>172</ns3:hr>
            <ns3:cad>90</ns3:cad>
          </ns3:TrackPointExtension>
        </extensions>
      </trkpt>
      <trkpt lat="40.07680174894630908966064453125" lon="116.33779828436672687530517578125">
        <ele>46</ele>
        <time>2026-10-07T10:15:38.000Z</time>
        <extensions>
          <ns3:TrackPointExtension>
            <ns3:atemp>75.0</ns3:atemp>
            <ns3:hr>173</ns3:hr>
            <ns3:cad>90</ns3:cad>
          </ns3:TrackPointExtension>
        </extensions>
      </trkpt>
      <trkpt lat="40.07692999206483364105224609375" lon="116.33764741010963916778564453125">
        <ele>46</ele>
        <time>2026-10-07T10:15:46.000Z</time>
        <extensions>
          <ns3:TrackPointExtension>
            <ns3:atemp>75.0</ns3:atemp>
            <ns3:hr>170</ns3:hr>
            <ns3:cad>90</ns3:cad>
          </ns3:TrackPointExtension>
        </extensions>
      </trkpt>
      <trkpt lat="40.07698480971157550811767578125" lon="116.33744507096707820892333984375">
        <ele>46</ele>
        <time>2026-10-07T10:15:53.000Z</time>
        <extensions>
          <ns3:TrackPointExtension>
            <ns3:atemp>75.0</ns3:atemp>
            <ns3:hr>170</ns3:hr>
            <ns3:cad>90</ns3:cad>
          </ns3:TrackPointExtension>
        </extensions>
      </trkpt>
      <trkpt lat="40.076983384788036346435546875" lon="116.33719411678612232208251953125">
        <ele>46</ele>
        <time>2026-10-07T10:16:00.000Z</time>
        <extensions>
          <ns3:TrackPointExtension>
            <ns3:atemp>75.0</ns3:atemp>
            <ns3:hr>169</ns3:hr>
            <ns3:cad>90</ns3:cad>
          </ns3:TrackPointExtension>
        </extensions>
      </trkpt>
      <trkpt lat="40.07697240449488162994384765625" lon="116.337163858115673065185546875">
        <ele>46</ele>
        <time>2026-10-07T10:16:02.000Z</time>
        <extensions>
          <ns3:TrackPointExtension>
            <ns3:atemp>75.0</ns3:atemp>
            <ns3:hr>169</ns3:hr>
            <ns3:cad>90</ns3:cad>
          </ns3:TrackPointExtension>
        </extensions>
      </trkpt>
      <trkpt lat="40.07687215693295001983642578125" lon="116.3369994051754474639892578125">
        <ele>46</ele>
        <time>2026-10-07T10:16:09.000Z</time>
        <extensions>
          <ns3:TrackPointExtension>
            <ns3:atemp>75.0</ns3:atemp>
            <ns3:hr>168</ns3:hr>
            <ns3:cad>90</ns3:cad>
          </ns3:TrackPointExtension>
        </extensions>
      </trkpt>
      <trkpt lat="40.076699741184711456298828125" lon="116.33690225891768932342529296875">
        <ele>46</ele>
        <time>2026-10-07T10:16:17.000Z</time>
        <extensions>
          <ns3:TrackPointExtension>
            <ns3:atemp>75.0</ns3:atemp>
            <ns3:hr>168</ns3:hr>
            <ns3:cad>90</ns3:cad>
          </ns3:TrackPointExtension>
        </extensions>
      </trkpt>
      <trkpt lat="40.0765168480575084686279296875" lon="116.33690209127962589263916015625">
        <ele>46</ele>
        <time>2026-10-07T10:16:25.000Z</time>
        <extensions>
          <ns3:TrackPointExtension>
            <ns3:atemp>75.0</ns3:atemp>
            <ns3:hr>168</ns3:hr>
            <ns3:cad>91</ns3:cad>
          </ns3:TrackPointExtension>
        </extensions>
      </trkpt>
      <trkpt lat="40.07632188498973846435546875" lon="116.33690427057445049285888671875">
        <ele>46</ele>
        <time>2026-10-07T10:16:33.000Z</time>
        <extensions>
          <ns3:TrackPointExtension>
            <ns3:atemp>75.0</ns3:atemp>
            <ns3:hr>169</ns3:hr>
            <ns3:cad>90</ns3:cad>
          </ns3:TrackPointExtension>
        </extensions>
      </trkpt>
      <trkpt lat="40.07624183781445026397705078125" lon="116.33691282011568546295166015625">
        <ele>46</ele>
        <time>2026-10-07T10:16:36.000Z</time>
        <extensions>
          <ns3:TrackPointExtension>
            <ns3:atemp>75.0</ns3:atemp>
            <ns3:hr>168</ns3:hr>
            <ns3:cad>90</ns3:cad>
          </ns3:TrackPointExtension>
        </extensions>
      </trkpt>
      <trkpt lat="40.07604503072798252105712890625" lon="116.33693897165358066558837890625">
        <ele>46</ele>
        <time>2026-10-07T10:16:44.000Z</time>
        <extensions>
          <ns3:TrackPointExtension>
            <ns3:atemp>75.0</ns3:atemp>
            <ns3:hr>168</ns3:hr>
            <ns3:cad>90</ns3:cad>
          </ns3:TrackPointExtension>
        </extensions>
      </trkpt>
      <trkpt lat="40.07589600048959255218505859375" lon="116.33694148622453212738037109375">
        <ele>46</ele>
        <time>2026-10-07T10:16:50.000Z</time>
        <extensions>
          <ns3:TrackPointExtension>
            <ns3:atemp>75.0</ns3:atemp>
            <ns3:hr>171</ns3:hr>
            <ns3:cad>90</ns3:cad>
          </ns3:TrackPointExtension>
        </extensions>
      </trkpt>
      <trkpt lat="40.0757767260074615478515625" lon="116.3369544781744480133056640625">
        <ele>46</ele>
        <time>2026-10-07T10:16:55.000Z</time>
        <extensions>
          <ns3:TrackPointExtension>
            <ns3:atemp>75.0</ns3:atemp>
            <ns3:hr>172</ns3:hr>
            <ns3:cad>90</ns3:cad>
          </ns3:TrackPointExtension>
        </extensions>
      </trkpt>
      <trkpt lat="40.075619481503963470458984375" lon="116.3370252214372158050537109375">
        <ele>46</ele>
        <time>2026-10-07T10:17:02.000Z</time>
        <extensions>
          <ns3:TrackPointExtension>
            <ns3:atemp>75.0</ns3:atemp>
            <ns3:hr>174</ns3:hr>
            <ns3:cad>90</ns3:cad>
          </ns3:TrackPointExtension>
        </extensions>
      </trkpt>
      <trkpt lat="40.07554446347057819366455078125" lon="116.33716410957276821136474609375">
        <ele>46</ele>
        <time>2026-10-07T10:17:08.000Z</time>
        <extensions>
          <ns3:TrackPointExtension>
            <ns3:atemp>75.0</ns3:atemp>
            <ns3:hr>174</ns3:hr>
            <ns3:cad>90</ns3:cad>
          </ns3:TrackPointExtension>
        </extensions>
      </trkpt>
      <trkpt lat="40.0755026377737522125244140625" lon="116.337306015193462371826171875">
        <ele>46</ele>
        <time>2026-10-07T10:17:13.000Z</time>
        <extensions>
          <ns3:TrackPointExtension>
            <ns3:atemp>75.0</ns3:atemp>
            <ns3:hr>175</ns3:hr>
            <ns3:cad>90</ns3:cad>
          </ns3:TrackPointExtension>
        </extensions>
      </trkpt>
      <trkpt lat="40.075496099889278411865234375" lon="116.33746535517275333404541015625">
        <ele>46</ele>
        <time>2026-10-07T10:17:18.000Z</time>
        <extensions>
          <ns3:TrackPointExtension>
            <ns3:atemp>75.0</ns3:atemp>
            <ns3:hr>176</ns3:hr>
            <ns3:cad>90</ns3:cad>
          </ns3:TrackPointExtension>
        </extensions>
      </trkpt>
      <trkpt lat="40.07556089200079441070556640625" lon="116.3376897387206554412841796875">
        <ele>46</ele>
        <time>2026-10-07T10:17:26.000Z</time>
        <extensions>
          <ns3:TrackPointExtension>
            <ns3:atemp>75.0</ns3:atemp>
            <ns3:hr>175</ns3:hr>
            <ns3:cad>89</ns3:cad>
          </ns3:TrackPointExtension>
        </extensions>
      </trkpt>
      <trkpt lat="40.07570573128759860992431640625" lon="116.3378312252461910247802734375">
        <ele>46</ele>
        <time>2026-10-07T10:17:33.000Z</time>
        <extensions>
          <ns3:TrackPointExtension>
            <ns3:atemp>75.0</ns3:atemp>
            <ns3:hr>176</ns3:hr>
            <ns3:cad>89</ns3:cad>
          </ns3:TrackPointExtension>
        </extensions>
      </trkpt>
      <trkpt lat="40.07590387947857379913330078125" lon="116.33787053637206554412841796875">
        <ele>46</ele>
        <time>2026-10-07T10:17:41.000Z</time>
        <extensions>
          <ns3:TrackPointExtension>
            <ns3:atemp>75.0</ns3:atemp>
            <ns3:hr>175</ns3:hr>
            <ns3:cad>89</ns3:cad>
          </ns3:TrackPointExtension>
        </extensions>
      </trkpt>
      <trkpt lat="40.07592734880745410919189453125" lon="116.33786852471530437469482421875">
        <ele>46</ele>
        <time>2026-10-07T10:17:42.000Z</time>
        <extensions>
          <ns3:TrackPointExtension>
            <ns3:atemp>75.0</ns3:atemp>
            <ns3:hr>174</ns3:hr>
            <ns3:cad>88</ns3:cad>
          </ns3:TrackPointExtension>
        </extensions>
      </trkpt>
      <trkpt lat="40.07611912675201892852783203125" lon="116.3378546945750713348388671875">
        <ele>46</ele>
        <time>2026-10-07T10:17:50.000Z</time>
        <extensions>
          <ns3:TrackPointExtension>
            <ns3:atemp>75.0</ns3:atemp>
            <ns3:hr>176</ns3:hr>
            <ns3:cad>87</ns3:cad>
          </ns3:TrackPointExtension>
        </extensions>
      </trkpt>
      <trkpt lat="40.07616623304784297943115234375" lon="116.337850503623485565185546875">
        <ele>46</ele>
        <time>2026-10-07T10:17:52.000Z</time>
        <extensions>
          <ns3:TrackPointExtension>
            <ns3:atemp>75.0</ns3:atemp>
            <ns3:hr>177</ns3:hr>
            <ns3:cad>88</ns3:cad>
          </ns3:TrackPointExtension>
        </extensions>
      </trkpt>
      <trkpt lat="40.07635683752596378326416015625" lon="116.33784589357674121856689453125">
        <ele>46</ele>
        <time>2026-10-07T10:18:00.000Z</time>
        <extensions>
          <ns3:TrackPointExtension>
            <ns3:atemp>75.0</ns3:atemp>
            <ns3:hr>177</ns3:hr>
            <ns3:cad>88</ns3:cad>
          </ns3:TrackPointExtension>
        </extensions>
      </trkpt>
      <trkpt lat="40.07640696130692958831787109375" lon="116.337842456996440887451171875">
        <ele>46</ele>
        <time>2026-10-07T10:18:02.000Z</time>
        <extensions>
          <ns3:TrackPointExtension>
            <ns3:atemp>75.0</ns3:atemp>
            <ns3:hr>179</ns3:hr>
            <ns3:cad>89</ns3:cad>
          </ns3:TrackPointExtension>
        </extensions>
      </trkpt>
      <trkpt lat="40.07659236900508403778076171875" lon="116.33783063851296901702880859375">
        <ele>46</ele>
        <time>2026-10-07T10:18:10.000Z</time>
        <extensions>
          <ns3:TrackPointExtension>
            <ns3:atemp>75.0</ns3:atemp>
            <ns3:hr>179</ns3:hr>
            <ns3:cad>91</ns3:cad>
          </ns3:TrackPointExtension>
        </extensions>
      </trkpt>
      <trkpt lat="40.07664333097636699676513671875" lon="116.337829716503620147705078125">
        <ele>46</ele>
        <time>2026-10-07T10:18:12.000Z</time>
        <extensions>
          <ns3:TrackPointExtension>
            <ns3:atemp>75.0</ns3:atemp>
            <ns3:hr>179</ns3:hr>
            <ns3:cad>90</ns3:cad>
          </ns3:TrackPointExtension>
        </extensions>
      </trkpt>
      <trkpt lat="40.07682722993195056915283203125" lon="116.33776224218308925628662109375">
        <ele>46</ele>
        <time>2026-10-07T10:18:20.000Z</time>
        <extensions>
          <ns3:TrackPointExtension>
            <ns3:atemp>75.0</ns3:atemp>
            <ns3:hr>179</ns3:hr>
            <ns3:cad>90</ns3:cad>
          </ns3:TrackPointExtension>
        </extensions>
      </trkpt>
      <trkpt lat="40.07695681415498256683349609375" lon="116.33761539123952388763427734375">
        <ele>46</ele>
        <time>2026-10-07T10:18:27.000Z</time>
        <extensions>
          <ns3:TrackPointExtension>
            <ns3:atemp>75.0</ns3:atemp>
            <ns3:hr>179</ns3:hr>
            <ns3:cad>90</ns3:cad>
          </ns3:TrackPointExtension>
        </extensions>
      </trkpt>
      <trkpt lat="40.07700844667851924896240234375" lon="116.3374456577003002166748046875">
        <ele>46</ele>
        <time>2026-10-07T10:18:33.000Z</time>
        <extensions>
          <ns3:TrackPointExtension>
            <ns3:atemp>75.0</ns3:atemp>
            <ns3:hr>178</ns3:hr>
            <ns3:cad>90</ns3:cad>
          </ns3:TrackPointExtension>
        </extensions>
      </trkpt>
      <trkpt lat="40.07698480971157550811767578125" lon="116.33719093166291713714599609375">
        <ele>46</ele>
        <time>2026-10-07T10:18:41.000Z</time>
        <extensions>
          <ns3:TrackPointExtension>
            <ns3:atemp>75.0</ns3:atemp>
            <ns3:hr>179</ns3:hr>
            <ns3:cad>90</ns3:cad>
          </ns3:TrackPointExtension>
        </extensions>
      </trkpt>
      <trkpt lat="40.0768745876848697662353515625" lon="116.33702094666659832000732421875">
        <ele>46</ele>
        <time>2026-10-07T10:18:48.000Z</time>
        <extensions>
          <ns3:TrackPointExtension>
            <ns3:atemp>75.0</ns3:atemp>
            <ns3:hr>181</ns3:hr>
            <ns3:cad>88</ns3:cad>
          </ns3:TrackPointExtension>
        </extensions>
      </trkpt>
      <trkpt lat="40.07670854218304157257080078125" lon="116.33690334856510162353515625">
        <ele>46</ele>
        <time>2026-10-07T10:18:56.000Z</time>
        <extensions>
          <ns3:TrackPointExtension>
            <ns3:atemp>75.0</ns3:atemp>
            <ns3:hr>180</ns3:hr>
            <ns3:cad>88</ns3:cad>
          </ns3:TrackPointExtension>
        </extensions>
      </trkpt>
      <trkpt lat="40.076536796987056732177734375" lon="116.33689806796610355377197265625">
        <ele>46</ele>
        <time>2026-10-07T10:19:03.000Z</time>
        <extensions>
          <ns3:TrackPointExtension>
            <ns3:atemp>75.0</ns3:atemp>
            <ns3:hr>179</ns3:hr>
            <ns3:cad>90</ns3:cad>
          </ns3:TrackPointExtension>
        </extensions>
      </trkpt>
      <trkpt lat="40.0763547420501708984375" lon="116.336910724639892578125">
        <ele>46</ele>
        <time>2026-10-07T10:19:10.000Z</time>
        <extensions>
          <ns3:TrackPointExtension>
            <ns3:atemp>75.0</ns3:atemp>
            <ns3:hr>178</ns3:hr>
            <ns3:cad>90</ns3:cad>
          </ns3:TrackPointExtension>
        </extensions>
      </trkpt>
      <trkpt lat="40.07627737708389759063720703125" lon="116.3369120657444000244140625">
        <ele>46</ele>
        <time>2026-10-07T10:19:13.000Z</time>
        <extensions>
          <ns3:TrackPointExtension>
            <ns3:atemp>75.0</ns3:atemp>
            <ns3:hr>180</ns3:hr>
            <ns3:cad>90</ns3:cad>
          </ns3:TrackPointExtension>
        </extensions>
      </trkpt>
      <trkpt lat="40.0760776363313198089599609375" lon="116.33692103438079357147216796875">
        <ele>46</ele>
        <time>2026-10-07T10:19:21.000Z</time>
        <extensions>
          <ns3:TrackPointExtension>
            <ns3:atemp>75.0</ns3:atemp>
            <ns3:hr>178</ns3:hr>
            <ns3:cad>90</ns3:cad>
          </ns3:TrackPointExtension>
        </extensions>
      </trkpt>
      <trkpt lat="40.075904466211795806884765625" lon="116.33692187257111072540283203125">
        <ele>46</ele>
        <time>2026-10-07T10:19:28.000Z</time>
        <extensions>
          <ns3:TrackPointExtension>
            <ns3:atemp>75.0</ns3:atemp>
            <ns3:hr>180</ns3:hr>
            <ns3:cad>90</ns3:cad>
          </ns3:TrackPointExtension>
        </extensions>
      </trkpt>
      <trkpt lat="40.07570791058242321014404296875" lon="116.336959339678287506103515625">
        <ele>46</ele>
        <time>2026-10-07T10:19:36.000Z</time>
        <extensions>
          <ns3:TrackPointExtension>
            <ns3:atemp>75.0</ns3:atemp>
            <ns3:hr>181</ns3:hr>
            <ns3:cad>90</ns3:cad>
          </ns3:TrackPointExtension>
        </extensions>
      </trkpt>
      <trkpt lat="40.075594000518321990966796875" lon="116.33707542903721332550048828125">
        <ele>46</ele>
        <time>2026-10-07T10:19:42.000Z</time>
        <extensions>
          <ns3:TrackPointExtension>
            <ns3:atemp>75.0</ns3:atemp>
            <ns3:hr>182</ns3:hr>
            <ns3:cad>90</ns3:cad>
          </ns3:TrackPointExtension>
        </extensions>
      </trkpt>
      <trkpt lat="40.07550515234470367431640625" lon="116.3372796960175037384033203125">
        <ele>46</ele>
        <time>2026-10-07T10:19:49.000Z</time>
        <extensions>
          <ns3:TrackPointExtension>
            <ns3:atemp>75.0</ns3:atemp>
            <ns3:hr>181</ns3:hr>
            <ns3:cad>90</ns3:cad>
          </ns3:TrackPointExtension>
        </extensions>
      </trkpt>
      <trkpt lat="40.0755147077143192291259765625" lon="116.33749083615839481353759765625">
        <ele>46</ele>
        <time>2026-10-07T10:19:56.000Z</time>
        <extensions>
          <ns3:TrackPointExtension>
            <ns3:atemp>75.0</ns3:atemp>
            <ns3:hr>182</ns3:hr>
            <ns3:cad>90</ns3:cad>
          </ns3:TrackPointExtension>
        </extensions>
      </trkpt>
      <trkpt lat="40.0755904801189899444580078125" lon="116.3377001322805881500244140625">
        <ele>46</ele>
        <time>2026-10-07T10:20:03.000Z</time>
        <extensions>
          <ns3:TrackPointExtension>
            <ns3:atemp>75.0</ns3:atemp>
            <ns3:hr>181</ns3:hr>
            <ns3:cad>90</ns3:cad>
          </ns3:TrackPointExtension>
        </extensions>
      </trkpt>
      <trkpt lat="40.075725428760051727294921875" lon="116.337836086750030517578125">
        <ele>46</ele>
        <time>2026-10-07T10:20:10.000Z</time>
        <extensions>
          <ns3:TrackPointExtension>
            <ns3:atemp>75.0</ns3:atemp>
            <ns3:hr>180</ns3:hr>
            <ns3:cad>90</ns3:cad>
          </ns3:TrackPointExtension>
        </extensions>
      </trkpt>
      <trkpt lat="40.0759032927453517913818359375" lon="116.33787506259977817535400390625">
        <ele>46</ele>
        <time>2026-10-07T10:20:17.000Z</time>
        <extensions>
          <ns3:TrackPointExtension>
            <ns3:atemp>75.0</ns3:atemp>
            <ns3:hr>177</ns3:hr>
            <ns3:cad>90</ns3:cad>
          </ns3:TrackPointExtension>
        </extensions>
      </trkpt>
      <trkpt lat="40.07592223584651947021484375" lon="116.3378731347620487213134765625">
        <ele>46</ele>
        <time>2026-10-07T10:20:18.000Z</time>
        <extensions>
          <ns3:TrackPointExtension>
            <ns3:atemp>75.0</ns3:atemp>
            <ns3:hr>177</ns3:hr>
            <ns3:cad>90</ns3:cad>
          </ns3:TrackPointExtension>
        </extensions>
      </trkpt>
      <trkpt lat="40.0760431028902530670166015625" lon="116.3378624059259891510009765625">
        <ele>46</ele>
        <time>2026-10-07T10:20:23.000Z</time>
        <extensions>
          <ns3:TrackPointExtension>
            <ns3:atemp>75.0</ns3:atemp>
            <ns3:hr>180</ns3:hr>
            <ns3:cad>90</ns3:cad>
          </ns3:TrackPointExtension>
        </extensions>
      </trkpt>
      <trkpt lat="40.07617947645485401153564453125" lon="116.3378483243286609649658203125">
        <ele>46</ele>
        <time>2026-10-07T10:20:28.000Z</time>
        <extensions>
          <ns3:TrackPointExtension>
            <ns3:atemp>75.0</ns3:atemp>
            <ns3:hr>183</ns3:hr>
            <ns3:cad>90</ns3:cad>
          </ns3:TrackPointExtension>
        </extensions>
      </trkpt>
      <trkpt lat="40.0762288458645343780517578125" lon="116.337846480309963226318359375">
        <ele>46</ele>
        <time>2026-10-07T10:20:30.000Z</time>
        <extensions>
          <ns3:TrackPointExtension>
            <ns3:atemp>75.0</ns3:atemp>
            <ns3:hr>183</ns3:hr>
            <ns3:cad>90</ns3:cad>
          </ns3:TrackPointExtension>
        </extensions>
      </trkpt>
      <trkpt lat="40.07643244229257106781005859375" lon="116.337840445339679718017578125">
        <ele>46</ele>
        <time>2026-10-07T10:20:38.000Z</time>
        <extensions>
          <ns3:TrackPointExtension>
            <ns3:atemp>75.0</ns3:atemp>
            <ns3:hr>184</ns3:hr>
            <ns3:cad>90</ns3:cad>
          </ns3:TrackPointExtension>
        </extensions>
      </trkpt>
      <trkpt lat="40.07650586776435375213623046875" lon="116.337833404541015625">
        <ele>46</ele>
        <time>2026-10-07T10:20:41.000Z</time>
        <extensions>
          <ns3:TrackPointExtension>
            <ns3:atemp>75.0</ns3:atemp>
            <ns3:hr>185</ns3:hr>
            <ns3:cad>89</ns3:cad>
          </ns3:TrackPointExtension>
        </extensions>
      </trkpt>
      <trkpt lat="40.0766995735466480255126953125" lon="116.33782292716205120086669921875">
        <ele>46</ele>
        <time>2026-10-07T10:20:49.000Z</time>
        <extensions>
          <ns3:TrackPointExtension>
            <ns3:atemp>75.0</ns3:atemp>
            <ns3:hr>185</ns3:hr>
            <ns3:cad>89</ns3:cad>
          </ns3:TrackPointExtension>
        </extensions>
      </trkpt>
      <trkpt lat="40.07674609310925006866455078125" lon="116.3378117792308330535888671875">
        <ele>46</ele>
        <time>2026-10-07T10:20:51.000Z</time>
        <extensions>
          <ns3:TrackPointExtension>
            <ns3:atemp>75.0</ns3:atemp>
            <ns3:hr>185</ns3:hr>
            <ns3:cad>89</ns3:cad>
          </ns3:TrackPointExtension>
        </extensions>
      </trkpt>
      <trkpt lat="40.07688506506383419036865234375" lon="116.33770457468926906585693359375">
        <ele>46</ele>
        <time>2026-10-07T10:20:58.000Z</time>
        <extensions>
          <ns3:TrackPointExtension>
            <ns3:atemp>75.0</ns3:atemp>
            <ns3:hr>185</ns3:hr>
            <ns3:cad>89</ns3:cad>
          </ns3:TrackPointExtension>
        </extensions>
      </trkpt>
      <trkpt lat="40.07698682136833667755126953125" lon="116.33753878064453601837158203125">
        <ele>46</ele>
        <time>2026-10-07T10:21:05.000Z</time>
        <extensions>
          <ns3:TrackPointExtension>
            <ns3:atemp>75.0</ns3:atemp>
            <ns3:hr>184</ns3:hr>
            <ns3:cad>87</ns3:cad>
          </ns3:TrackPointExtension>
        </extensions>
      </trkpt>
      <trkpt lat="40.07700727321207523345947265625" lon="116.3373534567654132843017578125">
        <ele>46</ele>
        <time>2026-10-07T10:21:11.000Z</time>
        <extensions>
          <ns3:TrackPointExtension>
            <ns3:atemp>75.0</ns3:atemp>
            <ns3:hr>184</ns3:hr>
            <ns3:cad>86</ns3:cad>
          </ns3:TrackPointExtension>
        </extensions>
      </trkpt>
      <trkpt lat="40.07695748470723628997802734375" lon="116.33707500994205474853515625">
        <ele>46</ele>
        <time>2026-10-07T10:21:19.000Z</time>
        <extensions>
          <ns3:TrackPointExtension>
            <ns3:atemp>75.0</ns3:atemp>
            <ns3:hr>184</ns3:hr>
            <ns3:cad>91</ns3:cad>
          </ns3:TrackPointExtension>
        </extensions>
      </trkpt>
      <trkpt lat="40.07695748470723628997802734375" lon="116.33707500994205474853515625">
        <ele>46</ele>
        <time>2026-10-07T10:21:20.000Z</time>
        <extensions>
          <ns3:TrackPointExtension>
            <ns3:atemp>75.0</ns3:atemp>
            <ns3:hr>184</ns3:hr>
            <ns3:cad>91</ns3:cad>
          </ns3:TrackPointExtension>
        </extensions>
      </trkpt>
      <trkpt lat="40.07684013806283473968505859375" lon="116.33694894611835479736328125">
        <ele>46</ele>
        <time>2026-10-07T10:21:26.000Z</time>
        <extensions>
          <ns3:TrackPointExtension>
            <ns3:atemp>75.0</ns3:atemp>
            <ns3:hr>183</ns3:hr>
            <ns3:cad>90</ns3:cad>
          </ns3:TrackPointExtension>
        </extensions>
      </trkpt>
      <trkpt lat="40.07666562683880329132080078125" lon="116.336893625557422637939453125">
        <ele>46</ele>
        <time>2026-10-07T10:21:33.000Z</time>
        <extensions>
          <ns3:TrackPointExtension>
            <ns3:atemp>75.0</ns3:atemp>
            <ns3:hr>183</ns3:hr>
            <ns3:cad>91</ns3:cad>
          </ns3:TrackPointExtension>
        </extensions>
      </trkpt>
      <trkpt lat="40.0764767825603485107421875" lon="116.33690158836543560028076171875">
        <ele>46</ele>
        <time>2026-10-07T10:21:40.000Z</time>
        <extensions>
          <ns3:TrackPointExtension>
            <ns3:atemp>75.0</ns3:atemp>
            <ns3:hr>184</ns3:hr>
            <ns3:cad>90</ns3:cad>
          </ns3:TrackPointExtension>
        </extensions>
      </trkpt>
      <trkpt lat="40.0763991661369800567626953125" lon="116.33691131137311458587646484375">
        <ele>46</ele>
        <time>2026-10-07T10:21:43.000Z</time>
        <extensions>
          <ns3:TrackPointExtension>
            <ns3:atemp>75.0</ns3:atemp>
            <ns3:hr>183</ns3:hr>
            <ns3:cad>91</ns3:cad>
          </ns3:TrackPointExtension>
        </extensions>
      </trkpt>
      <trkpt lat="40.07621593773365020751953125" lon="116.336921788752079010009765625">
        <ele>46</ele>
        <time>2026-10-07T10:21:50.000Z</time>
        <extensions>
          <ns3:TrackPointExtension>
            <ns3:atemp>75.0</ns3:atemp>
            <ns3:hr>183</ns3:hr>
            <ns3:cad>90</ns3:cad>
          </ns3:TrackPointExtension>
        </extensions>
      </trkpt>
      <trkpt lat="40.076110661029815673828125" lon="116.336927153170108795166015625">
        <ele>46</ele>
        <time>2026-10-07T10:21:54.000Z</time>
        <extensions>
          <ns3:TrackPointExtension>
            <ns3:atemp>75.0</ns3:atemp>
            <ns3:hr>184</ns3:hr>
            <ns3:cad>89</ns3:cad>
          </ns3:TrackPointExtension>
        </extensions>
      </trkpt>
      <trkpt lat="40.07595769129693508148193359375" lon="116.3369424082338809967041015625">
        <ele>46</ele>
        <time>2026-10-07T10:22:00.000Z</time>
        <extensions>
          <ns3:TrackPointExtension>
            <ns3:atemp>75.0</ns3:atemp>
            <ns3:hr>182</ns3:hr>
            <ns3:cad>90</ns3:cad>
          </ns3:TrackPointExtension>
        </extensions>
      </trkpt>
      <trkpt lat="40.07577077485620975494384765625" lon="116.33694802410900592803955078125">
        <ele>46</ele>
        <time>2026-10-07T10:22:08.000Z</time>
        <extensions>
          <ns3:TrackPointExtension>
            <ns3:atemp>75.0</ns3:atemp>
            <ns3:hr>181</ns3:hr>
            <ns3:cad>90</ns3:cad>
          </ns3:TrackPointExtension>
        </extensions>
      </trkpt>
      <trkpt lat="40.07562224753201007843017578125" lon="116.33702228777110576629638671875">
        <ele>46</ele>
        <time>2026-10-07T10:22:15.000Z</time>
        <extensions>
          <ns3:TrackPointExtension>
            <ns3:atemp>75.0</ns3:atemp>
            <ns3:hr>180</ns3:hr>
            <ns3:cad>90</ns3:cad>
          </ns3:TrackPointExtension>
        </extensions>
      </trkpt>
      <trkpt lat="40.07551856338977813720703125" lon="116.33719093166291713714599609375">
        <ele>46</ele>
        <time>2026-10-07T10:22:22.000Z</time>
        <extensions>
          <ns3:TrackPointExtension>
            <ns3:atemp>75.0</ns3:atemp>
            <ns3:hr>179</ns3:hr>
            <ns3:cad>89</ns3:cad>
          </ns3:TrackPointExtension>
        </extensions>
      </trkpt>
      <trkpt lat="40.07547388784587383270263671875" lon="116.33737550117075443267822265625">
        <ele>46</ele>
        <time>2026-10-07T10:22:28.000Z</time>
        <extensions>
          <ns3:TrackPointExtension>
            <ns3:atemp>75.0</ns3:atemp>
            <ns3:hr>180</ns3:hr>
            <ns3:cad>91</ns3:cad>
          </ns3:TrackPointExtension>
        </extensions>
      </trkpt>
      <trkpt lat="40.07548294030129909515380859375" lon="116.33752687834203243255615234375">
        <ele>46</ele>
        <time>2026-10-07T10:22:33.000Z</time>
        <extensions>
          <ns3:TrackPointExtension>
            <ns3:atemp>75.0</ns3:atemp>
            <ns3:hr>181</ns3:hr>
            <ns3:cad>89</ns3:cad>
          </ns3:TrackPointExtension>
        </extensions>
      </trkpt>
      <trkpt lat="40.07553876377642154693603515625" lon="116.33767339400947093963623046875">
        <ele>46</ele>
        <time>2026-10-07T10:22:38.000Z</time>
        <extensions>
          <ns3:TrackPointExtension>
            <ns3:atemp>75.0</ns3:atemp>
            <ns3:hr>184</ns3:hr>
            <ns3:cad>91</ns3:cad>
          </ns3:TrackPointExtension>
        </extensions>
      </trkpt>
      <trkpt lat="40.07561956532299518585205078125" lon="116.337769031524658203125">
        <ele>46</ele>
        <time>2026-10-07T10:22:42.000Z</time>
        <extensions>
          <ns3:TrackPointExtension>
            <ns3:atemp>75.0</ns3:atemp>
            <ns3:hr>184</ns3:hr>
            <ns3:cad>90</ns3:cad>
          </ns3:TrackPointExtension>
        </extensions>
      </trkpt>
      <trkpt lat="40.07580019533634185791015625" lon="116.33787137456238269805908203125">
        <ele>46</ele>
        <time>2026-10-07T10:22:50.000Z</time>
        <extensions>
          <ns3:TrackPointExtension>
            <ns3:atemp>75.0</ns3:atemp>
            <ns3:hr>183</ns3:hr>
            <ns3:cad>90</ns3:cad>
          </ns3:TrackPointExtension>
        </extensions>
      </trkpt>
      <trkpt lat="40.076001025736331939697265625" lon="116.3378642499446868896484375">
        <ele>46</ele>
        <time>2026-10-07T10:22:58.000Z</time>
        <extensions>
          <ns3:TrackPointExtension>
            <ns3:atemp>75.0</ns3:atemp>
            <ns3:hr>183</ns3:hr>
            <ns3:cad>90</ns3:cad>
          </ns3:TrackPointExtension>
        </extensions>
      </trkpt>
      <trkpt lat="40.076051317155361175537109375" lon="116.3378640823066234588623046875">
        <ele>46</ele>
        <time>2026-10-07T10:23:00.000Z</time>
        <extensions>
          <ns3:TrackPointExtension>
            <ns3:atemp>75.0</ns3:atemp>
            <ns3:hr>183</ns3:hr>
            <ns3:cad>90</ns3:cad>
          </ns3:TrackPointExtension>
        </extensions>
      </trkpt>
      <trkpt lat="40.0762543268501758575439453125" lon="116.337841451168060302734375">
        <ele>46</ele>
        <time>2026-10-07T10:23:07.000Z</time>
        <extensions>
          <ns3:TrackPointExtension>
            <ns3:atemp>75.0</ns3:atemp>
            <ns3:hr>181</ns3:hr>
            <ns3:cad>90</ns3:cad>
          </ns3:TrackPointExtension>
        </extensions>
      </trkpt>
      <trkpt lat="40.07637611590325832366943359375" lon="116.33781605400145053863525390625">
        <ele>46</ele>
        <time>2026-10-07T10:23:13.000Z</time>
        <extensions>
          <ns3:TrackPointExtension>
            <ns3:atemp>75.0</ns3:atemp>
            <ns3:hr>179</ns3:hr>
            <ns3:cad>90</ns3:cad>
          </ns3:TrackPointExtension>
        </extensions>
      </trkpt>
      <trkpt lat="40.0765590928494930267333984375" lon="116.33782024495303630828857421875">
        <ele>46</ele>
        <time>2026-10-07T10:23:20.000Z</time>
        <extensions>
          <ns3:TrackPointExtension>
            <ns3:atemp>75.0</ns3:atemp>
            <ns3:hr>180</ns3:hr>
            <ns3:cad>90</ns3:cad>
          </ns3:TrackPointExtension>
        </extensions>
      </trkpt>
      <trkpt lat="40.07662857882678508758544921875" lon="116.3378178142011165618896484375">
        <ele>46</ele>
        <time>2026-10-07T10:23:23.000Z</time>
        <extensions>
          <ns3:TrackPointExtension>
            <ns3:atemp>75.0</ns3:atemp>
            <ns3:hr>181</ns3:hr>
            <ns3:cad>90</ns3:cad>
          </ns3:TrackPointExtension>
        </extensions>
      </trkpt>
      <trkpt lat="40.07682069204747676849365234375" lon="116.33776961825788021087646484375">
        <ele>46</ele>
        <time>2026-10-07T10:23:31.000Z</time>
        <extensions>
          <ns3:TrackPointExtension>
            <ns3:atemp>75.0</ns3:atemp>
            <ns3:hr>183</ns3:hr>
            <ns3:cad>90</ns3:cad>
          </ns3:TrackPointExtension>
        </extensions>
      </trkpt>
      <trkpt lat="40.076841898262500762939453125" lon="116.3377547822892665863037109375">
        <ele>46</ele>
        <time>2026-10-07T10:23:32.000Z</time>
        <extensions>
          <ns3:TrackPointExtension>
            <ns3:atemp>75.0</ns3:atemp>
            <ns3:hr>183</ns3:hr>
            <ns3:cad>90</ns3:cad>
          </ns3:TrackPointExtension>
        </extensions>
      </trkpt>
      <trkpt lat="40.0769761763513088226318359375" lon="116.33757666684687137603759765625">
        <ele>46</ele>
        <time>2026-10-07T10:23:40.000Z</time>
        <extensions>
          <ns3:TrackPointExtension>
            <ns3:atemp>75.0</ns3:atemp>
            <ns3:hr>184</ns3:hr>
            <ns3:cad>90</ns3:cad>
          </ns3:TrackPointExtension>
        </extensions>
      </trkpt>
      <trkpt lat="40.07698581553995609283447265625" lon="116.33754967711865901947021484375">
        <ele>46</ele>
        <time>2026-10-07T10:23:41.000Z</time>
        <extensions>
          <ns3:TrackPointExtension>
            <ns3:atemp>75.0</ns3:atemp>
            <ns3:hr>184</ns3:hr>
            <ns3:cad>90</ns3:cad>
          </ns3:TrackPointExtension>
        </extensions>
      </trkpt>
      <trkpt lat="40.077013559639453887939453125" lon="116.33733493275940418243408203125">
        <ele>46</ele>
        <time>2026-10-07T10:23:48.000Z</time>
        <extensions>
          <ns3:TrackPointExtension>
            <ns3:atemp>75.0</ns3:atemp>
            <ns3:hr>184</ns3:hr>
            <ns3:cad>90</ns3:cad>
          </ns3:TrackPointExtension>
        </extensions>
      </trkpt>
      <trkpt lat="40.07696536369621753692626953125" lon="116.33713426999747753143310546875">
        <ele>46</ele>
        <time>2026-10-07T10:23:55.000Z</time>
        <extensions>
          <ns3:TrackPointExtension>
            <ns3:atemp>75.0</ns3:atemp>
            <ns3:hr>185</ns3:hr>
            <ns3:cad>88</ns3:cad>
          </ns3:TrackPointExtension>
        </extensions>
      </trkpt>
      <trkpt lat="40.0768625177443027496337890625" lon="116.33697451092302799224853515625">
        <ele>46</ele>
        <time>2026-10-07T10:24:02.000Z</time>
        <extensions>
          <ns3:TrackPointExtension>
            <ns3:atemp>75.0</ns3:atemp>
            <ns3:hr>185</ns3:hr>
            <ns3:cad>87</ns3:cad>
          </ns3:TrackPointExtension>
        </extensions>
      </trkpt>
      <trkpt lat="40.076703764498233795166015625" lon="116.33690343238413333892822265625">
        <ele>46</ele>
        <time>2026-10-07T10:24:09.000Z</time>
        <extensions>
          <ns3:TrackPointExtension>
            <ns3:atemp>75.0</ns3:atemp>
            <ns3:hr>185</ns3:hr>
            <ns3:cad>86</ns3:cad>
          </ns3:TrackPointExtension>
        </extensions>
      </trkpt>
      <trkpt lat="40.07652279920876026153564453125" lon="116.3369135744869709014892578125">
        <ele>46</ele>
        <time>2026-10-07T10:24:16.000Z</time>
        <extensions>
          <ns3:TrackPointExtension>
            <ns3:atemp>75.0</ns3:atemp>
            <ns3:hr>185</ns3:hr>
            <ns3:cad>87</ns3:cad>
          </ns3:TrackPointExtension>
        </extensions>
      </trkpt>
      <trkpt lat="40.07649622857570648193359375" lon="116.3369142450392246246337890625">
        <ele>46</ele>
        <time>2026-10-07T10:24:17.000Z</time>
        <extensions>
          <ns3:TrackPointExtension>
            <ns3:atemp>75.0</ns3:atemp>
            <ns3:hr>185</ns3:hr>
            <ns3:cad>87</ns3:cad>
          </ns3:TrackPointExtension>
        </extensions>
      </trkpt>
      <trkpt lat="40.0763223879039287567138671875" lon="116.33690678514540195465087890625">
        <ele>46</ele>
        <time>2026-10-07T10:24:24.000Z</time>
        <extensions>
          <ns3:TrackPointExtension>
            <ns3:atemp>75.0</ns3:atemp>
            <ns3:hr>182</ns3:hr>
            <ns3:cad>90</ns3:cad>
          </ns3:TrackPointExtension>
        </extensions>
      </trkpt>
      <trkpt lat="40.0762543268501758575439453125" lon="116.33690041489899158477783203125">
        <ele>46</ele>
        <time>2026-10-07T10:24:27.000Z</time>
        <extensions>
          <ns3:TrackPointExtension>
            <ns3:atemp>75.0</ns3:atemp>
            <ns3:hr>181</ns3:hr>
            <ns3:cad>90</ns3:cad>
          </ns3:TrackPointExtension>
        </extensions>
      </trkpt>
      <trkpt lat="40.07615801878273487091064453125" lon="116.33689261972904205322265625">
        <ele>46</ele>
        <time>2026-10-07T10:24:31.000Z</time>
        <extensions>
          <ns3:TrackPointExtension>
            <ns3:atemp>75.0</ns3:atemp>
            <ns3:hr>180</ns3:hr>
            <ns3:cad>91</ns3:cad>
          </ns3:TrackPointExtension>
        </extensions>
      </trkpt>
      <trkpt lat="40.0760407559573650360107421875" lon="116.33689555339515209197998046875">
        <ele>46</ele>
        <time>2026-10-07T10:24:36.000Z</time>
        <extensions>
          <ns3:TrackPointExtension>
            <ns3:atemp>75.0</ns3:atemp>
            <ns3:hr>179</ns3:hr>
            <ns3:cad>90</ns3:cad>
          </ns3:TrackPointExtension>
        </extensions>
      </trkpt>
      <trkpt lat="40.07585945539176464080810546875" lon="116.336887590587139129638671875">
        <ele>46</ele>
        <time>2026-10-07T10:24:44.000Z</time>
        <extensions>
          <ns3:TrackPointExtension>
            <ns3:atemp>75.0</ns3:atemp>
            <ns3:hr>179</ns3:hr>
            <ns3:cad>90</ns3:cad>
          </ns3:TrackPointExtension>
        </extensions>
      </trkpt>
      <trkpt lat="40.07579726167023181915283203125" lon="116.3368911109864711761474609375">
        <ele>46</ele>
        <time>2026-10-07T10:24:47.000Z</time>
        <extensions>
          <ns3:TrackPointExtension>
            <ns3:atemp>75.0</ns3:atemp>
            <ns3:hr>178</ns3:hr>
            <ns3:cad>88</ns3:cad>
          </ns3:TrackPointExtension>
        </extensions>
      </trkpt>
      <trkpt lat="40.0756729580461978912353515625" lon="116.3369377143681049346923828125">
        <ele>46</ele>
        <time>2026-10-07T10:24:53.000Z</time>
        <extensions>
          <ns3:TrackPointExtension>
            <ns3:atemp>75.0</ns3:atemp>
            <ns3:hr>180</ns3:hr>
            <ns3:cad>87</ns3:cad>
          </ns3:TrackPointExtension>
        </extensions>
      </trkpt>
      <trkpt lat="40.0755701959133148193359375" lon="116.3371033407747745513916015625">
        <ele>46</ele>
        <time>2026-10-07T10:25:00.000Z</time>
        <extensions>
          <ns3:TrackPointExtension>
            <ns3:atemp>75.0</ns3:atemp>
            <ns3:hr>180</ns3:hr>
            <ns3:cad>90</ns3:cad>
          </ns3:TrackPointExtension>
        </extensions>
      </trkpt>
      <trkpt lat="40.07556013762950897216796875" lon="116.33712672628462314605712890625">
        <ele>46</ele>
        <time>2026-10-07T10:25:01.000Z</time>
        <extensions>
          <ns3:TrackPointExtension>
            <ns3:atemp>75.0</ns3:atemp>
            <ns3:hr>183</ns3:hr>
            <ns3:cad>90</ns3:cad>
          </ns3:TrackPointExtension>
        </extensions>
      </trkpt>
      <trkpt lat="40.07550473324954509735107421875" lon="116.3373102061450481414794921875">
        <ele>46</ele>
        <time>2026-10-07T10:25:07.000Z</time>
        <extensions>
          <ns3:TrackPointExtension>
            <ns3:atemp>75.0</ns3:atemp>
            <ns3:hr>182</ns3:hr>
            <ns3:cad>90</ns3:cad>
          </ns3:TrackPointExtension>
        </extensions>
      </trkpt>
      <trkpt lat="40.075500793755054473876953125" lon="116.337499804794788360595703125">
        <ele>46</ele>
        <time>2026-10-07T10:25:13.000Z</time>
        <extensions>
          <ns3:TrackPointExtension>
            <ns3:atemp>75.0</ns3:atemp>
            <ns3:hr>183</ns3:hr>
            <ns3:cad>90</ns3:cad>
          </ns3:TrackPointExtension>
        </extensions>
      </trkpt>
      <trkpt lat="40.07550942711532115936279296875" lon="116.3375281356275081634521484375">
        <ele>46</ele>
        <time>2026-10-07T10:25:14.000Z</time>
        <extensions>
          <ns3:TrackPointExtension>
            <ns3:atemp>75.0</ns3:atemp>
            <ns3:hr>182</ns3:hr>
            <ns3:cad>90</ns3:cad>
          </ns3:TrackPointExtension>
        </extensions>
      </trkpt>
      <trkpt lat="40.0756062380969524383544921875" lon="116.33774497546255588531494140625">
        <ele>46</ele>
        <time>2026-10-07T10:25:22.000Z</time>
        <extensions>
          <ns3:TrackPointExtension>
            <ns3:atemp>75.0</ns3:atemp>
            <ns3:hr>181</ns3:hr>
            <ns3:cad>90</ns3:cad>
          </ns3:TrackPointExtension>
        </extensions>
      </trkpt>
      <trkpt lat="40.075764320790767669677734375" lon="116.3378453068435192108154296875">
        <ele>46</ele>
        <time>2026-10-07T10:25:29.000Z</time>
        <extensions>
          <ns3:TrackPointExtension>
            <ns3:atemp>75.0</ns3:atemp>
            <ns3:hr>182</ns3:hr>
            <ns3:cad>91</ns3:cad>
          </ns3:TrackPointExtension>
        </extensions>
      </trkpt>
      <trkpt lat="40.075938664376735687255859375" lon="116.33786483667790889739990234375">
        <ele>46</ele>
        <time>2026-10-07T10:25:36.000Z</time>
        <extensions>
          <ns3:TrackPointExtension>
            <ns3:atemp>75.0</ns3:atemp>
            <ns3:hr>183</ns3:hr>
            <ns3:cad>90</ns3:cad>
          </ns3:TrackPointExtension>
        </extensions>
      </trkpt>
      <trkpt lat="40.0761249102652072906494140625" lon="116.337851174175739288330078125">
        <ele>46</ele>
        <time>2026-10-07T10:25:44.000Z</time>
        <extensions>
          <ns3:TrackPointExtension>
            <ns3:atemp>75.0</ns3:atemp>
            <ns3:hr>182</ns3:hr>
            <ns3:cad>91</ns3:cad>
          </ns3:TrackPointExtension>
        </extensions>
      </trkpt>
      <trkpt lat="40.076172016561031341552734375" lon="116.337848491966724395751953125">
        <ele>46</ele>
        <time>2026-10-07T10:25:46.000Z</time>
        <extensions>
          <ns3:TrackPointExtension>
            <ns3:atemp>75.0</ns3:atemp>
            <ns3:hr>182</ns3:hr>
            <ns3:cad>91</ns3:cad>
          </ns3:TrackPointExtension>
        </extensions>
      </trkpt>
      <trkpt lat="40.076367817819118499755859375" lon="116.3378577120602130889892578125">
        <ele>46</ele>
        <time>2026-10-07T10:25:54.000Z</time>
        <extensions>
          <ns3:TrackPointExtension>
            <ns3:atemp>75.0</ns3:atemp>
            <ns3:hr>183</ns3:hr>
            <ns3:cad>90</ns3:cad>
          </ns3:TrackPointExtension>
        </extensions>
      </trkpt>
      <trkpt lat="40.07639086805284023284912109375" lon="116.33785746060311794281005859375">
        <ele>46</ele>
        <time>2026-10-07T10:25:55.000Z</time>
        <extensions>
          <ns3:TrackPointExtension>
            <ns3:atemp>75.0</ns3:atemp>
            <ns3:hr>183</ns3:hr>
            <ns3:cad>90</ns3:cad>
          </ns3:TrackPointExtension>
        </extensions>
      </trkpt>
      <trkpt lat="40.07657267153263092041015625" lon="116.33785008452832698822021484375">
        <ele>46</ele>
        <time>2026-10-07T10:26:03.000Z</time>
        <extensions>
          <ns3:TrackPointExtension>
            <ns3:atemp>75.0</ns3:atemp>
            <ns3:hr>183</ns3:hr>
            <ns3:cad>90</ns3:cad>
          </ns3:TrackPointExtension>
        </extensions>
      </trkpt>
      <trkpt lat="40.076595805585384368896484375" lon="116.337850503623485565185546875">
        <ele>46</ele>
        <time>2026-10-07T10:26:04.000Z</time>
        <extensions>
          <ns3:TrackPointExtension>
            <ns3:atemp>75.0</ns3:atemp>
            <ns3:hr>183</ns3:hr>
            <ns3:cad>90</ns3:cad>
          </ns3:TrackPointExtension>
        </extensions>
      </trkpt>
      <trkpt lat="40.0767280720174312591552734375" lon="116.33782410062849521636962890625">
        <ele>46</ele>
        <time>2026-10-07T10:26:10.000Z</time>
        <extensions>
          <ns3:TrackPointExtension>
            <ns3:atemp>75.0</ns3:atemp>
            <ns3:hr>186</ns3:hr>
            <ns3:cad>90</ns3:cad>
          </ns3:TrackPointExtension>
        </extensions>
      </trkpt>
      <trkpt lat="40.0767518766224384307861328125" lon="116.33781705982983112335205078125">
        <ele>46</ele>
        <time>2026-10-07T10:26:11.000Z</time>
        <extensions>
          <ns3:TrackPointExtension>
            <ns3:atemp>75.0</ns3:atemp>
            <ns3:hr>186</ns3:hr>
            <ns3:cad>90</ns3:cad>
          </ns3:TrackPointExtension>
        </extensions>
      </trkpt>
      <trkpt lat="40.07686813361942768096923828125" lon="116.33771530352532863616943359375">
        <ele>46</ele>
        <time>2026-10-07T10:26:17.000Z</time>
        <extensions>
          <ns3:TrackPointExtension>
            <ns3:atemp>75.0</ns3:atemp>
            <ns3:hr>188</ns3:hr>
            <ns3:cad>90</ns3:cad>
          </ns3:TrackPointExtension>
        </extensions>
      </trkpt>
      <trkpt lat="40.07693770341575145721435546875" lon="116.3376075960695743560791015625">
        <ele>46</ele>
        <time>2026-10-07T10:26:22.000Z</time>
        <extensions>
          <ns3:TrackPointExtension>
            <ns3:atemp>75.0</ns3:atemp>
            <ns3:hr>185</ns3:hr>
            <ns3:cad>90</ns3:cad>
          </ns3:TrackPointExtension>
        </extensions>
      </trkpt>
      <trkpt lat="40.07697039283812046051025390625" lon="116.33752888999879360198974609375">
        <ele>46</ele>
        <time>2026-10-07T10:26:25.000Z</time>
        <extensions>
          <ns3:TrackPointExtension>
            <ns3:atemp>75.0</ns3:atemp>
            <ns3:hr>182</ns3:hr>
            <ns3:cad>90</ns3:cad>
          </ns3:TrackPointExtension>
        </extensions>
      </trkpt>
      <trkpt lat="40.076986066997051239013671875" lon="116.33731481619179248809814453125">
        <ele>46</ele>
        <time>2026-10-07T10:26:32.000Z</time>
        <extensions>
          <ns3:TrackPointExtension>
            <ns3:atemp>75.0</ns3:atemp>
            <ns3:hr>180</ns3:hr>
            <ns3:cad>91</ns3:cad>
          </ns3:TrackPointExtension>
        </extensions>
      </trkpt>
      <trkpt lat="40.07691607810556888580322265625" lon="116.33709202520549297332763671875">
        <ele>46</ele>
        <time>2026-10-07T10:26:40.000Z</time>
        <extensions>
          <ns3:TrackPointExtension>
            <ns3:atemp>75.0</ns3:atemp>
            <ns3:hr>181</ns3:hr>
            <ns3:cad>90</ns3:cad>
          </ns3:TrackPointExtension>
        </extensions>
      </trkpt>
      <trkpt lat="40.07679353468120098114013671875" lon="116.3369501195847988128662109375">
        <ele>46</ele>
        <time>2026-10-07T10:26:47.000Z</time>
        <extensions>
          <ns3:TrackPointExtension>
            <ns3:atemp>75.0</ns3:atemp>
            <ns3:hr>182</ns3:hr>
            <ns3:cad>90</ns3:cad>
          </ns3:TrackPointExtension>
        </extensions>
      </trkpt>
      <trkpt lat="40.07662472315132617950439453125" lon="116.33690712042152881622314453125">
        <ele>46</ele>
        <time>2026-10-07T10:26:54.000Z</time>
        <extensions>
          <ns3:TrackPointExtension>
            <ns3:atemp>75.0</ns3:atemp>
            <ns3:hr>181</ns3:hr>
            <ns3:cad>90</ns3:cad>
          </ns3:TrackPointExtension>
        </extensions>
      </trkpt>
      <trkpt lat="40.0764269940555095672607421875" lon="116.3369214534759521484375">
        <ele>46</ele>
        <time>2026-10-07T10:27:02.000Z</time>
        <extensions>
          <ns3:TrackPointExtension>
            <ns3:atemp>75.0</ns3:atemp>
            <ns3:hr>181</ns3:hr>
            <ns3:cad>90</ns3:cad>
          </ns3:TrackPointExtension>
        </extensions>
      </trkpt>
      <trkpt lat="40.07640226744115352630615234375" lon="116.33692254312336444854736328125">
        <ele>46</ele>
        <time>2026-10-07T10:27:03.000Z</time>
        <extensions>
          <ns3:TrackPointExtension>
            <ns3:atemp>75.0</ns3:atemp>
            <ns3:hr>182</ns3:hr>
            <ns3:cad>90</ns3:cad>
          </ns3:TrackPointExtension>
        </extensions>
      </trkpt>
      <trkpt lat="40.07620294578373432159423828125" lon="116.3369320146739482879638671875">
        <ele>46</ele>
        <time>2026-10-07T10:27:11.000Z</time>
        <extensions>
          <ns3:TrackPointExtension>
            <ns3:atemp>75.0</ns3:atemp>
            <ns3:hr>183</ns3:hr>
            <ns3:cad>88</ns3:cad>
          </ns3:TrackPointExtension>
        </extensions>
      </trkpt>
      <trkpt lat="40.07604687474668025970458984375" lon="116.33693343959748744964599609375">
        <ele>46</ele>
        <time>2026-10-07T10:27:18.000Z</time>
        <extensions>
          <ns3:TrackPointExtension>
            <ns3:atemp>75.0</ns3:atemp>
            <ns3:hr>185</ns3:hr>
            <ns3:cad>87</ns3:cad>
          </ns3:TrackPointExtension>
        </extensions>
      </trkpt>
      <trkpt lat="40.07587722502648830413818359375" lon="116.336933188140392303466796875">
        <ele>46</ele>
        <time>2026-10-07T10:27:25.000Z</time>
        <extensions>
          <ns3:TrackPointExtension>
            <ns3:atemp>75.0</ns3:atemp>
            <ns3:hr>188</ns3:hr>
            <ns3:cad>86</ns3:cad>
          </ns3:TrackPointExtension>
        </extensions>
      </trkpt>
      <trkpt lat="40.0758476369082927703857421875" lon="116.3369387201964855194091796875">
        <ele>46</ele>
        <time>2026-10-07T10:27:26.000Z</time>
        <extensions>
          <ns3:TrackPointExtension>
            <ns3:atemp>75.0</ns3:atemp>
            <ns3:hr>188</ns3:hr>
            <ns3:cad>86</ns3:cad>
          </ns3:TrackPointExtension>
        </extensions>
      </trkpt>
      <trkpt lat="40.075702629983425140380859375" lon="116.33696780540049076080322265625">
        <ele>46</ele>
        <time>2026-10-07T10:27:33.000Z</time>
        <extensions>
          <ns3:TrackPointExtension>
            <ns3:atemp>75.0</ns3:atemp>
            <ns3:hr>191</ns3:hr>
            <ns3:cad>86</ns3:cad>
          </ns3:TrackPointExtension>
        </extensions>
      </trkpt>
      <trkpt lat="40.0755780749022960662841796875" lon="116.33709353394806385040283203125">
        <ele>46</ele>
        <time>2026-10-07T10:27:40.000Z</time>
        <extensions>
          <ns3:TrackPointExtension>
            <ns3:atemp>75.0</ns3:atemp>
            <ns3:hr>194</ns3:hr>
            <ns3:cad>90</ns3:cad>
          </ns3:TrackPointExtension>
        </extensions>
      </trkpt>
      <trkpt lat="40.07555251009762287139892578125" lon="116.33714315481483936309814453125">
        <ele>46</ele>
        <time>2026-10-07T10:27:41.000Z</time>
        <extensions>
          <ns3:TrackPointExtension>
            <ns3:atemp>75.0</ns3:atemp>
            <ns3:hr>194</ns3:hr>
            <ns3:cad>90</ns3:cad>
          </ns3:TrackPointExtension>
        </extensions>
      </trkpt>
      <trkpt lat="40.0754939205944538116455078125" lon="116.33730744011700153350830078125">
        <ele>46</ele>
        <time>2026-10-07T10:27:48.000Z</time>
        <extensions>
          <ns3:TrackPointExtension>
            <ns3:atemp>75.0</ns3:atemp>
            <ns3:hr>196</ns3:hr>
            <ns3:cad>90</ns3:cad>
          </ns3:TrackPointExtension>
        </extensions>
      </trkpt>
      <trkpt lat="40.0754942558705806732177734375" lon="116.3373765908181667327880859375">
        <ele>46</ele>
        <time>2026-10-07T10:27:50.000Z</time>
        <extensions>
          <ns3:TrackPointExtension>
            <ns3:atemp>75.0</ns3:atemp>
            <ns3:hr>192</ns3:hr>
            <ns3:cad>90</ns3:cad>
          </ns3:TrackPointExtension>
        </extensions>
      </trkpt>
      <trkpt lat="40.07550674490630626678466796875" lon="116.33750525303184986114501953125">
        <ele>46</ele>
        <time>2026-10-07T10:27:54.000Z</time>
        <extensions>
          <ns3:TrackPointExtension>
            <ns3:atemp>75.0</ns3:atemp>
            <ns3:hr>190</ns3:hr>
            <ns3:cad>90</ns3:cad>
          </ns3:TrackPointExtension>
        </extensions>
      </trkpt>
      <trkpt lat="40.0755499117076396942138671875" lon="116.33764774538576602935791015625">
        <ele>46</ele>
        <time>2026-10-07T10:27:59.000Z</time>
        <extensions>
          <ns3:TrackPointExtension>
            <ns3:atemp>75.0</ns3:atemp>
            <ns3:hr>190</ns3:hr>
            <ns3:cad>90</ns3:cad>
          </ns3:TrackPointExtension>
        </extensions>
      </trkpt>
      <trkpt lat="40.07563498802483081817626953125" lon="116.33778705261647701263427734375">
        <ele>46</ele>
        <time>2026-10-07T10:28:05.000Z</time>
        <extensions>
          <ns3:TrackPointExtension>
            <ns3:atemp>75.0</ns3:atemp>
            <ns3:hr>187</ns3:hr>
            <ns3:cad>90</ns3:cad>
          </ns3:TrackPointExtension>
        </extensions>
      </trkpt>
      <trkpt lat="40.07571947760879993438720703125" lon="116.33785176090896129608154296875">
        <ele>46</ele>
        <time>2026-10-07T10:28:09.000Z</time>
        <extensions>
          <ns3:TrackPointExtension>
            <ns3:atemp>75.0</ns3:atemp>
            <ns3:hr>184</ns3:hr>
            <ns3:cad>90</ns3:cad>
          </ns3:TrackPointExtension>
        </extensions>
      </trkpt>
      <trkpt lat="40.07578519172966480255126953125" lon="116.33787967264652252197265625">
        <ele>46</ele>
        <time>2026-10-07T10:28:12.000Z</time>
        <extensions>
          <ns3:TrackPointExtension>
            <ns3:atemp>75.0</ns3:atemp>
            <ns3:hr>182</ns3:hr>
            <ns3:cad>90</ns3:cad>
          </ns3:TrackPointExtension>
        </extensions>
      </trkpt>
      <trkpt lat="40.07596774958074092864990234375" lon="116.337879002094268798828125">
        <ele>46</ele>
        <time>2026-10-07T10:28:20.000Z</time>
        <extensions>
          <ns3:TrackPointExtension>
            <ns3:atemp>75.0</ns3:atemp>
            <ns3:hr>181</ns3:hr>
            <ns3:cad>90</ns3:cad>
          </ns3:TrackPointExtension>
        </extensions>
      </trkpt>
      <trkpt lat="40.07599138654768466949462890625" lon="116.33787699043750762939453125">
        <ele>46</ele>
        <time>2026-10-07T10:28:21.000Z</time>
        <extensions>
          <ns3:TrackPointExtension>
            <ns3:atemp>75.0</ns3:atemp>
            <ns3:hr>182</ns3:hr>
            <ns3:cad>90</ns3:cad>
          </ns3:TrackPointExtension>
        </extensions>
      </trkpt>
      <trkpt lat="40.076175034046173095703125" lon="116.33785829879343509674072265625">
        <ele>46</ele>
        <time>2026-10-07T10:28:29.000Z</time>
        <extensions>
          <ns3:TrackPointExtension>
            <ns3:atemp>75.0</ns3:atemp>
            <ns3:hr>185</ns3:hr>
            <ns3:cad>90</ns3:cad>
          </ns3:TrackPointExtension>
        </extensions>
      </trkpt>
      <trkpt lat="40.07622272707521915435791015625" lon="116.33785410784184932708740234375">
        <ele>46</ele>
        <time>2026-10-07T10:28:31.000Z</time>
        <extensions>
          <ns3:TrackPointExtension>
            <ns3:atemp>75.0</ns3:atemp>
            <ns3:hr>185</ns3:hr>
            <ns3:cad>90</ns3:cad>
          </ns3:TrackPointExtension>
        </extensions>
      </trkpt>
      <trkpt lat="40.07640293799340724945068359375" lon="116.33783533237874507904052734375">
        <ele>46</ele>
        <time>2026-10-07T10:28:39.000Z</time>
        <extensions>
          <ns3:TrackPointExtension>
            <ns3:atemp>75.0</ns3:atemp>
            <ns3:hr>186</ns3:hr>
            <ns3:cad>91</ns3:cad>
          </ns3:TrackPointExtension>
        </extensions>
      </trkpt>
      <trkpt lat="40.07642657496035099029541015625" lon="116.3378349132835865020751953125">
        <ele>46</ele>
        <time>2026-10-07T10:28:40.000Z</time>
        <extensions>
          <ns3:TrackPointExtension>
            <ns3:atemp>75.0</ns3:atemp>
            <ns3:hr>186</ns3:hr>
            <ns3:cad>91</ns3:cad>
          </ns3:TrackPointExtension>
        </extensions>
      </trkpt>
      <trkpt lat="40.0765963084995746612548828125" lon="116.337830722332000732421875">
        <ele>46</ele>
        <time>2026-10-07T10:28:47.000Z</time>
        <extensions>
          <ns3:TrackPointExtension>
            <ns3:atemp>75.0</ns3:atemp>
            <ns3:hr>183</ns3:hr>
            <ns3:cad>90</ns3:cad>
          </ns3:TrackPointExtension>
        </extensions>
      </trkpt>
      <trkpt lat="40.07669647224247455596923828125" lon="116.33781907148659229278564453125">
        <ele>46</ele>
        <time>2026-10-07T10:28:51.000Z</time>
        <extensions>
          <ns3:TrackPointExtension>
            <ns3:atemp>75.0</ns3:atemp>
            <ns3:hr>182</ns3:hr>
            <ns3:cad>90</ns3:cad>
          </ns3:TrackPointExtension>
        </extensions>
      </trkpt>
      <trkpt lat="40.07681583054363727569580078125" lon="116.33777967654168605804443359375">
        <ele>46</ele>
        <time>2026-10-07T10:28:56.000Z</time>
        <extensions>
          <ns3:TrackPointExtension>
            <ns3:atemp>75.0</ns3:atemp>
            <ns3:hr>179</ns3:hr>
            <ns3:cad>90</ns3:cad>
          </ns3:TrackPointExtension>
        </extensions>
      </trkpt>
      <trkpt lat="40.076874084770679473876953125" lon="116.33773122914135456085205078125">
        <ele>46</ele>
        <time>2026-10-07T10:28:59.000Z</time>
        <extensions>
          <ns3:TrackPointExtension>
            <ns3:atemp>75.0</ns3:atemp>
            <ns3:hr>177</ns3:hr>
            <ns3:cad>90</ns3:cad>
          </ns3:TrackPointExtension>
        </extensions>
      </trkpt>
      <trkpt lat="40.0769543834030628204345703125" lon="116.3375589810311794281005859375">
        <ele>46</ele>
        <time>2026-10-07T10:29:06.000Z</time>
        <extensions>
          <ns3:TrackPointExtension>
            <ns3:atemp>75.0</ns3:atemp>
            <ns3:hr>178</ns3:hr>
            <ns3:cad>90</ns3:cad>
          </ns3:TrackPointExtension>
        </extensions>
      </trkpt>
      <trkpt lat="40.07699604146182537078857421875" lon="116.33735798299312591552734375">
        <ele>46</ele>
        <time>2026-10-07T10:29:13.000Z</time>
        <extensions>
          <ns3:TrackPointExtension>
            <ns3:atemp>75.0</ns3:atemp>
            <ns3:hr>178</ns3:hr>
            <ns3:cad>90</ns3:cad>
          </ns3:TrackPointExtension>
        </extensions>
      </trkpt>
      <trkpt lat="40.07696787826716899871826171875" lon="116.33717768825590610504150390625">
        <ele>46</ele>
        <time>2026-10-07T10:29:19.000Z</time>
        <extensions>
          <ns3:TrackPointExtension>
            <ns3:atemp>75.0</ns3:atemp>
            <ns3:hr>176</ns3:hr>
            <ns3:cad>90</ns3:cad>
          </ns3:TrackPointExtension>
        </extensions>
      </trkpt>
      <trkpt lat="40.0768611766397953033447265625" lon="116.3370185159146785736083984375">
        <ele>46</ele>
        <time>2026-10-07T10:29:26.000Z</time>
        <extensions>
          <ns3:TrackPointExtension>
            <ns3:atemp>75.0</ns3:atemp>
            <ns3:hr>176</ns3:hr>
            <ns3:cad>91</ns3:cad>
          </ns3:TrackPointExtension>
        </extensions>
      </trkpt>
      <trkpt lat="40.076687000691890716552734375" lon="116.3369125686585903167724609375">
        <ele>46</ele>
        <time>2026-10-07T10:29:34.000Z</time>
        <extensions>
          <ns3:TrackPointExtension>
            <ns3:atemp>75.0</ns3:atemp>
            <ns3:hr>178</ns3:hr>
            <ns3:cad>90</ns3:cad>
          </ns3:TrackPointExtension>
        </extensions>
      </trkpt>
      <trkpt lat="40.07653688080608844757080078125" lon="116.33690225891768932342529296875">
        <ele>46</ele>
        <time>2026-10-07T10:29:40.000Z</time>
        <extensions>
          <ns3:TrackPointExtension>
            <ns3:atemp>75.0</ns3:atemp>
            <ns3:hr>179</ns3:hr>
            <ns3:cad>90</ns3:cad>
          </ns3:TrackPointExtension>
        </extensions>
      </trkpt>
      <trkpt lat="40.07633797824382781982421875" lon="116.33691768161952495574951171875">
        <ele>46</ele>
        <time>2026-10-07T10:29:48.000Z</time>
        <extensions>
          <ns3:TrackPointExtension>
            <ns3:atemp>75.0</ns3:atemp>
            <ns3:hr>176</ns3:hr>
            <ns3:cad>90</ns3:cad>
          </ns3:TrackPointExtension>
        </extensions>
      </trkpt>
      <trkpt lat="40.0763136707246303558349609375" lon="116.336917765438556671142578125">
        <ele>46</ele>
        <time>2026-10-07T10:29:49.000Z</time>
        <extensions>
          <ns3:TrackPointExtension>
            <ns3:atemp>75.0</ns3:atemp>
            <ns3:hr>176</ns3:hr>
            <ns3:cad>90</ns3:cad>
          </ns3:TrackPointExtension>
        </extensions>
      </trkpt>
      <trkpt lat="40.076198838651180267333984375" lon="116.336912401020526885986328125">
        <ele>46</ele>
        <time>2026-10-07T10:29:54.000Z</time>
        <extensions>
          <ns3:TrackPointExtension>
            <ns3:atemp>75.0</ns3:atemp>
            <ns3:hr>173</ns3:hr>
            <ns3:cad>91</ns3:cad>
          </ns3:TrackPointExtension>
        </extensions>
      </trkpt>
      <trkpt lat="40.07607721723616123199462890625" lon="116.33692287839949131011962890625">
        <ele>46</ele>
        <time>2026-10-07T10:29:59.000Z</time>
        <extensions>
          <ns3:TrackPointExtension>
            <ns3:atemp>75.0</ns3:atemp>
            <ns3:hr>174</ns3:hr>
            <ns3:cad>90</ns3:cad>
          </ns3:TrackPointExtension>
        </extensions>
      </trkpt>
      <trkpt lat="40.07596909068524837493896484375" lon="116.3369219563901424407958984375">
        <ele>46</ele>
        <time>2026-10-07T10:30:04.000Z</time>
        <extensions>
          <ns3:TrackPointExtension>
            <ns3:atemp>75.0</ns3:atemp>
            <ns3:hr>177</ns3:hr>
            <ns3:cad>90</ns3:cad>
          </ns3:TrackPointExtension>
        </extensions>
      </trkpt>
      <trkpt lat="40.07583078928291797637939453125" lon="116.33693628944456577301025390625">
        <ele>46</ele>
        <time>2026-10-07T10:30:10.000Z</time>
        <extensions>
          <ns3:TrackPointExtension>
            <ns3:atemp>75.0</ns3:atemp>
            <ns3:hr>181</ns3:hr>
            <ns3:cad>91</ns3:cad>
          </ns3:TrackPointExtension>
        </extensions>
      </trkpt>
      <trkpt lat="40.07578183896839618682861328125" lon="116.33694626390933990478515625">
        <ele>46</ele>
        <time>2026-10-07T10:30:12.000Z</time>
        <extensions>
          <ns3:TrackPointExtension>
            <ns3:atemp>75.0</ns3:atemp>
            <ns3:hr>178</ns3:hr>
            <ns3:cad>90</ns3:cad>
          </ns3:TrackPointExtension>
        </extensions>
      </trkpt>
      <trkpt lat="40.0756458006799221038818359375" lon="116.33700527250766754150390625">
        <ele>46</ele>
        <time>2026-10-07T10:30:19.000Z</time>
        <extensions>
          <ns3:TrackPointExtension>
            <ns3:atemp>75.0</ns3:atemp>
            <ns3:hr>180</ns3:hr>
            <ns3:cad>88</ns3:cad>
          </ns3:TrackPointExtension>
        </extensions>
      </trkpt>
      <trkpt lat="40.07555753923952579498291015625" lon="116.3371901772916316986083984375">
        <ele>46</ele>
        <time>2026-10-07T10:30:27.000Z</time>
        <extensions>
          <ns3:TrackPointExtension>
            <ns3:atemp>75.0</ns3:atemp>
            <ns3:hr>182</ns3:hr>
            <ns3:cad>86</ns3:cad>
          </ns3:TrackPointExtension>
        </extensions>
      </trkpt>
      <trkpt lat="40.0755056552588939666748046875" lon="116.3374228589236736297607421875">
        <ele>46</ele>
        <time>2026-10-07T10:30:35.000Z</time>
        <extensions>
          <ns3:TrackPointExtension>
            <ns3:atemp>75.0</ns3:atemp>
            <ns3:hr>180</ns3:hr>
            <ns3:cad>85</ns3:cad>
          </ns3:TrackPointExtension>
        </extensions>
      </trkpt>
      <trkpt lat="40.075504146516323089599609375" lon="116.3374490104615688323974609375">
        <ele>46</ele>
        <time>2026-10-07T10:30:36.000Z</time>
        <extensions>
          <ns3:TrackPointExtension>
            <ns3:atemp>75.0</ns3:atemp>
            <ns3:hr>180</ns3:hr>
            <ns3:cad>85</ns3:cad>
          </ns3:TrackPointExtension>
        </extensions>
      </trkpt>
      <trkpt lat="40.075525604188442230224609375" lon="116.33756375871598720550537109375">
        <ele>46</ele>
        <time>2026-10-07T10:30:40.000Z</time>
        <extensions>
          <ns3:TrackPointExtension>
            <ns3:atemp>75.0</ns3:atemp>
            <ns3:hr>180</ns3:hr>
            <ns3:cad>86</ns3:cad>
          </ns3:TrackPointExtension>
        </extensions>
      </trkpt>
      <trkpt lat="40.07561872713267803192138671875" lon="116.3377400301396846771240234375">
        <ele>46</ele>
        <time>2026-10-07T10:30:47.000Z</time>
        <extensions>
          <ns3:TrackPointExtension>
            <ns3:atemp>75.0</ns3:atemp>
            <ns3:hr>181</ns3:hr>
            <ns3:cad>86</ns3:cad>
          </ns3:TrackPointExtension>
        </extensions>
      </trkpt>
      <trkpt lat="40.075773708522319793701171875" lon="116.337848491966724395751953125">
        <ele>46</ele>
        <time>2026-10-07T10:30:55.000Z</time>
        <extensions>
          <ns3:TrackPointExtension>
            <ns3:atemp>75.0</ns3:atemp>
            <ns3:hr>181</ns3:hr>
            <ns3:cad>90</ns3:cad>
          </ns3:TrackPointExtension>
        </extensions>
      </trkpt>
      <trkpt lat="40.07596389390528202056884765625" lon="116.337879002094268798828125">
        <ele>46</ele>
        <time>2026-10-07T10:31:03.000Z</time>
        <extensions>
          <ns3:TrackPointExtension>
            <ns3:atemp>75.0</ns3:atemp>
            <ns3:hr>181</ns3:hr>
            <ns3:cad>90</ns3:cad>
          </ns3:TrackPointExtension>
        </extensions>
      </trkpt>
      <trkpt lat="40.07598535157740116119384765625" lon="116.33788193576037883758544921875">
        <ele>46</ele>
        <time>2026-10-07T10:31:04.000Z</time>
        <extensions>
          <ns3:TrackPointExtension>
            <ns3:atemp>75.0</ns3:atemp>
            <ns3:hr>182</ns3:hr>
            <ns3:cad>90</ns3:cad>
          </ns3:TrackPointExtension>
        </extensions>
      </trkpt>
      <trkpt lat="40.076171346008777618408203125" lon="116.33788369596004486083984375">
        <ele>46</ele>
        <time>2026-10-07T10:31:12.000Z</time>
        <extensions>
          <ns3:TrackPointExtension>
            <ns3:atemp>75.0</ns3:atemp>
            <ns3:hr>182</ns3:hr>
            <ns3:cad>88</ns3:cad>
          </ns3:TrackPointExtension>
        </extensions>
      </trkpt>
      <trkpt lat="40.0763136707246303558349609375" lon="116.3378714583814144134521484375">
        <ele>46</ele>
        <time>2026-10-07T10:31:18.000Z</time>
        <extensions>
          <ns3:TrackPointExtension>
            <ns3:atemp>75.0</ns3:atemp>
            <ns3:hr>183</ns3:hr>
            <ns3:cad>86</ns3:cad>
          </ns3:TrackPointExtension>
        </extensions>
      </trkpt>
      <trkpt lat="40.07651022635400295257568359375" lon="116.3378570415079593658447265625">
        <ele>46</ele>
        <time>2026-10-07T10:31:26.000Z</time>
        <extensions>
          <ns3:TrackPointExtension>
            <ns3:atemp>75.0</ns3:atemp>
            <ns3:hr>182</ns3:hr>
            <ns3:cad>90</ns3:cad>
          </ns3:TrackPointExtension>
        </extensions>
      </trkpt>
      <trkpt lat="40.07667803205549716949462890625" lon="116.33784924633800983428955078125">
        <ele>46</ele>
        <time>2026-10-07T10:31:33.000Z</time>
        <extensions>
          <ns3:TrackPointExtension>
            <ns3:atemp>75.0</ns3:atemp>
            <ns3:hr>182</ns3:hr>
            <ns3:cad>90</ns3:cad>
          </ns3:TrackPointExtension>
        </extensions>
      </trkpt>
      <trkpt lat="40.076858997344970703125" lon="116.337764672935009002685546875">
        <ele>46</ele>
        <time>2026-10-07T10:31:41.000Z</time>
        <extensions>
          <ns3:TrackPointExtension>
            <ns3:atemp>75.0</ns3:atemp>
            <ns3:hr>183</ns3:hr>
            <ns3:cad>90</ns3:cad>
          </ns3:TrackPointExtension>
        </extensions>
      </trkpt>
      <trkpt lat="40.0769555568695068359375" lon="116.3376367650926113128662109375">
        <ele>46</ele>
        <time>2026-10-07T10:31:47.000Z</time>
        <extensions>
          <ns3:TrackPointExtension>
            <ns3:atemp>75.0</ns3:atemp>
            <ns3:hr>185</ns3:hr>
            <ns3:cad>90</ns3:cad>
          </ns3:TrackPointExtension>
        </extensions>
      </trkpt>
      <trkpt lat="40.0770046748220920562744140625" lon="116.337414644658565521240234375">
        <ele>46</ele>
        <time>2026-10-07T10:31:54.000Z</time>
        <extensions>
          <ns3:TrackPointExtension>
            <ns3:atemp>75.0</ns3:atemp>
            <ns3:hr>183</ns3:hr>
            <ns3:cad>91</ns3:cad>
          </ns3:TrackPointExtension>
        </extensions>
      </trkpt>
      <trkpt lat="40.077001154422760009765625" lon="116.3372454978525638580322265625">
        <ele>46</ele>
        <time>2026-10-07T10:32:00.000Z</time>
        <extensions>
          <ns3:TrackPointExtension>
            <ns3:atemp>75.0</ns3:atemp>
            <ns3:hr>182</ns3:hr>
            <ns3:cad>90</ns3:cad>
          </ns3:TrackPointExtension>
        </extensions>
      </trkpt>
      <trkpt lat="40.07691599428653717041015625" lon="116.337029747664928436279296875">
        <ele>46</ele>
        <time>2026-10-07T10:32:08.000Z</time>
        <extensions>
          <ns3:TrackPointExtension>
            <ns3:atemp>75.0</ns3:atemp>
            <ns3:hr>182</ns3:hr>
            <ns3:cad>90</ns3:cad>
          </ns3:TrackPointExtension>
        </extensions>
      </trkpt>
      <trkpt lat="40.0768159143626689910888671875" lon="116.33694089949131011962890625">
        <ele>46</ele>
        <time>2026-10-07T10:32:13.000Z</time>
        <extensions>
          <ns3:TrackPointExtension>
            <ns3:atemp>75.0</ns3:atemp>
            <ns3:hr>182</ns3:hr>
            <ns3:cad>90</ns3:cad>
          </ns3:TrackPointExtension>
        </extensions>
      </trkpt>
      <trkpt lat="40.076674930751323699951171875" lon="116.3368971459567546844482421875">
        <ele>46</ele>
        <time>2026-10-07T10:32:19.000Z</time>
        <extensions>
          <ns3:TrackPointExtension>
            <ns3:atemp>75.0</ns3:atemp>
            <ns3:hr>179</ns3:hr>
            <ns3:cad>91</ns3:cad>
          </ns3:TrackPointExtension>
        </extensions>
      </trkpt>
      <trkpt lat="40.07663042284548282623291015625" lon="116.336891613900661468505859375">
        <ele>46</ele>
        <time>2026-10-07T10:32:21.000Z</time>
        <extensions>
          <ns3:TrackPointExtension>
            <ns3:atemp>75.0</ns3:atemp>
            <ns3:hr>179</ns3:hr>
            <ns3:cad>91</ns3:cad>
          </ns3:TrackPointExtension>
        </extensions>
      </trkpt>
      <trkpt lat="40.07642758078873157501220703125" lon="116.33689924143254756927490234375">
        <ele>46</ele>
        <time>2026-10-07T10:32:29.000Z</time>
        <extensions>
          <ns3:TrackPointExtension>
            <ns3:atemp>75.0</ns3:atemp>
            <ns3:hr>180</ns3:hr>
            <ns3:cad>90</ns3:cad>
          </ns3:TrackPointExtension>
        </extensions>
      </trkpt>
      <trkpt lat="40.07632833905518054962158203125" lon="116.33690644986927509307861328125">
        <ele>46</ele>
        <time>2026-10-07T10:32:33.000Z</time>
        <extensions>
          <ns3:TrackPointExtension>
            <ns3:atemp>75.0</ns3:atemp>
            <ns3:hr>179</ns3:hr>
            <ns3:cad>91</ns3:cad>
          </ns3:TrackPointExtension>
        </extensions>
      </trkpt>
      <trkpt lat="40.0761480443179607391357421875" lon="116.3369075395166873931884765625">
        <ele>46</ele>
        <time>2026-10-07T10:32:40.000Z</time>
        <extensions>
          <ns3:TrackPointExtension>
            <ns3:atemp>75.0</ns3:atemp>
            <ns3:hr>180</ns3:hr>
            <ns3:cad>90</ns3:cad>
          </ns3:TrackPointExtension>
        </extensions>
      </trkpt>
      <trkpt lat="40.07605575956404209136962890625" lon="116.3369135744869709014892578125">
        <ele>46</ele>
        <time>2026-10-07T10:32:44.000Z</time>
        <extensions>
          <ns3:TrackPointExtension>
            <ns3:atemp>75.0</ns3:atemp>
            <ns3:hr>180</ns3:hr>
            <ns3:cad>90</ns3:cad>
          </ns3:TrackPointExtension>
        </extensions>
      </trkpt>
      <trkpt lat="40.07591293193399906158447265625" lon="116.3369115628302097320556640625">
        <ele>46</ele>
        <time>2026-10-07T10:32:50.000Z</time>
        <extensions>
          <ns3:TrackPointExtension>
            <ns3:atemp>75.0</ns3:atemp>
            <ns3:hr>181</ns3:hr>
            <ns3:cad>90</ns3:cad>
          </ns3:TrackPointExtension>
        </extensions>
      </trkpt>
      <trkpt lat="40.07575149647891521453857421875" lon="116.336924135684967041015625">
        <ele>46</ele>
        <time>2026-10-07T10:32:57.000Z</time>
        <extensions>
          <ns3:TrackPointExtension>
            <ns3:atemp>75.0</ns3:atemp>
            <ns3:hr>181</ns3:hr>
            <ns3:cad>91</ns3:cad>
          </ns3:TrackPointExtension>
        </extensions>
      </trkpt>
      <trkpt lat="40.07561487145721912384033203125" lon="116.3370325975120067596435546875">
        <ele>46</ele>
        <time>2026-10-07T10:33:04.000Z</time>
        <extensions>
          <ns3:TrackPointExtension>
            <ns3:atemp>75.0</ns3:atemp>
            <ns3:hr>181</ns3:hr>
            <ns3:cad>90</ns3:cad>
          </ns3:TrackPointExtension>
        </extensions>
      </trkpt>
      <trkpt lat="40.0755380094051361083984375" lon="116.3371660374104976654052734375">
        <ele>46</ele>
        <time>2026-10-07T10:33:09.000Z</time>
        <extensions>
          <ns3:TrackPointExtension>
            <ns3:atemp>75.0</ns3:atemp>
            <ns3:hr>184</ns3:hr>
            <ns3:cad>91</ns3:cad>
          </ns3:TrackPointExtension>
        </extensions>
      </trkpt>
      <trkpt lat="40.0755197368562221527099609375" lon="116.33722211234271526336669921875">
        <ele>46</ele>
        <time>2026-10-07T10:33:11.000Z</time>
        <extensions>
          <ns3:TrackPointExtension>
            <ns3:atemp>75.0</ns3:atemp>
            <ns3:hr>184</ns3:hr>
            <ns3:cad>90</ns3:cad>
          </ns3:TrackPointExtension>
        </extensions>
      </trkpt>
      <trkpt lat="40.075517557561397552490234375" lon="116.33724994026124477386474609375">
        <ele>46</ele>
        <time>2026-10-07T10:33:12.000Z</time>
        <extensions>
          <ns3:TrackPointExtension>
            <ns3:atemp>75.0</ns3:atemp>
            <ns3:hr>184</ns3:hr>
            <ns3:cad>90</ns3:cad>
          </ns3:TrackPointExtension>
        </extensions>
      </trkpt>
      <trkpt lat="40.07549584843218326568603515625" lon="116.3373963721096515655517578125">
        <ele>46</ele>
        <time>2026-10-07T10:33:17.000Z</time>
        <extensions>
          <ns3:TrackPointExtension>
            <ns3:atemp>75.0</ns3:atemp>
            <ns3:hr>187</ns3:hr>
            <ns3:cad>90</ns3:cad>
          </ns3:TrackPointExtension>
        </extensions>
      </trkpt>
      <trkpt lat="40.07549987174570560455322265625" lon="116.33747440762817859649658203125">
        <ele>46</ele>
        <time>2026-10-07T10:33:19.000Z</time>
        <extensions>
          <ns3:TrackPointExtension>
            <ns3:atemp>75.0</ns3:atemp>
            <ns3:hr>189</ns3:hr>
            <ns3:cad>91</ns3:cad>
          </ns3:TrackPointExtension>
        </extensions>
      </trkpt>
      <trkpt lat="40.07557547651231288909912109375" lon="116.33769485168159008026123046875">
        <ele>46</ele>
        <time>2026-10-07T10:33:28.000Z</time>
        <extensions>
          <ns3:TrackPointExtension>
            <ns3:atemp>75.0</ns3:atemp>
            <ns3:hr>191</ns3:hr>
            <ns3:cad>89</ns3:cad>
          </ns3:TrackPointExtension>
        </extensions>
      </trkpt>
      <trkpt lat="40.0757235847413539886474609375" lon="116.337841115891933441162109375">
        <ele>46</ele>
        <time>2026-10-07T10:33:37.000Z</time>
        <extensions>
          <ns3:TrackPointExtension>
            <ns3:atemp>75.0</ns3:atemp>
            <ns3:hr>192</ns3:hr>
            <ns3:cad>88</ns3:cad>
          </ns3:TrackPointExtension>
        </extensions>
      </trkpt>
      <trkpt lat="40.0757477246224880218505859375" lon="116.33784790523350238800048828125">
        <ele>46</ele>
        <time>2026-10-07T10:33:38.000Z</time>
        <extensions>
          <ns3:TrackPointExtension>
            <ns3:atemp>75.0</ns3:atemp>
            <ns3:hr>192</ns3:hr>
            <ns3:cad>88</ns3:cad>
          </ns3:TrackPointExtension>
        </extensions>
      </trkpt>
      <trkpt lat="40.075935311615467071533203125" lon="116.33785075508058071136474609375">
        <ele>46</ele>
        <time>2026-10-07T10:33:46.000Z</time>
        <extensions>
          <ns3:TrackPointExtension>
            <ns3:atemp>75.0</ns3:atemp>
            <ns3:hr>191</ns3:hr>
            <ns3:cad>86</ns3:cad>
          </ns3:TrackPointExtension>
        </extensions>
      </trkpt>
      <trkpt lat="40.07613538764417171478271484375" lon="116.3378446362912654876708984375">
        <ele>46</ele>
        <time>2026-10-07T10:33:55.000Z</time>
        <extensions>
          <ns3:TrackPointExtension>
            <ns3:atemp>75.0</ns3:atemp>
            <ns3:hr>188</ns3:hr>
            <ns3:cad>86</ns3:cad>
          </ns3:TrackPointExtension>
        </extensions>
      </trkpt>
      <trkpt lat="40.07622792385518550872802734375" lon="116.33784212172031402587890625">
        <ele>46</ele>
        <time>2026-10-07T10:33:59.000Z</time>
        <extensions>
          <ns3:TrackPointExtension>
            <ns3:atemp>75.0</ns3:atemp>
            <ns3:hr>187</ns3:hr>
            <ns3:cad>87</ns3:cad>
          </ns3:TrackPointExtension>
        </extensions>
      </trkpt>
      <trkpt lat="40.07638952694833278656005859375" lon="116.3378320634365081787109375">
        <ele>46</ele>
        <time>2026-10-07T10:34:06.000Z</time>
        <extensions>
          <ns3:TrackPointExtension>
            <ns3:atemp>75.0</ns3:atemp>
            <ns3:hr>184</ns3:hr>
            <ns3:cad>90</ns3:cad>
          </ns3:TrackPointExtension>
        </extensions>
      </trkpt>
      <trkpt lat="40.076459012925624847412109375" lon="116.33783013559877872467041015625">
        <ele>46</ele>
        <time>2026-10-07T10:34:09.000Z</time>
        <extensions>
          <ns3:TrackPointExtension>
            <ns3:atemp>75.0</ns3:atemp>
            <ns3:hr>184</ns3:hr>
            <ns3:cad>91</ns3:cad>
          </ns3:TrackPointExtension>
        </extensions>
      </trkpt>
      <trkpt lat="40.07664115168154239654541015625" lon="116.3378347456455230712890625">
        <ele>46</ele>
        <time>2026-10-07T10:34:17.000Z</time>
        <extensions>
          <ns3:TrackPointExtension>
            <ns3:atemp>75.0</ns3:atemp>
            <ns3:hr>181</ns3:hr>
            <ns3:cad>90</ns3:cad>
          </ns3:TrackPointExtension>
        </extensions>
      </trkpt>
      <trkpt lat="40.0767074525356292724609375" lon="116.33782871067523956298828125">
        <ele>46</ele>
        <time>2026-10-07T10:34:20.000Z</time>
        <extensions>
          <ns3:TrackPointExtension>
            <ns3:atemp>75.0</ns3:atemp>
            <ns3:hr>181</ns3:hr>
            <ns3:cad>90</ns3:cad>
          </ns3:TrackPointExtension>
        </extensions>
      </trkpt>
      <trkpt lat="40.0768678821623325347900390625" lon="116.3377408683300018310546875">
        <ele>46</ele>
        <time>2026-10-07T10:34:28.000Z</time>
        <extensions>
          <ns3:TrackPointExtension>
            <ns3:atemp>75.0</ns3:atemp>
            <ns3:hr>181</ns3:hr>
            <ns3:cad>90</ns3:cad>
          </ns3:TrackPointExtension>
        </extensions>
      </trkpt>
      <trkpt lat="40.076969303190708160400390625" lon="116.33754146285355091094970703125">
        <ele>46</ele>
        <time>2026-10-07T10:34:36.000Z</time>
        <extensions>
          <ns3:TrackPointExtension>
            <ns3:atemp>75.0</ns3:atemp>
            <ns3:hr>182</ns3:hr>
            <ns3:cad>90</ns3:cad>
          </ns3:TrackPointExtension>
        </extensions>
      </trkpt>
      <trkpt lat="40.07697978056967258453369140625" lon="116.337292604148387908935546875">
        <ele>46</ele>
        <time>2026-10-07T10:34:44.000Z</time>
        <extensions>
          <ns3:TrackPointExtension>
            <ns3:atemp>75.0</ns3:atemp>
            <ns3:hr>180</ns3:hr>
            <ns3:cad>91</ns3:cad>
          </ns3:TrackPointExtension>
        </extensions>
      </trkpt>
      <trkpt lat="40.07691037841141223907470703125" lon="116.3370651192963123321533203125">
        <ele>46</ele>
        <time>2026-10-07T10:34:52.000Z</time>
        <extensions>
          <ns3:TrackPointExtension>
            <ns3:atemp>75.0</ns3:atemp>
            <ns3:hr>180</ns3:hr>
            <ns3:cad>90</ns3:cad>
          </ns3:TrackPointExtension>
        </extensions>
      </trkpt>
      <trkpt lat="40.07689244113862514495849609375" lon="116.33704106323421001434326171875">
        <ele>46</ele>
        <time>2026-10-07T10:34:53.000Z</time>
        <extensions>
          <ns3:TrackPointExtension>
            <ns3:atemp>75.0</ns3:atemp>
            <ns3:hr>181</ns3:hr>
            <ns3:cad>90</ns3:cad>
          </ns3:TrackPointExtension>
        </extensions>
      </trkpt>
      <trkpt lat="40.076771490275859832763671875" lon="116.33695238269865512847900390625">
        <ele>46</ele>
        <time>2026-10-07T10:34:59.000Z</time>
        <extensions>
          <ns3:TrackPointExtension>
            <ns3:atemp>75.0</ns3:atemp>
            <ns3:hr>181</ns3:hr>
            <ns3:cad>91</ns3:cad>
          </ns3:TrackPointExtension>
        </extensions>
      </trkpt>
      <trkpt lat="40.07658264599740505218505859375" lon="116.3369196094572544097900390625">
        <ele>46</ele>
        <time>2026-10-07T10:35:07.000Z</time>
        <extensions>
          <ns3:TrackPointExtension>
            <ns3:atemp>75.0</ns3:atemp>
            <ns3:hr>181</ns3:hr>
            <ns3:cad>90</ns3:cad>
          </ns3:TrackPointExtension>
        </extensions>
      </trkpt>
      <trkpt lat="40.07655917666852474212646484375" lon="116.33692170493304729461669921875">
        <ele>46</ele>
        <time>2026-10-07T10:35:08.000Z</time>
        <extensions>
          <ns3:TrackPointExtension>
            <ns3:atemp>75.0</ns3:atemp>
            <ns3:hr>181</ns3:hr>
            <ns3:cad>90</ns3:cad>
          </ns3:TrackPointExtension>
        </extensions>
      </trkpt>
      <trkpt lat="40.07637527771294116973876953125" lon="116.33693662472069263458251953125">
        <ele>46</ele>
        <time>2026-10-07T10:35:16.000Z</time>
        <extensions>
          <ns3:TrackPointExtension>
            <ns3:atemp>75.0</ns3:atemp>
            <ns3:hr>182</ns3:hr>
            <ns3:cad>90</ns3:cad>
          </ns3:TrackPointExtension>
        </extensions>
      </trkpt>
      <trkpt lat="40.07632934488356113433837890625" lon="116.33694358170032501220703125">
        <ele>46</ele>
        <time>2026-10-07T10:35:18.000Z</time>
        <extensions>
          <ns3:TrackPointExtension>
            <ns3:atemp>75.0</ns3:atemp>
            <ns3:hr>182</ns3:hr>
            <ns3:cad>91</ns3:cad>
          </ns3:TrackPointExtension>
        </extensions>
      </trkpt>
      <trkpt lat="40.07623529992997646331787109375" lon="116.336937882006168365478515625">
        <ele>46</ele>
        <time>2026-10-07T10:35:22.000Z</time>
        <extensions>
          <ns3:TrackPointExtension>
            <ns3:atemp>75.0</ns3:atemp>
            <ns3:hr>185</ns3:hr>
            <ns3:cad>90</ns3:cad>
          </ns3:TrackPointExtension>
        </extensions>
      </trkpt>
      <trkpt lat="40.07605777122080326080322265625" lon="116.33693545125424861907958984375">
        <ele>46</ele>
        <time>2026-10-07T10:35:30.000Z</time>
        <extensions>
          <ns3:TrackPointExtension>
            <ns3:atemp>75.0</ns3:atemp>
            <ns3:hr>188</ns3:hr>
            <ns3:cad>90</ns3:cad>
          </ns3:TrackPointExtension>
        </extensions>
      </trkpt>
      <trkpt lat="40.0758768059313297271728515625" lon="116.33692505769431591033935546875">
        <ele>46</ele>
        <time>2026-10-07T10:35:38.000Z</time>
        <extensions>
          <ns3:TrackPointExtension>
            <ns3:atemp>75.0</ns3:atemp>
            <ns3:hr>189</ns3:hr>
            <ns3:cad>91</ns3:cad>
          </ns3:TrackPointExtension>
        </extensions>
      </trkpt>
      <trkpt lat="40.07585442624986171722412109375" lon="116.33692614734172821044921875">
        <ele>46</ele>
        <time>2026-10-07T10:35:39.000Z</time>
        <extensions>
          <ns3:TrackPointExtension>
            <ns3:atemp>75.0</ns3:atemp>
            <ns3:hr>190</ns3:hr>
            <ns3:cad>91</ns3:cad>
          </ns3:TrackPointExtension>
        </extensions>
      </trkpt>
      <trkpt lat="40.07566968910396099090576171875" lon="116.3369926996529102325439453125">
        <ele>46</ele>
        <time>2026-10-07T10:35:47.000Z</time>
        <extensions>
          <ns3:TrackPointExtension>
            <ns3:atemp>75.0</ns3:atemp>
            <ns3:hr>189</ns3:hr>
            <ns3:cad>91</ns3:cad>
          </ns3:TrackPointExtension>
        </extensions>
      </trkpt>
      <trkpt lat="40.07565292529761791229248046875" lon="116.33701005019247531890869140625">
        <ele>46</ele>
        <time>2026-10-07T10:35:48.000Z</time>
        <extensions>
          <ns3:TrackPointExtension>
            <ns3:atemp>75.0</ns3:atemp>
            <ns3:hr>189</ns3:hr>
            <ns3:cad>90</ns3:cad>
          </ns3:TrackPointExtension>
        </extensions>
      </trkpt>
      <trkpt lat="40.07553708739578723907470703125" lon="116.33719344623386859893798828125">
        <ele>46</ele>
        <time>2026-10-07T10:35:56.000Z</time>
        <extensions>
          <ns3:TrackPointExtension>
            <ns3:atemp>75.0</ns3:atemp>
            <ns3:hr>186</ns3:hr>
            <ns3:cad>90</ns3:cad>
          </ns3:TrackPointExtension>
        </extensions>
      </trkpt>
      <trkpt lat="40.0755251012742519378662109375" lon="116.3373360224068164825439453125">
        <ele>46</ele>
        <time>2026-10-07T10:36:01.000Z</time>
        <extensions>
          <ns3:TrackPointExtension>
            <ns3:atemp>75.0</ns3:atemp>
            <ns3:hr>184</ns3:hr>
            <ns3:cad>91</ns3:cad>
          </ns3:TrackPointExtension>
        </extensions>
      </trkpt>
      <trkpt lat="40.07555209100246429443359375" lon="116.337564177811145782470703125">
        <ele>46</ele>
        <time>2026-10-07T10:36:08.000Z</time>
        <extensions>
          <ns3:TrackPointExtension>
            <ns3:atemp>75.0</ns3:atemp>
            <ns3:hr>182</ns3:hr>
            <ns3:cad>90</ns3:cad>
          </ns3:TrackPointExtension>
        </extensions>
      </trkpt>
      <trkpt lat="40.07564789615571498870849609375" lon="116.3377368450164794921875">
        <ele>46</ele>
        <time>2026-10-07T10:36:15.000Z</time>
        <extensions>
          <ns3:TrackPointExtension>
            <ns3:atemp>75.0</ns3:atemp>
            <ns3:hr>182</ns3:hr>
            <ns3:cad>90</ns3:cad>
          </ns3:TrackPointExtension>
        </extensions>
      </trkpt>
      <trkpt lat="40.07580547593533992767333984375" lon="116.3378508388996124267578125">
        <ele>46</ele>
        <time>2026-10-07T10:36:23.000Z</time>
        <extensions>
          <ns3:TrackPointExtension>
            <ns3:atemp>75.0</ns3:atemp>
            <ns3:hr>183</ns3:hr>
            <ns3:cad>91</ns3:cad>
          </ns3:TrackPointExtension>
        </extensions>
      </trkpt>
      <trkpt lat="40.07582827471196651458740234375" lon="116.3378535211086273193359375">
        <ele>46</ele>
        <time>2026-10-07T10:36:24.000Z</time>
        <extensions>
          <ns3:TrackPointExtension>
            <ns3:atemp>75.0</ns3:atemp>
            <ns3:hr>183</ns3:hr>
            <ns3:cad>91</ns3:cad>
          </ns3:TrackPointExtension>
        </extensions>
      </trkpt>
      <trkpt lat="40.07600965909659862518310546875" lon="116.337866596877574920654296875">
        <ele>46</ele>
        <time>2026-10-07T10:36:32.000Z</time>
        <extensions>
          <ns3:TrackPointExtension>
            <ns3:atemp>75.0</ns3:atemp>
            <ns3:hr>182</ns3:hr>
            <ns3:cad>90</ns3:cad>
          </ns3:TrackPointExtension>
        </extensions>
      </trkpt>
      <trkpt lat="40.07603329606354236602783203125" lon="116.3378657586872577667236328125">
        <ele>46</ele>
        <time>2026-10-07T10:36:33.000Z</time>
        <extensions>
          <ns3:TrackPointExtension>
            <ns3:atemp>75.0</ns3:atemp>
            <ns3:hr>183</ns3:hr>
            <ns3:cad>90</ns3:cad>
          </ns3:TrackPointExtension>
        </extensions>
      </trkpt>
      <trkpt lat="40.07622490637004375457763671875" lon="116.33783415891230106353759765625">
        <ele>46</ele>
        <time>2026-10-07T10:36:41.000Z</time>
        <extensions>
          <ns3:TrackPointExtension>
            <ns3:atemp>75.0</ns3:atemp>
            <ns3:hr>182</ns3:hr>
            <ns3:cad>89</ns3:cad>
          </ns3:TrackPointExtension>
        </extensions>
      </trkpt>
      <trkpt lat="40.076249130070209503173828125" lon="116.33783482946455478668212890625">
        <ele>46</ele>
        <time>2026-10-07T10:36:42.000Z</time>
        <extensions>
          <ns3:TrackPointExtension>
            <ns3:atemp>75.0</ns3:atemp>
            <ns3:hr>182</ns3:hr>
            <ns3:cad>89</ns3:cad>
          </ns3:TrackPointExtension>
        </extensions>
      </trkpt>
      <trkpt lat="40.07643747143447399139404296875" lon="116.33783541619777679443359375">
        <ele>46</ele>
        <time>2026-10-07T10:36:50.000Z</time>
        <extensions>
          <ns3:TrackPointExtension>
            <ns3:atemp>75.0</ns3:atemp>
            <ns3:hr>182</ns3:hr>
            <ns3:cad>87</ns3:cad>
          </ns3:TrackPointExtension>
        </extensions>
      </trkpt>
      <trkpt lat="40.07655121386051177978515625" lon="116.33783583529293537139892578125">
        <ele>46</ele>
        <time>2026-10-07T10:36:54.000Z</time>
        <extensions>
          <ns3:TrackPointExtension>
            <ns3:atemp>75.0</ns3:atemp>
            <ns3:hr>183</ns3:hr>
            <ns3:cad>86</ns3:cad>
          </ns3:TrackPointExtension>
        </extensions>
      </trkpt>
      <trkpt lat="40.07673561573028564453125" lon="116.3378401100635528564453125">
        <ele>46</ele>
        <time>2026-10-07T10:37:03.000Z</time>
        <extensions>
          <ns3:TrackPointExtension>
            <ns3:atemp>75.0</ns3:atemp>
            <ns3:hr>182</ns3:hr>
            <ns3:cad>85</ns3:cad>
          </ns3:TrackPointExtension>
        </extensions>
      </trkpt>
      <trkpt lat="40.07677853107452392578125" lon="116.337825022637844085693359375">
        <ele>46</ele>
        <time>2026-10-07T10:37:05.000Z</time>
        <extensions>
          <ns3:TrackPointExtension>
            <ns3:atemp>75.0</ns3:atemp>
            <ns3:hr>181</ns3:hr>
            <ns3:cad>85</ns3:cad>
          </ns3:TrackPointExtension>
        </extensions>
      </trkpt>
      <trkpt lat="40.07690434344112873077392578125" lon="116.33770608343183994293212890625">
        <ele>46</ele>
        <time>2026-10-07T10:37:12.000Z</time>
        <extensions>
          <ns3:TrackPointExtension>
            <ns3:atemp>75.0</ns3:atemp>
            <ns3:hr>180</ns3:hr>
            <ns3:cad>85</ns3:cad>
          </ns3:TrackPointExtension>
        </extensions>
      </trkpt>
      <trkpt lat="40.07698707282543182373046875" lon="116.33751966990530490875244140625">
        <ele>46</ele>
        <time>2026-10-07T10:37:19.000Z</time>
        <extensions>
          <ns3:TrackPointExtension>
            <ns3:atemp>75.0</ns3:atemp>
            <ns3:hr>178</ns3:hr>
            <ns3:cad>91</ns3:cad>
          </ns3:TrackPointExtension>
        </extensions>
      </trkpt>
      <trkpt lat="40.07699285633862018585205078125" lon="116.33748915977776050567626953125">
        <ele>46</ele>
        <time>2026-10-07T10:37:20.000Z</time>
        <extensions>
          <ns3:TrackPointExtension>
            <ns3:atemp>75.0</ns3:atemp>
            <ns3:hr>178</ns3:hr>
            <ns3:cad>91</ns3:cad>
          </ns3:TrackPointExtension>
        </extensions>
      </trkpt>
      <trkpt lat="40.07698816247284412384033203125" lon="116.3372414745390415191650390625">
        <ele>46</ele>
        <time>2026-10-07T10:37:28.000Z</time>
        <extensions>
          <ns3:TrackPointExtension>
            <ns3:atemp>75.0</ns3:atemp>
            <ns3:hr>176</ns3:hr>
            <ns3:cad>90</ns3:cad>
          </ns3:TrackPointExtension>
        </extensions>
      </trkpt>
      <trkpt lat="40.076905600726604461669921875" lon="116.33706084452569484710693359375">
        <ele>46</ele>
        <time>2026-10-07T10:37:35.000Z</time>
        <extensions>
          <ns3:TrackPointExtension>
            <ns3:atemp>75.0</ns3:atemp>
            <ns3:hr>177</ns3:hr>
            <ns3:cad>89</ns3:cad>
          </ns3:TrackPointExtension>
        </extensions>
      </trkpt>
      <trkpt lat="40.07677962072193622589111328125" lon="116.33693444542586803436279296875">
        <ele>46</ele>
        <time>2026-10-07T10:37:42.000Z</time>
        <extensions>
          <ns3:TrackPointExtension>
            <ns3:atemp>75.0</ns3:atemp>
            <ns3:hr>180</ns3:hr>
            <ns3:cad>90</ns3:cad>
          </ns3:TrackPointExtension>
        </extensions>
      </trkpt>
      <trkpt lat="40.076737962663173675537109375" lon="116.33691164664924144744873046875">
        <ele>46</ele>
        <time>2026-10-07T10:37:43.000Z</time>
        <extensions>
          <ns3:TrackPointExtension>
            <ns3:atemp>75.0</ns3:atemp>
            <ns3:hr>180</ns3:hr>
            <ns3:cad>90</ns3:cad>
          </ns3:TrackPointExtension>
        </extensions>
      </trkpt>
      <trkpt lat="40.07653973065316677093505859375" lon="116.3368890993297100067138671875">
        <ele>46</ele>
        <time>2026-10-07T10:37:52.000Z</time>
        <extensions>
          <ns3:TrackPointExtension>
            <ns3:atemp>75.0</ns3:atemp>
            <ns3:hr>179</ns3:hr>
            <ns3:cad>90</ns3:cad>
          </ns3:TrackPointExtension>
        </extensions>
      </trkpt>
      <trkpt lat="40.07635599933564662933349609375" lon="116.336909048259258270263671875">
        <ele>46</ele>
        <time>2026-10-07T10:37:59.000Z</time>
        <extensions>
          <ns3:TrackPointExtension>
            <ns3:atemp>75.0</ns3:atemp>
            <ns3:hr>179</ns3:hr>
            <ns3:cad>90</ns3:cad>
          </ns3:TrackPointExtension>
        </extensions>
      </trkpt>
      <trkpt lat="40.07625642232596874237060546875" lon="116.33691273629665374755859375">
        <ele>46</ele>
        <time>2026-10-07T10:38:03.000Z</time>
        <extensions>
          <ns3:TrackPointExtension>
            <ns3:atemp>75.0</ns3:atemp>
            <ns3:hr>180</ns3:hr>
            <ns3:cad>90</ns3:cad>
          </ns3:TrackPointExtension>
        </extensions>
      </trkpt>
      <trkpt lat="40.0760659016668796539306640625" lon="116.33691734634339809417724609375">
        <ele>46</ele>
        <time>2026-10-07T10:38:11.000Z</time>
        <extensions>
          <ns3:TrackPointExtension>
            <ns3:atemp>75.0</ns3:atemp>
            <ns3:hr>180</ns3:hr>
            <ns3:cad>90</ns3:cad>
          </ns3:TrackPointExtension>
        </extensions>
      </trkpt>
      <trkpt lat="40.07591678760945796966552734375" lon="116.33692706935107707977294921875">
        <ele>46</ele>
        <time>2026-10-07T10:38:17.000Z</time>
        <extensions>
          <ns3:TrackPointExtension>
            <ns3:atemp>75.0</ns3:atemp>
            <ns3:hr>180</ns3:hr>
            <ns3:cad>90</ns3:cad>
          </ns3:TrackPointExtension>
        </extensions>
      </trkpt>
      <trkpt lat="40.07571646012365818023681640625" lon="116.33695472963154315948486328125">
        <ele>46</ele>
        <time>2026-10-07T10:38:26.000Z</time>
        <extensions>
          <ns3:TrackPointExtension>
            <ns3:atemp>75.0</ns3:atemp>
            <ns3:hr>180</ns3:hr>
            <ns3:cad>90</ns3:cad>
          </ns3:TrackPointExtension>
        </extensions>
      </trkpt>
      <trkpt lat="40.0756719522178173065185546875" lon="116.33697702549397945404052734375">
        <ele>46</ele>
        <time>2026-10-07T10:38:28.000Z</time>
        <extensions>
          <ns3:TrackPointExtension>
            <ns3:atemp>75.0</ns3:atemp>
            <ns3:hr>181</ns3:hr>
            <ns3:cad>90</ns3:cad>
          </ns3:TrackPointExtension>
        </extensions>
      </trkpt>
      <trkpt lat="40.07555703632533550262451171875" lon="116.33713938295841217041015625">
        <ele>46</ele>
        <time>2026-10-07T10:38:35.000Z</time>
        <extensions>
          <ns3:TrackPointExtension>
            <ns3:atemp>75.0</ns3:atemp>
            <ns3:hr>181</ns3:hr>
            <ns3:cad>90</ns3:cad>
          </ns3:TrackPointExtension>
        </extensions>
      </trkpt>
      <trkpt lat="40.07551428861916065216064453125" lon="116.337347589433193206787109375">
        <ele>46</ele>
        <time>2026-10-07T10:38:42.000Z</time>
        <extensions>
          <ns3:TrackPointExtension>
            <ns3:atemp>75.0</ns3:atemp>
            <ns3:hr>181</ns3:hr>
            <ns3:cad>90</ns3:cad>
          </ns3:TrackPointExtension>
        </extensions>
      </trkpt>
      <trkpt lat="40.0755489058792591094970703125" lon="116.33756048977375030517578125">
        <ele>46</ele>
        <time>2026-10-07T10:38:49.000Z</time>
        <extensions>
          <ns3:TrackPointExtension>
            <ns3:atemp>75.0</ns3:atemp>
            <ns3:hr>180</ns3:hr>
            <ns3:cad>92</ns3:cad>
          </ns3:TrackPointExtension>
        </extensions>
      </trkpt>
      <trkpt lat="40.07566398940980434417724609375" lon="116.33776006288826465606689453125">
        <ele>46</ele>
        <time>2026-10-07T10:38:57.000Z</time>
        <extensions>
          <ns3:TrackPointExtension>
            <ns3:atemp>75.0</ns3:atemp>
            <ns3:hr>180</ns3:hr>
            <ns3:cad>90</ns3:cad>
          </ns3:TrackPointExtension>
        </extensions>
      </trkpt>
      <trkpt lat="40.0758389197289943695068359375" lon="116.3378563709557056427001953125">
        <ele>46</ele>
        <time>2026-10-07T10:39:05.000Z</time>
        <extensions>
          <ns3:TrackPointExtension>
            <ns3:atemp>75.0</ns3:atemp>
            <ns3:hr>181</ns3:hr>
            <ns3:cad>90</ns3:cad>
          </ns3:TrackPointExtension>
        </extensions>
      </trkpt>
      <trkpt lat="40.07603715173900127410888671875" lon="116.33784354664385318756103515625">
        <ele>46</ele>
        <time>2026-10-07T10:39:13.000Z</time>
        <extensions>
          <ns3:TrackPointExtension>
            <ns3:atemp>75.0</ns3:atemp>
            <ns3:hr>180</ns3:hr>
            <ns3:cad>90</ns3:cad>
          </ns3:TrackPointExtension>
        </extensions>
      </trkpt>
      <trkpt lat="40.0761453621089458465576171875" lon="116.337842456996440887451171875">
        <ele>46</ele>
        <time>2026-10-07T10:39:17.000Z</time>
        <extensions>
          <ns3:TrackPointExtension>
            <ns3:atemp>75.0</ns3:atemp>
            <ns3:hr>180</ns3:hr>
            <ns3:cad>90</ns3:cad>
          </ns3:TrackPointExtension>
        </extensions>
      </trkpt>
      <trkpt lat="40.076347030699253082275390625" lon="116.337836086750030517578125">
        <ele>46</ele>
        <time>2026-10-07T10:39:25.000Z</time>
        <extensions>
          <ns3:TrackPointExtension>
            <ns3:atemp>75.0</ns3:atemp>
            <ns3:hr>181</ns3:hr>
            <ns3:cad>91</ns3:cad>
          </ns3:TrackPointExtension>
        </extensions>
      </trkpt>
      <trkpt lat="40.07641802541911602020263671875" lon="116.337834410369396209716796875">
        <ele>46</ele>
        <time>2026-10-07T10:39:28.000Z</time>
        <extensions>
          <ns3:TrackPointExtension>
            <ns3:atemp>75.0</ns3:atemp>
            <ns3:hr>181</ns3:hr>
            <ns3:cad>91</ns3:cad>
          </ns3:TrackPointExtension>
        </extensions>
      </trkpt>
      <trkpt lat="40.07659354247152805328369140625" lon="116.33782879449427127838134765625">
        <ele>46</ele>
        <time>2026-10-07T10:39:35.000Z</time>
        <extensions>
          <ns3:TrackPointExtension>
            <ns3:atemp>75.0</ns3:atemp>
            <ns3:hr>183</ns3:hr>
            <ns3:cad>90</ns3:cad>
          </ns3:TrackPointExtension>
        </extensions>
      </trkpt>
      <trkpt lat="40.07681247778236865997314453125" lon="116.33779627270996570587158203125">
        <ele>46</ele>
        <time>2026-10-07T10:39:43.000Z</time>
        <extensions>
          <ns3:TrackPointExtension>
            <ns3:atemp>75.0</ns3:atemp>
            <ns3:hr>184</ns3:hr>
            <ns3:cad>88</ns3:cad>
          </ns3:TrackPointExtension>
        </extensions>
      </trkpt>
      <trkpt lat="40.0768534652888774871826171875" lon="116.337763331830501556396484375">
        <ele>46</ele>
        <time>2026-10-07T10:39:46.000Z</time>
        <extensions>
          <ns3:TrackPointExtension>
            <ns3:atemp>75.0</ns3:atemp>
            <ns3:hr>181</ns3:hr>
            <ns3:cad>88</ns3:cad>
          </ns3:TrackPointExtension>
        </extensions>
      </trkpt>
      <trkpt lat="40.0768688879907131195068359375" lon="116.33774313144385814666748046875">
        <ele>46</ele>
        <time>2026-10-07T10:39:47.000Z</time>
        <extensions>
          <ns3:TrackPointExtension>
            <ns3:atemp>75.0</ns3:atemp>
            <ns3:hr>183</ns3:hr>
            <ns3:cad>87</ns3:cad>
          </ns3:TrackPointExtension>
        </extensions>
      </trkpt>
      <trkpt lat="40.0769121386110782623291015625" lon="116.33766911923885345458984375">
        <ele>46</ele>
        <time>2026-10-07T10:39:50.000Z</time>
        <extensions>
          <ns3:TrackPointExtension>
            <ns3:atemp>75.0</ns3:atemp>
            <ns3:hr>182</ns3:hr>
            <ns3:cad>86</ns3:cad>
          </ns3:TrackPointExtension>
        </extensions>
      </trkpt>
      <trkpt lat="40.0769671238958835601806640625" lon="116.3375197537243366241455078125">
        <ele>46</ele>
        <time>2026-10-07T10:39:55.000Z</time>
        <extensions>
          <ns3:TrackPointExtension>
            <ns3:atemp>75.0</ns3:atemp>
            <ns3:hr>185</ns3:hr>
            <ns3:cad>91</ns3:cad>
          </ns3:TrackPointExtension>
        </extensions>
      </trkpt>
      <trkpt lat="40.07698170840740203857421875" lon="116.337460242211818695068359375">
        <ele>46</ele>
        <time>2026-10-07T10:39:57.000Z</time>
        <extensions>
          <ns3:TrackPointExtension>
            <ns3:atemp>75.0</ns3:atemp>
            <ns3:hr>186</ns3:hr>
            <ns3:cad>90</ns3:cad>
          </ns3:TrackPointExtension>
        </extensions>
      </trkpt>
      <trkpt lat="40.076974332332611083984375" lon="116.33729905821382999420166015625">
        <ele>46</ele>
        <time>2026-10-07T10:40:01.000Z</time>
        <extensions>
          <ns3:TrackPointExtension>
            <ns3:atemp>75.0</ns3:atemp>
            <ns3:hr>183</ns3:hr>
            <ns3:cad>88</ns3:cad>
          </ns3:TrackPointExtension>
        </extensions>
      </trkpt>
      <trkpt lat="40.0769607536494731903076171875" lon="116.337233595550060272216796875">
        <ele>46</ele>
        <time>2026-10-07T10:40:04.000Z</time>
        <extensions>
          <ns3:TrackPointExtension>
            <ns3:atemp>75.0</ns3:atemp>
            <ns3:hr>182</ns3:hr>
            <ns3:cad>86</ns3:cad>
          </ns3:TrackPointExtension>
        </extensions>
      </trkpt>
      <trkpt lat="40.0769211910665035247802734375" lon="116.3371207751333713531494140625">
        <ele>46</ele>
        <time>2026-10-07T10:40:08.000Z</time>
        <extensions>
          <ns3:TrackPointExtension>
            <ns3:atemp>75.0</ns3:atemp>
            <ns3:hr>178</ns3:hr>
            <ns3:cad>86</ns3:cad>
          </ns3:TrackPointExtension>
        </extensions>
      </trkpt>
      <trkpt lat="40.0769104622304439544677734375" lon="116.33709386922419071197509765625">
        <ele>46</ele>
        <time>2026-10-07T10:40:09.000Z</time>
        <extensions>
          <ns3:TrackPointExtension>
            <ns3:atemp>75.0</ns3:atemp>
            <ns3:hr>182</ns3:hr>
            <ns3:cad>86</ns3:cad>
          </ns3:TrackPointExtension>
        </extensions>
      </trkpt>
      <trkpt lat="40.0768833048641681671142578125" lon="116.33704684674739837646484375">
        <ele>46</ele>
        <time>2026-10-07T10:40:11.000Z</time>
        <extensions>
          <ns3:TrackPointExtension>
            <ns3:atemp>75.0</ns3:atemp>
            <ns3:hr>181</ns3:hr>
            <ns3:cad>85</ns3:cad>
          </ns3:TrackPointExtension>
        </extensions>
      </trkpt>
      <trkpt lat="40.0767954625189304351806640625" lon="116.33695431053638458251953125">
        <ele>46</ele>
        <time>2026-10-07T10:40:16.000Z</time>
        <extensions>
          <ns3:TrackPointExtension>
            <ns3:atemp>75.0</ns3:atemp>
            <ns3:hr>184</ns3:hr>
            <ns3:cad>85</ns3:cad>
          </ns3:TrackPointExtension>
        </extensions>
      </trkpt>
      <trkpt lat="40.07674609310925006866455078125" lon="116.336933188140392303466796875">
        <ele>46</ele>
        <time>2026-10-07T10:40:18.000Z</time>
        <extensions>
          <ns3:TrackPointExtension>
            <ns3:atemp>75.0</ns3:atemp>
            <ns3:hr>185</ns3:hr>
            <ns3:cad>85</ns3:cad>
          </ns3:TrackPointExtension>
        </extensions>
      </trkpt>
      <trkpt lat="40.07654677145183086395263671875" lon="116.3369147479534149169921875">
        <ele>46</ele>
        <time>2026-10-07T10:40:26.000Z</time>
        <extensions>
          <ns3:TrackPointExtension>
            <ns3:atemp>75.0</ns3:atemp>
            <ns3:hr>186</ns3:hr>
            <ns3:cad>86</ns3:cad>
          </ns3:TrackPointExtension>
        </extensions>
      </trkpt>
      <trkpt lat="40.07634476758539676666259765625" lon="116.33692220784723758697509765625">
        <ele>46</ele>
        <time>2026-10-07T10:40:34.000Z</time>
        <extensions>
          <ns3:TrackPointExtension>
            <ns3:atemp>75.0</ns3:atemp>
            <ns3:hr>188</ns3:hr>
            <ns3:cad>90</ns3:cad>
          </ns3:TrackPointExtension>
        </extensions>
      </trkpt>
      <trkpt lat="40.07615047506988048553466796875" lon="116.33693008683621883392333984375">
        <ele>46</ele>
        <time>2026-10-07T10:40:42.000Z</time>
        <extensions>
          <ns3:TrackPointExtension>
            <ns3:atemp>75.0</ns3:atemp>
            <ns3:hr>186</ns3:hr>
            <ns3:cad>90</ns3:cad>
          </ns3:TrackPointExtension>
        </extensions>
      </trkpt>
      <trkpt lat="40.0760940648615360260009765625" lon="116.3369293324649333953857421875">
        <ele>46</ele>
        <time>2026-10-07T10:40:44.000Z</time>
        <extensions>
          <ns3:TrackPointExtension>
            <ns3:atemp>75.0</ns3:atemp>
            <ns3:hr>186</ns3:hr>
            <ns3:cad>90</ns3:cad>
          </ns3:TrackPointExtension>
        </extensions>
      </trkpt>
      <trkpt lat="40.07590237073600292205810546875" lon="116.3369370438158512115478515625">
        <ele>46</ele>
        <time>2026-10-07T10:40:52.000Z</time>
        <extensions>
          <ns3:TrackPointExtension>
            <ns3:atemp>75.0</ns3:atemp>
            <ns3:hr>185</ns3:hr>
            <ns3:cad>90</ns3:cad>
          </ns3:TrackPointExtension>
        </extensions>
      </trkpt>
      <trkpt lat="40.0758546777069568634033203125" lon="116.33693218231201171875">
        <ele>46</ele>
        <time>2026-10-07T10:40:54.000Z</time>
        <extensions>
          <ns3:TrackPointExtension>
            <ns3:atemp>75.0</ns3:atemp>
            <ns3:hr>185</ns3:hr>
            <ns3:cad>90</ns3:cad>
          </ns3:TrackPointExtension>
        </extensions>
      </trkpt>
      <trkpt lat="40.0756970979273319244384765625" lon="116.33697132579982280731201171875">
        <ele>46</ele>
        <time>2026-10-07T10:41:00.000Z</time>
        <extensions>
          <ns3:TrackPointExtension>
            <ns3:atemp>75.0</ns3:atemp>
            <ns3:hr>182</ns3:hr>
            <ns3:cad>90</ns3:cad>
          </ns3:TrackPointExtension>
        </extensions>
      </trkpt>
      <trkpt lat="40.0756736285984516143798828125" lon="116.3369859941303730010986328125">
        <ele>46</ele>
        <time>2026-10-07T10:41:01.000Z</time>
        <extensions>
          <ns3:TrackPointExtension>
            <ns3:atemp>75.0</ns3:atemp>
            <ns3:hr>181</ns3:hr>
            <ns3:cad>90</ns3:cad>
          </ns3:TrackPointExtension>
        </extensions>
      </trkpt>
      <trkpt lat="40.0756042264401912689208984375" lon="116.33706738241016864776611328125">
        <ele>46</ele>
        <time>2026-10-07T10:41:05.000Z</time>
        <extensions>
          <ns3:TrackPointExtension>
            <ns3:atemp>75.0</ns3:atemp>
            <ns3:hr>178</ns3:hr>
            <ns3:cad>90</ns3:cad>
          </ns3:TrackPointExtension>
        </extensions>
      </trkpt>
      <trkpt lat="40.0755616463720798492431640625" lon="116.33713913150131702423095703125">
        <ele>46</ele>
        <time>2026-10-07T10:41:08.000Z</time>
        <extensions>
          <ns3:TrackPointExtension>
            <ns3:atemp>75.0</ns3:atemp>
            <ns3:hr>176</ns3:hr>
            <ns3:cad>91</ns3:cad>
          </ns3:TrackPointExtension>
        </extensions>
      </trkpt>
      <trkpt lat="40.075502134859561920166015625" lon="116.33737214840948581695556640625">
        <ele>46</ele>
        <time>2026-10-07T10:41:16.000Z</time>
        <extensions>
          <ns3:TrackPointExtension>
            <ns3:atemp>75.0</ns3:atemp>
            <ns3:hr>174</ns3:hr>
            <ns3:cad>90</ns3:cad>
          </ns3:TrackPointExtension>
        </extensions>
      </trkpt>
      <trkpt lat="40.0755629874765872955322265625" lon="116.3376206718385219573974609375">
        <ele>46</ele>
        <time>2026-10-07T10:41:24.000Z</time>
        <extensions>
          <ns3:TrackPointExtension>
            <ns3:atemp>75.0</ns3:atemp>
            <ns3:hr>174</ns3:hr>
            <ns3:cad>90</ns3:cad>
          </ns3:TrackPointExtension>
        </extensions>
      </trkpt>
      <trkpt lat="40.07567706517875194549560546875" lon="116.33777883835136890411376953125">
        <ele>46</ele>
        <time>2026-10-07T10:41:31.000Z</time>
        <extensions>
          <ns3:TrackPointExtension>
            <ns3:atemp>75.0</ns3:atemp>
            <ns3:hr>174</ns3:hr>
            <ns3:cad>91</ns3:cad>
          </ns3:TrackPointExtension>
        </extensions>
      </trkpt>
      <trkpt lat="40.07579525001347064971923828125" lon="116.33784119971096515655517578125">
        <ele>46</ele>
        <time>2026-10-07T10:41:36.000Z</time>
        <extensions>
          <ns3:TrackPointExtension>
            <ns3:atemp>75.0</ns3:atemp>
            <ns3:hr>177</ns3:hr>
            <ns3:cad>90</ns3:cad>
          </ns3:TrackPointExtension>
        </extensions>
      </trkpt>
      <trkpt lat="40.0758429430425167083740234375" lon="116.337844468653202056884765625">
        <ele>46</ele>
        <time>2026-10-07T10:41:38.000Z</time>
        <extensions>
          <ns3:TrackPointExtension>
            <ns3:atemp>75.0</ns3:atemp>
            <ns3:hr>177</ns3:hr>
            <ns3:cad>90</ns3:cad>
          </ns3:TrackPointExtension>
        </extensions>
      </trkpt>
      <trkpt lat="40.07603715173900127410888671875" lon="116.33783114142715930938720703125">
        <ele>46</ele>
        <time>2026-10-07T10:41:46.000Z</time>
        <extensions>
          <ns3:TrackPointExtension>
            <ns3:atemp>75.0</ns3:atemp>
            <ns3:hr>179</ns3:hr>
            <ns3:cad>90</ns3:cad>
          </ns3:TrackPointExtension>
        </extensions>
      </trkpt>
      <trkpt lat="40.07608677260577678680419921875" lon="116.33783265016973018646240234375">
        <ele>46</ele>
        <time>2026-10-07T10:41:48.000Z</time>
        <extensions>
          <ns3:TrackPointExtension>
            <ns3:atemp>75.0</ns3:atemp>
            <ns3:hr>180</ns3:hr>
            <ns3:cad>90</ns3:cad>
          </ns3:TrackPointExtension>
        </extensions>
      </trkpt>
      <trkpt lat="40.0762714259326457977294921875" lon="116.33781932294368743896484375">
        <ele>46</ele>
        <time>2026-10-07T10:41:56.000Z</time>
        <extensions>
          <ns3:TrackPointExtension>
            <ns3:atemp>75.0</ns3:atemp>
            <ns3:hr>180</ns3:hr>
            <ns3:cad>91</ns3:cad>
          </ns3:TrackPointExtension>
        </extensions>
      </trkpt>
      <trkpt lat="40.07631978951394557952880859375" lon="116.33782108314335346221923828125">
        <ele>46</ele>
        <time>2026-10-07T10:41:58.000Z</time>
        <extensions>
          <ns3:TrackPointExtension>
            <ns3:atemp>75.0</ns3:atemp>
            <ns3:hr>180</ns3:hr>
            <ns3:cad>91</ns3:cad>
          </ns3:TrackPointExtension>
        </extensions>
      </trkpt>
      <trkpt lat="40.07650435902178287506103515625" lon="116.337816976010799407958984375">
        <ele>46</ele>
        <time>2026-10-07T10:42:06.000Z</time>
        <extensions>
          <ns3:TrackPointExtension>
            <ns3:atemp>75.0</ns3:atemp>
            <ns3:hr>180</ns3:hr>
            <ns3:cad>91</ns3:cad>
          </ns3:TrackPointExtension>
        </extensions>
      </trkpt>
      <trkpt lat="40.07655330933630466461181640625" lon="116.33781068958342075347900390625">
        <ele>46</ele>
        <time>2026-10-07T10:42:08.000Z</time>
        <extensions>
          <ns3:TrackPointExtension>
            <ns3:atemp>75.0</ns3:atemp>
            <ns3:hr>179</ns3:hr>
            <ns3:cad>91</ns3:cad>
          </ns3:TrackPointExtension>
        </extensions>
      </trkpt>
      <trkpt lat="40.076674260199069976806640625" lon="116.33779694326221942901611328125">
        <ele>46</ele>
        <time>2026-10-07T10:42:13.000Z</time>
        <extensions>
          <ns3:TrackPointExtension>
            <ns3:atemp>75.0</ns3:atemp>
            <ns3:hr>176</ns3:hr>
            <ns3:cad>90</ns3:cad>
          </ns3:TrackPointExtension>
        </extensions>
      </trkpt>
      <trkpt lat="40.07680661045014858245849609375" lon="116.33776827715337276458740234375">
        <ele>46</ele>
        <time>2026-10-07T10:42:19.000Z</time>
        <extensions>
          <ns3:TrackPointExtension>
            <ns3:atemp>75.0</ns3:atemp>
            <ns3:hr>177</ns3:hr>
            <ns3:cad>90</ns3:cad>
          </ns3:TrackPointExtension>
        </extensions>
      </trkpt>
      <trkpt lat="40.07694222964346408843994140625" lon="116.33759259246289730072021484375">
        <ele>46</ele>
        <time>2026-10-07T10:42:27.000Z</time>
        <extensions>
          <ns3:TrackPointExtension>
            <ns3:atemp>75.0</ns3:atemp>
            <ns3:hr>178</ns3:hr>
            <ns3:cad>90</ns3:cad>
          </ns3:TrackPointExtension>
        </extensions>
      </trkpt>
      <trkpt lat="40.07698975503444671630859375" lon="116.337356977164745330810546875">
        <ele>46</ele>
        <time>2026-10-07T10:42:35.000Z</time>
        <extensions>
          <ns3:TrackPointExtension>
            <ns3:atemp>75.0</ns3:atemp>
            <ns3:hr>178</ns3:hr>
            <ns3:cad>90</ns3:cad>
          </ns3:TrackPointExtension>
        </extensions>
      </trkpt>
      <trkpt lat="40.07692538201808929443359375" lon="116.3371294923126697540283203125">
        <ele>46</ele>
        <time>2026-10-07T10:42:43.000Z</time>
        <extensions>
          <ns3:TrackPointExtension>
            <ns3:atemp>75.0</ns3:atemp>
            <ns3:hr>178</ns3:hr>
            <ns3:cad>90</ns3:cad>
          </ns3:TrackPointExtension>
        </extensions>
      </trkpt>
      <trkpt lat="40.0768115557730197906494140625" lon="116.33699764497578144073486328125">
        <ele>46</ele>
        <time>2026-10-07T10:42:49.000Z</time>
        <extensions>
          <ns3:TrackPointExtension>
            <ns3:atemp>75.0</ns3:atemp>
            <ns3:hr>181</ns3:hr>
            <ns3:cad>90</ns3:cad>
          </ns3:TrackPointExtension>
        </extensions>
      </trkpt>
      <trkpt lat="40.07676713168621063232421875" lon="116.33696629665791988372802734375">
        <ele>46</ele>
        <time>2026-10-07T10:42:51.000Z</time>
        <extensions>
          <ns3:TrackPointExtension>
            <ns3:atemp>75.0</ns3:atemp>
            <ns3:hr>180</ns3:hr>
            <ns3:cad>90</ns3:cad>
          </ns3:TrackPointExtension>
        </extensions>
      </trkpt>
      <trkpt lat="40.0766077078878879547119140625" lon="116.33691784925758838653564453125">
        <ele>46</ele>
        <time>2026-10-07T10:42:58.000Z</time>
        <extensions>
          <ns3:TrackPointExtension>
            <ns3:atemp>75.0</ns3:atemp>
            <ns3:hr>183</ns3:hr>
            <ns3:cad>90</ns3:cad>
          </ns3:TrackPointExtension>
        </extensions>
      </trkpt>
      <trkpt lat="40.07642188109457492828369140625" lon="116.33693058975040912628173828125">
        <ele>46</ele>
        <time>2026-10-07T10:43:06.000Z</time>
        <extensions>
          <ns3:TrackPointExtension>
            <ns3:atemp>75.0</ns3:atemp>
            <ns3:hr>184</ns3:hr>
            <ns3:cad>90</ns3:cad>
          </ns3:TrackPointExtension>
        </extensions>
      </trkpt>
      <trkpt lat="40.07639187388122081756591796875" lon="116.3369336910545825958251953125">
        <ele>46</ele>
        <time>2026-10-07T10:43:07.000Z</time>
        <extensions>
          <ns3:TrackPointExtension>
            <ns3:atemp>75.0</ns3:atemp>
            <ns3:hr>184</ns3:hr>
            <ns3:cad>90</ns3:cad>
          </ns3:TrackPointExtension>
        </extensions>
      </trkpt>
      <trkpt lat="40.0762010179460048675537109375" lon="116.33692656643688678741455078125">
        <ele>46</ele>
        <time>2026-10-07T10:43:15.000Z</time>
        <extensions>
          <ns3:TrackPointExtension>
            <ns3:atemp>75.0</ns3:atemp>
            <ns3:hr>185</ns3:hr>
            <ns3:cad>87</ns3:cad>
          </ns3:TrackPointExtension>
        </extensions>
      </trkpt>
      <trkpt lat="40.07615164853632450103759765625" lon="116.3369276560842990875244140625">
        <ele>46</ele>
        <time>2026-10-07T10:43:17.000Z</time>
        <extensions>
          <ns3:TrackPointExtension>
            <ns3:atemp>75.0</ns3:atemp>
            <ns3:hr>186</ns3:hr>
            <ns3:cad>87</ns3:cad>
          </ns3:TrackPointExtension>
        </extensions>
      </trkpt>
      <trkpt lat="40.07596523500978946685791015625" lon="116.3369226269423961639404296875">
        <ele>46</ele>
        <time>2026-10-07T10:43:25.000Z</time>
        <extensions>
          <ns3:TrackPointExtension>
            <ns3:atemp>75.0</ns3:atemp>
            <ns3:hr>187</ns3:hr>
            <ns3:cad>86</ns3:cad>
          </ns3:TrackPointExtension>
        </extensions>
      </trkpt>
      <trkpt lat="40.0759170390665531158447265625" lon="116.33691810071468353271484375">
        <ele>46</ele>
        <time>2026-10-07T10:43:27.000Z</time>
        <extensions>
          <ns3:TrackPointExtension>
            <ns3:atemp>75.0</ns3:atemp>
            <ns3:hr>187</ns3:hr>
            <ns3:cad>86</ns3:cad>
          </ns3:TrackPointExtension>
        </extensions>
      </trkpt>
      <trkpt lat="40.075848139822483062744140625" lon="116.336915083229541778564453125">
        <ele>46</ele>
        <time>2026-10-07T10:43:30.000Z</time>
        <extensions>
          <ns3:TrackPointExtension>
            <ns3:atemp>75.0</ns3:atemp>
            <ns3:hr>187</ns3:hr>
            <ns3:cad>87</ns3:cad>
          </ns3:TrackPointExtension>
        </extensions>
      </trkpt>
      <trkpt lat="40.075666420161724090576171875" lon="116.33696906268596649169921875">
        <ele>46</ele>
        <time>2026-10-07T10:43:38.000Z</time>
        <extensions>
          <ns3:TrackPointExtension>
            <ns3:atemp>75.0</ns3:atemp>
            <ns3:hr>186</ns3:hr>
            <ns3:cad>86</ns3:cad>
          </ns3:TrackPointExtension>
        </extensions>
      </trkpt>
      <trkpt lat="40.075555779039859771728515625" lon="116.3371177576482295989990234375">
        <ele>46</ele>
        <time>2026-10-07T10:43:45.000Z</time>
        <extensions>
          <ns3:TrackPointExtension>
            <ns3:atemp>75.0</ns3:atemp>
            <ns3:hr>186</ns3:hr>
            <ns3:cad>90</ns3:cad>
          </ns3:TrackPointExtension>
        </extensions>
      </trkpt>
      <trkpt lat="40.0755063258111476898193359375" lon="116.33725429885089397430419921875">
        <ele>46</ele>
        <time>2026-10-07T10:43:50.000Z</time>
        <extensions>
          <ns3:TrackPointExtension>
            <ns3:atemp>75.0</ns3:atemp>
            <ns3:hr>184</ns3:hr>
            <ns3:cad>90</ns3:cad>
          </ns3:TrackPointExtension>
        </extensions>
      </trkpt>
      <trkpt lat="40.0754885561764240264892578125" lon="116.33745362050831317901611328125">
        <ele>46</ele>
        <time>2026-10-07T10:43:56.000Z</time>
        <extensions>
          <ns3:TrackPointExtension>
            <ns3:atemp>75.0</ns3:atemp>
            <ns3:hr>182</ns3:hr>
            <ns3:cad>90</ns3:cad>
          </ns3:TrackPointExtension>
        </extensions>
      </trkpt>
      <trkpt lat="40.0755495764315128326416015625" lon="116.33763919584453105926513671875">
        <ele>46</ele>
        <time>2026-10-07T10:44:03.000Z</time>
        <extensions>
          <ns3:TrackPointExtension>
            <ns3:atemp>75.0</ns3:atemp>
            <ns3:hr>181</ns3:hr>
            <ns3:cad>90</ns3:cad>
          </ns3:TrackPointExtension>
        </extensions>
      </trkpt>
      <trkpt lat="40.07570564746856689453125" lon="116.33780113421380519866943359375">
        <ele>46</ele>
        <time>2026-10-07T10:44:11.000Z</time>
        <extensions>
          <ns3:TrackPointExtension>
            <ns3:atemp>75.0</ns3:atemp>
            <ns3:hr>179</ns3:hr>
            <ns3:cad>90</ns3:cad>
          </ns3:TrackPointExtension>
        </extensions>
      </trkpt>
      <trkpt lat="40.07581922225654125213623046875" lon="116.33784807287156581878662109375">
        <ele>46</ele>
        <time>2026-10-07T10:44:16.000Z</time>
        <extensions>
          <ns3:TrackPointExtension>
            <ns3:atemp>75.0</ns3:atemp>
            <ns3:hr>176</ns3:hr>
            <ns3:cad>90</ns3:cad>
          </ns3:TrackPointExtension>
        </extensions>
      </trkpt>
      <trkpt lat="40.07591930218040943145751953125" lon="116.3378562033176422119140625">
        <ele>46</ele>
        <time>2026-10-07T10:44:20.000Z</time>
        <extensions>
          <ns3:TrackPointExtension>
            <ns3:atemp>75.0</ns3:atemp>
            <ns3:hr>175</ns3:hr>
            <ns3:cad>91</ns3:cad>
          </ns3:TrackPointExtension>
        </extensions>
      </trkpt>
      <trkpt lat="40.0761093199253082275390625" lon="116.33785712532699108123779296875">
        <ele>46</ele>
        <time>2026-10-07T10:44:28.000Z</time>
        <extensions>
          <ns3:TrackPointExtension>
            <ns3:atemp>75.0</ns3:atemp>
            <ns3:hr>176</ns3:hr>
            <ns3:cad>91</ns3:cad>
          </ns3:TrackPointExtension>
        </extensions>
      </trkpt>
      <trkpt lat="40.07615692913532257080078125" lon="116.33785410784184932708740234375">
        <ele>46</ele>
        <time>2026-10-07T10:44:30.000Z</time>
        <extensions>
          <ns3:TrackPointExtension>
            <ns3:atemp>75.0</ns3:atemp>
            <ns3:hr>176</ns3:hr>
            <ns3:cad>91</ns3:cad>
          </ns3:TrackPointExtension>
        </extensions>
      </trkpt>
      <trkpt lat="40.076348371803760528564453125" lon="116.3378268666565418243408203125">
        <ele>46</ele>
        <time>2026-10-07T10:44:38.000Z</time>
        <extensions>
          <ns3:TrackPointExtension>
            <ns3:atemp>75.0</ns3:atemp>
            <ns3:hr>177</ns3:hr>
            <ns3:cad>90</ns3:cad>
          </ns3:TrackPointExtension>
        </extensions>
      </trkpt>
      <trkpt lat="40.07637259550392627716064453125" lon="116.33782896213233470916748046875">
        <ele>46</ele>
        <time>2026-10-07T10:44:39.000Z</time>
        <extensions>
          <ns3:TrackPointExtension>
            <ns3:atemp>75.0</ns3:atemp>
            <ns3:hr>177</ns3:hr>
            <ns3:cad>90</ns3:cad>
          </ns3:TrackPointExtension>
        </extensions>
      </trkpt>
      <trkpt lat="40.07657409645617008209228515625" lon="116.337827704846858978271484375">
        <ele>46</ele>
        <time>2026-10-07T10:44:47.000Z</time>
        <extensions>
          <ns3:TrackPointExtension>
            <ns3:atemp>75.0</ns3:atemp>
            <ns3:hr>179</ns3:hr>
            <ns3:cad>90</ns3:cad>
          </ns3:TrackPointExtension>
        </extensions>
      </trkpt>
      <trkpt lat="40.07662120275199413299560546875" lon="116.3378275372087955474853515625">
        <ele>46</ele>
        <time>2026-10-07T10:44:49.000Z</time>
        <extensions>
          <ns3:TrackPointExtension>
            <ns3:atemp>75.0</ns3:atemp>
            <ns3:hr>179</ns3:hr>
            <ns3:cad>90</ns3:cad>
          </ns3:TrackPointExtension>
        </extensions>
      </trkpt>
      <trkpt lat="40.07680325768887996673583984375" lon="116.33776626549661159515380859375">
        <ele>46</ele>
        <time>2026-10-07T10:44:57.000Z</time>
        <extensions>
          <ns3:TrackPointExtension>
            <ns3:atemp>75.0</ns3:atemp>
            <ns3:hr>179</ns3:hr>
            <ns3:cad>91</ns3:cad>
          </ns3:TrackPointExtension>
        </extensions>
      </trkpt>
      <trkpt lat="40.07682354189455509185791015625" lon="116.33774799294769763946533203125">
        <ele>46</ele>
        <time>2026-10-07T10:44:58.000Z</time>
        <extensions>
          <ns3:TrackPointExtension>
            <ns3:atemp>75.0</ns3:atemp>
            <ns3:hr>180</ns3:hr>
            <ns3:cad>90</ns3:cad>
          </ns3:TrackPointExtension>
        </extensions>
      </trkpt>
      <trkpt lat="40.07694281637668609619140625" lon="116.33756677620112895965576171875">
        <ele>46</ele>
        <time>2026-10-07T10:45:06.000Z</time>
        <extensions>
          <ns3:TrackPointExtension>
            <ns3:atemp>75.0</ns3:atemp>
            <ns3:hr>182</ns3:hr>
            <ns3:cad>90</ns3:cad>
          </ns3:TrackPointExtension>
        </extensions>
      </trkpt>
      <trkpt lat="40.076982043683528900146484375" lon="116.33734364993870258331298828125">
        <ele>46</ele>
        <time>2026-10-07T10:45:14.000Z</time>
        <extensions>
          <ns3:TrackPointExtension>
            <ns3:atemp>75.0</ns3:atemp>
            <ns3:hr>182</ns3:hr>
            <ns3:cad>91</ns3:cad>
          </ns3:TrackPointExtension>
        </extensions>
      </trkpt>
      <trkpt lat="40.07693217135965824127197265625" lon="116.33713728748261928558349609375">
        <ele>46</ele>
        <time>2026-10-07T10:45:21.000Z</time>
        <extensions>
          <ns3:TrackPointExtension>
            <ns3:atemp>75.0</ns3:atemp>
            <ns3:hr>182</ns3:hr>
            <ns3:cad>90</ns3:cad>
          </ns3:TrackPointExtension>
        </extensions>
      </trkpt>
      <trkpt lat="40.07678397931158542633056640625" lon="116.3369683921337127685546875">
        <ele>46</ele>
        <time>2026-10-07T10:45:29.000Z</time>
        <extensions>
          <ns3:TrackPointExtension>
            <ns3:atemp>75.0</ns3:atemp>
            <ns3:hr>181</ns3:hr>
            <ns3:cad>90</ns3:cad>
          </ns3:TrackPointExtension>
        </extensions>
      </trkpt>
      <trkpt lat="40.0766157545149326324462890625" lon="116.33691701106727123260498046875">
        <ele>46</ele>
        <time>2026-10-07T10:45:36.000Z</time>
        <extensions>
          <ns3:TrackPointExtension>
            <ns3:atemp>75.0</ns3:atemp>
            <ns3:hr>179</ns3:hr>
            <ns3:cad>90</ns3:cad>
          </ns3:TrackPointExtension>
        </extensions>
      </trkpt>
      <trkpt lat="40.076414756476879119873046875" lon="116.33692773990333080291748046875">
        <ele>46</ele>
        <time>2026-10-07T10:45:44.000Z</time>
        <extensions>
          <ns3:TrackPointExtension>
            <ns3:atemp>75.0</ns3:atemp>
            <ns3:hr>178</ns3:hr>
            <ns3:cad>91</ns3:cad>
          </ns3:TrackPointExtension>
        </extensions>
      </trkpt>
      <trkpt lat="40.0762714259326457977294921875" lon="116.33692975156009197235107421875">
        <ele>46</ele>
        <time>2026-10-07T10:45:50.000Z</time>
        <extensions>
          <ns3:TrackPointExtension>
            <ns3:atemp>75.0</ns3:atemp>
            <ns3:hr>178</ns3:hr>
            <ns3:cad>90</ns3:cad>
          </ns3:TrackPointExtension>
        </extensions>
      </trkpt>
      <trkpt lat="40.07608643732964992523193359375" lon="116.336939223110675811767578125">
        <ele>46</ele>
        <time>2026-10-07T10:45:58.000Z</time>
        <extensions>
          <ns3:TrackPointExtension>
            <ns3:atemp>75.0</ns3:atemp>
            <ns3:hr>179</ns3:hr>
            <ns3:cad>90</ns3:cad>
          </ns3:TrackPointExtension>
        </extensions>
      </trkpt>
      <trkpt lat="40.075981579720973968505859375" lon="116.33694601245224475860595703125">
        <ele>46</ele>
        <time>2026-10-07T10:46:02.000Z</time>
        <extensions>
          <ns3:TrackPointExtension>
            <ns3:atemp>75.0</ns3:atemp>
            <ns3:hr>178</ns3:hr>
            <ns3:cad>90</ns3:cad>
          </ns3:TrackPointExtension>
        </extensions>
      </trkpt>
      <trkpt lat="40.07579172961413860321044921875" lon="116.33695020340383052825927734375">
        <ele>46</ele>
        <time>2026-10-07T10:46:10.000Z</time>
        <extensions>
          <ns3:TrackPointExtension>
            <ns3:atemp>75.0</ns3:atemp>
            <ns3:hr>178</ns3:hr>
            <ns3:cad>90</ns3:cad>
          </ns3:TrackPointExtension>
        </extensions>
      </trkpt>
      <trkpt lat="40.07572299800813198089599609375" lon="116.3369655422866344451904296875">
        <ele>46</ele>
        <time>2026-10-07T10:46:13.000Z</time>
        <extensions>
          <ns3:TrackPointExtension>
            <ns3:atemp>75.0</ns3:atemp>
            <ns3:hr>177</ns3:hr>
            <ns3:cad>90</ns3:cad>
          </ns3:TrackPointExtension>
        </extensions>
      </trkpt>
      <trkpt lat="40.0755831040441989898681640625" lon="116.33709839545190334320068359375">
        <ele>46</ele>
        <time>2026-10-07T10:46:21.000Z</time>
        <extensions>
          <ns3:TrackPointExtension>
            <ns3:atemp>75.0</ns3:atemp>
            <ns3:hr>177</ns3:hr>
            <ns3:cad>90</ns3:cad>
          </ns3:TrackPointExtension>
        </extensions>
      </trkpt>
      <trkpt lat="40.0755143724381923675537109375" lon="116.33729922585189342498779296875">
        <ele>46</ele>
        <time>2026-10-07T10:46:29.000Z</time>
        <extensions>
          <ns3:TrackPointExtension>
            <ns3:atemp>75.0</ns3:atemp>
            <ns3:hr>179</ns3:hr>
            <ns3:cad>87</ns3:cad>
          </ns3:TrackPointExtension>
        </extensions>
      </trkpt>
      <trkpt lat="40.0755204074084758758544921875" lon="116.33745932020246982574462890625">
        <ele>46</ele>
        <time>2026-10-07T10:46:34.000Z</time>
        <extensions>
          <ns3:TrackPointExtension>
            <ns3:atemp>75.0</ns3:atemp>
            <ns3:hr>182</ns3:hr>
            <ns3:cad>87</ns3:cad>
          </ns3:TrackPointExtension>
        </extensions>
      </trkpt>
      <trkpt lat="40.07553172297775745391845703125" lon="116.337512545287609100341796875">
        <ele>46</ele>
        <time>2026-10-07T10:46:35.000Z</time>
        <extensions>
          <ns3:TrackPointExtension>
            <ns3:atemp>75.0</ns3:atemp>
            <ns3:hr>183</ns3:hr>
            <ns3:cad>87</ns3:cad>
          </ns3:TrackPointExtension>
        </extensions>
      </trkpt>
      <trkpt lat="40.07562694139778614044189453125" lon="116.3377172313630580902099609375">
        <ele>46</ele>
        <time>2026-10-07T10:46:43.000Z</time>
        <extensions>
          <ns3:TrackPointExtension>
            <ns3:atemp>75.0</ns3:atemp>
            <ns3:hr>184</ns3:hr>
            <ns3:cad>86</ns3:cad>
          </ns3:TrackPointExtension>
        </extensions>
      </trkpt>
      <trkpt lat="40.07564370520412921905517578125" lon="116.33773860521614551544189453125">
        <ele>46</ele>
        <time>2026-10-07T10:46:45.000Z</time>
        <extensions>
          <ns3:TrackPointExtension>
            <ns3:atemp>75.0</ns3:atemp>
            <ns3:hr>184</ns3:hr>
            <ns3:cad>87</ns3:cad>
          </ns3:TrackPointExtension>
        </extensions>
      </trkpt>
      <trkpt lat="40.075799860060214996337890625" lon="116.33785159327089786529541015625">
        <ele>46</ele>
        <time>2026-10-07T10:46:53.000Z</time>
        <extensions>
          <ns3:TrackPointExtension>
            <ns3:atemp>75.0</ns3:atemp>
            <ns3:hr>184</ns3:hr>
            <ns3:cad>87</ns3:cad>
          </ns3:TrackPointExtension>
        </extensions>
      </trkpt>
      <trkpt lat="40.075989626348018646240234375" lon="116.33785553276538848876953125">
        <ele>46</ele>
        <time>2026-10-07T10:47:01.000Z</time>
        <extensions>
          <ns3:TrackPointExtension>
            <ns3:atemp>75.0</ns3:atemp>
            <ns3:hr>185</ns3:hr>
            <ns3:cad>90</ns3:cad>
          </ns3:TrackPointExtension>
        </extensions>
      </trkpt>
      <trkpt lat="40.075989626348018646240234375" lon="116.33785553276538848876953125">
        <ele>46</ele>
        <time>2026-10-07T10:47:02.000Z</time>
        <extensions>
          <ns3:TrackPointExtension>
            <ns3:atemp>75.0</ns3:atemp>
            <ns3:hr>185</ns3:hr>
            <ns3:cad>90</ns3:cad>
          </ns3:TrackPointExtension>
        </extensions>
      </trkpt>
      <trkpt lat="40.076183415949344635009765625" lon="116.33784019388258457183837890625">
        <ele>46</ele>
        <time>2026-10-07T10:47:10.000Z</time>
        <extensions>
          <ns3:TrackPointExtension>
            <ns3:atemp>75.0</ns3:atemp>
            <ns3:hr>185</ns3:hr>
            <ns3:cad>90</ns3:cad>
          </ns3:TrackPointExtension>
        </extensions>
      </trkpt>
      <trkpt lat="40.076208226382732391357421875" lon="116.337837092578411102294921875">
        <ele>46</ele>
        <time>2026-10-07T10:47:11.000Z</time>
        <extensions>
          <ns3:TrackPointExtension>
            <ns3:atemp>75.0</ns3:atemp>
            <ns3:hr>185</ns3:hr>
            <ns3:cad>90</ns3:cad>
          </ns3:TrackPointExtension>
        </extensions>
      </trkpt>
      <trkpt lat="40.0763995014131069183349609375" lon="116.33783130906522274017333984375">
        <ele>46</ele>
        <time>2026-10-07T10:47:19.000Z</time>
        <extensions>
          <ns3:TrackPointExtension>
            <ns3:atemp>75.0</ns3:atemp>
            <ns3:hr>183</ns3:hr>
            <ns3:cad>90</ns3:cad>
          </ns3:TrackPointExtension>
        </extensions>
      </trkpt>
      <trkpt lat="40.0764229707419872283935546875" lon="116.33782862685620784759521484375">
        <ele>46</ele>
        <time>2026-10-07T10:47:20.000Z</time>
        <extensions>
          <ns3:TrackPointExtension>
            <ns3:atemp>75.0</ns3:atemp>
            <ns3:hr>183</ns3:hr>
            <ns3:cad>90</ns3:cad>
          </ns3:TrackPointExtension>
        </extensions>
      </trkpt>
      <trkpt lat="40.07661885581910610198974609375" lon="116.337814629077911376953125">
        <ele>46</ele>
        <time>2026-10-07T10:47:28.000Z</time>
        <extensions>
          <ns3:TrackPointExtension>
            <ns3:atemp>75.0</ns3:atemp>
            <ns3:hr>183</ns3:hr>
            <ns3:cad>90</ns3:cad>
          </ns3:TrackPointExtension>
        </extensions>
      </trkpt>
      <trkpt lat="40.07664433680474758148193359375" lon="116.3378127850592136383056640625">
        <ele>46</ele>
        <time>2026-10-07T10:47:29.000Z</time>
        <extensions>
          <ns3:TrackPointExtension>
            <ns3:atemp>75.0</ns3:atemp>
            <ns3:hr>183</ns3:hr>
            <ns3:cad>90</ns3:cad>
          </ns3:TrackPointExtension>
        </extensions>
      </trkpt>
      <trkpt lat="40.07682907395064830780029296875" lon="116.3377500884234905242919921875">
        <ele>46</ele>
        <time>2026-10-07T10:47:37.000Z</time>
        <extensions>
          <ns3:TrackPointExtension>
            <ns3:atemp>75.0</ns3:atemp>
            <ns3:hr>183</ns3:hr>
            <ns3:cad>91</ns3:cad>
          </ns3:TrackPointExtension>
        </extensions>
      </trkpt>
      <trkpt lat="40.0768474303185939788818359375" lon="116.3377289660274982452392578125">
        <ele>46</ele>
        <time>2026-10-07T10:47:38.000Z</time>
        <extensions>
          <ns3:TrackPointExtension>
            <ns3:atemp>75.0</ns3:atemp>
            <ns3:hr>183</ns3:hr>
            <ns3:cad>90</ns3:cad>
          </ns3:TrackPointExtension>
        </extensions>
      </trkpt>
      <trkpt lat="40.076954551041126251220703125" lon="116.33757398463785648345947265625">
        <ele>46</ele>
        <time>2026-10-07T10:47:45.000Z</time>
        <extensions>
          <ns3:TrackPointExtension>
            <ns3:atemp>75.0</ns3:atemp>
            <ns3:hr>184</ns3:hr>
            <ns3:cad>90</ns3:cad>
          </ns3:TrackPointExtension>
        </extensions>
      </trkpt>
      <trkpt lat="40.07698279805481433868408203125" lon="116.337336190044879913330078125">
        <ele>46</ele>
        <time>2026-10-07T10:47:53.000Z</time>
        <extensions>
          <ns3:TrackPointExtension>
            <ns3:atemp>75.0</ns3:atemp>
            <ns3:hr>184</ns3:hr>
            <ns3:cad>91</ns3:cad>
          </ns3:TrackPointExtension>
        </extensions>
      </trkpt>
      <trkpt lat="40.0769302435219287872314453125" lon="116.33712840266525745391845703125">
        <ele>46</ele>
        <time>2026-10-07T10:48:00.000Z</time>
        <extensions>
          <ns3:TrackPointExtension>
            <ns3:atemp>75.0</ns3:atemp>
            <ns3:hr>183</ns3:hr>
            <ns3:cad>90</ns3:cad>
          </ns3:TrackPointExtension>
        </extensions>
      </trkpt>
      <trkpt lat="40.07678699679672718048095703125" lon="116.33696361444890499114990234375">
        <ele>46</ele>
        <time>2026-10-07T10:48:08.000Z</time>
        <extensions>
          <ns3:TrackPointExtension>
            <ns3:atemp>75.0</ns3:atemp>
            <ns3:hr>181</ns3:hr>
            <ns3:cad>91</ns3:cad>
          </ns3:TrackPointExtension>
        </extensions>
      </trkpt>
      <trkpt lat="40.076620280742645263671875" lon="116.33690326474606990814208984375">
        <ele>46</ele>
        <time>2026-10-07T10:48:15.000Z</time>
        <extensions>
          <ns3:TrackPointExtension>
            <ns3:atemp>75.0</ns3:atemp>
            <ns3:hr>181</ns3:hr>
            <ns3:cad>90</ns3:cad>
          </ns3:TrackPointExtension>
        </extensions>
      </trkpt>
      <trkpt lat="40.07642724551260471343994140625" lon="116.3369120657444000244140625">
        <ele>46</ele>
        <time>2026-10-07T10:48:23.000Z</time>
        <extensions>
          <ns3:TrackPointExtension>
            <ns3:atemp>75.0</ns3:atemp>
            <ns3:hr>181</ns3:hr>
            <ns3:cad>90</ns3:cad>
          </ns3:TrackPointExtension>
        </extensions>
      </trkpt>
      <trkpt lat="40.076239407062530517578125" lon="116.3369243033230304718017578125">
        <ele>46</ele>
        <time>2026-10-07T10:48:31.000Z</time>
        <extensions>
          <ns3:TrackPointExtension>
            <ns3:atemp>75.0</ns3:atemp>
            <ns3:hr>181</ns3:hr>
            <ns3:cad>90</ns3:cad>
          </ns3:TrackPointExtension>
        </extensions>
      </trkpt>
      <trkpt lat="40.07616472430527210235595703125" lon="116.3369256444275379180908203125">
        <ele>46</ele>
        <time>2026-10-07T10:48:34.000Z</time>
        <extensions>
          <ns3:TrackPointExtension>
            <ns3:atemp>75.0</ns3:atemp>
            <ns3:hr>183</ns3:hr>
            <ns3:cad>90</ns3:cad>
          </ns3:TrackPointExtension>
        </extensions>
      </trkpt>
      <trkpt lat="40.0759623013436794281005859375" lon="116.33693980984389781951904296875">
        <ele>46</ele>
        <time>2026-10-07T10:48:42.000Z</time>
        <extensions>
          <ns3:TrackPointExtension>
            <ns3:atemp>75.0</ns3:atemp>
            <ns3:hr>184</ns3:hr>
            <ns3:cad>90</ns3:cad>
          </ns3:TrackPointExtension>
        </extensions>
      </trkpt>
      <trkpt lat="40.075911171734333038330078125" lon="116.33694048039615154266357421875">
        <ele>46</ele>
        <time>2026-10-07T10:48:44.000Z</time>
        <extensions>
          <ns3:TrackPointExtension>
            <ns3:atemp>75.0</ns3:atemp>
            <ns3:hr>183</ns3:hr>
            <ns3:cad>90</ns3:cad>
          </ns3:TrackPointExtension>
        </extensions>
      </trkpt>
      <trkpt lat="40.07577043958008289337158203125" lon="116.33693997748196125030517578125">
        <ele>46</ele>
        <time>2026-10-07T10:48:50.000Z</time>
        <extensions>
          <ns3:TrackPointExtension>
            <ns3:atemp>75.0</ns3:atemp>
            <ns3:hr>180</ns3:hr>
            <ns3:cad>90</ns3:cad>
          </ns3:TrackPointExtension>
        </extensions>
      </trkpt>
      <trkpt lat="40.07572635076940059661865234375" lon="116.33695707656443119049072265625">
        <ele>46</ele>
        <time>2026-10-07T10:48:52.000Z</time>
        <extensions>
          <ns3:TrackPointExtension>
            <ns3:atemp>75.0</ns3:atemp>
            <ns3:hr>180</ns3:hr>
            <ns3:cad>91</ns3:cad>
          </ns3:TrackPointExtension>
        </extensions>
      </trkpt>
      <trkpt lat="40.0755864568054676055908203125" lon="116.33707559667527675628662109375">
        <ele>46</ele>
        <time>2026-10-07T10:48:59.000Z</time>
        <extensions>
          <ns3:TrackPointExtension>
            <ns3:atemp>75.0</ns3:atemp>
            <ns3:hr>181</ns3:hr>
            <ns3:cad>90</ns3:cad>
          </ns3:TrackPointExtension>
        </extensions>
      </trkpt>
      <trkpt lat="40.07550372742116451263427734375" lon="116.3372941128909587860107421875">
        <ele>46</ele>
        <time>2026-10-07T10:49:07.000Z</time>
        <extensions>
          <ns3:TrackPointExtension>
            <ns3:atemp>75.0</ns3:atemp>
            <ns3:hr>180</ns3:hr>
            <ns3:cad>90</ns3:cad>
          </ns3:TrackPointExtension>
        </extensions>
      </trkpt>
      <trkpt lat="40.07550590671598911285400390625" lon="116.33745445869863033294677734375">
        <ele>46</ele>
        <time>2026-10-07T10:49:12.000Z</time>
        <extensions>
          <ns3:TrackPointExtension>
            <ns3:atemp>75.0</ns3:atemp>
            <ns3:hr>180</ns3:hr>
            <ns3:cad>90</ns3:cad>
          </ns3:TrackPointExtension>
        </extensions>
      </trkpt>
      <trkpt lat="40.07556022144854068756103515625" lon="116.337640620768070220947265625">
        <ele>46</ele>
        <time>2026-10-07T10:49:18.000Z</time>
        <extensions>
          <ns3:TrackPointExtension>
            <ns3:atemp>75.0</ns3:atemp>
            <ns3:hr>181</ns3:hr>
            <ns3:cad>90</ns3:cad>
          </ns3:TrackPointExtension>
        </extensions>
      </trkpt>
      <trkpt lat="40.07569449953734874725341796875" lon="116.3378154672682285308837890625">
        <ele>46</ele>
        <time>2026-10-07T10:49:26.000Z</time>
        <extensions>
          <ns3:TrackPointExtension>
            <ns3:atemp>75.0</ns3:atemp>
            <ns3:hr>182</ns3:hr>
            <ns3:cad>90</ns3:cad>
          </ns3:TrackPointExtension>
        </extensions>
      </trkpt>
      <trkpt lat="40.075887702405452728271484375" lon="116.3378784991800785064697265625">
        <ele>46</ele>
        <time>2026-10-07T10:49:34.000Z</time>
        <extensions>
          <ns3:TrackPointExtension>
            <ns3:atemp>75.0</ns3:atemp>
            <ns3:hr>183</ns3:hr>
            <ns3:cad>90</ns3:cad>
          </ns3:TrackPointExtension>
        </extensions>
      </trkpt>
      <trkpt lat="40.0760796479880809783935546875" lon="116.33786919526755809783935546875">
        <ele>46</ele>
        <time>2026-10-07T10:49:42.000Z</time>
        <extensions>
          <ns3:TrackPointExtension>
            <ns3:atemp>75.0</ns3:atemp>
            <ns3:hr>185</ns3:hr>
            <ns3:cad>87</ns3:cad>
          </ns3:TrackPointExtension>
        </extensions>
      </trkpt>
      <trkpt lat="40.07615181617438793182373046875" lon="116.337868608534336090087890625">
        <ele>46</ele>
        <time>2026-10-07T10:49:44.000Z</time>
        <extensions>
          <ns3:TrackPointExtension>
            <ns3:atemp>75.0</ns3:atemp>
            <ns3:hr>185</ns3:hr>
            <ns3:cad>88</ns3:cad>
          </ns3:TrackPointExtension>
        </extensions>
      </trkpt>
      <trkpt lat="40.07619942538440227508544921875" lon="116.33786902762949466705322265625">
        <ele>46</ele>
        <time>2026-10-07T10:49:47.000Z</time>
        <extensions>
          <ns3:TrackPointExtension>
            <ns3:atemp>75.0</ns3:atemp>
            <ns3:hr>185</ns3:hr>
            <ns3:cad>86</ns3:cad>
          </ns3:TrackPointExtension>
        </extensions>
      </trkpt>
      <trkpt lat="40.07639422081410884857177734375" lon="116.337851174175739288330078125">
        <ele>46</ele>
        <time>2026-10-07T10:49:55.000Z</time>
        <extensions>
          <ns3:TrackPointExtension>
            <ns3:atemp>75.0</ns3:atemp>
            <ns3:hr>185</ns3:hr>
            <ns3:cad>86</ns3:cad>
          </ns3:TrackPointExtension>
        </extensions>
      </trkpt>
      <trkpt lat="40.07643730379641056060791015625" lon="116.33784673176705837249755859375">
        <ele>46</ele>
        <time>2026-10-07T10:49:57.000Z</time>
        <extensions>
          <ns3:TrackPointExtension>
            <ns3:atemp>75.0</ns3:atemp>
            <ns3:hr>185</ns3:hr>
            <ns3:cad>85</ns3:cad>
          </ns3:TrackPointExtension>
        </extensions>
      </trkpt>
      <trkpt lat="40.0766269862651824951171875" lon="116.33782594464719295501708984375">
        <ele>46</ele>
        <time>2026-10-07T10:50:05.000Z</time>
        <extensions>
          <ns3:TrackPointExtension>
            <ns3:atemp>75.0</ns3:atemp>
            <ns3:hr>182</ns3:hr>
            <ns3:cad>85</ns3:cad>
          </ns3:TrackPointExtension>
        </extensions>
      </trkpt>
      <trkpt lat="40.076672919094562530517578125" lon="116.3378168083727359771728515625">
        <ele>46</ele>
        <time>2026-10-07T10:50:07.000Z</time>
        <extensions>
          <ns3:TrackPointExtension>
            <ns3:atemp>75.0</ns3:atemp>
            <ns3:hr>182</ns3:hr>
            <ns3:cad>86</ns3:cad>
          </ns3:TrackPointExtension>
        </extensions>
      </trkpt>
      <trkpt lat="40.07684290409088134765625" lon="116.33773307316005229949951171875">
        <ele>46</ele>
        <time>2026-10-07T10:50:14.000Z</time>
        <extensions>
          <ns3:TrackPointExtension>
            <ns3:atemp>75.0</ns3:atemp>
            <ns3:hr>181</ns3:hr>
            <ns3:cad>90</ns3:cad>
          </ns3:TrackPointExtension>
        </extensions>
      </trkpt>
      <trkpt lat="40.0768786109983921051025390625" lon="116.337687559425830841064453125">
        <ele>46</ele>
        <time>2026-10-07T10:50:16.000Z</time>
        <extensions>
          <ns3:TrackPointExtension>
            <ns3:atemp>75.0</ns3:atemp>
            <ns3:hr>180</ns3:hr>
            <ns3:cad>91</ns3:cad>
          </ns3:TrackPointExtension>
        </extensions>
      </trkpt>
      <trkpt lat="40.07694608531892299652099609375" lon="116.33755705319344997406005859375">
        <ele>46</ele>
        <time>2026-10-07T10:50:21.000Z</time>
        <extensions>
          <ns3:TrackPointExtension>
            <ns3:atemp>75.0</ns3:atemp>
            <ns3:hr>177</ns3:hr>
            <ns3:cad>90</ns3:cad>
          </ns3:TrackPointExtension>
        </extensions>
      </trkpt>
      <trkpt lat="40.07695899344980716705322265625" lon="116.33749603293836116790771484375">
        <ele>46</ele>
        <time>2026-10-07T10:50:23.000Z</time>
        <extensions>
          <ns3:TrackPointExtension>
            <ns3:atemp>75.0</ns3:atemp>
            <ns3:hr>176</ns3:hr>
            <ns3:cad>90</ns3:cad>
          </ns3:TrackPointExtension>
        </extensions>
      </trkpt>
      <trkpt lat="40.0769681297242641448974609375" lon="116.33725044317543506622314453125">
        <ele>46</ele>
        <time>2026-10-07T10:50:31.000Z</time>
        <extensions>
          <ns3:TrackPointExtension>
            <ns3:atemp>75.0</ns3:atemp>
            <ns3:hr>175</ns3:hr>
            <ns3:cad>90</ns3:cad>
          </ns3:TrackPointExtension>
        </extensions>
      </trkpt>
      <trkpt lat="40.07687710225582122802734375" lon="116.33705531246960163116455078125">
        <ele>46</ele>
        <time>2026-10-07T10:50:38.000Z</time>
        <extensions>
          <ns3:TrackPointExtension>
            <ns3:atemp>75.0</ns3:atemp>
            <ns3:hr>177</ns3:hr>
            <ns3:cad>90</ns3:cad>
          </ns3:TrackPointExtension>
        </extensions>
      </trkpt>
      <trkpt lat="40.07671005092561244964599609375" lon="116.3369219563901424407958984375">
        <ele>46</ele>
        <time>2026-10-07T10:50:46.000Z</time>
        <extensions>
          <ns3:TrackPointExtension>
            <ns3:atemp>75.0</ns3:atemp>
            <ns3:hr>176</ns3:hr>
            <ns3:cad>90</ns3:cad>
          </ns3:TrackPointExtension>
        </extensions>
      </trkpt>
      <trkpt lat="40.07653268985450267791748046875" lon="116.3369186036288738250732421875">
        <ele>46</ele>
        <time>2026-10-07T10:50:53.000Z</time>
        <extensions>
          <ns3:TrackPointExtension>
            <ns3:atemp>75.0</ns3:atemp>
            <ns3:hr>174</ns3:hr>
            <ns3:cad>90</ns3:cad>
          </ns3:TrackPointExtension>
        </extensions>
      </trkpt>
      <trkpt lat="40.076347030699253082275390625" lon="116.33692053146660327911376953125">
        <ele>46</ele>
        <time>2026-10-07T10:51:00.000Z</time>
        <extensions>
          <ns3:TrackPointExtension>
            <ns3:atemp>75.0</ns3:atemp>
            <ns3:hr>175</ns3:hr>
            <ns3:cad>90</ns3:cad>
          </ns3:TrackPointExtension>
        </extensions>
      </trkpt>
      <trkpt lat="40.07627134211361408233642578125" lon="116.33692237548530101776123046875">
        <ele>46</ele>
        <time>2026-10-07T10:51:03.000Z</time>
        <extensions>
          <ns3:TrackPointExtension>
            <ns3:atemp>75.0</ns3:atemp>
            <ns3:hr>175</ns3:hr>
            <ns3:cad>90</ns3:cad>
          </ns3:TrackPointExtension>
        </extensions>
      </trkpt>
      <trkpt lat="40.07608006708323955535888671875" lon="116.33691608905792236328125">
        <ele>46</ele>
        <time>2026-10-07T10:51:11.000Z</time>
        <extensions>
          <ns3:TrackPointExtension>
            <ns3:atemp>75.0</ns3:atemp>
            <ns3:hr>174</ns3:hr>
            <ns3:cad>91</ns3:cad>
          </ns3:TrackPointExtension>
        </extensions>
      </trkpt>
      <trkpt lat="40.076023824512958526611328125" lon="116.33692103438079357147216796875">
        <ele>46</ele>
        <time>2026-10-07T10:51:13.000Z</time>
        <extensions>
          <ns3:TrackPointExtension>
            <ns3:atemp>75.0</ns3:atemp>
            <ns3:hr>174</ns3:hr>
            <ns3:cad>90</ns3:cad>
          </ns3:TrackPointExtension>
        </extensions>
      </trkpt>
      <trkpt lat="40.07583280093967914581298828125" lon="116.33692941628396511077880859375">
        <ele>46</ele>
        <time>2026-10-07T10:51:21.000Z</time>
        <extensions>
          <ns3:TrackPointExtension>
            <ns3:atemp>75.0</ns3:atemp>
            <ns3:hr>177</ns3:hr>
            <ns3:cad>90</ns3:cad>
          </ns3:TrackPointExtension>
        </extensions>
      </trkpt>
      <trkpt lat="40.075789801776409149169921875" lon="116.3369383849203586578369140625">
        <ele>46</ele>
        <time>2026-10-07T10:51:23.000Z</time>
        <extensions>
          <ns3:TrackPointExtension>
            <ns3:atemp>75.0</ns3:atemp>
            <ns3:hr>178</ns3:hr>
            <ns3:cad>91</ns3:cad>
          </ns3:TrackPointExtension>
        </extensions>
      </trkpt>
      <trkpt lat="40.075624175369739532470703125" lon="116.3370309211313724517822265625">
        <ele>46</ele>
        <time>2026-10-07T10:51:30.000Z</time>
        <extensions>
          <ns3:TrackPointExtension>
            <ns3:atemp>75.0</ns3:atemp>
            <ns3:hr>178</ns3:hr>
            <ns3:cad>90</ns3:cad>
          </ns3:TrackPointExtension>
        </extensions>
      </trkpt>
      <trkpt lat="40.0756079144775867462158203125" lon="116.3370480202138423919677734375">
        <ele>46</ele>
        <time>2026-10-07T10:51:31.000Z</time>
        <extensions>
          <ns3:TrackPointExtension>
            <ns3:atemp>75.0</ns3:atemp>
            <ns3:hr>178</ns3:hr>
            <ns3:cad>90</ns3:cad>
          </ns3:TrackPointExtension>
        </extensions>
      </trkpt>
      <trkpt lat="40.07551319897174835205078125" lon="116.33719713427126407623291015625">
        <ele>46</ele>
        <time>2026-10-07T10:51:37.000Z</time>
        <extensions>
          <ns3:TrackPointExtension>
            <ns3:atemp>75.0</ns3:atemp>
            <ns3:hr>178</ns3:hr>
            <ns3:cad>90</ns3:cad>
          </ns3:TrackPointExtension>
        </extensions>
      </trkpt>
      <trkpt lat="40.07549635134637355804443359375" lon="116.33732437156140804290771484375">
        <ele>46</ele>
        <time>2026-10-07T10:51:41.000Z</time>
        <extensions>
          <ns3:TrackPointExtension>
            <ns3:atemp>75.0</ns3:atemp>
            <ns3:hr>178</ns3:hr>
            <ns3:cad>91</ns3:cad>
          </ns3:TrackPointExtension>
        </extensions>
      </trkpt>
      <trkpt lat="40.07550339214503765106201171875" lon="116.33736158721148967742919921875">
        <ele>46</ele>
        <time>2026-10-07T10:51:42.000Z</time>
        <extensions>
          <ns3:TrackPointExtension>
            <ns3:atemp>75.0</ns3:atemp>
            <ns3:hr>179</ns3:hr>
            <ns3:cad>91</ns3:cad>
          </ns3:TrackPointExtension>
        </extensions>
      </trkpt>
      <trkpt lat="40.0755619816482067108154296875" lon="116.337589658796787261962890625">
        <ele>46</ele>
        <time>2026-10-07T10:51:49.000Z</time>
        <extensions>
          <ns3:TrackPointExtension>
            <ns3:atemp>75.0</ns3:atemp>
            <ns3:hr>182</ns3:hr>
            <ns3:cad>90</ns3:cad>
          </ns3:TrackPointExtension>
        </extensions>
      </trkpt>
      <trkpt lat="40.0756716169416904449462890625" lon="116.3377745635807514190673828125">
        <ele>46</ele>
        <time>2026-10-07T10:51:56.000Z</time>
        <extensions>
          <ns3:TrackPointExtension>
            <ns3:atemp>75.0</ns3:atemp>
            <ns3:hr>183</ns3:hr>
            <ns3:cad>90</ns3:cad>
          </ns3:TrackPointExtension>
        </extensions>
      </trkpt>
      <trkpt lat="40.0758275203406810760498046875" lon="116.337858550250530242919921875">
        <ele>46</ele>
        <time>2026-10-07T10:52:03.000Z</time>
        <extensions>
          <ns3:TrackPointExtension>
            <ns3:atemp>75.0</ns3:atemp>
            <ns3:hr>184</ns3:hr>
            <ns3:cad>90</ns3:cad>
          </ns3:TrackPointExtension>
        </extensions>
      </trkpt>
      <trkpt lat="40.0760149396955966949462890625" lon="116.33786131627857685089111328125">
        <ele>46</ele>
        <time>2026-10-07T10:52:11.000Z</time>
        <extensions>
          <ns3:TrackPointExtension>
            <ns3:atemp>75.0</ns3:atemp>
            <ns3:hr>182</ns3:hr>
            <ns3:cad>91</ns3:cad>
          </ns3:TrackPointExtension>
        </extensions>
      </trkpt>
      <trkpt lat="40.07606481201946735382080078125" lon="116.337854526937007904052734375">
        <ele>46</ele>
        <time>2026-10-07T10:52:13.000Z</time>
        <extensions>
          <ns3:TrackPointExtension>
            <ns3:atemp>75.0</ns3:atemp>
            <ns3:hr>181</ns3:hr>
            <ns3:cad>90</ns3:cad>
          </ns3:TrackPointExtension>
        </extensions>
      </trkpt>
      <trkpt lat="40.07624686695635318756103515625" lon="116.3378454744815826416015625">
        <ele>46</ele>
        <time>2026-10-07T10:52:20.000Z</time>
        <extensions>
          <ns3:TrackPointExtension>
            <ns3:atemp>75.0</ns3:atemp>
            <ns3:hr>179</ns3:hr>
            <ns3:cad>90</ns3:cad>
          </ns3:TrackPointExtension>
        </extensions>
      </trkpt>
      <trkpt lat="40.07637594826519489288330078125" lon="116.33784019388258457183837890625">
        <ele>46</ele>
        <time>2026-10-07T10:52:25.000Z</time>
        <extensions>
          <ns3:TrackPointExtension>
            <ns3:atemp>75.0</ns3:atemp>
            <ns3:hr>179</ns3:hr>
            <ns3:cad>90</ns3:cad>
          </ns3:TrackPointExtension>
        </extensions>
      </trkpt>
      <trkpt lat="40.076574347913265228271484375" lon="116.33782946504652500152587890625">
        <ele>46</ele>
        <time>2026-10-07T10:52:33.000Z</time>
        <extensions>
          <ns3:TrackPointExtension>
            <ns3:atemp>75.0</ns3:atemp>
            <ns3:hr>180</ns3:hr>
            <ns3:cad>91</ns3:cad>
          </ns3:TrackPointExtension>
        </extensions>
      </trkpt>
      <trkpt lat="40.07660108618438243865966796875" lon="116.3378318957984447479248046875">
        <ele>46</ele>
        <time>2026-10-07T10:52:34.000Z</time>
        <extensions>
          <ns3:TrackPointExtension>
            <ns3:atemp>75.0</ns3:atemp>
            <ns3:hr>180</ns3:hr>
            <ns3:cad>91</ns3:cad>
          </ns3:TrackPointExtension>
        </extensions>
      </trkpt>
      <trkpt lat="40.0768031738698482513427734375" lon="116.33779107592999935150146484375">
        <ele>46</ele>
        <time>2026-10-07T10:52:42.000Z</time>
        <extensions>
          <ns3:TrackPointExtension>
            <ns3:atemp>75.0</ns3:atemp>
            <ns3:hr>179</ns3:hr>
            <ns3:cad>90</ns3:cad>
          </ns3:TrackPointExtension>
        </extensions>
      </trkpt>
      <trkpt lat="40.07693619467318058013916015625" lon="116.3376558758318424224853515625">
        <ele>46</ele>
        <time>2026-10-07T10:52:49.000Z</time>
        <extensions>
          <ns3:TrackPointExtension>
            <ns3:atemp>75.0</ns3:atemp>
            <ns3:hr>179</ns3:hr>
            <ns3:cad>90</ns3:cad>
          </ns3:TrackPointExtension>
        </extensions>
      </trkpt>
      <trkpt lat="40.07701314054429531097412109375" lon="116.3374282233417034149169921875">
        <ele>46</ele>
        <time>2026-10-07T10:52:57.000Z</time>
        <extensions>
          <ns3:TrackPointExtension>
            <ns3:atemp>75.0</ns3:atemp>
            <ns3:hr>180</ns3:hr>
            <ns3:cad>86</ns3:cad>
          </ns3:TrackPointExtension>
        </extensions>
      </trkpt>
      <trkpt lat="40.0769852288067340850830078125" lon="116.33720937184989452362060546875">
        <ele>46</ele>
        <time>2026-10-07T10:53:04.000Z</time>
        <extensions>
          <ns3:TrackPointExtension>
            <ns3:atemp>75.0</ns3:atemp>
            <ns3:hr>180</ns3:hr>
            <ns3:cad>85</ns3:cad>
          </ns3:TrackPointExtension>
        </extensions>
      </trkpt>
      <trkpt lat="40.07687802426517009735107421875" lon="116.33702136576175689697265625">
        <ele>46</ele>
        <time>2026-10-07T10:53:11.000Z</time>
        <extensions>
          <ns3:TrackPointExtension>
            <ns3:atemp>75.0</ns3:atemp>
            <ns3:hr>178</ns3:hr>
            <ns3:cad>85</ns3:cad>
          </ns3:TrackPointExtension>
        </extensions>
      </trkpt>
      <trkpt lat="40.07685941644012928009033203125" lon="116.33700166828930377960205078125">
        <ele>46</ele>
        <time>2026-10-07T10:53:12.000Z</time>
        <extensions>
          <ns3:TrackPointExtension>
            <ns3:atemp>75.0</ns3:atemp>
            <ns3:hr>178</ns3:hr>
            <ns3:cad>85</ns3:cad>
          </ns3:TrackPointExtension>
        </extensions>
      </trkpt>
      <trkpt lat="40.0767208635807037353515625" lon="116.33692740462720394134521484375">
        <ele>46</ele>
        <time>2026-10-07T10:53:18.000Z</time>
        <extensions>
          <ns3:TrackPointExtension>
            <ns3:atemp>75.0</ns3:atemp>
            <ns3:hr>176</ns3:hr>
            <ns3:cad>85</ns3:cad>
          </ns3:TrackPointExtension>
        </extensions>
      </trkpt>
      <trkpt lat="40.0765369646251201629638671875" lon="116.33691801689565181732177734375">
        <ele>46</ele>
        <time>2026-10-07T10:53:25.000Z</time>
        <extensions>
          <ns3:TrackPointExtension>
            <ns3:atemp>75.0</ns3:atemp>
            <ns3:hr>176</ns3:hr>
            <ns3:cad>90</ns3:cad>
          </ns3:TrackPointExtension>
        </extensions>
      </trkpt>
      <trkpt lat="40.0763534009456634521484375" lon="116.33691650815308094024658203125">
        <ele>46</ele>
        <time>2026-10-07T10:53:32.000Z</time>
        <extensions>
          <ns3:TrackPointExtension>
            <ns3:atemp>75.0</ns3:atemp>
            <ns3:hr>175</ns3:hr>
            <ns3:cad>91</ns3:cad>
          </ns3:TrackPointExtension>
        </extensions>
      </trkpt>
      <trkpt lat="40.076192803680896759033203125" lon="116.33692505769431591033935546875">
        <ele>46</ele>
        <time>2026-10-07T10:53:38.000Z</time>
        <extensions>
          <ns3:TrackPointExtension>
            <ns3:atemp>75.0</ns3:atemp>
            <ns3:hr>175</ns3:hr>
            <ns3:cad>90</ns3:cad>
          </ns3:TrackPointExtension>
        </extensions>
      </trkpt>
      <trkpt lat="40.07598535157740116119384765625" lon="116.3369346968829631805419921875">
        <ele>46</ele>
        <time>2026-10-07T10:53:46.000Z</time>
        <extensions>
          <ns3:TrackPointExtension>
            <ns3:atemp>75.0</ns3:atemp>
            <ns3:hr>176</ns3:hr>
            <ns3:cad>90</ns3:cad>
          </ns3:TrackPointExtension>
        </extensions>
      </trkpt>
      <trkpt lat="40.07595903240144252777099609375" lon="116.33693394251167774200439453125">
        <ele>46</ele>
        <time>2026-10-07T10:53:47.000Z</time>
        <extensions>
          <ns3:TrackPointExtension>
            <ns3:atemp>75.0</ns3:atemp>
            <ns3:hr>176</ns3:hr>
            <ns3:cad>90</ns3:cad>
          </ns3:TrackPointExtension>
        </extensions>
      </trkpt>
      <trkpt lat="40.075850822031497955322265625" lon="116.3369360379874706268310546875">
        <ele>46</ele>
        <time>2026-10-07T10:53:51.000Z</time>
        <extensions>
          <ns3:TrackPointExtension>
            <ns3:atemp>75.0</ns3:atemp>
            <ns3:hr>179</ns3:hr>
            <ns3:cad>90</ns3:cad>
          </ns3:TrackPointExtension>
        </extensions>
      </trkpt>
      <trkpt lat="40.07572584785521030426025390625" lon="116.33696503937244415283203125">
        <ele>46</ele>
        <time>2026-10-07T10:53:55.000Z</time>
        <extensions>
          <ns3:TrackPointExtension>
            <ns3:atemp>75.0</ns3:atemp>
            <ns3:hr>179</ns3:hr>
            <ns3:cad>90</ns3:cad>
          </ns3:TrackPointExtension>
        </extensions>
      </trkpt>
      <trkpt lat="40.07558218203485012054443359375" lon="116.33710107766091823577880859375">
        <ele>46</ele>
        <time>2026-10-07T10:54:03.000Z</time>
        <extensions>
          <ns3:TrackPointExtension>
            <ns3:atemp>75.0</ns3:atemp>
            <ns3:hr>178</ns3:hr>
            <ns3:cad>90</ns3:cad>
          </ns3:TrackPointExtension>
        </extensions>
      </trkpt>
      <trkpt lat="40.07549568079411983489990234375" lon="116.33732445538043975830078125">
        <ele>46</ele>
        <time>2026-10-07T10:54:11.000Z</time>
        <extensions>
          <ns3:TrackPointExtension>
            <ns3:atemp>75.0</ns3:atemp>
            <ns3:hr>176</ns3:hr>
            <ns3:cad>89</ns3:cad>
          </ns3:TrackPointExtension>
        </extensions>
      </trkpt>
      <trkpt lat="40.0755365006625652313232421875" lon="116.337519921362400054931640625">
        <ele>46</ele>
        <time>2026-10-07T10:54:17.000Z</time>
        <extensions>
          <ns3:TrackPointExtension>
            <ns3:atemp>75.0</ns3:atemp>
            <ns3:hr>174</ns3:hr>
            <ns3:cad>91</ns3:cad>
          </ns3:TrackPointExtension>
        </extensions>
      </trkpt>
      <trkpt lat="40.0755971856415271759033203125" lon="116.33768680505454540252685546875">
        <ele>46</ele>
        <time>2026-10-07T10:54:23.000Z</time>
        <extensions>
          <ns3:TrackPointExtension>
            <ns3:atemp>75.0</ns3:atemp>
            <ns3:hr>173</ns3:hr>
            <ns3:cad>91</ns3:cad>
          </ns3:TrackPointExtension>
        </extensions>
      </trkpt>
      <trkpt lat="40.0757530890405178070068359375" lon="116.337836086750030517578125">
        <ele>46</ele>
        <time>2026-10-07T10:54:31.000Z</time>
        <extensions>
          <ns3:TrackPointExtension>
            <ns3:atemp>75.0</ns3:atemp>
            <ns3:hr>171</ns3:hr>
            <ns3:cad>90</ns3:cad>
          </ns3:TrackPointExtension>
        </extensions>
      </trkpt>
      <trkpt lat="40.07594545371830463409423828125" lon="116.33785419166088104248046875">
        <ele>46</ele>
        <time>2026-10-07T10:54:39.000Z</time>
        <extensions>
          <ns3:TrackPointExtension>
            <ns3:atemp>75.0</ns3:atemp>
            <ns3:hr>171</ns3:hr>
            <ns3:cad>91</ns3:cad>
          </ns3:TrackPointExtension>
        </extensions>
      </trkpt>
      <trkpt lat="40.0761175341904163360595703125" lon="116.3378409482538700103759765625">
        <ele>46</ele>
        <time>2026-10-07T10:54:46.000Z</time>
        <extensions>
          <ns3:TrackPointExtension>
            <ns3:atemp>75.0</ns3:atemp>
            <ns3:hr>174</ns3:hr>
            <ns3:cad>90</ns3:cad>
          </ns3:TrackPointExtension>
        </extensions>
      </trkpt>
      <trkpt lat="40.076189450919628143310546875" lon="116.3378352485597133636474609375">
        <ele>46</ele>
        <time>2026-10-07T10:54:49.000Z</time>
        <extensions>
          <ns3:TrackPointExtension>
            <ns3:atemp>75.0</ns3:atemp>
            <ns3:hr>175</ns3:hr>
            <ns3:cad>90</ns3:cad>
          </ns3:TrackPointExtension>
        </extensions>
      </trkpt>
      <trkpt lat="40.07634225301444530487060546875" lon="116.3378365896642208099365234375">
        <ele>46</ele>
        <time>2026-10-07T10:54:55.000Z</time>
        <extensions>
          <ns3:TrackPointExtension>
            <ns3:atemp>75.0</ns3:atemp>
            <ns3:hr>178</ns3:hr>
            <ns3:cad>91</ns3:cad>
          </ns3:TrackPointExtension>
        </extensions>
      </trkpt>
      <trkpt lat="40.0763921253383159637451171875" lon="116.33783449418842792510986328125">
        <ele>46</ele>
        <time>2026-10-07T10:54:57.000Z</time>
        <extensions>
          <ns3:TrackPointExtension>
            <ns3:atemp>75.0</ns3:atemp>
            <ns3:hr>179</ns3:hr>
            <ns3:cad>90</ns3:cad>
          </ns3:TrackPointExtension>
        </extensions>
      </trkpt>
      <trkpt lat="40.07659555412828922271728515625" lon="116.3378275372087955474853515625">
        <ele>46</ele>
        <time>2026-10-07T10:55:05.000Z</time>
        <extensions>
          <ns3:TrackPointExtension>
            <ns3:atemp>75.0</ns3:atemp>
            <ns3:hr>181</ns3:hr>
            <ns3:cad>90</ns3:cad>
          </ns3:TrackPointExtension>
        </extensions>
      </trkpt>
      <trkpt lat="40.0766989029943943023681640625" lon="116.3378211669623851776123046875">
        <ele>46</ele>
        <time>2026-10-07T10:55:09.000Z</time>
        <extensions>
          <ns3:TrackPointExtension>
            <ns3:atemp>75.0</ns3:atemp>
            <ns3:hr>180</ns3:hr>
            <ns3:cad>90</ns3:cad>
          </ns3:TrackPointExtension>
        </extensions>
      </trkpt>
      <trkpt lat="40.07683779112994670867919921875" lon="116.3377370126545429229736328125">
        <ele>46</ele>
        <time>2026-10-07T10:55:15.000Z</time>
        <extensions>
          <ns3:TrackPointExtension>
            <ns3:atemp>75.0</ns3:atemp>
            <ns3:hr>179</ns3:hr>
            <ns3:cad>90</ns3:cad>
          </ns3:TrackPointExtension>
        </extensions>
      </trkpt>
      <trkpt lat="40.0769530422985553741455078125" lon="116.33756476454436779022216796875">
        <ele>46</ele>
        <time>2026-10-07T10:55:22.000Z</time>
        <extensions>
          <ns3:TrackPointExtension>
            <ns3:atemp>75.0</ns3:atemp>
            <ns3:hr>179</ns3:hr>
            <ns3:cad>90</ns3:cad>
          </ns3:TrackPointExtension>
        </extensions>
      </trkpt>
      <trkpt lat="40.0769858993589878082275390625" lon="116.33733225055038928985595703125">
        <ele>46</ele>
        <time>2026-10-07T10:55:29.000Z</time>
        <extensions>
          <ns3:TrackPointExtension>
            <ns3:atemp>75.0</ns3:atemp>
            <ns3:hr>179</ns3:hr>
            <ns3:cad>90</ns3:cad>
          </ns3:TrackPointExtension>
        </extensions>
      </trkpt>
      <trkpt lat="40.07698145695030689239501953125" lon="116.337293945252895355224609375">
        <ele>46</ele>
        <time>2026-10-07T10:55:30.000Z</time>
        <extensions>
          <ns3:TrackPointExtension>
            <ns3:atemp>75.0</ns3:atemp>
            <ns3:hr>180</ns3:hr>
            <ns3:cad>90</ns3:cad>
          </ns3:TrackPointExtension>
        </extensions>
      </trkpt>
      <trkpt lat="40.07690015248954296112060546875" lon="116.33705698885023593902587890625">
        <ele>46</ele>
        <time>2026-10-07T10:55:38.000Z</time>
        <extensions>
          <ns3:TrackPointExtension>
            <ns3:atemp>75.0</ns3:atemp>
            <ns3:hr>180</ns3:hr>
            <ns3:cad>90</ns3:cad>
          </ns3:TrackPointExtension>
        </extensions>
      </trkpt>
      <trkpt lat="40.07674927823245525360107421875" lon="116.33693964220583438873291015625">
        <ele>46</ele>
        <time>2026-10-07T10:55:45.000Z</time>
        <extensions>
          <ns3:TrackPointExtension>
            <ns3:atemp>75.0</ns3:atemp>
            <ns3:hr>180</ns3:hr>
            <ns3:cad>91</ns3:cad>
          </ns3:TrackPointExtension>
        </extensions>
      </trkpt>
      <trkpt lat="40.0765617750585079193115234375" lon="116.33691701106727123260498046875">
        <ele>46</ele>
        <time>2026-10-07T10:55:52.000Z</time>
        <extensions>
          <ns3:TrackPointExtension>
            <ns3:atemp>75.0</ns3:atemp>
            <ns3:hr>178</ns3:hr>
            <ns3:cad>90</ns3:cad>
          </ns3:TrackPointExtension>
        </extensions>
      </trkpt>
      <trkpt lat="40.07650871761143207550048828125" lon="116.3369206152856349945068359375">
        <ele>46</ele>
        <time>2026-10-07T10:55:54.000Z</time>
        <extensions>
          <ns3:TrackPointExtension>
            <ns3:atemp>75.0</ns3:atemp>
            <ns3:hr>178</ns3:hr>
            <ns3:cad>90</ns3:cad>
          </ns3:TrackPointExtension>
        </extensions>
      </trkpt>
      <trkpt lat="40.0763254053890705108642578125" lon="116.3369159214198589324951171875">
        <ele>46</ele>
        <time>2026-10-07T10:56:01.000Z</time>
        <extensions>
          <ns3:TrackPointExtension>
            <ns3:atemp>75.0</ns3:atemp>
            <ns3:hr>178</ns3:hr>
            <ns3:cad>90</ns3:cad>
          </ns3:TrackPointExtension>
        </extensions>
      </trkpt>
      <trkpt lat="40.0762446038424968719482421875" lon="116.33691566996276378631591796875">
        <ele>46</ele>
        <time>2026-10-07T10:56:04.000Z</time>
        <extensions>
          <ns3:TrackPointExtension>
            <ns3:atemp>75.0</ns3:atemp>
            <ns3:hr>178</ns3:hr>
            <ns3:cad>90</ns3:cad>
          </ns3:TrackPointExtension>
        </extensions>
      </trkpt>
      <trkpt lat="40.0761710107326507568359375" lon="116.3369219563901424407958984375">
        <ele>46</ele>
        <time>2026-10-07T10:56:07.000Z</time>
        <extensions>
          <ns3:TrackPointExtension>
            <ns3:atemp>75.0</ns3:atemp>
            <ns3:hr>181</ns3:hr>
            <ns3:cad>87</ns3:cad>
          </ns3:TrackPointExtension>
        </extensions>
      </trkpt>
      <trkpt lat="40.07597076706588268280029296875" lon="116.3369340263307094573974609375">
        <ele>46</ele>
        <time>2026-10-07T10:56:15.000Z</time>
        <extensions>
          <ns3:TrackPointExtension>
            <ns3:atemp>75.0</ns3:atemp>
            <ns3:hr>182</ns3:hr>
            <ns3:cad>86</ns3:cad>
          </ns3:TrackPointExtension>
        </extensions>
      </trkpt>
      <trkpt lat="40.07577010430395603179931640625" lon="116.336951963603496551513671875">
        <ele>46</ele>
        <time>2026-10-07T10:56:23.000Z</time>
        <extensions>
          <ns3:TrackPointExtension>
            <ns3:atemp>75.0</ns3:atemp>
            <ns3:hr>181</ns3:hr>
            <ns3:cad>86</ns3:cad>
          </ns3:TrackPointExtension>
        </extensions>
      </trkpt>
      <trkpt lat="40.0757450424134731292724609375" lon="116.3369591720402240753173828125">
        <ele>46</ele>
        <time>2026-10-07T10:56:24.000Z</time>
        <extensions>
          <ns3:TrackPointExtension>
            <ns3:atemp>75.0</ns3:atemp>
            <ns3:hr>181</ns3:hr>
            <ns3:cad>86</ns3:cad>
          </ns3:TrackPointExtension>
        </extensions>
      </trkpt>
      <trkpt lat="40.07569734938442707061767578125" lon="116.33698674850165843963623046875">
        <ele>46</ele>
        <time>2026-10-07T10:56:26.000Z</time>
        <extensions>
          <ns3:TrackPointExtension>
            <ns3:atemp>75.0</ns3:atemp>
            <ns3:hr>178</ns3:hr>
            <ns3:cad>85</ns3:cad>
          </ns3:TrackPointExtension>
        </extensions>
      </trkpt>
      <trkpt lat="40.0755995325744152069091796875" lon="116.337096132338047027587890625">
        <ele>46</ele>
        <time>2026-10-07T10:56:31.000Z</time>
        <extensions>
          <ns3:TrackPointExtension>
            <ns3:atemp>75.0</ns3:atemp>
            <ns3:hr>178</ns3:hr>
            <ns3:cad>86</ns3:cad>
          </ns3:TrackPointExtension>
        </extensions>
      </trkpt>
      <trkpt lat="40.07551898248493671417236328125" lon="116.337317414581775665283203125">
        <ele>46</ele>
        <time>2026-10-07T10:56:39.000Z</time>
        <extensions>
          <ns3:TrackPointExtension>
            <ns3:atemp>75.0</ns3:atemp>
            <ns3:hr>175</ns3:hr>
            <ns3:cad>90</ns3:cad>
          </ns3:TrackPointExtension>
        </extensions>
      </trkpt>
      <trkpt lat="40.0755465589463710784912109375" lon="116.3375529460608959197998046875">
        <ele>46</ele>
        <time>2026-10-07T10:56:46.000Z</time>
        <extensions>
          <ns3:TrackPointExtension>
            <ns3:atemp>75.0</ns3:atemp>
            <ns3:hr>174</ns3:hr>
            <ns3:cad>90</ns3:cad>
          </ns3:TrackPointExtension>
        </extensions>
      </trkpt>
      <trkpt lat="40.07565803825855255126953125" lon="116.33776475675404071807861328125">
        <ele>46</ele>
        <time>2026-10-07T10:56:54.000Z</time>
        <extensions>
          <ns3:TrackPointExtension>
            <ns3:atemp>75.0</ns3:atemp>
            <ns3:hr>175</ns3:hr>
            <ns3:cad>90</ns3:cad>
          </ns3:TrackPointExtension>
        </extensions>
      </trkpt>
      <trkpt lat="40.07569550536572933197021484375" lon="116.3378052413463592529296875">
        <ele>46</ele>
        <time>2026-10-07T10:56:56.000Z</time>
        <extensions>
          <ns3:TrackPointExtension>
            <ns3:atemp>75.0</ns3:atemp>
            <ns3:hr>172</ns3:hr>
            <ns3:cad>89</ns3:cad>
          </ns3:TrackPointExtension>
        </extensions>
      </trkpt>
      <trkpt lat="40.07578938268125057220458984375" lon="116.33785880170762538909912109375">
        <ele>46</ele>
        <time>2026-10-07T10:57:00.000Z</time>
        <extensions>
          <ns3:TrackPointExtension>
            <ns3:atemp>75.0</ns3:atemp>
            <ns3:hr>169</ns3:hr>
            <ns3:cad>91</ns3:cad>
          </ns3:TrackPointExtension>
        </extensions>
      </trkpt>
      <trkpt lat="40.0758384168148040771484375" lon="116.337865926325321197509765625">
        <ele>46</ele>
        <time>2026-10-07T10:57:02.000Z</time>
        <extensions>
          <ns3:TrackPointExtension>
            <ns3:atemp>75.0</ns3:atemp>
            <ns3:hr>168</ns3:hr>
            <ns3:cad>91</ns3:cad>
          </ns3:TrackPointExtension>
        </extensions>
      </trkpt>
      <trkpt lat="40.0760420970618724822998046875" lon="116.33784882724285125732421875">
        <ele>46</ele>
        <time>2026-10-07T10:57:10.000Z</time>
        <extensions>
          <ns3:TrackPointExtension>
            <ns3:atemp>75.0</ns3:atemp>
            <ns3:hr>169</ns3:hr>
            <ns3:cad>90</ns3:cad>
          </ns3:TrackPointExtension>
        </extensions>
      </trkpt>
      <trkpt lat="40.07622490637004375457763671875" lon="116.33784069679677486419677734375">
        <ele>46</ele>
        <time>2026-10-07T10:57:17.000Z</time>
        <extensions>
          <ns3:TrackPointExtension>
            <ns3:atemp>75.0</ns3:atemp>
            <ns3:hr>170</ns3:hr>
            <ns3:cad>91</ns3:cad>
          </ns3:TrackPointExtension>
        </extensions>
      </trkpt>
      <trkpt lat="40.076298750936985015869140625" lon="116.3378342427313327789306640625">
        <ele>46</ele>
        <time>2026-10-07T10:57:20.000Z</time>
        <extensions>
          <ns3:TrackPointExtension>
            <ns3:atemp>75.0</ns3:atemp>
            <ns3:hr>171</ns3:hr>
            <ns3:cad>91</ns3:cad>
          </ns3:TrackPointExtension>
        </extensions>
      </trkpt>
      <trkpt lat="40.07642774842679500579833984375" lon="116.33783533237874507904052734375">
        <ele>46</ele>
        <time>2026-10-07T10:57:25.000Z</time>
        <extensions>
          <ns3:TrackPointExtension>
            <ns3:atemp>75.0</ns3:atemp>
            <ns3:hr>174</ns3:hr>
            <ns3:cad>90</ns3:cad>
          </ns3:TrackPointExtension>
        </extensions>
      </trkpt>
      <trkpt lat="40.07661164738237857818603515625" lon="116.33782795630395412445068359375">
        <ele>46</ele>
        <time>2026-10-07T10:57:32.000Z</time>
        <extensions>
          <ns3:TrackPointExtension>
            <ns3:atemp>75.0</ns3:atemp>
            <ns3:hr>175</ns3:hr>
            <ns3:cad>90</ns3:cad>
          </ns3:TrackPointExtension>
        </extensions>
      </trkpt>
      <trkpt lat="40.076815076172351837158203125" lon="116.3377688638865947723388671875">
        <ele>46</ele>
        <time>2026-10-07T10:57:40.000Z</time>
        <extensions>
          <ns3:TrackPointExtension>
            <ns3:atemp>75.0</ns3:atemp>
            <ns3:hr>174</ns3:hr>
            <ns3:cad>91</ns3:cad>
          </ns3:TrackPointExtension>
        </extensions>
      </trkpt>
      <trkpt lat="40.07692596875131130218505859375" lon="116.33763366378843784332275390625">
        <ele>46</ele>
        <time>2026-10-07T10:57:46.000Z</time>
        <extensions>
          <ns3:TrackPointExtension>
            <ns3:atemp>75.0</ns3:atemp>
            <ns3:hr>176</ns3:hr>
            <ns3:cad>90</ns3:cad>
          </ns3:TrackPointExtension>
        </extensions>
      </trkpt>
      <trkpt lat="40.07697508670389652252197265625" lon="116.3374758325517177581787109375">
        <ele>46</ele>
        <time>2026-10-07T10:57:51.000Z</time>
        <extensions>
          <ns3:TrackPointExtension>
            <ns3:atemp>75.0</ns3:atemp>
            <ns3:hr>179</ns3:hr>
            <ns3:cad>90</ns3:cad>
          </ns3:TrackPointExtension>
        </extensions>
      </trkpt>
      <trkpt lat="40.0769882462918758392333984375" lon="116.3373397104442119598388671875">
        <ele>46</ele>
        <time>2026-10-07T10:57:55.000Z</time>
        <extensions>
          <ns3:TrackPointExtension>
            <ns3:atemp>75.0</ns3:atemp>
            <ns3:hr>181</ns3:hr>
            <ns3:cad>90</ns3:cad>
          </ns3:TrackPointExtension>
        </extensions>
      </trkpt>
      <trkpt lat="40.0769339315593242645263671875" lon="116.33709554560482501983642578125">
        <ele>46</ele>
        <time>2026-10-07T10:58:03.000Z</time>
        <extensions>
          <ns3:TrackPointExtension>
            <ns3:atemp>75.0</ns3:atemp>
            <ns3:hr>182</ns3:hr>
            <ns3:cad>90</ns3:cad>
          </ns3:TrackPointExtension>
        </extensions>
      </trkpt>
      <trkpt lat="40.0767857395112514495849609375" lon="116.33695255033671855926513671875">
        <ele>46</ele>
        <time>2026-10-07T10:58:10.000Z</time>
        <extensions>
          <ns3:TrackPointExtension>
            <ns3:atemp>75.0</ns3:atemp>
            <ns3:hr>183</ns3:hr>
            <ns3:cad>90</ns3:cad>
          </ns3:TrackPointExtension>
        </extensions>
      </trkpt>
      <trkpt lat="40.076598823070526123046875" lon="116.33691818453371524810791015625">
        <ele>46</ele>
        <time>2026-10-07T10:58:17.000Z</time>
        <extensions>
          <ns3:TrackPointExtension>
            <ns3:atemp>75.0</ns3:atemp>
            <ns3:hr>181</ns3:hr>
            <ns3:cad>90</ns3:cad>
          </ns3:TrackPointExtension>
        </extensions>
      </trkpt>
      <trkpt lat="40.076415427029132843017578125" lon="116.3369239680469036102294921875">
        <ele>46</ele>
        <time>2026-10-07T10:58:24.000Z</time>
        <extensions>
          <ns3:TrackPointExtension>
            <ns3:atemp>75.0</ns3:atemp>
            <ns3:hr>181</ns3:hr>
            <ns3:cad>90</ns3:cad>
          </ns3:TrackPointExtension>
        </extensions>
      </trkpt>
      <trkpt lat="40.07625885307788848876953125" lon="116.3369263149797916412353515625">
        <ele>46</ele>
        <time>2026-10-07T10:58:30.000Z</time>
        <extensions>
          <ns3:TrackPointExtension>
            <ns3:atemp>75.0</ns3:atemp>
            <ns3:hr>181</ns3:hr>
            <ns3:cad>90</ns3:cad>
          </ns3:TrackPointExtension>
        </extensions>
      </trkpt>
      <trkpt lat="40.076073110103607177734375" lon="116.336934529244899749755859375">
        <ele>46</ele>
        <time>2026-10-07T10:58:37.000Z</time>
        <extensions>
          <ns3:TrackPointExtension>
            <ns3:atemp>75.0</ns3:atemp>
            <ns3:hr>181</ns3:hr>
            <ns3:cad>90</ns3:cad>
          </ns3:TrackPointExtension>
        </extensions>
      </trkpt>
      <trkpt lat="40.075962804257869720458984375" lon="116.3369477726519107818603515625">
        <ele>46</ele>
        <time>2026-10-07T10:58:41.000Z</time>
        <extensions>
          <ns3:TrackPointExtension>
            <ns3:atemp>75.0</ns3:atemp>
            <ns3:hr>179</ns3:hr>
            <ns3:cad>90</ns3:cad>
          </ns3:TrackPointExtension>
        </extensions>
      </trkpt>
      <trkpt lat="40.0757802464067935943603515625" lon="116.336955316364765167236328125">
        <ele>46</ele>
        <time>2026-10-07T10:58:48.000Z</time>
        <extensions>
          <ns3:TrackPointExtension>
            <ns3:atemp>75.0</ns3:atemp>
            <ns3:hr>179</ns3:hr>
            <ns3:cad>90</ns3:cad>
          </ns3:TrackPointExtension>
        </extensions>
      </trkpt>
      <trkpt lat="40.0756374187767505645751953125" lon="116.33704961277544498443603515625">
        <ele>46</ele>
        <time>2026-10-07T10:58:54.000Z</time>
        <extensions>
          <ns3:TrackPointExtension>
            <ns3:atemp>75.0</ns3:atemp>
            <ns3:hr>179</ns3:hr>
            <ns3:cad>90</ns3:cad>
          </ns3:TrackPointExtension>
        </extensions>
      </trkpt>
      <trkpt lat="40.07551445625722408294677734375" lon="116.33724792860448360443115234375">
        <ele>46</ele>
        <time>2026-10-07T10:59:01.000Z</time>
        <extensions>
          <ns3:TrackPointExtension>
            <ns3:atemp>75.0</ns3:atemp>
            <ns3:hr>177</ns3:hr>
            <ns3:cad>90</ns3:cad>
          </ns3:TrackPointExtension>
        </extensions>
      </trkpt>
      <trkpt lat="40.07551445625722408294677734375" lon="116.33724792860448360443115234375">
        <ele>46</ele>
        <time>2026-10-07T10:59:02.000Z</time>
        <extensions>
          <ns3:TrackPointExtension>
            <ns3:atemp>75.0</ns3:atemp>
            <ns3:hr>177</ns3:hr>
            <ns3:cad>90</ns3:cad>
          </ns3:TrackPointExtension>
        </extensions>
      </trkpt>
      <trkpt lat="40.075510852038860321044921875" lon="116.337437443435192108154296875">
        <ele>46</ele>
        <time>2026-10-07T10:59:08.000Z</time>
        <extensions>
          <ns3:TrackPointExtension>
            <ns3:atemp>75.0</ns3:atemp>
            <ns3:hr>178</ns3:hr>
            <ns3:cad>90</ns3:cad>
          </ns3:TrackPointExtension>
        </extensions>
      </trkpt>
      <trkpt lat="40.0755623169243335723876953125" lon="116.33763986639678478240966796875">
        <ele>46</ele>
        <time>2026-10-07T10:59:14.000Z</time>
        <extensions>
          <ns3:TrackPointExtension>
            <ns3:atemp>75.0</ns3:atemp>
            <ns3:hr>178</ns3:hr>
            <ns3:cad>88</ns3:cad>
          </ns3:TrackPointExtension>
        </extensions>
      </trkpt>
      <trkpt lat="40.075628869235515594482421875" lon="116.33773759938776493072509765625">
        <ele>46</ele>
        <time>2026-10-07T10:59:18.000Z</time>
        <extensions>
          <ns3:TrackPointExtension>
            <ns3:atemp>75.0</ns3:atemp>
            <ns3:hr>175</ns3:hr>
            <ns3:cad>85</ns3:cad>
          </ns3:TrackPointExtension>
        </extensions>
      </trkpt>
      <trkpt lat="40.075679160654544830322265625" lon="116.33779291994869709014892578125">
        <ele>46</ele>
        <time>2026-10-07T10:59:21.000Z</time>
        <extensions>
          <ns3:TrackPointExtension>
            <ns3:atemp>75.0</ns3:atemp>
            <ns3:hr>177</ns3:hr>
            <ns3:cad>81</ns3:cad>
          </ns3:TrackPointExtension>
        </extensions>
      </trkpt>
      <trkpt lat="40.07584621198475360870361328125" lon="116.33784958161413669586181640625">
        <ele>46</ele>
        <time>2026-10-07T10:59:29.000Z</time>
        <extensions>
          <ns3:TrackPointExtension>
            <ns3:atemp>75.0</ns3:atemp>
            <ns3:hr>176</ns3:hr>
            <ns3:cad>79</ns3:cad>
          </ns3:TrackPointExtension>
        </extensions>
      </trkpt>
      <trkpt lat="40.076035223901271820068359375" lon="116.33783952333033084869384765625">
        <ele>46</ele>
        <time>2026-10-07T10:59:36.000Z</time>
        <extensions>
          <ns3:TrackPointExtension>
            <ns3:atemp>75.0</ns3:atemp>
            <ns3:hr>176</ns3:hr>
            <ns3:cad>79</ns3:cad>
          </ns3:TrackPointExtension>
        </extensions>
      </trkpt>
      <trkpt lat="40.0760612078011035919189453125" lon="116.3378386013209819793701171875">
        <ele>46</ele>
        <time>2026-10-07T10:59:37.000Z</time>
        <extensions>
          <ns3:TrackPointExtension>
            <ns3:atemp>75.0</ns3:atemp>
            <ns3:hr>176</ns3:hr>
            <ns3:cad>79</ns3:cad>
          </ns3:TrackPointExtension>
        </extensions>
      </trkpt>
      <trkpt lat="40.07624619640409946441650390625" lon="116.337837092578411102294921875">
        <ele>46</ele>
        <time>2026-10-07T10:59:44.000Z</time>
        <extensions>
          <ns3:TrackPointExtension>
            <ns3:atemp>75.0</ns3:atemp>
            <ns3:hr>176</ns3:hr>
            <ns3:cad>78</ns3:cad>
          </ns3:TrackPointExtension>
        </extensions>
      </trkpt>
      <trkpt lat="40.07630042731761932373046875" lon="116.3378349132835865020751953125">
        <ele>46</ele>
        <time>2026-10-07T10:59:46.000Z</time>
        <extensions>
          <ns3:TrackPointExtension>
            <ns3:atemp>75.0</ns3:atemp>
            <ns3:hr>178</ns3:hr>
            <ns3:cad>78</ns3:cad>
          </ns3:TrackPointExtension>
        </extensions>
      </trkpt>
      <trkpt lat="40.07648927159607410430908203125" lon="116.3378231786191463470458984375">
        <ele>46</ele>
        <time>2026-10-07T10:59:53.000Z</time>
        <extensions>
          <ns3:TrackPointExtension>
            <ns3:atemp>75.0</ns3:atemp>
            <ns3:hr>178</ns3:hr>
            <ns3:cad>80</ns3:cad>
          </ns3:TrackPointExtension>
        </extensions>
      </trkpt>
      <trkpt lat="40.07657024078071117401123046875" lon="116.3378225080668926239013671875">
        <ele>46</ele>
        <time>2026-10-07T10:59:56.000Z</time>
        <extensions>
          <ns3:TrackPointExtension>
            <ns3:atemp>75.0</ns3:atemp>
            <ns3:hr>179</ns3:hr>
            <ns3:cad>80</ns3:cad>
          </ns3:TrackPointExtension>
        </extensions>
      </trkpt>
      <trkpt lat="40.0766982324421405792236328125" lon="116.3378134556114673614501953125">
        <ele>46</ele>
        <time>2026-10-07T11:00:01.000Z</time>
        <extensions>
          <ns3:TrackPointExtension>
            <ns3:atemp>75.0</ns3:atemp>
            <ns3:hr>182</ns3:hr>
            <ns3:cad>80</ns3:cad>
          </ns3:TrackPointExtension>
        </extensions>
      </trkpt>
      <trkpt lat="40.076768808066844940185546875" lon="116.33778168819844722747802734375">
        <ele>46</ele>
        <time>2026-10-07T11:00:04.000Z</time>
        <extensions>
          <ns3:TrackPointExtension>
            <ns3:atemp>75.0</ns3:atemp>
            <ns3:hr>182</ns3:hr>
            <ns3:cad>79</ns3:cad>
          </ns3:TrackPointExtension>
        </extensions>
      </trkpt>
      <trkpt lat="40.0769141502678394317626953125" lon="116.33764891885221004486083984375">
        <ele>46</ele>
        <time>2026-10-07T11:00:11.000Z</time>
        <extensions>
          <ns3:TrackPointExtension>
            <ns3:atemp>75.0</ns3:atemp>
            <ns3:hr>184</ns3:hr>
            <ns3:cad>81</ns3:cad>
          </ns3:TrackPointExtension>
        </extensions>
      </trkpt>
      <trkpt lat="40.0769778527319431304931640625" lon="116.3374149799346923828125">
        <ele>46</ele>
        <time>2026-10-07T11:00:18.000Z</time>
        <extensions>
          <ns3:TrackPointExtension>
            <ns3:atemp>75.0</ns3:atemp>
            <ns3:hr>181</ns3:hr>
            <ns3:cad>80</ns3:cad>
          </ns3:TrackPointExtension>
        </extensions>
      </trkpt>
      <trkpt lat="40.07694155909121036529541015625" lon="116.33716075681149959564208984375">
        <ele>46</ele>
        <time>2026-10-07T11:00:26.000Z</time>
        <extensions>
          <ns3:TrackPointExtension>
            <ns3:atemp>75.0</ns3:atemp>
            <ns3:hr>179</ns3:hr>
            <ns3:cad>80</ns3:cad>
          </ns3:TrackPointExtension>
        </extensions>
      </trkpt>
      <trkpt lat="40.076926387846469879150390625" lon="116.33713267743587493896484375">
        <ele>46</ele>
        <time>2026-10-07T11:00:27.000Z</time>
        <extensions>
          <ns3:TrackPointExtension>
            <ns3:atemp>75.0</ns3:atemp>
            <ns3:hr>179</ns3:hr>
            <ns3:cad>80</ns3:cad>
          </ns3:TrackPointExtension>
        </extensions>
      </trkpt>
      <trkpt lat="40.07681650109589099884033203125" lon="116.33698222227394580841064453125">
        <ele>46</ele>
        <time>2026-10-07T11:00:33.000Z</time>
        <extensions>
          <ns3:TrackPointExtension>
            <ns3:atemp>75.0</ns3:atemp>
            <ns3:hr>176</ns3:hr>
            <ns3:cad>80</ns3:cad>
          </ns3:TrackPointExtension>
        </extensions>
      </trkpt>
      <trkpt lat="40.07679202593863010406494140625" lon="116.3369648717343807220458984375">
        <ele>46</ele>
        <time>2026-10-07T11:00:34.000Z</time>
        <extensions>
          <ns3:TrackPointExtension>
            <ns3:atemp>75.0</ns3:atemp>
            <ns3:hr>176</ns3:hr>
            <ns3:cad>80</ns3:cad>
          </ns3:TrackPointExtension>
        </extensions>
      </trkpt>
      <trkpt lat="40.07660913281142711639404296875" lon="116.33692237548530101776123046875">
        <ele>46</ele>
        <time>2026-10-07T11:00:41.000Z</time>
        <extensions>
          <ns3:TrackPointExtension>
            <ns3:atemp>75.0</ns3:atemp>
            <ns3:hr>178</ns3:hr>
            <ns3:cad>80</ns3:cad>
          </ns3:TrackPointExtension>
        </extensions>
      </trkpt>
      <trkpt lat="40.07649597711861133575439453125" lon="116.336923800408840179443359375">
        <ele>46</ele>
        <time>2026-10-07T11:00:45.000Z</time>
        <extensions>
          <ns3:TrackPointExtension>
            <ns3:atemp>75.0</ns3:atemp>
            <ns3:hr>181</ns3:hr>
            <ns3:cad>81</ns3:cad>
          </ns3:TrackPointExtension>
        </extensions>
      </trkpt>
      <trkpt lat="40.0763827376067638397216796875" lon="116.33692723698914051055908203125">
        <ele>46</ele>
        <time>2026-10-07T11:00:49.000Z</time>
        <extensions>
          <ns3:TrackPointExtension>
            <ns3:atemp>75.0</ns3:atemp>
            <ns3:hr>184</ns3:hr>
            <ns3:cad>81</ns3:cad>
          </ns3:TrackPointExtension>
        </extensions>
      </trkpt>
      <trkpt lat="40.07624275982379913330078125" lon="116.33692941628396511077880859375">
        <ele>46</ele>
        <time>2026-10-07T11:00:54.000Z</time>
        <extensions>
          <ns3:TrackPointExtension>
            <ns3:atemp>75.0</ns3:atemp>
            <ns3:hr>185</ns3:hr>
            <ns3:cad>81</ns3:cad>
          </ns3:TrackPointExtension>
        </extensions>
      </trkpt>
      <trkpt lat="40.076039917767047882080078125" lon="116.33692841045558452606201171875">
        <ele>46</ele>
        <time>2026-10-07T11:01:01.000Z</time>
        <extensions>
          <ns3:TrackPointExtension>
            <ns3:atemp>75.0</ns3:atemp>
            <ns3:hr>186</ns3:hr>
            <ns3:cad>80</ns3:cad>
          </ns3:TrackPointExtension>
        </extensions>
      </trkpt>
      <trkpt lat="40.07598686031997203826904296875" lon="116.33693151175975799560546875">
        <ele>46</ele>
        <time>2026-10-07T11:01:03.000Z</time>
        <extensions>
          <ns3:TrackPointExtension>
            <ns3:atemp>75.0</ns3:atemp>
            <ns3:hr>186</ns3:hr>
            <ns3:cad>80</ns3:cad>
          </ns3:TrackPointExtension>
        </extensions>
      </trkpt>
      <trkpt lat="40.0758228264749050140380859375" lon="116.336957328021526336669921875">
        <ele>46</ele>
        <time>2026-10-07T11:01:09.000Z</time>
        <extensions>
          <ns3:TrackPointExtension>
            <ns3:atemp>75.0</ns3:atemp>
            <ns3:hr>186</ns3:hr>
            <ns3:cad>80</ns3:cad>
          </ns3:TrackPointExtension>
        </extensions>
      </trkpt>
      <trkpt lat="40.0756424479186534881591796875" lon="116.337033770978450775146484375">
        <ele>46</ele>
        <time>2026-10-07T11:01:16.000Z</time>
        <extensions>
          <ns3:TrackPointExtension>
            <ns3:atemp>75.0</ns3:atemp>
            <ns3:hr>188</ns3:hr>
            <ns3:cad>80</ns3:cad>
          </ns3:TrackPointExtension>
        </extensions>
      </trkpt>
      <trkpt lat="40.07551613263785839080810546875" lon="116.33722948841750621795654296875">
        <ele>46</ele>
        <time>2026-10-07T11:01:23.000Z</time>
        <extensions>
          <ns3:TrackPointExtension>
            <ns3:atemp>75.0</ns3:atemp>
            <ns3:hr>189</ns3:hr>
            <ns3:cad>80</ns3:cad>
          </ns3:TrackPointExtension>
        </extensions>
      </trkpt>
      <trkpt lat="40.07548562251031398773193359375" lon="116.3374352641403675079345703125">
        <ele>46</ele>
        <time>2026-10-07T11:01:29.000Z</time>
        <extensions>
          <ns3:TrackPointExtension>
            <ns3:atemp>75.0</ns3:atemp>
            <ns3:hr>189</ns3:hr>
            <ns3:cad>81</ns3:cad>
          </ns3:TrackPointExtension>
        </extensions>
      </trkpt>
      <trkpt lat="40.0754875503480434417724609375" lon="116.337472312152385711669921875">
        <ele>46</ele>
        <time>2026-10-07T11:01:30.000Z</time>
        <extensions>
          <ns3:TrackPointExtension>
            <ns3:atemp>75.0</ns3:atemp>
            <ns3:hr>189</ns3:hr>
            <ns3:cad>81</ns3:cad>
          </ns3:TrackPointExtension>
        </extensions>
      </trkpt>
      <trkpt lat="40.0755535997450351715087890625" lon="116.33764875121414661407470703125">
        <ele>46</ele>
        <time>2026-10-07T11:01:35.000Z</time>
        <extensions>
          <ns3:TrackPointExtension>
            <ns3:atemp>75.0</ns3:atemp>
            <ns3:hr>187</ns3:hr>
            <ns3:cad>81</ns3:cad>
          </ns3:TrackPointExtension>
        </extensions>
      </trkpt>
      <trkpt lat="40.075600706040859222412109375" lon="116.33773575536906719207763671875">
        <ele>46</ele>
        <time>2026-10-07T11:01:38.000Z</time>
        <extensions>
          <ns3:TrackPointExtension>
            <ns3:atemp>75.0</ns3:atemp>
            <ns3:hr>184</ns3:hr>
            <ns3:cad>81</ns3:cad>
          </ns3:TrackPointExtension>
        </extensions>
      </trkpt>
      <trkpt lat="40.07569424808025360107421875" lon="116.33782896213233470916748046875">
        <ele>46</ele>
        <time>2026-10-07T11:01:42.000Z</time>
        <extensions>
          <ns3:TrackPointExtension>
            <ns3:atemp>75.0</ns3:atemp>
            <ns3:hr>182</ns3:hr>
            <ns3:cad>80</ns3:cad>
          </ns3:TrackPointExtension>
        </extensions>
      </trkpt>
      <trkpt lat="40.0758623890578746795654296875" lon="116.337845139205455780029296875">
        <ele>46</ele>
        <time>2026-10-07T11:01:48.000Z</time>
        <extensions>
          <ns3:TrackPointExtension>
            <ns3:atemp>75.0</ns3:atemp>
            <ns3:hr>180</ns3:hr>
            <ns3:cad>81</ns3:cad>
          </ns3:TrackPointExtension>
        </extensions>
      </trkpt>
      <trkpt lat="40.07605525664985179901123046875" lon="116.33784589357674121856689453125">
        <ele>46</ele>
        <time>2026-10-07T11:01:55.000Z</time>
        <extensions>
          <ns3:TrackPointExtension>
            <ns3:atemp>75.0</ns3:atemp>
            <ns3:hr>180</ns3:hr>
            <ns3:cad>80</ns3:cad>
          </ns3:TrackPointExtension>
        </extensions>
      </trkpt>
      <trkpt lat="40.07611401379108428955078125" lon="116.3378469832241535186767578125">
        <ele>46</ele>
        <time>2026-10-07T11:01:57.000Z</time>
        <extensions>
          <ns3:TrackPointExtension>
            <ns3:atemp>75.0</ns3:atemp>
            <ns3:hr>179</ns3:hr>
            <ns3:cad>80</ns3:cad>
          </ns3:TrackPointExtension>
        </extensions>
      </trkpt>
      <trkpt lat="40.07630688138306140899658203125" lon="116.33783214725553989410400390625">
        <ele>46</ele>
        <time>2026-10-07T11:02:04.000Z</time>
        <extensions>
          <ns3:TrackPointExtension>
            <ns3:atemp>75.0</ns3:atemp>
            <ns3:hr>177</ns3:hr>
            <ns3:cad>81</ns3:cad>
          </ns3:TrackPointExtension>
        </extensions>
      </trkpt>
      <trkpt lat="40.0764434225857257843017578125" lon="116.3378218375146389007568359375">
        <ele>46</ele>
        <time>2026-10-07T11:02:08.000Z</time>
        <extensions>
          <ns3:TrackPointExtension>
            <ns3:atemp>75.0</ns3:atemp>
            <ns3:hr>177</ns3:hr>
            <ns3:cad>81</ns3:cad>
          </ns3:TrackPointExtension>
        </extensions>
      </trkpt>
      <trkpt lat="40.0766403973102569580078125" lon="116.33781337179243564605712890625">
        <ele>46</ele>
        <time>2026-10-07T11:02:16.000Z</time>
        <extensions>
          <ns3:TrackPointExtension>
            <ns3:atemp>75.0</ns3:atemp>
            <ns3:hr>176</ns3:hr>
            <ns3:cad>81</ns3:cad>
          </ns3:TrackPointExtension>
        </extensions>
      </trkpt>
      <trkpt lat="40.07675464265048503875732421875" lon="116.33777230046689510345458984375">
        <ele>46</ele>
        <time>2026-10-07T11:02:20.000Z</time>
        <extensions>
          <ns3:TrackPointExtension>
            <ns3:atemp>75.0</ns3:atemp>
            <ns3:hr>173</ns3:hr>
            <ns3:cad>81</ns3:cad>
          </ns3:TrackPointExtension>
        </extensions>
      </trkpt>
      <trkpt lat="40.07689076475799083709716796875" lon="116.33767314255237579345703125">
        <ele>46</ele>
        <time>2026-10-07T11:02:26.000Z</time>
        <extensions>
          <ns3:TrackPointExtension>
            <ns3:atemp>75.0</ns3:atemp>
            <ns3:hr>170</ns3:hr>
            <ns3:cad>82</ns3:cad>
          </ns3:TrackPointExtension>
        </extensions>
      </trkpt>
      <trkpt lat="40.0769091211259365081787109375" lon="116.33764632046222686767578125">
        <ele>46</ele>
        <time>2026-10-07T11:02:27.000Z</time>
        <extensions>
          <ns3:TrackPointExtension>
            <ns3:atemp>75.0</ns3:atemp>
            <ns3:hr>169</ns3:hr>
            <ns3:cad>82</ns3:cad>
          </ns3:TrackPointExtension>
        </extensions>
      </trkpt>
      <trkpt lat="40.07696955464780330657958984375" lon="116.33744222111999988555908203125">
        <ele>46</ele>
        <time>2026-10-07T11:02:33.000Z</time>
        <extensions>
          <ns3:TrackPointExtension>
            <ns3:atemp>75.0</ns3:atemp>
            <ns3:hr>169</ns3:hr>
            <ns3:cad>82</ns3:cad>
          </ns3:TrackPointExtension>
        </extensions>
      </trkpt>
      <trkpt lat="40.07695144973695278167724609375" lon="116.33718892000615596771240234375">
        <ele>46</ele>
        <time>2026-10-07T11:02:40.000Z</time>
        <extensions>
          <ns3:TrackPointExtension>
            <ns3:atemp>75.0</ns3:atemp>
            <ns3:hr>168</ns3:hr>
            <ns3:cad>82</ns3:cad>
          </ns3:TrackPointExtension>
        </extensions>
      </trkpt>
      <trkpt lat="40.076941810548305511474609375" lon="116.33716142736375331878662109375">
        <ele>46</ele>
        <time>2026-10-07T11:02:41.000Z</time>
        <extensions>
          <ns3:TrackPointExtension>
            <ns3:atemp>75.0</ns3:atemp>
            <ns3:hr>168</ns3:hr>
            <ns3:cad>82</ns3:cad>
          </ns3:TrackPointExtension>
        </extensions>
      </trkpt>
      <trkpt lat="40.07682421244680881500244140625" lon="116.3369685597717761993408203125">
        <ele>46</ele>
        <time>2026-10-07T11:02:48.000Z</time>
        <extensions>
          <ns3:TrackPointExtension>
            <ns3:atemp>75.0</ns3:atemp>
            <ns3:hr>168</ns3:hr>
            <ns3:cad>83</ns3:cad>
          </ns3:TrackPointExtension>
        </extensions>
      </trkpt>
      <trkpt lat="40.076648779213428497314453125" lon="116.3369035162031650543212890625">
        <ele>46</ele>
        <time>2026-10-07T11:02:54.000Z</time>
        <extensions>
          <ns3:TrackPointExtension>
            <ns3:atemp>75.0</ns3:atemp>
            <ns3:hr>169</ns3:hr>
            <ns3:cad>83</ns3:cad>
          </ns3:TrackPointExtension>
        </extensions>
      </trkpt>
      <trkpt lat="40.07661432959139347076416015625" lon="116.3368986546993255615234375">
        <ele>46</ele>
        <time>2026-10-07T11:02:55.000Z</time>
        <extensions>
          <ns3:TrackPointExtension>
            <ns3:atemp>75.0</ns3:atemp>
            <ns3:hr>169</ns3:hr>
            <ns3:cad>83</ns3:cad>
          </ns3:TrackPointExtension>
        </extensions>
      </trkpt>
      <trkpt lat="40.07641131989657878875732421875" lon="116.33690628223121166229248046875">
        <ele>46</ele>
        <time>2026-10-07T11:03:02.000Z</time>
        <extensions>
          <ns3:TrackPointExtension>
            <ns3:atemp>75.0</ns3:atemp>
            <ns3:hr>169</ns3:hr>
            <ns3:cad>83</ns3:cad>
          </ns3:TrackPointExtension>
        </extensions>
      </trkpt>
      <trkpt lat="40.076295398175716400146484375" lon="116.336901672184467315673828125">
        <ele>46</ele>
        <time>2026-10-07T11:03:06.000Z</time>
        <extensions>
          <ns3:TrackPointExtension>
            <ns3:atemp>75.0</ns3:atemp>
            <ns3:hr>169</ns3:hr>
            <ns3:cad>83</ns3:cad>
          </ns3:TrackPointExtension>
        </extensions>
      </trkpt>
      <trkpt lat="40.076110996305942535400390625" lon="116.33691265247762203216552734375">
        <ele>46</ele>
        <time>2026-10-07T11:03:12.000Z</time>
        <extensions>
          <ns3:TrackPointExtension>
            <ns3:atemp>75.0</ns3:atemp>
            <ns3:hr>168</ns3:hr>
            <ns3:cad>83</ns3:cad>
          </ns3:TrackPointExtension>
        </extensions>
      </trkpt>
      <trkpt lat="40.0760209746658802032470703125" lon="116.336910724639892578125">
        <ele>46</ele>
        <time>2026-10-07T11:03:15.000Z</time>
        <extensions>
          <ns3:TrackPointExtension>
            <ns3:atemp>75.0</ns3:atemp>
            <ns3:hr>168</ns3:hr>
            <ns3:cad>82</ns3:cad>
          </ns3:TrackPointExtension>
        </extensions>
      </trkpt>
      <trkpt lat="40.07581821642816066741943359375" lon="116.33693008683621883392333984375">
        <ele>46</ele>
        <time>2026-10-07T11:03:22.000Z</time>
        <extensions>
          <ns3:TrackPointExtension>
            <ns3:atemp>75.0</ns3:atemp>
            <ns3:hr>168</ns3:hr>
            <ns3:cad>83</ns3:cad>
          </ns3:TrackPointExtension>
        </extensions>
      </trkpt>
      <trkpt lat="40.07576130330562591552734375" lon="116.3369496166706085205078125">
        <ele>46</ele>
        <time>2026-10-07T11:03:24.000Z</time>
        <extensions>
          <ns3:TrackPointExtension>
            <ns3:atemp>75.0</ns3:atemp>
            <ns3:hr>168</ns3:hr>
            <ns3:cad>83</ns3:cad>
          </ns3:TrackPointExtension>
        </extensions>
      </trkpt>
      <trkpt lat="40.075591318309307098388671875" lon="116.3370681367814540863037109375">
        <ele>46</ele>
        <time>2026-10-07T11:03:31.000Z</time>
        <extensions>
          <ns3:TrackPointExtension>
            <ns3:atemp>75.0</ns3:atemp>
            <ns3:hr>168</ns3:hr>
            <ns3:cad>82</ns3:cad>
          </ns3:TrackPointExtension>
        </extensions>
      </trkpt>
      <trkpt lat="40.07550917565822601318359375" lon="116.3373001478612422943115234375">
        <ele>46</ele>
        <time>2026-10-07T11:03:38.000Z</time>
        <extensions>
          <ns3:TrackPointExtension>
            <ns3:atemp>75.0</ns3:atemp>
            <ns3:hr>168</ns3:hr>
            <ns3:cad>82</ns3:cad>
          </ns3:TrackPointExtension>
        </extensions>
      </trkpt>
      <trkpt lat="40.07552049122750759124755859375" lon="116.33748396299779415130615234375">
        <ele>46</ele>
        <time>2026-10-07T11:03:43.000Z</time>
        <extensions>
          <ns3:TrackPointExtension>
            <ns3:atemp>75.0</ns3:atemp>
            <ns3:hr>168</ns3:hr>
            <ns3:cad>82</ns3:cad>
          </ns3:TrackPointExtension>
        </extensions>
      </trkpt>
      <trkpt lat="40.07560581900179386138916015625" lon="116.3377031497657299041748046875">
        <ele>46</ele>
        <time>2026-10-07T11:03:50.000Z</time>
        <extensions>
          <ns3:TrackPointExtension>
            <ns3:atemp>75.0</ns3:atemp>
            <ns3:hr>169</ns3:hr>
            <ns3:cad>81</ns3:cad>
          </ns3:TrackPointExtension>
        </extensions>
      </trkpt>
      <trkpt lat="40.075752921402454376220703125" lon="116.33784539066255092620849609375">
        <ele>46</ele>
        <time>2026-10-07T11:03:57.000Z</time>
        <extensions>
          <ns3:TrackPointExtension>
            <ns3:atemp>75.0</ns3:atemp>
            <ns3:hr>170</ns3:hr>
            <ns3:cad>80</ns3:cad>
          </ns3:TrackPointExtension>
        </extensions>
      </trkpt>
      <trkpt lat="40.0759200565516948699951171875" lon="116.33785343728959560394287109375">
        <ele>46</ele>
        <time>2026-10-07T11:04:03.000Z</time>
        <extensions>
          <ns3:TrackPointExtension>
            <ns3:atemp>75.0</ns3:atemp>
            <ns3:hr>173</ns3:hr>
            <ns3:cad>83</ns3:cad>
          </ns3:TrackPointExtension>
        </extensions>
      </trkpt>
      <trkpt lat="40.0761128403246402740478515625" lon="116.337838433682918548583984375">
        <ele>46</ele>
        <time>2026-10-07T11:04:10.000Z</time>
        <extensions>
          <ns3:TrackPointExtension>
            <ns3:atemp>75.0</ns3:atemp>
            <ns3:hr>174</ns3:hr>
            <ns3:cad>81</ns3:cad>
          </ns3:TrackPointExtension>
        </extensions>
      </trkpt>
      <trkpt lat="40.0761453621089458465576171875" lon="116.33783700875937938690185546875">
        <ele>46</ele>
        <time>2026-10-07T11:04:11.000Z</time>
        <extensions>
          <ns3:TrackPointExtension>
            <ns3:atemp>75.0</ns3:atemp>
            <ns3:hr>174</ns3:hr>
            <ns3:cad>81</ns3:cad>
          </ns3:TrackPointExtension>
        </extensions>
      </trkpt>
      <trkpt lat="40.07633269764482975006103515625" lon="116.33784052915871143341064453125">
        <ele>46</ele>
        <time>2026-10-07T11:04:18.000Z</time>
        <extensions>
          <ns3:TrackPointExtension>
            <ns3:atemp>75.0</ns3:atemp>
            <ns3:hr>177</ns3:hr>
            <ns3:cad>81</ns3:cad>
          </ns3:TrackPointExtension>
        </extensions>
      </trkpt>
      <trkpt lat="40.0764145888388156890869140625" lon="116.33783885277807712554931640625">
        <ele>46</ele>
        <time>2026-10-07T11:04:21.000Z</time>
        <extensions>
          <ns3:TrackPointExtension>
            <ns3:atemp>75.0</ns3:atemp>
            <ns3:hr>177</ns3:hr>
            <ns3:cad>81</ns3:cad>
          </ns3:TrackPointExtension>
        </extensions>
      </trkpt>
      <trkpt lat="40.0766003318130970001220703125" lon="116.33783633820712566375732421875">
        <ele>46</ele>
        <time>2026-10-07T11:04:28.000Z</time>
        <extensions>
          <ns3:TrackPointExtension>
            <ns3:atemp>75.0</ns3:atemp>
            <ns3:hr>177</ns3:hr>
            <ns3:cad>80</ns3:cad>
          </ns3:TrackPointExtension>
        </extensions>
      </trkpt>
      <trkpt lat="40.07665322162210941314697265625" lon="116.337833069264888763427734375">
        <ele>46</ele>
        <time>2026-10-07T11:04:30.000Z</time>
        <extensions>
          <ns3:TrackPointExtension>
            <ns3:atemp>75.0</ns3:atemp>
            <ns3:hr>177</ns3:hr>
            <ns3:cad>80</ns3:cad>
          </ns3:TrackPointExtension>
        </extensions>
      </trkpt>
      <trkpt lat="40.07683686912059783935546875" lon="116.337746568024158477783203125">
        <ele>46</ele>
        <time>2026-10-07T11:04:37.000Z</time>
        <extensions>
          <ns3:TrackPointExtension>
            <ns3:atemp>75.0</ns3:atemp>
            <ns3:hr>177</ns3:hr>
            <ns3:cad>81</ns3:cad>
          </ns3:TrackPointExtension>
        </extensions>
      </trkpt>
      <trkpt lat="40.07694927044212818145751953125" lon="116.33755487389862537384033203125">
        <ele>46</ele>
        <time>2026-10-07T11:04:44.000Z</time>
        <extensions>
          <ns3:TrackPointExtension>
            <ns3:atemp>75.0</ns3:atemp>
            <ns3:hr>176</ns3:hr>
            <ns3:cad>83</ns3:cad>
          </ns3:TrackPointExtension>
        </extensions>
      </trkpt>
      <trkpt lat="40.0769775174558162689208984375" lon="116.3373420573770999908447265625">
        <ele>46</ele>
        <time>2026-10-07T11:04:50.000Z</time>
        <extensions>
          <ns3:TrackPointExtension>
            <ns3:atemp>75.0</ns3:atemp>
            <ns3:hr>176</ns3:hr>
            <ns3:cad>82</ns3:cad>
          </ns3:TrackPointExtension>
        </extensions>
      </trkpt>
      <trkpt lat="40.07693652994930744171142578125" lon="116.33714650757610797882080078125">
        <ele>46</ele>
        <time>2026-10-07T11:04:56.000Z</time>
        <extensions>
          <ns3:TrackPointExtension>
            <ns3:atemp>75.0</ns3:atemp>
            <ns3:hr>177</ns3:hr>
            <ns3:cad>83</ns3:cad>
          </ns3:TrackPointExtension>
        </extensions>
      </trkpt>
      <trkpt lat="40.07685338146984577178955078125" lon="116.33701994083821773529052734375">
        <ele>46</ele>
        <time>2026-10-07T11:05:01.000Z</time>
        <extensions>
          <ns3:TrackPointExtension>
            <ns3:atemp>75.0</ns3:atemp>
            <ns3:hr>180</ns3:hr>
            <ns3:cad>82</ns3:cad>
          </ns3:TrackPointExtension>
        </extensions>
      </trkpt>
      <trkpt lat="40.07683125324547290802001953125" lon="116.33699990808963775634765625">
        <ele>46</ele>
        <time>2026-10-07T11:05:02.000Z</time>
        <extensions>
          <ns3:TrackPointExtension>
            <ns3:atemp>75.0</ns3:atemp>
            <ns3:hr>176</ns3:hr>
            <ns3:cad>82</ns3:cad>
          </ns3:TrackPointExtension>
        </extensions>
      </trkpt>
      <trkpt lat="40.0767827220261096954345703125" lon="116.33696394972503185272216796875">
        <ele>46</ele>
        <time>2026-10-07T11:05:04.000Z</time>
        <extensions>
          <ns3:TrackPointExtension>
            <ns3:atemp>75.0</ns3:atemp>
            <ns3:hr>176</ns3:hr>
            <ns3:cad>82</ns3:cad>
          </ns3:TrackPointExtension>
        </extensions>
      </trkpt>
      <trkpt lat="40.0766918621957302093505859375" lon="116.3369310088455677032470703125">
        <ele>46</ele>
        <time>2026-10-07T11:05:07.000Z</time>
        <extensions>
          <ns3:TrackPointExtension>
            <ns3:atemp>75.0</ns3:atemp>
            <ns3:hr>179</ns3:hr>
            <ns3:cad>82</ns3:cad>
          </ns3:TrackPointExtension>
        </extensions>
      </trkpt>
      <trkpt lat="40.07666747085750102996826171875" lon="116.33692857809364795684814453125">
        <ele>46</ele>
        <time>2026-10-07T11:05:08.000Z</time>
        <extensions>
          <ns3:TrackPointExtension>
            <ns3:atemp>75.0</ns3:atemp>
            <ns3:hr>176</ns3:hr>
            <ns3:cad>82</ns3:cad>
          </ns3:TrackPointExtension>
        </extensions>
      </trkpt>
      <trkpt lat="40.07660645060241222381591796875" lon="116.336928494274616241455078125">
        <ele>46</ele>
        <time>2026-10-07T11:05:10.000Z</time>
        <extensions>
          <ns3:TrackPointExtension>
            <ns3:atemp>75.0</ns3:atemp>
            <ns3:hr>176</ns3:hr>
            <ns3:cad>81</ns3:cad>
          </ns3:TrackPointExtension>
        </extensions>
      </trkpt>
      <trkpt lat="40.076409392058849334716796875" lon="116.3369362056255340576171875">
        <ele>46</ele>
        <time>2026-10-07T11:05:17.000Z</time>
        <extensions>
          <ns3:TrackPointExtension>
            <ns3:atemp>75.0</ns3:atemp>
            <ns3:hr>175</ns3:hr>
            <ns3:cad>81</ns3:cad>
          </ns3:TrackPointExtension>
        </extensions>
      </trkpt>
      <trkpt lat="40.0763599388301372528076171875" lon="116.33693142794072628021240234375">
        <ele>46</ele>
        <time>2026-10-07T11:05:18.000Z</time>
        <extensions>
          <ns3:TrackPointExtension>
            <ns3:atemp>75.0</ns3:atemp>
            <ns3:hr>176</ns3:hr>
            <ns3:cad>81</ns3:cad>
          </ns3:TrackPointExtension>
        </extensions>
      </trkpt>
      <trkpt lat="40.0761745311319828033447265625" lon="116.33693327195942401885986328125">
        <ele>46</ele>
        <time>2026-10-07T11:05:26.000Z</time>
        <extensions>
          <ns3:TrackPointExtension>
            <ns3:atemp>75.0</ns3:atemp>
            <ns3:hr>175</ns3:hr>
            <ns3:cad>80</ns3:cad>
          </ns3:TrackPointExtension>
        </extensions>
      </trkpt>
      <trkpt lat="40.07614863105118274688720703125" lon="116.33693528361618518829345703125">
        <ele>46</ele>
        <time>2026-10-07T11:05:27.000Z</time>
        <extensions>
          <ns3:TrackPointExtension>
            <ns3:atemp>75.0</ns3:atemp>
            <ns3:hr>175</ns3:hr>
            <ns3:cad>80</ns3:cad>
          </ns3:TrackPointExtension>
        </extensions>
      </trkpt>
      <trkpt lat="40.07596540264785289764404296875" lon="116.3369303382933139801025390625">
        <ele>46</ele>
        <time>2026-10-07T11:05:34.000Z</time>
        <extensions>
          <ns3:TrackPointExtension>
            <ns3:atemp>75.0</ns3:atemp>
            <ns3:hr>173</ns3:hr>
            <ns3:cad>80</ns3:cad>
          </ns3:TrackPointExtension>
        </extensions>
      </trkpt>
      <trkpt lat="40.07585652172565460205078125" lon="116.3369313441216945648193359375">
        <ele>46</ele>
        <time>2026-10-07T11:05:38.000Z</time>
        <extensions>
          <ns3:TrackPointExtension>
            <ns3:atemp>75.0</ns3:atemp>
            <ns3:hr>175</ns3:hr>
            <ns3:cad>81</ns3:cad>
          </ns3:TrackPointExtension>
        </extensions>
      </trkpt>
      <trkpt lat="40.07569936104118824005126953125" lon="116.33698507212102413177490234375">
        <ele>46</ele>
        <time>2026-10-07T11:05:44.000Z</time>
        <extensions>
          <ns3:TrackPointExtension>
            <ns3:atemp>75.0</ns3:atemp>
            <ns3:hr>178</ns3:hr>
            <ns3:cad>82</ns3:cad>
          </ns3:TrackPointExtension>
        </extensions>
      </trkpt>
      <trkpt lat="40.0756504945456981658935546875" lon="116.337017007172107696533203125">
        <ele>46</ele>
        <time>2026-10-07T11:05:46.000Z</time>
        <extensions>
          <ns3:TrackPointExtension>
            <ns3:atemp>75.0</ns3:atemp>
            <ns3:hr>178</ns3:hr>
            <ns3:cad>81</ns3:cad>
          </ns3:TrackPointExtension>
        </extensions>
      </trkpt>
      <trkpt lat="40.07554194889962673187255859375" lon="116.33717768825590610504150390625">
        <ele>46</ele>
        <time>2026-10-07T11:05:52.000Z</time>
        <extensions>
          <ns3:TrackPointExtension>
            <ns3:atemp>75.0</ns3:atemp>
            <ns3:hr>179</ns3:hr>
            <ns3:cad>82</ns3:cad>
          </ns3:TrackPointExtension>
        </extensions>
      </trkpt>
      <trkpt lat="40.0755113549530506134033203125" lon="116.33737918920814990997314453125">
        <ele>46</ele>
        <time>2026-10-07T11:05:58.000Z</time>
        <extensions>
          <ns3:TrackPointExtension>
            <ns3:atemp>75.0</ns3:atemp>
            <ns3:hr>179</ns3:hr>
            <ns3:cad>82</ns3:cad>
          </ns3:TrackPointExtension>
        </extensions>
      </trkpt>
      <trkpt lat="40.07555351592600345611572265625" lon="116.33757281117141246795654296875">
        <ele>46</ele>
        <time>2026-10-07T11:06:04.000Z</time>
        <extensions>
          <ns3:TrackPointExtension>
            <ns3:atemp>75.0</ns3:atemp>
            <ns3:hr>178</ns3:hr>
            <ns3:cad>80</ns3:cad>
          </ns3:TrackPointExtension>
        </extensions>
      </trkpt>
      <trkpt lat="40.07565225474536418914794921875" lon="116.33773826994001865386962890625">
        <ele>46</ele>
        <time>2026-10-07T11:06:10.000Z</time>
        <extensions>
          <ns3:TrackPointExtension>
            <ns3:atemp>75.0</ns3:atemp>
            <ns3:hr>175</ns3:hr>
            <ns3:cad>80</ns3:cad>
          </ns3:TrackPointExtension>
        </extensions>
      </trkpt>
      <trkpt lat="40.07570858113467693328857421875" lon="116.33780331350862979888916015625">
        <ele>46</ele>
        <time>2026-10-07T11:06:13.000Z</time>
        <extensions>
          <ns3:TrackPointExtension>
            <ns3:atemp>75.0</ns3:atemp>
            <ns3:hr>177</ns3:hr>
            <ns3:cad>80</ns3:cad>
          </ns3:TrackPointExtension>
        </extensions>
      </trkpt>
      <trkpt lat="40.07588325999677181243896484375" lon="116.33785947225987911224365234375">
        <ele>46</ele>
        <time>2026-10-07T11:06:20.000Z</time>
        <extensions>
          <ns3:TrackPointExtension>
            <ns3:atemp>75.0</ns3:atemp>
            <ns3:hr>178</ns3:hr>
            <ns3:cad>81</ns3:cad>
          </ns3:TrackPointExtension>
        </extensions>
      </trkpt>
      <trkpt lat="40.07607587613165378570556640625" lon="116.33783030323684215545654296875">
        <ele>46</ele>
        <time>2026-10-07T11:06:27.000Z</time>
        <extensions>
          <ns3:TrackPointExtension>
            <ns3:atemp>75.0</ns3:atemp>
            <ns3:hr>178</ns3:hr>
            <ns3:cad>81</ns3:cad>
          </ns3:TrackPointExtension>
        </extensions>
      </trkpt>
      <trkpt lat="40.07615986280143260955810546875" lon="116.337820999324321746826171875">
        <ele>46</ele>
        <time>2026-10-07T11:06:30.000Z</time>
        <extensions>
          <ns3:TrackPointExtension>
            <ns3:atemp>75.0</ns3:atemp>
            <ns3:hr>177</ns3:hr>
            <ns3:cad>81</ns3:cad>
          </ns3:TrackPointExtension>
        </extensions>
      </trkpt>
      <trkpt lat="40.07634594105184078216552734375" lon="116.33781404234468936920166015625">
        <ele>46</ele>
        <time>2026-10-07T11:06:37.000Z</time>
        <extensions>
          <ns3:TrackPointExtension>
            <ns3:atemp>75.0</ns3:atemp>
            <ns3:hr>178</ns3:hr>
            <ns3:cad>81</ns3:cad>
          </ns3:TrackPointExtension>
        </extensions>
      </trkpt>
      <trkpt lat="40.07640025578439235687255859375" lon="116.33780750446021556854248046875">
        <ele>46</ele>
        <time>2026-10-07T11:06:39.000Z</time>
        <extensions>
          <ns3:TrackPointExtension>
            <ns3:atemp>75.0</ns3:atemp>
            <ns3:hr>177</ns3:hr>
            <ns3:cad>81</ns3:cad>
          </ns3:TrackPointExtension>
        </extensions>
      </trkpt>
      <trkpt lat="40.0765963084995746612548828125" lon="116.33781672455370426177978515625">
        <ele>46</ele>
        <time>2026-10-07T11:06:46.000Z</time>
        <extensions>
          <ns3:TrackPointExtension>
            <ns3:atemp>75.0</ns3:atemp>
            <ns3:hr>176</ns3:hr>
            <ns3:cad>82</ns3:cad>
          </ns3:TrackPointExtension>
        </extensions>
      </trkpt>
      <trkpt lat="40.0766794569790363311767578125" lon="116.33782066404819488525390625">
        <ele>46</ele>
        <time>2026-10-07T11:06:49.000Z</time>
        <extensions>
          <ns3:TrackPointExtension>
            <ns3:atemp>75.0</ns3:atemp>
            <ns3:hr>176</ns3:hr>
            <ns3:cad>83</ns3:cad>
          </ns3:TrackPointExtension>
        </extensions>
      </trkpt>
      <trkpt lat="40.07680493406951427459716796875" lon="116.33776408620178699493408203125">
        <ele>46</ele>
        <time>2026-10-07T11:06:54.000Z</time>
        <extensions>
          <ns3:TrackPointExtension>
            <ns3:atemp>75.0</ns3:atemp>
            <ns3:hr>177</ns3:hr>
            <ns3:cad>83</ns3:cad>
          </ns3:TrackPointExtension>
        </extensions>
      </trkpt>
      <trkpt lat="40.07684868760406970977783203125" lon="116.3377229310572147369384765625">
        <ele>46</ele>
        <time>2026-10-07T11:06:56.000Z</time>
        <extensions>
          <ns3:TrackPointExtension>
            <ns3:atemp>75.0</ns3:atemp>
            <ns3:hr>178</ns3:hr>
            <ns3:cad>82</ns3:cad>
          </ns3:TrackPointExtension>
        </extensions>
      </trkpt>
      <trkpt lat="40.07695488631725311279296875" lon="116.33753291331231594085693359375">
        <ele>46</ele>
        <time>2026-10-07T11:07:02.000Z</time>
        <extensions>
          <ns3:TrackPointExtension>
            <ns3:atemp>75.0</ns3:atemp>
            <ns3:hr>178</ns3:hr>
            <ns3:cad>83</ns3:cad>
          </ns3:TrackPointExtension>
        </extensions>
      </trkpt>
      <trkpt lat="40.07695488631725311279296875" lon="116.33753291331231594085693359375">
        <ele>46</ele>
        <time>2026-10-07T11:07:03.000Z</time>
        <extensions>
          <ns3:TrackPointExtension>
            <ns3:atemp>75.0</ns3:atemp>
            <ns3:hr>178</ns3:hr>
            <ns3:cad>83</ns3:cad>
          </ns3:TrackPointExtension>
        </extensions>
      </trkpt>
      <trkpt lat="40.076970644295215606689453125" lon="116.33727558888494968414306640625">
        <ele>46</ele>
        <time>2026-10-07T11:07:11.000Z</time>
        <extensions>
          <ns3:TrackPointExtension>
            <ns3:atemp>75.0</ns3:atemp>
            <ns3:hr>178</ns3:hr>
            <ns3:cad>82</ns3:cad>
          </ns3:TrackPointExtension>
        </extensions>
      </trkpt>
      <trkpt lat="40.07689964957535266876220703125" lon="116.33706704713404178619384765625">
        <ele>46</ele>
        <time>2026-10-07T11:07:18.000Z</time>
        <extensions>
          <ns3:TrackPointExtension>
            <ns3:atemp>75.0</ns3:atemp>
            <ns3:hr>178</ns3:hr>
            <ns3:cad>81</ns3:cad>
          </ns3:TrackPointExtension>
        </extensions>
      </trkpt>
      <trkpt lat="40.07677383720874786376953125" lon="116.33695431053638458251953125">
        <ele>46</ele>
        <time>2026-10-07T11:07:24.000Z</time>
        <extensions>
          <ns3:TrackPointExtension>
            <ns3:atemp>75.0</ns3:atemp>
            <ns3:hr>178</ns3:hr>
            <ns3:cad>80</ns3:cad>
          </ns3:TrackPointExtension>
        </extensions>
      </trkpt>
      <trkpt lat="40.0765867531299591064453125" lon="116.33691969327628612518310546875">
        <ele>46</ele>
        <time>2026-10-07T11:07:31.000Z</time>
        <extensions>
          <ns3:TrackPointExtension>
            <ns3:atemp>75.0</ns3:atemp>
            <ns3:hr>178</ns3:hr>
            <ns3:cad>83</ns3:cad>
          </ns3:TrackPointExtension>
        </extensions>
      </trkpt>
      <trkpt lat="40.07638634182512760162353515625" lon="116.336945258080959320068359375">
        <ele>46</ele>
        <time>2026-10-07T11:07:38.000Z</time>
        <extensions>
          <ns3:TrackPointExtension>
            <ns3:atemp>75.0</ns3:atemp>
            <ns3:hr>178</ns3:hr>
            <ns3:cad>83</ns3:cad>
          </ns3:TrackPointExtension>
        </extensions>
      </trkpt>
      <trkpt lat="40.0761809013783931732177734375" lon="116.33695556782186031341552734375">
        <ele>46</ele>
        <time>2026-10-07T11:07:45.000Z</time>
        <extensions>
          <ns3:TrackPointExtension>
            <ns3:atemp>75.0</ns3:atemp>
            <ns3:hr>178</ns3:hr>
            <ns3:cad>84</ns3:cad>
          </ns3:TrackPointExtension>
        </extensions>
      </trkpt>
      <trkpt lat="40.07599993608891963958740234375" lon="116.3369608484208583831787109375">
        <ele>46</ele>
        <time>2026-10-07T11:07:52.000Z</time>
        <extensions>
          <ns3:TrackPointExtension>
            <ns3:atemp>75.0</ns3:atemp>
            <ns3:hr>176</ns3:hr>
            <ns3:cad>82</ns3:cad>
          </ns3:TrackPointExtension>
        </extensions>
      </trkpt>
      <trkpt lat="40.07594771683216094970703125" lon="116.3369558192789554595947265625">
        <ele>46</ele>
        <time>2026-10-07T11:07:54.000Z</time>
        <extensions>
          <ns3:TrackPointExtension>
            <ns3:atemp>75.0</ns3:atemp>
            <ns3:hr>175</ns3:hr>
            <ns3:cad>82</ns3:cad>
          </ns3:TrackPointExtension>
        </extensions>
      </trkpt>
      <trkpt lat="40.0757597945630550384521484375" lon="116.3369710743427276611328125">
        <ele>46</ele>
        <time>2026-10-07T11:08:01.000Z</time>
        <extensions>
          <ns3:TrackPointExtension>
            <ns3:atemp>75.0</ns3:atemp>
            <ns3:hr>175</ns3:hr>
            <ns3:cad>81</ns3:cad>
          </ns3:TrackPointExtension>
        </extensions>
      </trkpt>
      <trkpt lat="40.0757319666445255279541015625" lon="116.3369745947420597076416015625">
        <ele>46</ele>
        <time>2026-10-07T11:08:02.000Z</time>
        <extensions>
          <ns3:TrackPointExtension>
            <ns3:atemp>75.0</ns3:atemp>
            <ns3:hr>175</ns3:hr>
            <ns3:cad>81</ns3:cad>
          </ns3:TrackPointExtension>
        </extensions>
      </trkpt>
      <trkpt lat="40.075599364936351776123046875" lon="116.33706235326826572418212890625">
        <ele>46</ele>
        <time>2026-10-07T11:08:08.000Z</time>
        <extensions>
          <ns3:TrackPointExtension>
            <ns3:atemp>75.0</ns3:atemp>
            <ns3:hr>175</ns3:hr>
            <ns3:cad>81</ns3:cad>
          </ns3:TrackPointExtension>
        </extensions>
      </trkpt>
      <trkpt lat="40.07550674490630626678466796875" lon="116.3372632674872875213623046875">
        <ele>46</ele>
        <time>2026-10-07T11:08:15.000Z</time>
        <extensions>
          <ns3:TrackPointExtension>
            <ns3:atemp>75.0</ns3:atemp>
            <ns3:hr>176</ns3:hr>
            <ns3:cad>82</ns3:cad>
          </ns3:TrackPointExtension>
        </extensions>
      </trkpt>
      <trkpt lat="40.07549668662250041961669921875" lon="116.3372934423387050628662109375">
        <ele>46</ele>
        <time>2026-10-07T11:08:16.000Z</time>
        <extensions>
          <ns3:TrackPointExtension>
            <ns3:atemp>75.0</ns3:atemp>
            <ns3:hr>176</ns3:hr>
            <ns3:cad>81</ns3:cad>
          </ns3:TrackPointExtension>
        </extensions>
      </trkpt>
      <trkpt lat="40.0755076669156551361083984375" lon="116.33746636100113391876220703125">
        <ele>46</ele>
        <time>2026-10-07T11:08:21.000Z</time>
        <extensions>
          <ns3:TrackPointExtension>
            <ns3:atemp>75.0</ns3:atemp>
            <ns3:hr>176</ns3:hr>
            <ns3:cad>81</ns3:cad>
          </ns3:TrackPointExtension>
        </extensions>
      </trkpt>
      <trkpt lat="40.075585953891277313232421875" lon="116.337664425373077392578125">
        <ele>46</ele>
        <time>2026-10-07T11:08:27.000Z</time>
        <extensions>
          <ns3:TrackPointExtension>
            <ns3:atemp>75.0</ns3:atemp>
            <ns3:hr>178</ns3:hr>
            <ns3:cad>81</ns3:cad>
          </ns3:TrackPointExtension>
        </extensions>
      </trkpt>
      <trkpt lat="40.07561638019979000091552734375" lon="116.3377225957810878753662109375">
        <ele>46</ele>
        <time>2026-10-07T11:08:29.000Z</time>
        <extensions>
          <ns3:TrackPointExtension>
            <ns3:atemp>75.0</ns3:atemp>
            <ns3:hr>175</ns3:hr>
            <ns3:cad>81</ns3:cad>
          </ns3:TrackPointExtension>
        </extensions>
      </trkpt>
      <trkpt lat="40.0756810046732425689697265625" lon="116.33778705261647701263427734375">
        <ele>46</ele>
        <time>2026-10-07T11:08:32.000Z</time>
        <extensions>
          <ns3:TrackPointExtension>
            <ns3:atemp>75.0</ns3:atemp>
            <ns3:hr>175</ns3:hr>
            <ns3:cad>81</ns3:cad>
          </ns3:TrackPointExtension>
        </extensions>
      </trkpt>
      <trkpt lat="40.07575015537440776824951171875" lon="116.33783943951129913330078125">
        <ele>46</ele>
        <time>2026-10-07T11:08:35.000Z</time>
        <extensions>
          <ns3:TrackPointExtension>
            <ns3:atemp>75.0</ns3:atemp>
            <ns3:hr>172</ns3:hr>
            <ns3:cad>81</ns3:cad>
          </ns3:TrackPointExtension>
        </extensions>
      </trkpt>
      <trkpt lat="40.07580245845019817352294921875" lon="116.3378553651273250579833984375">
        <ele>46</ele>
        <time>2026-10-07T11:08:37.000Z</time>
        <extensions>
          <ns3:TrackPointExtension>
            <ns3:atemp>75.0</ns3:atemp>
            <ns3:hr>169</ns3:hr>
            <ns3:cad>81</ns3:cad>
          </ns3:TrackPointExtension>
        </extensions>
      </trkpt>
      <trkpt lat="40.07586096413433551788330078125" lon="116.33785913698375225067138671875">
        <ele>46</ele>
        <time>2026-10-07T11:08:39.000Z</time>
        <extensions>
          <ns3:TrackPointExtension>
            <ns3:atemp>75.0</ns3:atemp>
            <ns3:hr>168</ns3:hr>
            <ns3:cad>82</ns3:cad>
          </ns3:TrackPointExtension>
        </extensions>
      </trkpt>
      <trkpt lat="40.0760531611740589141845703125" lon="116.3378516770899295806884765625">
        <ele>46</ele>
        <time>2026-10-07T11:08:46.000Z</time>
        <extensions>
          <ns3:TrackPointExtension>
            <ns3:atemp>75.0</ns3:atemp>
            <ns3:hr>166</ns3:hr>
            <ns3:cad>80</ns3:cad>
          </ns3:TrackPointExtension>
        </extensions>
      </trkpt>
      <trkpt lat="40.076106302440166473388671875" lon="116.33784002624452114105224609375">
        <ele>46</ele>
        <time>2026-10-07T11:08:48.000Z</time>
        <extensions>
          <ns3:TrackPointExtension>
            <ns3:atemp>75.0</ns3:atemp>
            <ns3:hr>166</ns3:hr>
            <ns3:cad>80</ns3:cad>
          </ns3:TrackPointExtension>
        </extensions>
      </trkpt>
      <trkpt lat="40.07630185224115848541259765625" lon="116.3378282077610492706298828125">
        <ele>46</ele>
        <time>2026-10-07T11:08:55.000Z</time>
        <extensions>
          <ns3:TrackPointExtension>
            <ns3:atemp>75.0</ns3:atemp>
            <ns3:hr>165</ns3:hr>
            <ns3:cad>82</ns3:cad>
          </ns3:TrackPointExtension>
        </extensions>
      </trkpt>
      <trkpt lat="40.07644928991794586181640625" lon="116.3378204964101314544677734375">
        <ele>46</ele>
        <time>2026-10-07T11:09:01.000Z</time>
        <extensions>
          <ns3:TrackPointExtension>
            <ns3:atemp>75.0</ns3:atemp>
            <ns3:hr>168</ns3:hr>
            <ns3:cad>82</ns3:cad>
          </ns3:TrackPointExtension>
        </extensions>
      </trkpt>
      <trkpt lat="40.07658767513930797576904296875" lon="116.33781454525887966156005859375">
        <ele>46</ele>
        <time>2026-10-07T11:09:06.000Z</time>
        <extensions>
          <ns3:TrackPointExtension>
            <ns3:atemp>75.0</ns3:atemp>
            <ns3:hr>171</ns3:hr>
            <ns3:cad>81</ns3:cad>
          </ns3:TrackPointExtension>
        </extensions>
      </trkpt>
      <trkpt lat="40.07674424909055233001708984375" lon="116.33778839372098445892333984375">
        <ele>46</ele>
        <time>2026-10-07T11:09:12.000Z</time>
        <extensions>
          <ns3:TrackPointExtension>
            <ns3:atemp>75.0</ns3:atemp>
            <ns3:hr>174</ns3:hr>
            <ns3:cad>81</ns3:cad>
          </ns3:TrackPointExtension>
        </extensions>
      </trkpt>
      <trkpt lat="40.07689654827117919921875" lon="116.33765394799411296844482421875">
        <ele>46</ele>
        <time>2026-10-07T11:09:19.000Z</time>
        <extensions>
          <ns3:TrackPointExtension>
            <ns3:atemp>75.0</ns3:atemp>
            <ns3:hr>176</ns3:hr>
            <ns3:cad>82</ns3:cad>
          </ns3:TrackPointExtension>
        </extensions>
      </trkpt>
      <trkpt lat="40.076969973742961883544921875" lon="116.33743937127292156219482421875">
        <ele>46</ele>
        <time>2026-10-07T11:09:26.000Z</time>
        <extensions>
          <ns3:TrackPointExtension>
            <ns3:atemp>75.0</ns3:atemp>
            <ns3:hr>178</ns3:hr>
            <ns3:cad>81</ns3:cad>
          </ns3:TrackPointExtension>
        </extensions>
      </trkpt>
      <trkpt lat="40.0769460014998912811279296875" lon="116.33717735297977924346923828125">
        <ele>46</ele>
        <time>2026-10-07T11:09:34.000Z</time>
        <extensions>
          <ns3:TrackPointExtension>
            <ns3:atemp>75.0</ns3:atemp>
            <ns3:hr>179</ns3:hr>
            <ns3:cad>81</ns3:cad>
          </ns3:TrackPointExtension>
        </extensions>
      </trkpt>
      <trkpt lat="40.0769171677529811859130859375" lon="116.33711951784789562225341796875">
        <ele>46</ele>
        <time>2026-10-07T11:09:36.000Z</time>
        <extensions>
          <ns3:TrackPointExtension>
            <ns3:atemp>75.0</ns3:atemp>
            <ns3:hr>176</ns3:hr>
            <ns3:cad>81</ns3:cad>
          </ns3:TrackPointExtension>
        </extensions>
      </trkpt>
      <trkpt lat="40.0768697261810302734375" lon="116.33704072795808315277099609375">
        <ele>46</ele>
        <time>2026-10-07T11:09:39.000Z</time>
        <extensions>
          <ns3:TrackPointExtension>
            <ns3:atemp>75.0</ns3:atemp>
            <ns3:hr>178</ns3:hr>
            <ns3:cad>81</ns3:cad>
          </ns3:TrackPointExtension>
        </extensions>
      </trkpt>
      <trkpt lat="40.07670552469789981842041015625" lon="116.3369239680469036102294921875">
        <ele>46</ele>
        <time>2026-10-07T11:09:46.000Z</time>
        <extensions>
          <ns3:TrackPointExtension>
            <ns3:atemp>75.0</ns3:atemp>
            <ns3:hr>178</ns3:hr>
            <ns3:cad>81</ns3:cad>
          </ns3:TrackPointExtension>
        </extensions>
      </trkpt>
      <trkpt lat="40.0766264833509922027587890625" lon="116.33690628223121166229248046875">
        <ele>46</ele>
        <time>2026-10-07T11:09:49.000Z</time>
        <extensions>
          <ns3:TrackPointExtension>
            <ns3:atemp>75.0</ns3:atemp>
            <ns3:hr>175</ns3:hr>
            <ns3:cad>80</ns3:cad>
          </ns3:TrackPointExtension>
        </extensions>
      </trkpt>
      <trkpt lat="40.076515339314937591552734375" lon="116.33691541850566864013671875">
        <ele>46</ele>
        <time>2026-10-07T11:09:53.000Z</time>
        <extensions>
          <ns3:TrackPointExtension>
            <ns3:atemp>75.0</ns3:atemp>
            <ns3:hr>175</ns3:hr>
            <ns3:cad>81</ns3:cad>
          </ns3:TrackPointExtension>
        </extensions>
      </trkpt>
      <trkpt lat="40.07632129825651645660400390625" lon="116.3369226269423961639404296875">
        <ele>46</ele>
        <time>2026-10-07T11:10:00.000Z</time>
        <extensions>
          <ns3:TrackPointExtension>
            <ns3:atemp>75.0</ns3:atemp>
            <ns3:hr>175</ns3:hr>
            <ns3:cad>81</ns3:cad>
          </ns3:TrackPointExtension>
        </extensions>
      </trkpt>
      <trkpt lat="40.0762938894331455230712890625" lon="116.336925812065601348876953125">
        <ele>46</ele>
        <time>2026-10-07T11:10:01.000Z</time>
        <extensions>
          <ns3:TrackPointExtension>
            <ns3:atemp>75.0</ns3:atemp>
            <ns3:hr>175</ns3:hr>
            <ns3:cad>81</ns3:cad>
          </ns3:TrackPointExtension>
        </extensions>
      </trkpt>
      <trkpt lat="40.07616086862981319427490234375" lon="116.3369155861437320709228515625">
        <ele>46</ele>
        <time>2026-10-07T11:10:06.000Z</time>
        <extensions>
          <ns3:TrackPointExtension>
            <ns3:atemp>75.0</ns3:atemp>
            <ns3:hr>175</ns3:hr>
            <ns3:cad>80</ns3:cad>
          </ns3:TrackPointExtension>
        </extensions>
      </trkpt>
      <trkpt lat="40.0761361420154571533203125" lon="116.33691617287695407867431640625">
        <ele>46</ele>
        <time>2026-10-07T11:10:07.000Z</time>
        <extensions>
          <ns3:TrackPointExtension>
            <ns3:atemp>75.0</ns3:atemp>
            <ns3:hr>172</ns3:hr>
            <ns3:cad>80</ns3:cad>
          </ns3:TrackPointExtension>
        </extensions>
      </trkpt>
      <trkpt lat="40.07608543150126934051513671875" lon="116.33692421950399875640869140625">
        <ele>46</ele>
        <time>2026-10-07T11:10:09.000Z</time>
        <extensions>
          <ns3:TrackPointExtension>
            <ns3:atemp>75.0</ns3:atemp>
            <ns3:hr>169</ns3:hr>
            <ns3:cad>80</ns3:cad>
          </ns3:TrackPointExtension>
        </extensions>
      </trkpt>
      <trkpt lat="40.0759535841643810272216796875" lon="116.3369316793978214263916015625">
        <ele>46</ele>
        <time>2026-10-07T11:10:14.000Z</time>
        <extensions>
          <ns3:TrackPointExtension>
            <ns3:atemp>75.0</ns3:atemp>
            <ns3:hr>169</ns3:hr>
            <ns3:cad>81</ns3:cad>
          </ns3:TrackPointExtension>
        </extensions>
      </trkpt>
      <trkpt lat="40.07577362470328807830810546875" lon="116.33694249205291271209716796875">
        <ele>46</ele>
        <time>2026-10-07T11:10:21.000Z</time>
        <extensions>
          <ns3:TrackPointExtension>
            <ns3:atemp>75.0</ns3:atemp>
            <ns3:hr>170</ns3:hr>
            <ns3:cad>80</ns3:cad>
          </ns3:TrackPointExtension>
        </extensions>
      </trkpt>
      <trkpt lat="40.07574898190796375274658203125" lon="116.33695255033671855926513671875">
        <ele>46</ele>
        <time>2026-10-07T11:10:22.000Z</time>
        <extensions>
          <ns3:TrackPointExtension>
            <ns3:atemp>75.0</ns3:atemp>
            <ns3:hr>171</ns3:hr>
            <ns3:cad>81</ns3:cad>
          </ns3:TrackPointExtension>
        </extensions>
      </trkpt>
      <trkpt lat="40.075699277222156524658203125" lon="116.33697216399013996124267578125">
        <ele>46</ele>
        <time>2026-10-07T11:10:24.000Z</time>
        <extensions>
          <ns3:TrackPointExtension>
            <ns3:atemp>75.0</ns3:atemp>
            <ns3:hr>174</ns3:hr>
            <ns3:cad>81</ns3:cad>
          </ns3:TrackPointExtension>
        </extensions>
      </trkpt>
      <trkpt lat="40.0755948387086391448974609375" lon="116.3370678015053272247314453125">
        <ele>46</ele>
        <time>2026-10-07T11:10:29.000Z</time>
        <extensions>
          <ns3:TrackPointExtension>
            <ns3:atemp>75.0</ns3:atemp>
            <ns3:hr>176</ns3:hr>
            <ns3:cad>80</ns3:cad>
          </ns3:TrackPointExtension>
        </extensions>
      </trkpt>
      <trkpt lat="40.07551797665655612945556640625" lon="116.3372807018458843231201171875">
        <ele>46</ele>
        <time>2026-10-07T11:10:36.000Z</time>
        <extensions>
          <ns3:TrackPointExtension>
            <ns3:atemp>75.0</ns3:atemp>
            <ns3:hr>175</ns3:hr>
            <ns3:cad>81</ns3:cad>
          </ns3:TrackPointExtension>
        </extensions>
      </trkpt>
      <trkpt lat="40.07554136216640472412109375" lon="116.3375262916088104248046875">
        <ele>46</ele>
        <time>2026-10-07T11:10:43.000Z</time>
        <extensions>
          <ns3:TrackPointExtension>
            <ns3:atemp>75.0</ns3:atemp>
            <ns3:hr>176</ns3:hr>
            <ns3:cad>80</ns3:cad>
          </ns3:TrackPointExtension>
        </extensions>
      </trkpt>
      <trkpt lat="40.07555385120213031768798828125" lon="116.33755914866924285888671875">
        <ele>46</ele>
        <time>2026-10-07T11:10:44.000Z</time>
        <extensions>
          <ns3:TrackPointExtension>
            <ns3:atemp>75.0</ns3:atemp>
            <ns3:hr>176</ns3:hr>
            <ns3:cad>80</ns3:cad>
          </ns3:TrackPointExtension>
        </extensions>
      </trkpt>
      <trkpt lat="40.07565812207758426666259765625" lon="116.33775268681347370147705078125">
        <ele>46</ele>
        <time>2026-10-07T11:10:51.000Z</time>
        <extensions>
          <ns3:TrackPointExtension>
            <ns3:atemp>75.0</ns3:atemp>
            <ns3:hr>178</ns3:hr>
            <ns3:cad>80</ns3:cad>
          </ns3:TrackPointExtension>
        </extensions>
      </trkpt>
      <trkpt lat="40.075681507587432861328125" lon="116.3377779163420200347900390625">
        <ele>46</ele>
        <time>2026-10-07T11:10:52.000Z</time>
        <extensions>
          <ns3:TrackPointExtension>
            <ns3:atemp>75.0</ns3:atemp>
            <ns3:hr>179</ns3:hr>
            <ns3:cad>79</ns3:cad>
          </ns3:TrackPointExtension>
        </extensions>
      </trkpt>
      <trkpt lat="40.07587085478007793426513671875" lon="116.3378667645156383514404296875">
        <ele>46</ele>
        <time>2026-10-07T11:10:59.000Z</time>
        <extensions>
          <ns3:TrackPointExtension>
            <ns3:atemp>75.0</ns3:atemp>
            <ns3:hr>180</ns3:hr>
            <ns3:cad>83</ns3:cad>
          </ns3:TrackPointExtension>
        </extensions>
      </trkpt>
      <trkpt lat="40.07590354420244693756103515625" lon="116.33786936290562152862548828125">
        <ele>46</ele>
        <time>2026-10-07T11:11:00.000Z</time>
        <extensions>
          <ns3:TrackPointExtension>
            <ns3:atemp>75.0</ns3:atemp>
            <ns3:hr>180</ns3:hr>
            <ns3:cad>83</ns3:cad>
          </ns3:TrackPointExtension>
        </extensions>
      </trkpt>
      <trkpt lat="40.07608761079609394073486328125" lon="116.33785243146121501922607421875">
        <ele>46</ele>
        <time>2026-10-07T11:11:07.000Z</time>
        <extensions>
          <ns3:TrackPointExtension>
            <ns3:atemp>75.0</ns3:atemp>
            <ns3:hr>182</ns3:hr>
            <ns3:cad>83</ns3:cad>
          </ns3:TrackPointExtension>
        </extensions>
      </trkpt>
      <trkpt lat="40.07611376233398914337158203125" lon="116.33785192854702472686767578125">
        <ele>46</ele>
        <time>2026-10-07T11:11:08.000Z</time>
        <extensions>
          <ns3:TrackPointExtension>
            <ns3:atemp>75.0</ns3:atemp>
            <ns3:hr>182</ns3:hr>
            <ns3:cad>82</ns3:cad>
          </ns3:TrackPointExtension>
        </extensions>
      </trkpt>
      <trkpt lat="40.0762962363660335540771484375" lon="116.337853185832500457763671875">
        <ele>46</ele>
        <time>2026-10-07T11:11:15.000Z</time>
        <extensions>
          <ns3:TrackPointExtension>
            <ns3:atemp>75.0</ns3:atemp>
            <ns3:hr>183</ns3:hr>
            <ns3:cad>83</ns3:cad>
          </ns3:TrackPointExtension>
        </extensions>
      </trkpt>
      <trkpt lat="40.07632431574165821075439453125" lon="116.3378513418138027191162109375">
        <ele>46</ele>
        <time>2026-10-07T11:11:16.000Z</time>
        <extensions>
          <ns3:TrackPointExtension>
            <ns3:atemp>75.0</ns3:atemp>
            <ns3:hr>183</ns3:hr>
            <ns3:cad>83</ns3:cad>
          </ns3:TrackPointExtension>
        </extensions>
      </trkpt>
      <trkpt lat="40.07651374675333499908447265625" lon="116.33784170262515544891357421875">
        <ele>46</ele>
        <time>2026-10-07T11:11:23.000Z</time>
        <extensions>
          <ns3:TrackPointExtension>
            <ns3:atemp>75.0</ns3:atemp>
            <ns3:hr>182</ns3:hr>
            <ns3:cad>82</ns3:cad>
          </ns3:TrackPointExtension>
        </extensions>
      </trkpt>
      <trkpt lat="40.0766419060528278350830078125" lon="116.33784656412899494171142578125">
        <ele>46</ele>
        <time>2026-10-07T11:11:28.000Z</time>
        <extensions>
          <ns3:TrackPointExtension>
            <ns3:atemp>75.0</ns3:atemp>
            <ns3:hr>182</ns3:hr>
            <ns3:cad>82</ns3:cad>
          </ns3:TrackPointExtension>
        </extensions>
      </trkpt>
      <trkpt lat="40.07682706229388713836669921875" lon="116.3377876393496990203857421875">
        <ele>46</ele>
        <time>2026-10-07T11:11:35.000Z</time>
        <extensions>
          <ns3:TrackPointExtension>
            <ns3:atemp>75.0</ns3:atemp>
            <ns3:hr>181</ns3:hr>
            <ns3:cad>82</ns3:cad>
          </ns3:TrackPointExtension>
        </extensions>
      </trkpt>
      <trkpt lat="40.07685162127017974853515625" lon="116.33777230046689510345458984375">
        <ele>46</ele>
        <time>2026-10-07T11:11:36.000Z</time>
        <extensions>
          <ns3:TrackPointExtension>
            <ns3:atemp>75.0</ns3:atemp>
            <ns3:hr>180</ns3:hr>
            <ns3:cad>82</ns3:cad>
          </ns3:TrackPointExtension>
        </extensions>
      </trkpt>
      <trkpt lat="40.076958574354648590087890625" lon="116.3376040756702423095703125">
        <ele>46</ele>
        <time>2026-10-07T11:11:42.000Z</time>
        <extensions>
          <ns3:TrackPointExtension>
            <ns3:atemp>75.0</ns3:atemp>
            <ns3:hr>180</ns3:hr>
            <ns3:cad>83</ns3:cad>
          </ns3:TrackPointExtension>
        </extensions>
      </trkpt>
      <trkpt lat="40.0770016573369503021240234375" lon="116.3373648561537265777587890625">
        <ele>46</ele>
        <time>2026-10-07T11:11:49.000Z</time>
        <extensions>
          <ns3:TrackPointExtension>
            <ns3:atemp>75.0</ns3:atemp>
            <ns3:hr>178</ns3:hr>
            <ns3:cad>81</ns3:cad>
          </ns3:TrackPointExtension>
        </extensions>
      </trkpt>
      <trkpt lat="40.0769972987473011016845703125" lon="116.3373283110558986663818359375">
        <ele>46</ele>
        <time>2026-10-07T11:11:50.000Z</time>
        <extensions>
          <ns3:TrackPointExtension>
            <ns3:atemp>75.0</ns3:atemp>
            <ns3:hr>179</ns3:hr>
            <ns3:cad>82</ns3:cad>
          </ns3:TrackPointExtension>
        </extensions>
      </trkpt>
    </trkseg>
  </trk>
</gpx>
